{"properties":[{"id":71603919,"bedrooms":2,"numberOfImages":8,"numberOfFloorplans":1,"numberOfVirtualTours":1,"summary":"A stunning and spacious two bedroom apartment in immaculate condition benefitting from a very large terrace and dual aspect down the Thames. Admiral Court is located in Chelsea Harbour with Imperial Wharf and the Thames Clipper very close by, assuring convenient transport links just m...","displayAddress":"Admiral Court, Admiral Square, Chelsea Harbour, London, SW10","countryCode":"GB","location":{"latitude":51.476279,"longitude":-0.179887},"propertySubType":"Apartment","listingUpdate":{"listingUpdateReason":"new","listingUpdateDate":"2019-12-06T20:44:11Z"},"premiumListing":false,"featuredProperty":true,"price":{"amount":1675000,"frequency":"not specified","currencyCode":"GBP","displayPrices":[{"displayPrice":"£1,675,000","displayPriceQualifier":""}]},"customer":{"branchId":46451,"brandPlusLogoURI":"/47k/46451/branch_rmchoice_logo_46451_0000.png","contactTelephone":"020 8012 2856","branchDisplayName":"Russell Simpson, Chelsea","branchName":"Chelsea","brandTradingName":"Russell Simpson","branchLandingPageUrl":"/estate-agents/agent/Russell-Simpson/Chelsea-46451.html","development":false,"showReducedProperties":true,"commercial":false,"showOnMap":true,"enhancedListing":false,"developmentContent":null,"brandPlusLogoUrl":"https://media.rightmove.co.uk:443/dir/47k/46451/branch_rmchoice_logo_46451_0000_max_100x50.png"},"distance":null,"transactionType":"buy","productLabel":{"productLabelText":"","spotlightLabel":false},"commercial":false,"development":true,"residential":true,"students":false,"auction":false,"feesApply":false,"feesApplyText":null,"displaySize":"","showOnMap":true,"propertyUrl":"/property-for-sale/property-71603919.html","contactUrl":"/property-for-sale/contactBranch.html?propertyId=71603919","staticMapUrl":null,"channel":"BUY","firstVisibleDate":"2020-07-02T20:44:10Z","keywords":[],"keywordMatchType":"no_keyword","saved":false,"hidden":false,"onlineViewingsAvailable":false,"enhancedListing":false,"heading":"Featured New Home","propertyImages":{"images":[{"srcUrl":"https://media.rightmove.co.uk:443/dir/crop/10:9-16:9/47k/46451/71603919/46451_RUS190288_IMG_11_0000_max_476x317.jpg","url":"47k/46451/71603919/46451_RUS190288_IMG_11_0000.jpg"},{"srcUrl":"https://media.rightmove.co.uk:443/dir/crop/10:9-16:9/47k/46451/71603919/46451_RUS190288_IMG_10_0000_max_476x317.jpg","url":"47k/46451/71603919/46451_RUS190288_IMG_10_0000.jpg"},{"srcUrl":"https://media.rightmove.co.uk:443/dir/crop/10:9-16:9/47k/46451/71603919/46451_RUS190288_IMG_09_0000_max_476x317.jpg","url":"47k/46451/71603919/46451_RUS190288_IMG_09_0000.jpg"},{"srcUrl":"https://media.rightmove.co.uk:443/dir/crop/10:9-16:9/47k/46451/71603919/46451_RUS190288_IMG_12_0000_max_476x317.jpg","url":"47k/46451/71603919/46451_RUS190288_IMG_12_0000.jpg"},{"srcUrl":"https://media.rightmove.co.uk:443/dir/crop/10:9-16:9/47k/46451/71603919/46451_RUS190288_IMG_13_0000_max_476x317.jpg","url":"47k/46451/71603919/46451_RUS190288_IMG_13_0000.jpg"},{"srcUrl":"https://media.rightmove.co.uk:443/dir/crop/10:9-16:9/47k/46451/71603919/46451_RUS190288_IMG_14_0000_max_476x317.jpg","url":"47k/46451/71603919/46451_RUS190288_IMG_14_0000.jpg"},{"srcUrl":"https://media.rightmove.co.uk:443/dir/crop/10:9-16:9/47k/46451/71603919/46451_RUS190288_IMG_15_0000_max_476x317.jpg","url":"47k/46451/71603919/46451_RUS190288_IMG_15_0000.jpg"},{"srcUrl":"https://media.rightmove.co.uk:443/dir/crop/10:9-16:9/47k/46451/71603919/46451_RUS190288_IMG_16_0000_max_476x317.jpg","url":"47k/46451/71603919/46451_RUS190288_IMG_16_0000.jpg"}],"mainImageSrc":"https://media.rightmove.co.uk:443/dir/crop/10:9-16:9/47k/46451/71603919/46451_RUS190288_IMG_11_0000_max_476x317.jpg","mainMapImageSrc":"https://media.rightmove.co.uk:443/dir/crop/10:9-16:9/47k/46451/71603919/46451_RUS190288_IMG_11_0000_max_296x197.jpg"},"displayStatus":"","formattedBranchName":" by Russell Simpson, Chelsea","addedOrReduced":"Added on 06/12/2019","isRecent":false,"formattedDistance":"","hasBrandPlus":true,"propertyTypeFullDescription":"2 bedroom apartment for sale"},{"id":78626312,"bedrooms":2,"numberOfImages":15,"numberOfFloorplans":1,"numberOfVirtualTours":0,"summary":"A contemporary 2 bedroom apartment within a an exclusive luxury development This bright and beautifully presented 2 bedroom apartmemt is situated within an exclusive development just off bustling Oxford Street and benefits from a large roof terrace and an elegant open plan living area. EPC: B. ...","displayAddress":"The Verge, 24 Dering Street, London, W1S","countryCode":"GB","location":{"latitude":51.5143,"longitude":-0.145571},"propertySubType":"Flat","listingUpdate":{"listingUpdateReason":"new","listingUpdateDate":"2019-01-16T15:04:16Z"},"premiumListing":false,"featuredProperty":false,"price":{"amount":4950000,"frequency":"not specified","currencyCode":"GBP","displayPrices":[{"displayPrice":"£4,950,000","displayPriceQualifier":""}]},"customer":{"branchId":65815,"brandPlusLogoURI":"/company/clogo_rmchoice_16112_0017.png","contactTelephone":"020 8012 3476","branchDisplayName":"Knight Frank, Mayfair","branchName":"Mayfair","brandTradingName":"Knight Frank","branchLandingPageUrl":"/estate-agents/agent/Knight-Frank/Mayfair-65815.html","development":false,"showReducedProperties":true,"commercial":false,"showOnMap":true,"enhancedListing":false,"developmentContent":null,"brandPlusLogoUrl":"https://media.rightmove.co.uk:443/dir/company/clogo_rmchoice_16112_0017_max_100x50.png"},"distance":null,"transactionType":"buy","productLabel":{"productLabelText":"","spotlightLabel":false},"commercial":false,"development":true,"residential":true,"students":false,"auction":false,"feesApply":false,"feesApplyText":null,"displaySize":"","showOnMap":true,"propertyUrl":"/property-for-sale/property-78626312.html","contactUrl":"/property-for-sale/contactBranch.html?propertyId=78626312","staticMapUrl":null,"channel":"BUY","firstVisibleDate":"2019-01-16T15:04:11Z","keywords":[],"keywordMatchType":"no_keyword","saved":false,"hidden":false,"onlineViewingsAvailable":false,"enhancedListing":false,"heading":"","propertyImages":{"images":[{"srcUrl":"https://media.rightmove.co.uk:443/dir/crop/10:9-16:9/66k/65815/78626312/65815_WER160101_IMG_01_0003_max_476x317.jpg","url":"66k/65815/78626312/65815_WER160101_IMG_01_0003.jpg"},{"srcUrl":"https://media.rightmove.co.uk:443/dir/crop/10:9-16:9/66k/65815/78626312/65815_WER160101_IMG_02_0003_max_476x317.jpg","url":"66k/65815/78626312/65815_WER160101_IMG_02_0003.jpg"},{"srcUrl":"https://media.rightmove.co.uk:443/dir/crop/10:9-16:9/66k/65815/78626312/65815_WER160101_IMG_03_0003_max_476x317.jpg","url":"66k/65815/78626312/65815_WER160101_IMG_03_0003.jpg"},{"srcUrl":"https://media.rightmove.co.uk:443/dir/crop/10:9-16:9/66k/65815/78626312/65815_WER160101_IMG_04_0003_max_476x317.jpg","url":"66k/65815/78626312/65815_WER160101_IMG_04_0003.jpg"},{"srcUrl":"https://media.rightmove.co.uk:443/dir/crop/10:9-16:9/66k/65815/78626312/65815_WER160101_IMG_05_0003_max_476x317.jpg","url":"66k/65815/78626312/65815_WER160101_IMG_05_0003.jpg"},{"srcUrl":"https://media.rightmove.co.uk:443/dir/crop/10:9-16:9/66k/65815/78626312/65815_WER160101_IMG_06_0002_max_476x317.jpg","url":"66k/65815/78626312/65815_WER160101_IMG_06_0002.jpg"},{"srcUrl":"https://media.rightmove.co.uk:443/dir/crop/10:9-16:9/66k/65815/78626312/65815_WER160101_IMG_07_0002_max_476x317.jpg","url":"66k/65815/78626312/65815_WER160101_IMG_07_0002.jpg"},{"srcUrl":"https://media.rightmove.co.uk:443/dir/crop/10:9-16:9/66k/65815/78626312/65815_WER160101_IMG_08_0002_max_476x317.jpg","url":"66k/65815/78626312/65815_WER160101_IMG_08_0002.jpg"},{"srcUrl":"https://media.rightmove.co.uk:443/dir/crop/10:9-16:9/66k/65815/78626312/65815_WER160101_IMG_09_0002_max_476x317.jpg","url":"66k/65815/78626312/65815_WER160101_IMG_09_0002.jpg"},{"srcUrl":"https://media.rightmove.co.uk:443/dir/crop/10:9-16:9/66k/65815/78626312/65815_WER160101_IMG_10_0002_max_476x317.jpg","url":"66k/65815/78626312/65815_WER160101_IMG_10_0002.jpg"},{"srcUrl":"https://media.rightmove.co.uk:443/dir/crop/10:9-16:9/66k/65815/78626312/65815_WER160101_IMG_11_0001_max_476x317.jpg","url":"66k/65815/78626312/65815_WER160101_IMG_11_0001.jpg"},{"srcUrl":"https://media.rightmove.co.uk:443/dir/crop/10:9-16:9/66k/65815/78626312/65815_WER160101_IMG_12_0001_max_476x317.jpg","url":"66k/65815/78626312/65815_WER160101_IMG_12_0001.jpg"},{"srcUrl":"https://media.rightmove.co.uk:443/dir/crop/10:9-16:9/66k/65815/78626312/65815_WER160101_IMG_13_0001_max_476x317.jpg","url":"66k/65815/78626312/65815_WER160101_IMG_13_0001.jpg"},{"srcUrl":"https://media.rightmove.co.uk:443/dir/crop/10:9-16:9/66k/65815/78626312/65815_WER160101_IMG_14_0001_max_476x317.jpg","url":"66k/65815/78626312/65815_WER160101_IMG_14_0001.jpg"},{"srcUrl":"https://media.rightmove.co.uk:443/dir/crop/10:9-16:9/66k/65815/78626312/65815_WER160101_IMG_15_0001_max_476x317.jpg","url":"66k/65815/78626312/65815_WER160101_IMG_15_0001.jpg"}],"mainImageSrc":"https://media.rightmove.co.uk:443/dir/crop/10:9-16:9/66k/65815/78626312/65815_WER160101_IMG_01_0003_max_476x317.jpg","mainMapImageSrc":"https://media.rightmove.co.uk:443/dir/crop/10:9-16:9/66k/65815/78626312/65815_WER160101_IMG_01_0003_max_296x197.jpg"},"displayStatus":"","formattedBranchName":" by Knight Frank, Mayfair","addedOrReduced":"Added on 16/01/2019","isRecent":false,"formattedDistance":"","hasBrandPlus":true,"propertyTypeFullDescription":"2 bedroom flat for sale"},{"id":71507200,"bedrooms":2,"numberOfImages":8,"numberOfFloorplans":1,"numberOfVirtualTours":0,"summary":"Newly refurbished penthouse apartment on Dering Street with secure private entrance, lift access and concierge.","displayAddress":"Verge Apartments, 24 Dering Street, Mayfair, W1S","countryCode":"GB","location":{"latitude":51.514336,"longitude":-0.145571},"propertySubType":"Apartment","listingUpdate":{"listingUpdateReason":"price_reduced","listingUpdateDate":"2019-05-07T22:58:45Z"},"premiumListing":false,"featuredProperty":false,"price":{"amount":4950000,"frequency":"not specified","currencyCode":"GBP","displayPrices":[{"displayPrice":"£4,950,000","displayPriceQualifier":""}]},"customer":{"branchId":48609,"brandPlusLogoURI":"/company/clogo_rmchoice_13121_0002.jpeg","contactTelephone":"020 8012 4194","branchDisplayName":"Carter Jonas, Mayfair","branchName":"Mayfair","brandTradingName":"Carter Jonas","branchLandingPageUrl":"/estate-agents/agent/Carter-Jonas/Mayfair-48609.html","development":false,"showReducedProperties":true,"commercial":false,"showOnMap":true,"enhancedListing":false,"developmentContent":null,"brandPlusLogoUrl":"https://media.rightmove.co.uk:443/dir/company/clogo_rmchoice_13121_0002_max_100x50.jpeg"},"distance":null,"transactionType":"buy","productLabel":{"productLabelText":"","spotlightLabel":false},"commercial":false,"development":true,"residential":true,"students":false,"auction":false,"feesApply":false,"feesApplyText":null,"displaySize":"","showOnMap":true,"propertyUrl":"/property-for-sale/property-71507200.html","contactUrl":"/property-for-sale/contactBranch.html?propertyId=71507200","staticMapUrl":null,"channel":"BUY","firstVisibleDate":"2019-05-03T17:36:45Z","keywords":[],"keywordMatchType":"no_keyword","saved":false,"hidden":false,"onlineViewingsAvailable":false,"enhancedListing":false,"heading":"","propertyImages":{"images":[{"srcUrl":"https://media.rightmove.co.uk:443/dir/crop/10:9-16:9/49k/48609/71507200/48609_MAY160029_IMG_09_0000_max_476x317.jpg","url":"49k/48609/71507200/48609_MAY160029_IMG_09_0000.jpg"},{"srcUrl":"https://media.rightmove.co.uk:443/dir/crop/10:9-16:9/49k/48609/71507200/48609_MAY160029_IMG_10_0000_max_476x317.jpg","url":"49k/48609/71507200/48609_MAY160029_IMG_10_0000.jpg"},{"srcUrl":"https://media.rightmove.co.uk:443/dir/crop/10:9-16:9/49k/48609/71507200/48609_MAY160029_IMG_11_0000_max_476x317.jpg","url":"49k/48609/71507200/48609_MAY160029_IMG_11_0000.jpg"},{"srcUrl":"https://media.rightmove.co.uk:443/dir/crop/10:9-16:9/49k/48609/71507200/48609_MAY160029_IMG_12_0000_max_476x317.jpg","url":"49k/48609/71507200/48609_MAY160029_IMG_12_0000.jpg"},{"srcUrl":"https://media.rightmove.co.uk:443/dir/crop/10:9-16:9/49k/48609/71507200/48609_MAY160029_IMG_13_0000_max_476x317.jpg","url":"49k/48609/71507200/48609_MAY160029_IMG_13_0000.jpg"},{"srcUrl":"https://media.rightmove.co.uk:443/dir/crop/10:9-16:9/49k/48609/71507200/48609_MAY160029_IMG_14_0000_max_476x317.jpg","url":"49k/48609/71507200/48609_MAY160029_IMG_14_0000.jpg"},{"srcUrl":"https://media.rightmove.co.uk:443/dir/crop/10:9-16:9/49k/48609/71507200/48609_MAY160029_IMG_15_0000_max_476x317.jpg","url":"49k/48609/71507200/48609_MAY160029_IMG_15_0000.jpg"},{"srcUrl":"https://media.rightmove.co.uk:443/dir/crop/10:9-16:9/49k/48609/71507200/48609_MAY160029_IMG_16_0000_max_476x317.jpg","url":"49k/48609/71507200/48609_MAY160029_IMG_16_0000.jpg"}],"mainImageSrc":"https://media.rightmove.co.uk:443/dir/crop/10:9-16:9/49k/48609/71507200/48609_MAY160029_IMG_09_0000_max_476x317.jpg","mainMapImageSrc":"https://media.rightmove.co.uk:443/dir/crop/10:9-16:9/49k/48609/71507200/48609_MAY160029_IMG_09_0000_max_296x197.jpg"},"displayStatus":"","formattedBranchName":" by Carter Jonas, Mayfair","addedOrReduced":"Reduced on 07/05/2019","isRecent":false,"formattedDistance":"","hasBrandPlus":true,"propertyTypeFullDescription":"2 bedroom apartment for sale"},{"id":82079363,"bedrooms":4,"numberOfImages":7,"numberOfFloorplans":3,"numberOfVirtualTours":0,"summary":"TRIPLEX PENTHOUSE on the 65th, 66th & 67th Floors | Arguably the Best Penthouse in Canary Wharf | 3,214 SQ FT Excluding Terrace | Huge 67th Floor Private Terrace & Sun Lounge | Outdoor Jacuzzi & Kitchen | Amazing Views West to The City, Canary Wharf & The River Thames | Spacious R...","displayAddress":"South Quay Plaza Penthouse, Valiant Tower, Canary Wharf, E14","countryCode":"GB","location":{"latitude":51.50118,"longitude":-0.017177},"propertySubType":"Apartment","listingUpdate":{"listingUpdateReason":"new","listingUpdateDate":"2019-05-24T21:32:47Z"},"premiumListing":true,"featuredProperty":false,"price":{"amount":4995000,"frequency":"not specified","currencyCode":"GBP","displayPrices":[{"displayPrice":"£4,995,000","displayPriceQualifier":""}]},"customer":{"branchId":106976,"brandPlusLogoURI":"/107k/106976/branch_rmchoice_logo_106976_0003.jpeg","contactTelephone":"020 8012 5708","branchDisplayName":"MyLondonHome, Canary Wharf","branchName":"Canary Wharf","brandTradingName":"MyLondonHome","branchLandingPageUrl":"/estate-agents/agent/MyLondonHome/Canary-Wharf-106976.html","development":false,"showReducedProperties":true,"commercial":false,"showOnMap":true,"enhancedListing":false,"developmentContent":null,"brandPlusLogoUrl":"https://media.rightmove.co.uk:443/dir/107k/106976/branch_rmchoice_logo_106976_0003_max_100x50.jpeg"},"distance":null,"transactionType":"buy","productLabel":{"productLabelText":"Penthouse Apartment","spotlightLabel":false},"commercial":false,"development":true,"residential":true,"students":false,"auction":false,"feesApply":false,"feesApplyText":null,"displaySize":"","showOnMap":true,"propertyUrl":"/property-for-sale/property-82079363.html","contactUrl":"/property-for-sale/contactBranch.html?propertyId=82079363","staticMapUrl":null,"channel":"BUY","firstVisibleDate":"2019-05-24T21:32:45Z","keywords":[],"keywordMatchType":"no_keyword","saved":false,"hidden":false,"onlineViewingsAvailable":false,"enhancedListing":false,"heading":"","propertyImages":{"images":[{"srcUrl":"https://media.rightmove.co.uk:443/dir/crop/10:9-16:9/107k/106976/82079363/106976_SNE190354_IMG_09_0000_max_476x317.jpg","url":"107k/106976/82079363/106976_SNE190354_IMG_09_0000.jpg"},{"srcUrl":"https://media.rightmove.co.uk:443/dir/crop/10:9-16:9/107k/106976/82079363/106976_SNE190354_IMG_16_0000_max_476x317.jpg","url":"107k/106976/82079363/106976_SNE190354_IMG_16_0000.jpg"},{"srcUrl":"https://media.rightmove.co.uk:443/dir/crop/10:9-16:9/107k/106976/82079363/106976_SNE190354_IMG_14_0000_max_476x317.jpg","url":"107k/106976/82079363/106976_SNE190354_IMG_14_0000.jpg"},{"srcUrl":"https://media.rightmove.co.uk:443/dir/crop/10:9-16:9/107k/106976/82079363/106976_SNE190354_IMG_15_0000_max_476x317.jpg","url":"107k/106976/82079363/106976_SNE190354_IMG_15_0000.jpg"},{"srcUrl":"https://media.rightmove.co.uk:443/dir/crop/10:9-16:9/107k/106976/82079363/106976_SNE190354_IMG_10_0000_max_476x317.jpg","url":"107k/106976/82079363/106976_SNE190354_IMG_10_0000.jpg"},{"srcUrl":"https://media.rightmove.co.uk:443/dir/crop/10:9-16:9/107k/106976/82079363/106976_SNE190354_IMG_11_0000_max_476x317.jpg","url":"107k/106976/82079363/106976_SNE190354_IMG_11_0000.jpg"},{"srcUrl":"https://media.rightmove.co.uk:443/dir/crop/10:9-16:9/107k/106976/82079363/106976_SNE190354_IMG_12_0000_max_476x317.jpg","url":"107k/106976/82079363/106976_SNE190354_IMG_12_0000.jpg"}],"mainImageSrc":"https://media.rightmove.co.uk:443/dir/crop/10:9-16:9/107k/106976/82079363/106976_SNE190354_IMG_09_0000_max_476x317.jpg","mainMapImageSrc":"https://media.rightmove.co.uk:443/dir/crop/10:9-16:9/107k/106976/82079363/106976_SNE190354_IMG_09_0000_max_296x197.jpg"},"displayStatus":"","formattedBranchName":" by MyLondonHome, Canary Wharf","addedOrReduced":"Added on 24/05/2019","isRecent":false,"formattedDistance":"","hasBrandPlus":true,"propertyTypeFullDescription":"4 bedroom apartment for sale"},{"id":69276890,"bedrooms":2,"numberOfImages":11,"numberOfFloorplans":2,"numberOfVirtualTours":0,"summary":"A beautifully finished 2 bedroom apartment with spa facilities Located in the heart of Mayfair, Burlington Gate provides a selection of galleries and high quality residential apartments within one of the first newly constructed buildings in the area. Moments from the Royal Academy of Arts and B...","displayAddress":"Burlington Gate, 25 Cork Street, London, W1S","countryCode":"GB","location":{"latitude":51.5104,"longitude":-0.140888},"propertySubType":"Flat","listingUpdate":{"listingUpdateReason":"price_reduced","listingUpdateDate":"2020-11-19T11:00:20Z"},"premiumListing":false,"featuredProperty":false,"price":{"amount":5000000,"frequency":"not specified","currencyCode":"GBP","displayPrices":[{"displayPrice":"£5,000,000","displayPriceQualifier":""}]},"customer":{"branchId":65815,"brandPlusLogoURI":"/company/clogo_rmchoice_16112_0017.png","contactTelephone":"020 8012 3476","branchDisplayName":"Knight Frank, Mayfair","branchName":"Mayfair","brandTradingName":"Knight Frank","branchLandingPageUrl":"/estate-agents/agent/Knight-Frank/Mayfair-65815.html","development":false,"showReducedProperties":true,"commercial":false,"showOnMap":true,"enhancedListing":false,"developmentContent":null,"brandPlusLogoUrl":"https://media.rightmove.co.uk:443/dir/company/clogo_rmchoice_16112_0017_max_100x50.png"},"distance":null,"transactionType":"buy","productLabel":{"productLabelText":"","spotlightLabel":false},"commercial":false,"development":true,"residential":true,"students":false,"auction":false,"feesApply":false,"feesApplyText":null,"displaySize":"","showOnMap":true,"propertyUrl":"/property-for-sale/property-69276890.html","contactUrl":"/property-for-sale/contactBranch.html?propertyId=69276890","staticMapUrl":null,"channel":"BUY","firstVisibleDate":"2017-10-07T14:30:58Z","keywords":[],"keywordMatchType":"no_keyword","saved":false,"hidden":false,"onlineViewingsAvailable":false,"enhancedListing":false,"heading":"","propertyImages":{"images":[{"srcUrl":"https://media.rightmove.co.uk:443/dir/crop/10:9-16:9/66k/65815/69276890/65815_WER170065_IMG_11_0004_max_476x317.jpg","url":"66k/65815/69276890/65815_WER170065_IMG_11_0004.jpg"},{"srcUrl":"https://media.rightmove.co.uk:443/dir/crop/10:9-16:9/66k/65815/69276890/65815_WER170065_IMG_12_0004_max_476x317.jpg","url":"66k/65815/69276890/65815_WER170065_IMG_12_0004.jpg"},{"srcUrl":"https://media.rightmove.co.uk:443/dir/crop/10:9-16:9/66k/65815/69276890/65815_WER170065_IMG_13_0004_max_476x317.jpg","url":"66k/65815/69276890/65815_WER170065_IMG_13_0004.jpg"},{"srcUrl":"https://media.rightmove.co.uk:443/dir/crop/10:9-16:9/66k/65815/69276890/65815_WER170065_IMG_14_0002_max_476x317.jpg","url":"66k/65815/69276890/65815_WER170065_IMG_14_0002.jpg"},{"srcUrl":"https://media.rightmove.co.uk:443/dir/crop/10:9-16:9/66k/65815/69276890/65815_WER170065_IMG_15_0001_max_476x317.jpg","url":"66k/65815/69276890/65815_WER170065_IMG_15_0001.jpg"},{"srcUrl":"https://media.rightmove.co.uk:443/dir/crop/10:9-16:9/66k/65815/69276890/65815_WER170065_IMG_16_0001_max_476x317.jpg","url":"66k/65815/69276890/65815_WER170065_IMG_16_0001.jpg"},{"srcUrl":"https://media.rightmove.co.uk:443/dir/crop/10:9-16:9/66k/65815/69276890/65815_WER170065_IMG_22_0000_max_476x317.jpg","url":"66k/65815/69276890/65815_WER170065_IMG_22_0000.jpg"},{"srcUrl":"https://media.rightmove.co.uk:443/dir/crop/10:9-16:9/66k/65815/69276890/65815_WER170065_IMG_23_0000_max_476x317.jpg","url":"66k/65815/69276890/65815_WER170065_IMG_23_0000.jpg"},{"srcUrl":"https://media.rightmove.co.uk:443/dir/crop/10:9-16:9/66k/65815/69276890/65815_WER170065_IMG_24_0000_max_476x317.jpg","url":"66k/65815/69276890/65815_WER170065_IMG_24_0000.jpg"},{"srcUrl":"https://media.rightmove.co.uk:443/dir/crop/10:9-16:9/66k/65815/69276890/65815_WER170065_IMG_20_0001_max_476x317.jpg","url":"66k/65815/69276890/65815_WER170065_IMG_20_0001.jpg"},{"srcUrl":"https://media.rightmove.co.uk:443/dir/crop/10:9-16:9/66k/65815/69276890/65815_WER170065_IMG_21_0001_max_476x317.jpg","url":"66k/65815/69276890/65815_WER170065_IMG_21_0001.jpg"}],"mainImageSrc":"https://media.rightmove.co.uk:443/dir/crop/10:9-16:9/66k/65815/69276890/65815_WER170065_IMG_11_0004_max_476x317.jpg","mainMapImageSrc":"https://media.rightmove.co.uk:443/dir/crop/10:9-16:9/66k/65815/69276890/65815_WER170065_IMG_11_0004_max_296x197.jpg"},"displayStatus":"","formattedBranchName":" by Knight Frank, Mayfair","addedOrReduced":"Reduced on 19/11/2020","isRecent":false,"formattedDistance":"","hasBrandPlus":true,"propertyTypeFullDescription":"2 bedroom flat for sale"},{"id":83477900,"bedrooms":2,"numberOfImages":19,"numberOfFloorplans":1,"numberOfVirtualTours":0,"summary":"A west facing, fourth floor flat in the prestigious Burlington Gate development designed by Rogers Stirk Harbour + Partners and developed by Native Land.","displayAddress":"Cork Street, Mayfair, London, W1S","countryCode":"GB","location":{"latitude":51.510369,"longitude":-0.140918},"propertySubType":"Apartment","listingUpdate":{"listingUpdateReason":"price_reduced","listingUpdateDate":"2020-11-19T10:06:40Z"},"premiumListing":false,"featuredProperty":false,"price":{"amount":5000000,"frequency":"not specified","currencyCode":"GBP","displayPrices":[{"displayPrice":"£5,000,000","displayPriceQualifier":"Guide Price"}]},"customer":{"branchId":49602,"brandPlusLogoURI":"/company/clogo_rmchoice_14060_0000.jpeg","contactTelephone":"020 8012 4256","branchDisplayName":"Savills, Mayfair","branchName":"Mayfair","brandTradingName":"Savills","branchLandingPageUrl":"/estate-agents/agent/Savills/Mayfair-49602.html","development":false,"showReducedProperties":true,"commercial":false,"showOnMap":true,"enhancedListing":false,"developmentContent":null,"brandPlusLogoUrl":"https://media.rightmove.co.uk:443/dir/company/clogo_rmchoice_14060_0000_max_100x50.jpeg"},"distance":null,"transactionType":"buy","productLabel":{"productLabelText":"","spotlightLabel":false},"commercial":false,"development":true,"residential":true,"students":false,"auction":false,"feesApply":false,"feesApplyText":null,"displaySize":"","showOnMap":true,"propertyUrl":"/property-for-sale/property-83477900.html","contactUrl":"/property-for-sale/contactBranch.html?propertyId=83477900","staticMapUrl":null,"channel":"BUY","firstVisibleDate":"2019-07-21T17:50:38Z","keywords":[],"keywordMatchType":"no_keyword","saved":false,"hidden":false,"onlineViewingsAvailable":false,"enhancedListing":false,"heading":"","propertyImages":{"images":[{"srcUrl":"https://media.rightmove.co.uk:443/dir/crop/10:9-16:9/50k/49602/83477900/49602_MAS180090_IMG_02_0000_max_476x317.jpg","url":"50k/49602/83477900/49602_MAS180090_IMG_02_0000.jpg"},{"srcUrl":"https://media.rightmove.co.uk:443/dir/crop/10:9-16:9/50k/49602/83477900/49602_MAS180090_IMG_03_0000_max_476x317.jpg","url":"50k/49602/83477900/49602_MAS180090_IMG_03_0000.jpg"},{"srcUrl":"https://media.rightmove.co.uk:443/dir/crop/10:9-16:9/50k/49602/83477900/49602_MAS180090_IMG_04_0000_max_476x317.jpg","url":"50k/49602/83477900/49602_MAS180090_IMG_04_0000.jpg"},{"srcUrl":"https://media.rightmove.co.uk:443/dir/crop/10:9-16:9/50k/49602/83477900/49602_MAS180090_IMG_01_0000_max_476x317.jpg","url":"50k/49602/83477900/49602_MAS180090_IMG_01_0000.jpg"},{"srcUrl":"https://media.rightmove.co.uk:443/dir/crop/10:9-16:9/50k/49602/83477900/49602_MAS180090_IMG_05_0000_max_476x317.jpg","url":"50k/49602/83477900/49602_MAS180090_IMG_05_0000.jpg"},{"srcUrl":"https://media.rightmove.co.uk:443/dir/crop/10:9-16:9/50k/49602/83477900/49602_MAS180090_IMG_06_0000_max_476x317.jpg","url":"50k/49602/83477900/49602_MAS180090_IMG_06_0000.jpg"},{"srcUrl":"https://media.rightmove.co.uk:443/dir/crop/10:9-16:9/50k/49602/83477900/49602_MAS180090_IMG_07_0000_max_476x317.jpg","url":"50k/49602/83477900/49602_MAS180090_IMG_07_0000.jpg"},{"srcUrl":"https://media.rightmove.co.uk:443/dir/crop/10:9-16:9/50k/49602/83477900/49602_MAS180090_IMG_08_0000_max_476x317.jpg","url":"50k/49602/83477900/49602_MAS180090_IMG_08_0000.jpg"},{"srcUrl":"https://media.rightmove.co.uk:443/dir/crop/10:9-16:9/50k/49602/83477900/49602_MAS180090_IMG_09_0000_max_476x317.jpg","url":"50k/49602/83477900/49602_MAS180090_IMG_09_0000.jpg"},{"srcUrl":"https://media.rightmove.co.uk:443/dir/crop/10:9-16:9/50k/49602/83477900/49602_MAS180090_IMG_10_0000_max_476x317.jpg","url":"50k/49602/83477900/49602_MAS180090_IMG_10_0000.jpg"},{"srcUrl":"https://media.rightmove.co.uk:443/dir/crop/10:9-16:9/50k/49602/83477900/49602_MAS180090_IMG_11_0000_max_476x317.jpg","url":"50k/49602/83477900/49602_MAS180090_IMG_11_0000.jpg"},{"srcUrl":"https://media.rightmove.co.uk:443/dir/crop/10:9-16:9/50k/49602/83477900/49602_MAS180090_IMG_12_0000_max_476x317.jpg","url":"50k/49602/83477900/49602_MAS180090_IMG_12_0000.jpg"},{"srcUrl":"https://media.rightmove.co.uk:443/dir/crop/10:9-16:9/50k/49602/83477900/49602_MAS180090_IMG_13_0000_max_476x317.jpg","url":"50k/49602/83477900/49602_MAS180090_IMG_13_0000.jpg"},{"srcUrl":"https://media.rightmove.co.uk:443/dir/crop/10:9-16:9/50k/49602/83477900/49602_MAS180090_IMG_14_0000_max_476x317.jpg","url":"50k/49602/83477900/49602_MAS180090_IMG_14_0000.jpg"},{"srcUrl":"https://media.rightmove.co.uk:443/dir/crop/10:9-16:9/50k/49602/83477900/49602_MAS180090_IMG_15_0000_max_476x317.jpg","url":"50k/49602/83477900/49602_MAS180090_IMG_15_0000.jpg"},{"srcUrl":"https://media.rightmove.co.uk:443/dir/crop/10:9-16:9/50k/49602/83477900/49602_MAS180090_IMG_16_0000_max_476x317.jpg","url":"50k/49602/83477900/49602_MAS180090_IMG_16_0000.jpg"},{"srcUrl":"https://media.rightmove.co.uk:443/dir/crop/10:9-16:9/50k/49602/83477900/49602_MAS180090_IMG_17_0000_max_476x317.jpg","url":"50k/49602/83477900/49602_MAS180090_IMG_17_0000.jpg"},{"srcUrl":"https://media.rightmove.co.uk:443/dir/crop/10:9-16:9/50k/49602/83477900/49602_MAS180090_IMG_18_0000_max_476x317.jpg","url":"50k/49602/83477900/49602_MAS180090_IMG_18_0000.jpg"},{"srcUrl":"https://media.rightmove.co.uk:443/dir/crop/10:9-16:9/50k/49602/83477900/49602_MAS180090_IMG_19_0000_max_476x317.jpg","url":"50k/49602/83477900/49602_MAS180090_IMG_19_0000.jpg"}],"mainImageSrc":"https://media.rightmove.co.uk:443/dir/crop/10:9-16:9/50k/49602/83477900/49602_MAS180090_IMG_02_0000_max_476x317.jpg","mainMapImageSrc":"https://media.rightmove.co.uk:443/dir/crop/10:9-16:9/50k/49602/83477900/49602_MAS180090_IMG_02_0000_max_296x197.jpg"},"displayStatus":"","formattedBranchName":" by Savills, Mayfair","addedOrReduced":"Reduced on 19/11/2020","isRecent":false,"formattedDistance":"","hasBrandPlus":true,"propertyTypeFullDescription":"2 bedroom apartment for sale"},{"id":96842102,"bedrooms":4,"numberOfImages":28,"numberOfFloorplans":1,"numberOfVirtualTours":0,"summary":"A stunning freehold house within a private gated mews just off Bermondsey Street, with private parking. Step through the front door to an immaculate grand entrance hall. Havwood herringbone flooring seen here continues throughout the property. This level comprises a spacious gymnasium, utility r...","displayAddress":"Tyers Gate, London, SE1","countryCode":"GB","location":{"latitude":51.500752,"longitude":-0.082422},"propertySubType":"Town House","listingUpdate":{"listingUpdateReason":"new","listingUpdateDate":"2020-12-14T15:59:09Z"},"premiumListing":false,"featuredProperty":false,"price":{"amount":5000000,"frequency":"not specified","currencyCode":"GBP","displayPrices":[{"displayPrice":"POA","displayPriceQualifier":""}]},"customer":{"branchId":208301,"brandPlusLogoURI":"/company/clogo_rmchoice_16112_0017.png","contactTelephone":"020 8012 0244","branchDisplayName":"Knight Frank, Southbank","branchName":"Southbank","brandTradingName":"Knight Frank","branchLandingPageUrl":"/estate-agents/agent/Knight-Frank/Southbank-208301.html","development":false,"showReducedProperties":true,"commercial":false,"showOnMap":true,"enhancedListing":false,"developmentContent":null,"brandPlusLogoUrl":"https://media.rightmove.co.uk:443/dir/company/clogo_rmchoice_16112_0017_max_100x50.png"},"distance":null,"transactionType":"buy","productLabel":{"productLabelText":"","spotlightLabel":false},"commercial":false,"development":true,"residential":true,"students":false,"auction":false,"feesApply":false,"feesApplyText":null,"displaySize":"","showOnMap":true,"propertyUrl":"/property-for-sale/property-96842102.html","contactUrl":"/property-for-sale/contactBranch.html?propertyId=96842102","staticMapUrl":null,"channel":"BUY","firstVisibleDate":"2020-09-03T09:47:43Z","keywords":[],"keywordMatchType":"no_keyword","saved":false,"hidden":false,"onlineViewingsAvailable":false,"enhancedListing":false,"heading":"","propertyImages":{"images":[{"srcUrl":"https://media.rightmove.co.uk:443/dir/crop/10:9-16:9/209k/208301/96842102/208301_SBK012052422_IMG_01_0000_max_476x317.jpg","url":"209k/208301/96842102/208301_SBK012052422_IMG_01_0000.jpg"},{"srcUrl":"https://media.rightmove.co.uk:443/dir/crop/10:9-16:9/209k/208301/96842102/208301_SBK012052422_IMG_02_0000_max_476x317.jpg","url":"209k/208301/96842102/208301_SBK012052422_IMG_02_0000.jpg"},{"srcUrl":"https://media.rightmove.co.uk:443/dir/crop/10:9-16:9/209k/208301/96842102/208301_SBK012052422_IMG_03_0000_max_476x317.jpg","url":"209k/208301/96842102/208301_SBK012052422_IMG_03_0000.jpg"},{"srcUrl":"https://media.rightmove.co.uk:443/dir/crop/10:9-16:9/209k/208301/96842102/208301_SBK012052422_IMG_29_0000_max_476x317.jpg","url":"209k/208301/96842102/208301_SBK012052422_IMG_29_0000.jpg"},{"srcUrl":"https://media.rightmove.co.uk:443/dir/crop/10:9-16:9/209k/208301/96842102/208301_SBK012052422_IMG_05_0000_max_476x317.jpg","url":"209k/208301/96842102/208301_SBK012052422_IMG_05_0000.jpg"},{"srcUrl":"https://media.rightmove.co.uk:443/dir/crop/10:9-16:9/209k/208301/96842102/208301_SBK012052422_IMG_06_0000_max_476x317.jpg","url":"209k/208301/96842102/208301_SBK012052422_IMG_06_0000.jpg"},{"srcUrl":"https://media.rightmove.co.uk:443/dir/crop/10:9-16:9/209k/208301/96842102/208301_SBK012052422_IMG_07_0000_max_476x317.jpg","url":"209k/208301/96842102/208301_SBK012052422_IMG_07_0000.jpg"},{"srcUrl":"https://media.rightmove.co.uk:443/dir/crop/10:9-16:9/209k/208301/96842102/208301_SBK012052422_IMG_08_0000_max_476x317.jpg","url":"209k/208301/96842102/208301_SBK012052422_IMG_08_0000.jpg"},{"srcUrl":"https://media.rightmove.co.uk:443/dir/crop/10:9-16:9/209k/208301/96842102/208301_SBK012052422_IMG_09_0000_max_476x317.jpg","url":"209k/208301/96842102/208301_SBK012052422_IMG_09_0000.jpg"},{"srcUrl":"https://media.rightmove.co.uk:443/dir/crop/10:9-16:9/209k/208301/96842102/208301_SBK012052422_IMG_30_0000_max_476x317.jpg","url":"209k/208301/96842102/208301_SBK012052422_IMG_30_0000.jpg"},{"srcUrl":"https://media.rightmove.co.uk:443/dir/crop/10:9-16:9/209k/208301/96842102/208301_SBK012052422_IMG_31_0000_max_476x317.jpg","url":"209k/208301/96842102/208301_SBK012052422_IMG_31_0000.jpg"},{"srcUrl":"https://media.rightmove.co.uk:443/dir/crop/10:9-16:9/209k/208301/96842102/208301_SBK012052422_IMG_32_0000_max_476x317.jpg","url":"209k/208301/96842102/208301_SBK012052422_IMG_32_0000.jpg"},{"srcUrl":"https://media.rightmove.co.uk:443/dir/crop/10:9-16:9/209k/208301/96842102/208301_SBK012052422_IMG_33_0000_max_476x317.jpg","url":"209k/208301/96842102/208301_SBK012052422_IMG_33_0000.jpg"},{"srcUrl":"https://media.rightmove.co.uk:443/dir/crop/10:9-16:9/209k/208301/96842102/208301_SBK012052422_IMG_34_0000_max_476x317.jpg","url":"209k/208301/96842102/208301_SBK012052422_IMG_34_0000.jpg"},{"srcUrl":"https://media.rightmove.co.uk:443/dir/crop/10:9-16:9/209k/208301/96842102/208301_SBK012052422_IMG_35_0000_max_476x317.jpg","url":"209k/208301/96842102/208301_SBK012052422_IMG_35_0000.jpg"},{"srcUrl":"https://media.rightmove.co.uk:443/dir/crop/10:9-16:9/209k/208301/96842102/208301_SBK012052422_IMG_36_0000_max_476x317.jpg","url":"209k/208301/96842102/208301_SBK012052422_IMG_36_0000.jpg"},{"srcUrl":"https://media.rightmove.co.uk:443/dir/crop/10:9-16:9/209k/208301/96842102/208301_SBK012052422_IMG_37_0000_max_476x317.jpg","url":"209k/208301/96842102/208301_SBK012052422_IMG_37_0000.jpg"},{"srcUrl":"https://media.rightmove.co.uk:443/dir/crop/10:9-16:9/209k/208301/96842102/208301_SBK012052422_IMG_38_0000_max_476x317.jpg","url":"209k/208301/96842102/208301_SBK012052422_IMG_38_0000.jpg"},{"srcUrl":"https://media.rightmove.co.uk:443/dir/crop/10:9-16:9/209k/208301/96842102/208301_SBK012052422_IMG_39_0000_max_476x317.jpg","url":"209k/208301/96842102/208301_SBK012052422_IMG_39_0000.jpg"},{"srcUrl":"https://media.rightmove.co.uk:443/dir/crop/10:9-16:9/209k/208301/96842102/208301_SBK012052422_IMG_40_0000_max_476x317.jpg","url":"209k/208301/96842102/208301_SBK012052422_IMG_40_0000.jpg"},{"srcUrl":"https://media.rightmove.co.uk:443/dir/crop/10:9-16:9/209k/208301/96842102/208301_SBK012052422_IMG_41_0000_max_476x317.jpg","url":"209k/208301/96842102/208301_SBK012052422_IMG_41_0000.jpg"},{"srcUrl":"https://media.rightmove.co.uk:443/dir/crop/10:9-16:9/209k/208301/96842102/208301_SBK012052422_IMG_42_0000_max_476x317.jpg","url":"209k/208301/96842102/208301_SBK012052422_IMG_42_0000.jpg"},{"srcUrl":"https://media.rightmove.co.uk:443/dir/crop/10:9-16:9/209k/208301/96842102/208301_SBK012052422_IMG_43_0000_max_476x317.jpg","url":"209k/208301/96842102/208301_SBK012052422_IMG_43_0000.jpg"},{"srcUrl":"https://media.rightmove.co.uk:443/dir/crop/10:9-16:9/209k/208301/96842102/208301_SBK012052422_IMG_44_0000_max_476x317.jpg","url":"209k/208301/96842102/208301_SBK012052422_IMG_44_0000.jpg"},{"srcUrl":"https://media.rightmove.co.uk:443/dir/crop/10:9-16:9/209k/208301/96842102/208301_SBK012052422_IMG_45_0000_max_476x317.jpg","url":"209k/208301/96842102/208301_SBK012052422_IMG_45_0000.jpg"},{"srcUrl":"https://media.rightmove.co.uk:443/dir/crop/10:9-16:9/209k/208301/96842102/208301_SBK012052422_IMG_26_0000_max_476x317.jpg","url":"209k/208301/96842102/208301_SBK012052422_IMG_26_0000.jpg"},{"srcUrl":"https://media.rightmove.co.uk:443/dir/crop/10:9-16:9/209k/208301/96842102/208301_SBK012052422_IMG_27_0000_max_476x317.jpg","url":"209k/208301/96842102/208301_SBK012052422_IMG_27_0000.jpg"},{"srcUrl":"https://media.rightmove.co.uk:443/dir/crop/10:9-16:9/209k/208301/96842102/208301_SBK012052422_IMG_28_0000_max_476x317.jpg","url":"209k/208301/96842102/208301_SBK012052422_IMG_28_0000.jpg"}],"mainImageSrc":"https://media.rightmove.co.uk:443/dir/crop/10:9-16:9/209k/208301/96842102/208301_SBK012052422_IMG_01_0000_max_476x317.jpg","mainMapImageSrc":"https://media.rightmove.co.uk:443/dir/crop/10:9-16:9/209k/208301/96842102/208301_SBK012052422_IMG_01_0000_max_296x197.jpg"},"displayStatus":"","formattedBranchName":" by Knight Frank, Southbank","addedOrReduced":"Added on 14/12/2020","isRecent":false,"formattedDistance":"","hasBrandPlus":true,"propertyTypeFullDescription":"4 bedroom town house for sale"},{"id":75012693,"bedrooms":3,"numberOfImages":16,"numberOfFloorplans":1,"numberOfVirtualTours":0,"summary":"A beautiful Interior designed three Bedroom Garden maisonette. Vicarage Gate House is a prestigious development of just 13 apartments designed by leading London architect, Eric Parry Private Entrance, 24hr concierge, underground valet parking and well equipped gym.","displayAddress":"Vicarage Gate, London, W8","countryCode":"GB","location":{"latitude":51.505288,"longitude":-0.191544},"propertySubType":"Maisonette","listingUpdate":{"listingUpdateReason":"price_reduced","listingUpdateDate":"2020-11-06T13:23:03Z"},"premiumListing":false,"featuredProperty":false,"price":{"amount":5000000,"frequency":"not specified","currencyCode":"GBP","displayPrices":[{"displayPrice":"£5,000,000","displayPriceQualifier":"Offers in Excess of"}]},"customer":{"branchId":37922,"brandPlusLogoURI":"/brand/brand_rmchoice_logo_59759_0003.jpeg","contactTelephone":"020 8012 2892","branchDisplayName":"Hamptons Sales, Kensington","branchName":"Kensington","brandTradingName":"Hamptons Sales","branchLandingPageUrl":"/estate-agents/agent/Hamptons-Sales/Kensington-37922.html","development":false,"showReducedProperties":true,"commercial":false,"showOnMap":true,"enhancedListing":false,"developmentContent":null,"brandPlusLogoUrl":"https://media.rightmove.co.uk:443/dir/brand/brand_rmchoice_logo_59759_0003_max_100x50.jpeg"},"distance":null,"transactionType":"buy","productLabel":{"productLabelText":"","spotlightLabel":false},"commercial":false,"development":true,"residential":true,"students":false,"auction":false,"feesApply":false,"feesApplyText":null,"displaySize":"","showOnMap":true,"propertyUrl":"/property-for-sale/property-75012693.html","contactUrl":"/property-for-sale/contactBranch.html?propertyId=75012693","staticMapUrl":null,"channel":"BUY","firstVisibleDate":"2020-11-06T13:17:52Z","keywords":[],"keywordMatchType":"no_keyword","saved":false,"hidden":false,"onlineViewingsAvailable":false,"enhancedListing":false,"heading":"","propertyImages":{"images":[{"srcUrl":"https://media.rightmove.co.uk:443/dir/crop/10:9-16:9/38k/37922/75012693/37922_KEN190166_IMG_02_0000_max_476x317.jpg","url":"38k/37922/75012693/37922_KEN190166_IMG_02_0000.jpg"},{"srcUrl":"https://media.rightmove.co.uk:443/dir/crop/10:9-16:9/38k/37922/75012693/37922_KEN190166_IMG_01_0000_max_476x317.jpg","url":"38k/37922/75012693/37922_KEN190166_IMG_01_0000.jpg"},{"srcUrl":"https://media.rightmove.co.uk:443/dir/crop/10:9-16:9/38k/37922/75012693/37922_KEN190166_IMG_03_0000_max_476x317.jpg","url":"38k/37922/75012693/37922_KEN190166_IMG_03_0000.jpg"},{"srcUrl":"https://media.rightmove.co.uk:443/dir/crop/10:9-16:9/38k/37922/75012693/37922_KEN190166_IMG_04_0000_max_476x317.jpg","url":"38k/37922/75012693/37922_KEN190166_IMG_04_0000.jpg"},{"srcUrl":"https://media.rightmove.co.uk:443/dir/crop/10:9-16:9/38k/37922/75012693/37922_KEN190166_IMG_05_0000_max_476x317.jpg","url":"38k/37922/75012693/37922_KEN190166_IMG_05_0000.jpg"},{"srcUrl":"https://media.rightmove.co.uk:443/dir/crop/10:9-16:9/38k/37922/75012693/37922_KEN190166_IMG_06_0000_max_476x317.jpg","url":"38k/37922/75012693/37922_KEN190166_IMG_06_0000.jpg"},{"srcUrl":"https://media.rightmove.co.uk:443/dir/crop/10:9-16:9/38k/37922/75012693/37922_KEN190166_IMG_07_0000_max_476x317.jpg","url":"38k/37922/75012693/37922_KEN190166_IMG_07_0000.jpg"},{"srcUrl":"https://media.rightmove.co.uk:443/dir/crop/10:9-16:9/38k/37922/75012693/37922_KEN190166_IMG_08_0000_max_476x317.jpg","url":"38k/37922/75012693/37922_KEN190166_IMG_08_0000.jpg"},{"srcUrl":"https://media.rightmove.co.uk:443/dir/crop/10:9-16:9/38k/37922/75012693/37922_KEN190166_IMG_09_0000_max_476x317.jpg","url":"38k/37922/75012693/37922_KEN190166_IMG_09_0000.jpg"},{"srcUrl":"https://media.rightmove.co.uk:443/dir/crop/10:9-16:9/38k/37922/75012693/37922_KEN190166_IMG_10_0000_max_476x317.jpg","url":"38k/37922/75012693/37922_KEN190166_IMG_10_0000.jpg"},{"srcUrl":"https://media.rightmove.co.uk:443/dir/crop/10:9-16:9/38k/37922/75012693/37922_KEN190166_IMG_11_0000_max_476x317.jpg","url":"38k/37922/75012693/37922_KEN190166_IMG_11_0000.jpg"},{"srcUrl":"https://media.rightmove.co.uk:443/dir/crop/10:9-16:9/38k/37922/75012693/37922_KEN190166_IMG_12_0000_max_476x317.jpg","url":"38k/37922/75012693/37922_KEN190166_IMG_12_0000.jpg"},{"srcUrl":"https://media.rightmove.co.uk:443/dir/crop/10:9-16:9/38k/37922/75012693/37922_KEN190166_IMG_13_0000_max_476x317.jpg","url":"38k/37922/75012693/37922_KEN190166_IMG_13_0000.jpg"},{"srcUrl":"https://media.rightmove.co.uk:443/dir/crop/10:9-16:9/38k/37922/75012693/37922_KEN190166_IMG_14_0000_max_476x317.jpg","url":"38k/37922/75012693/37922_KEN190166_IMG_14_0000.jpg"},{"srcUrl":"https://media.rightmove.co.uk:443/dir/crop/10:9-16:9/38k/37922/75012693/37922_KEN190166_IMG_15_0000_max_476x317.jpg","url":"38k/37922/75012693/37922_KEN190166_IMG_15_0000.jpg"},{"srcUrl":"https://media.rightmove.co.uk:443/dir/crop/10:9-16:9/38k/37922/75012693/37922_KEN190166_IMG_16_0000_max_476x317.jpg","url":"38k/37922/75012693/37922_KEN190166_IMG_16_0000.jpg"}],"mainImageSrc":"https://media.rightmove.co.uk:443/dir/crop/10:9-16:9/38k/37922/75012693/37922_KEN190166_IMG_02_0000_max_476x317.jpg","mainMapImageSrc":"https://media.rightmove.co.uk:443/dir/crop/10:9-16:9/38k/37922/75012693/37922_KEN190166_IMG_02_0000_max_296x197.jpg"},"displayStatus":"","formattedBranchName":" by Hamptons Sales, Kensington","addedOrReduced":"Reduced on 06/11/2020","isRecent":false,"formattedDistance":"","hasBrandPlus":true,"propertyTypeFullDescription":"3 bedroom maisonette for sale"}],"resultCount":"847","searchParametersDescription":"New Homes and Developments For Sale in London, £1,500,000 – £5,000,000, don't show buying schemes, 1 – 5 bed, 5 property types","radiusOptions":[{"value":"0.0","description":"+ 0 miles"},{"value":"0.25","description":"+ 1/4 mile"},{"value":"0.5","description":"+ 1/2 mile"},{"value":"1.0","description":"+ 1 mile"},{"value":"3.0","description":"+ 3 miles"},{"value":"5.0","description":"+ 5 miles"},{"value":"10.0","description":"+ 10 miles"},{"value":"15.0","description":"+ 15 miles"},{"value":"20.0","description":"+ 20 miles"},{"value":"30.0","description":"+ 30 miles"},{"value":"40.0","description":"+ 40 miles"}],"priceOptions":[{"value":"50000","description":"£50,000"},{"value":"60000","description":"£60,000"},{"value":"70000","description":"£70,000"},{"value":"80000","description":"£80,000"},{"value":"90000","description":"£90,000"},{"value":"100000","description":"£100,000"},{"value":"110000","description":"£110,000"},{"value":"120000","description":"£120,000"},{"value":"125000","description":"£125,000"},{"value":"130000","description":"£130,000"},{"value":"140000","description":"£140,000"},{"value":"150000","description":"£150,000"},{"value":"160000","description":"£160,000"},{"value":"170000","description":"£170,000"},{"value":"175000","description":"£175,000"},{"value":"180000","description":"£180,000"},{"value":"190000","description":"£190,000"},{"value":"200000","description":"£200,000"},{"value":"210000","description":"£210,000"},{"value":"220000","description":"£220,000"},{"value":"230000","description":"£230,000"},{"value":"240000","description":"£240,000"},{"value":"250000","description":"£250,000"},{"value":"260000","description":"£260,000"},{"value":"270000","description":"£270,000"},{"value":"280000","description":"£280,000"},{"value":"290000","description":"£290,000"},{"value":"300000","description":"£300,000"},{"value":"325000","description":"£325,000"},{"value":"350000","description":"£350,000"},{"value":"375000","description":"£375,000"},{"value":"400000","description":"£400,000"},{"value":"425000","description":"£425,000"},{"value":"450000","description":"£450,000"},{"value":"475000","description":"£475,000"},{"value":"500000","description":"£500,000"},{"value":"550000","description":"£550,000"},{"value":"600000","description":"£600,000"},{"value":"650000","description":"£650,000"},{"value":"700000","description":"£700,000"},{"value":"800000","description":"£800,000"},{"value":"900000","description":"£900,000"},{"value":"1000000","description":"£1,000,000"},{"value":"1250000","description":"£1,250,000"},{"value":"1500000","description":"£1,500,000"},{"value":"1750000","description":"£1,750,000"},{"value":"2000000","description":"£2,000,000"},{"value":"2500000","description":"£2,500,000"},{"value":"3000000","description":"£3,000,000"},{"value":"4000000","description":"£4,000,000"},{"value":"5000000","description":"£5,000,000"},{"value":"7500000","description":"£7,500,000"},{"value":"10000000","description":"£10,000,000"},{"value":"15000000","description":"£15,000,000"},{"value":"20000000","description":"£20,000,000"}],"bedroomOptions":[{"value":"0","description":"Studio"},{"value":"1","description":"1 Bed"},{"value":"2","description":"2 Bed"},{"value":"3","description":"3 Bed"},{"value":"4","description":"4 Bed"},{"value":"5","description":"5 Bed"},{"value":"6","description":"6 Bed"},{"value":"7","description":"7 Bed"},{"value":"8","description":"8 Bed"},{"value":"9","description":"9 Bed"},{"value":"10","description":"10 Bed"}],"addedToSiteOptions":[{"value":null,"description":"Anytime"},{"value":"1","description":"Last 24 hours"},{"value":"3","description":"Last 3 days"},{"value":"7","description":"Last 7 days"},{"value":"14","description":"Last 14 days"}],"mustHaveOptions":[{"value":"garden","description":"Garden"},{"value":"parking","description":"Parking"},{"value":"newHome","description":"New Home"},{"value":"retirement","description":"Retirement Home"},{"value":"sharedOwnership","description":"Buying Schemes"},{"value":"auction","description":"Auction Property"}],"dontShowOptions":[{"value":"newHome","description":"New Home"},{"value":"retirement","description":"Retirement Home"},{"value":"sharedOwnership","description":"Buying Schemes"}],"furnishOptions":[],"letTypeOptions":[],"sortOptions":[{"value":"2","description":"Highest Price"},{"value":"1","description":"Lowest Price"},{"value":"6","description":"Newest Listed"},{"value":"10","description":"Oldest Listed"}],"applicationProperties":{"media.server.host":"https://media.rightmove.co.uk:443","location.product.web.server.host":"//product.rightmove.co.uk","location.product.web.server.port":"80","publicsite.server.host":"//www.rightmove.co.uk","publicsite.server.port":"80","my.rightmove.web.server.host":"https://my.rightmove.co.uk","my.rightmove.web.server.port":"443","analytics.typeform.url":"https://s3-eu-west-1.amazonaws.com/share.typeform.com/share.js","clickstream.enabled":true,"gtm.enabled":true,"gtm.id":"GTM-T4524Q","gtm.auth":"g2ndo_352oWlGwJG7HHfyw","gtm.preview":"env-7","comscore.enabled":true,"sentry.enabled":true,"sentry.app.id":"57258","sentry.app.key":"37b5b8fa05054ca882dbb536d1cef0b2","info.build.version":"5.3.0.1606741152","metadata.service.url":"https://rightmoveanalytics.co.uk","sidebar.mpu.adUnitTimeout":"60000","sidebar.mpu.adUnitPath":"/5029762/Rightmove_Property_Web/Property_Results_Sidebar/MPU1","dfp.interstitial1.adUnitPath":"/5029762/Rightmove_Property_Web/PropertyWebInterstitial/Interstitial1","dfp.interstitial2.adUnitPath":"/5029762/Rightmove_Property_Web/PropertyWebInterstitial/Interstitial2","dfp.interstitial3.adUnitPath":"/5029762/Rightmove_Property_Web/PropertyWebInterstitial/Interstitial3","dfp.overseas.interstitial1.adUnitPath":"/5029762/Rightmove_Overseas/OverseasPropertyWebInterstitial/Interstitial1","dfp.overseas.interstitial2.adUnitPath":"/5029762/Rightmove_Overseas/OverseasPropertyWebInterstitial/Interstitial2","dfp.overseas.interstitial3.adUnitPath":"/5029762/Rightmove_Overseas/OverseasPropertyWebInterstitial/Interstitial3","dfp.sold-by-me.interstitial.adUnitPath":"/5029762/Rightmove_Property_Web/Sold_by_me","optimize.map.pins":true,"rightmovePlusLandingPageUrl":"https://rmplusportal.rightmove.co.uk","seo.global.consumerFooter.url":"https://seo.preferred.h2.prod.rightmove.com/global/consumer-footer","recaptchaEnabled":true,"recaptchaSiteKey":"6LeZmXUUAAAAACr8BTPYPeJhRTJzH1UCv7d5O7_X","labsHostname":"labs.rightmove.co.uk"},"staticMapUrl":"https://media.rightmove.co.uk:443/map/_generate?width=360&height=380&polygonFillColor=%232E8E8914&polygonLineColor=%232E8E89FF&mapPolygon=q%60ezH%60t%5BbWw%40f%5Cx_%40_HnjAcPvLiAnBmJ%7ELLbGWdPoC%7Cb%40i%40dFNnC%60AxJbHrcBaGhKbOhq%40tIz%60%40zJnd%40%60E%60f%40mV%7E_AcYjVwDjBvJ%60mAfb%40huAv%40oBlf%40ag%40dIcC%60c%40yDhHjHdZrVn%40vAvCkCbl%40qLtn%40tJ%60LxX%60BfPbAnMDvSJvJ%60C%60%5Ch%40n_%40tUgPzSaHzJcCpOsN%60M%7DBhv%40on%40nLaCfLuW%7Ed%40cTfTdFhKj%40fYrLjQtH%7EL%7CmArt%40zT%7EDvLb%40tAfCjOrCp%60%40nK%7EUlVxv%40j%40%7EQ%60ArKp%40vJFtTeGpv%40%60Cz%5C%60Gb%5Cn%40zIG%7EP%7EIrO%7CCdHlCzAtStI%60h%40wDre%40mZpWvJjQoXzDeMzQ%7D%60ArHsGhEon%40%7CKid%40QsBuBuLkDiP%7DAeYeCkXjk%40egAnBiM%7EDoRhAiDxHyOhAkCfQeQrQ%7BJjFgCbj%40vHvApC%7CHlPvX%7C%40zF%60AxOGfEUxL%7DT_A%7BRC_ZzTidA%60GsQdKeSdTq%5EjBu%40rd%40rG%60Mnc%40r%40tBzDnNvBxJzHnPvG%7ESrAjEpIxMnVo%5ExDkKta%40y_%40%7Ea%40gJzNkH%7ERuSdHaMnV%7BZ%7CF%7BE%7CTwd%40xEaEhEwGv%5Bsc%40hCkBbBkLy_%40%7BLmR_O_PweAuAal%40l%40uRgCmNs%40uBsBau%40MaGwZkXoImH_IkHsEkGwAwAiS_YeEug%40o%40%7DHiBqh%40hCgUnBsI%7C%5EsYpHgApPaIpIaUtH_MzD_N%60Lmk%40pNcR%7DDoNuJok%40qF%7BTyK%7DDs%5BweBxc%40yTtI%7CCdJbBrIi%40jBWt%60%40fA%60DUlSuJt%40w%40bG%7DMlGq%60B%7EBaF%40cFkDmi%40%7DUsKmDiGmBr%40wAt%40ch%40hEoC%7BAkVcP_EkGmQ%7DFuM%7DWaE%7DJkCkFiBsCaScF_IaCgYgk%40yCaRkHmoAhByYoNmn%40wHaTyc%40wl%40gBkK%7D%40ePyE_%5D%60Z%7BcA%60L%7DBPkDtIg_AoA_RFkMlJee%40tFuXbp%40_Mm%60Aup%40f%40_GHiNuBiOiEgRqEaI_JqQyIyr%40%7DL%7DDeIMgK%7BE_PfGyf%40yd%40wBqD%7DBTsCr%40%7DBTaVdEqGhAsDbDsPnDcD%7CEoArJuBzPow%40ro%40yQaP_EscAmAoVJ%7DQcD_%5DgJyz%40%40cGuGoP%7BCug%40o%40oDkH_h%40FiMh%40%7BHI%7BQoHua%40wKeC_G%60Dun%40lu%40sIcBcN%7C%40uMUwERyb%40of%40eET_ZLiE%7CEaCtHqAhMGhNrBnNfBvKrCbRdB%60I%60AzIbA%7CI%5EfFtHlQxCvLvDpW%7CJnzAu%60AfU%7BLjY_Cj%5Eia%40p%60%40oO%7CIcVpBoYw%5Eyc%40fs%40yh%40qLqCGyRdFkBVcER_CEkBAuN%7E%40eFhSe%5D%7EuAwOlXyWtH%7DTv%5BiJbBcS%3FuLlGcNUkKeCqUbFsZhAc%5EgScDjBgApB%7DA%60FyJx_%40NvAbBfl%40%7B%40pKmGf%5Eso%40pv%40gEaAgG%7BCcQtB%7BLcEoWiOoD_BiFuDcE%7DB_UqUuAqEaHIqCnAuEjAaZGo%5Eta%40iMEaAz_%40cGpk%40%7D%5Br_%40o%40z%5EhIfG%60QLl%5BfJnDfX%7CJTrNRzQnO%7DShiB_W_EgEn%60%40cf%40pWrO%7Et%40zIxNhNxYdW%60e%40gm%40ud%40ylB_KgV%7Er%40%7BTj%5EkWngAnaCtqGtBnNxH%7ETjD%7CKdB%7EIbBlNZ%60RYnKzOCdNfC&signature=TrfMT_QxIt_kJVFBphgVCl9EZzM=","shortLocationDescription":"in London","timestamp":1608662454406,"bot":false,"deviceType":"desktop","propertySchema":{"id":0,"bedrooms":0,"numberOfImages":0,"numberOfFloorplans":0,"numberOfVirtualTours":0,"summary":null,"displayAddress":null,"countryCode":null,"location":{"latitude":null,"longitude":null},"propertySubType":null,"listingUpdate":{"listingUpdateReason":null,"listingUpdateDate":"2016-12-03T23:53:38Z"},"premiumListing":false,"featuredProperty":false,"price":{"amount":0,"frequency":"","currencyCode":"","displayPrices":[{"displayPrice":"","displayPriceQualifier":""}]},"customer":{"branchId":null,"brandPlusLogoURI":null,"contactTelephone":null,"branchDisplayName":null,"branchName":null,"brandTradingName":null,"branchLandingPageUrl":null,"development":false,"showReducedProperties":false,"commercial":false,"showOnMap":false,"enhancedListing":false,"developmentContent":null,"brandPlusLogoUrl":""},"distance":null,"transactionType":null,"productLabel":{"productLabelText":null,"spotlightLabel":false},"commercial":false,"development":false,"residential":false,"students":false,"auction":false,"feesApply":false,"feesApplyText":"fees apply text","displaySize":"size label","showOnMap":false,"propertyUrl":"","contactUrl":"","staticMapUrl":"","channel":"BUY","firstVisibleDate":"2017-11-05T23:53:38Z","keywords":[],"keywordMatchType":"no_keyword","saved":false,"hidden":false,"onlineViewingsAvailable":false,"enhancedListing":false,"heading":"","propertyImages":{"images":[],"mainImageSrc":"","mainMapImageSrc":""},"displayStatus":"","formattedBranchName":"","addedOrReduced":"","isRecent":false,"formattedDistance":"","hasBrandPlus":false,"propertyTypeFullDescription":"Property"},"sidebarModel":{"soldHousePricesLinks":{"heading":"Sold House Prices","subHeading":"What did properties sell for in London?","model":[{"text":"View house prices in London","url":"/house-prices/London-87490.html","noFollow":false}],"headingLink":null},"relatedHouseSearches":{"heading":"Exploring Related Searches","subHeading":null,"model":[{"text":"Property for sale in London","url":"/property-for-sale/London-87490.html","noFollow":false},{"text":"Houses for sale in London","url":"/property-for-sale/London-87490/houses.html","noFollow":false},{"text":"2 bedroom houses for sale in London","url":"/property-for-sale/London-87490/2-bed-houses.html","noFollow":false},{"text":"3 bedroom houses for sale in London","url":"/property-for-sale/London-87490/3-bed-houses.html","noFollow":false},{"text":"4 bedroom houses for sale in London","url":"/property-for-sale/London-87490/4-bed-houses.html","noFollow":false},{"text":"5+ bedroom houses for sale in London","url":"/property-for-sale/London-87490/5-bed-houses.html","noFollow":false}],"headingLink":null},"relatedFlatSearches":{"heading":"Flats For Sale in London","subHeading":null,"model":[{"text":"Studio flats for sale in London","url":"/property-for-sale/London-87490/studio-flats.html","noFollow":false},{"text":"1 bedroom flats for sale in London","url":"/property-for-sale/London-87490/1-bed-flats.html","noFollow":false},{"text":"2 bedroom flats for sale in London","url":"/property-for-sale/London-87490/2-bed-flats.html","noFollow":false}],"headingLink":{"text":"Flats For Sale in London","url":"/property-for-sale/London-87490/flats.html","noFollow":false}},"relatedPopularSearches":{"heading":"What Other People Are Looking For","subHeading":null,"model":[{"text":"Detached houses for sale in London","url":"/property-for-sale/London-87490/detached.html","noFollow":false},{"text":"Terraced houses for sale in London","url":"/property-for-sale/London-87490/terraced.html","noFollow":false},{"text":"Bungalows for sale in London","url":"/property-for-sale/London-87490/bungalows.html","noFollow":false},{"text":"Property for auction in London","url":"/property-for-sale/London-87490/auction.html","noFollow":false},{"text":"Shared ownership properties for sale in London","url":"/property-for-sale/London-87490/shared-ownership.html","noFollow":false},{"text":"Retirement properties for sale in London","url":"/property-for-sale/London-87490/retirement.html","noFollow":false},{"text":"Commercial properties for sale in London","url":"/commercial-property-for-sale/London-87490.html","noFollow":false},{"text":"New homes for sale in London","url":"/new-homes-for-sale/London-87490.html","noFollow":false}],"headingLink":null},"relatedRegionsSearches":null,"channelSwitchLink":{"heading":"Channel Switch","subHeading":null,"model":[{"text":"See properties to rent in London","url":"/property-to-rent/London-87490.html","noFollow":false}],"headingLink":null},"relatedStudentLinks":null,"branchMPU":null,"countryGuideMPU":null,"suggestedLinks":{"heading":"Suggested Links","subHeading":null,"model":[{"text":"Estate agents in London","url":"/estate-agents/London-87490.html","noFollow":false}],"headingLink":null}},"seoModel":{"canonicalUrl":"https://www.rightmove.co.uk/property-for-sale/London-87490.html","metaRobots":""},"mapViewUrl":"/property-for-sale/map.html?minBedrooms=1&propertyTypes=bungalow%2Cdetached%2Cflat%2Csemi-detached%2Cterraced&keywords=&dontShow=sharedOwnership&channel=BUY&index=840&newHome=true&mustHave=newHome&maxBedrooms=5&includeSSTC=false&partBuyPartRent=false&sortType=1&minPrice=1500000&viewType=MAP&maxPrice=5000000&radius=0.0&locationIdentifier=REGION%5E87490","legacyUrl":"/property-for-sale/find.html?minBedrooms=1&propertyTypes=bungalow%2Cdetached%2Cflat%2Csemi-detached%2Cterraced&keywords=&dontShow=sharedOwnership&channel=BUY&index=840&newHome=true&mustHave=newHome&maxBedrooms=5&includeSSTC=false&partBuyPartRent=false&sortType=1&minPrice=1500000&viewType=LIST&maxPrice=5000000&radius=0.0&locationIdentifier=REGION%5E87490","listViewUrl":"/property-for-sale/find.html?minBedrooms=1&propertyTypes=bungalow%2Cdetached%2Cflat%2Csemi-detached%2Cterraced&keywords=&dontShow=sharedOwnership&channel=BUY&index=840&newHome=true&mustHave=newHome&maxBedrooms=5&includeSSTC=false&partBuyPartRent=false&sortType=1&minPrice=1500000&viewType=LIST&maxPrice=5000000&radius=0.0&locationIdentifier=REGION%5E87490","pageTitle":"Properties For Sale in London | Rightmove","metaDescription":"Flats & Houses For Sale in London - Find properties with Rightmove - the UK's largest selection of properties.","recentSearchModel":{"linkDisplayText":"London","titleDisplayText":"For Sale – £1,500,000 – £5,000,000, 1 – 5 bed, New Homes & Developments","searchCriteriaMobile":"<h3>London, for sale, </h3><p>5 property types, £1,500,000 – £5,000,000, 1 – 5 bed, must have new home, don't show buying schemes</p>","createDate":1608662454406,"locationIdentifierAndSearchType":"REGION^87490_SALE"},"maxCardsPerPage":25,"countryCode":"gb","countryId":-1,"currencyCodeOptions":[{"value":"GBP","description":"£"},{"value":"EUR","description":"€"},{"value":"USD","description":"USD $"},{"value":"NZD","description":"NZD $"},{"value":"AUD","description":"AUD $"},{"value":"SEK","description":"SEK"},{"value":"CHF","description":"CHF"}],"areaSizeUnitOptions":[{"value":"sqft","description":"Square Feet","abbreviation":"sq. ft."},{"value":"sqm","description":"Square Metres","abbreviation":"sq. m."},{"value":"acres","description":"Acres","abbreviation":"ac."},{"value":"hectares","description":"Hectares","abbreviation":"ha."}],"sizeOptions":[{"value":"10","description":"10","abbreviation":"10"},{"value":"50","description":"50","abbreviation":"50"},{"value":"100","description":"100","abbreviation":"100"},{"value":"250","description":"250","abbreviation":"250"},{"value":"500","description":"500","abbreviation":"500"},{"value":"1000","description":"1,000","abbreviation":"1K"},{"value":"1500","description":"1,500","abbreviation":"1.5K"},{"value":"2500","description":"2,500","abbreviation":"2.5K"},{"value":"5000","description":"5,000","abbreviation":"5K"},{"value":"7500","description":"7,500","abbreviation":"7.5K"},{"value":"10000","description":"10,000","abbreviation":"10K"},{"value":"15000","description":"15,000","abbreviation":"15K"},{"value":"25000","description":"25,000","abbreviation":"25K"},{"value":"50000","description":"50,000","abbreviation":"50K"},{"value":"75000","description":"75,000","abbreviation":"75K"},{"value":"100000","description":"100,000","abbreviation":"100K"},{"value":"200000","description":"200,000","abbreviation":"200K"},{"value":"500000","description":"500,000","abbreviation":"500K"}],"priceTypeOptions":[{"value":"ppu","description":"Price per unit","abbreviation":"PPU"},{"value":"pcm","description":"Price per calendar month","abbreviation":"PCM"}],"showFeaturedAgent":true,"showNewDrawASearch":false,"commercialChannel":false,"disambiguationPagePath":"search.html","dfpModel":{"sidebarSlots":[{"id":"searchSidebar-mpuSlot-1","adUnitPath":"/5029762/Rightmove_Property_Web/Property_Results_Sidebar/MPU1","sizes":[[300,250]],"mappings":[]}],"targeting":[{"key":"CT","value":"property-for-sale"}]},"noResultsModel":{"suggestionPods":[]},"urlPath":"/property-for-sale/find.html","tileGeometry":null,"geohashTerms":[],"comscore":"pageview_candidate","cookiePolicies":{"functional":true,"targeting":false,"strictly necessary":true},"formattedExchangeRateDate":"","authenticated":false,"location":{"id":87490,"displayName":"London","shortDisplayName":"London","locationType":"REGION","listingCurrency":"GBP"},"pagination":{"total":36,"options":[{"value":"0","description":"1"},{"value":"24","description":"2"},{"value":"48","description":"3"},{"value":"72","description":"4"},{"value":"96","description":"5"},{"value":"120","description":"6"},{"value":"144","description":"7"},{"value":"168","description":"8"},{"value":"192","description":"9"},{"value":"216","description":"10"},{"value":"240","description":"11"},{"value":"264","description":"12"},{"value":"288","description":"13"},{"value":"312","description":"14"},{"value":"336","description":"15"},{"value":"360","description":"16"},{"value":"384","description":"17"},{"value":"408","description":"18"},{"value":"432","description":"19"},{"value":"456","description":"20"},{"value":"480","description":"21"},{"value":"504","description":"22"},{"value":"528","description":"23"},{"value":"552","description":"24"},{"value":"576","description":"25"},{"value":"600","description":"26"},{"value":"624","description":"27"},{"value":"648","description":"28"},{"value":"672","description":"29"},{"value":"696","description":"30"},{"value":"720","description":"31"},{"value":"744","description":"32"},{"value":"768","description":"33"},{"value":"792","description":"34"},{"value":"816","description":"35"},{"value":"840","description":"36"}],"first":"0","last":"840","previous":"816","page":"36"},"searchParameters":{"locationIdentifier":"REGION^87490","maxBedrooms":"5","minBedrooms":"1","maxPrice":"5000000","minPrice":"1500000","numberOfPropertiesPerPage":"24","radius":"0.0","sortType":"1","index":"840","propertyTypes":["bungalow","detached","flat","semi-detached","terraced"],"includeSSTC":false,"viewType":"LIST","mustHave":["newHome"],"dontShow":["sharedOwnership"],"furnishTypes":[],"channel":"BUY","areaSizeUnit":"sqft","currencyCode":"GBP","keywords":[]},"featureSwitchStateForUser":{"individualFeatureSwitchStates":[{"label":"DrawASearchFeatures.LABS_DRAW_A_SEARCH_ENABLED","state":"off","shouldLog":false},{"label":"PropertyWebFeatures.COLLAPSE_PROPERTY_LABS_ENABLED","state":"on","shouldLog":false},{"label":"CentralisedComponentsSwitches.ESI_FILTERING_ENABLED","state":"off","shouldLog":false},{"label":"CookieBarSwitches.SHOW_NON_PERSONALIZED_ADS_INITIALLY","state":"on","shouldLog":false},{"label":"PropertyWebFeatures.BUYING_SCHEMES_ENABLED","state":"on","shouldLog":false},{"label":"CookieBarSwitches.LOAD_COMSCORE","state":"off","shouldLog":true},{"label":"PropertyWebFeatures.ENHANCED_LISTING_ENABLED","state":"on","shouldLog":false},{"label":"PropertyWebFeatures.COLLAPSE_PROPERTY_ENABLED","state":"on","shouldLog":false},{"label":"CentralisedComponentsSwitches.GLOBAL_CONSUMER_FOOTER_ENABLED","state":"off","shouldLog":false},{"label":"PropertyWebFeatures.V2_SEARCH_CONTROLLER_COM_RENT","state":"on","shouldLog":false},{"label":"SharedConsumerFeatures.CONSUMER_SURVEY_ENABLED","state":"off","shouldLog":false},{"label":"PropertyWebFeatures.MORTGAGE_WIDGET_ON_SIDEBAR_ENABLED","state":"on","shouldLog":false},{"label":"GoogleTagManagerSwitch.GTM_THIRD_PARTY_TAG_SWITCH","state":"on","shouldLog":true},{"label":"GlobalSwitches.SHOW_RM_ASSISTANT_BUTTON_PVW","state":"on","shouldLog":false},{"label":"OnlineViewingsSwitches.ONLINE_VIEWINGS_ENABLED","state":"on","shouldLog":false},{"label":"PropertyWebFeatures.HIDE_FEEDBACK_CALL_ENABLED","state":"on","shouldLog":false},{"label":"PropertyWebFeatures.V2_SEARCH_CONTROLLER_NEW_HOMES","state":"on","shouldLog":false},{"label":"NationwideMVT","state":"VARIANT_B","shouldLog":true},{"label":"PropertyWebFeatures.SHOW_SIDEBAR_MPU_AD","state":"on","shouldLog":false},{"label":"PropertyWebFeatures.USE_RM_DATALAYER","state":"on","shouldLog":false},{"label":"CookieBarSwitches.ENABLE_ONE_TRUST_COOKIE_SCRIPT","state":"on","shouldLog":true},{"label":"GlobalSwitches.SHOW_RM_ASSISTANT_BUTTON","state":"on","shouldLog":false},{"label":"SoldByMeSwitches.DFP_FALLBACK","state":"on","shouldLog":false},{"label":"MRMSwitches.USE_SEO_NAV_PVW","state":"on","shouldLog":false},{"label":"PropertyWebFeatures.NEW_SAVE_PROPERTY_DESIGN_ENABLED","state":"off","shouldLog":false},{"label":"PropertyWebFeatures.OS_INTERSTITIAL_TABLET_SIZE_ENABLED","state":"off","shouldLog":false},{"label":"OverseasWebFeatures.SHOW_OVERSEAS_SPECIFIC_FILTERS","state":"off","shouldLog":false},{"label":"PropertyWebFeatures.V2_SEARCH_CONTROLLER_RES_BUY","state":"on","shouldLog":false},{"label":"GdprSwitches.SHOW_CONSENT_MODAL_ENABLED","state":"on","shouldLog":false},{"label":"PropertyWebFeatures.STUDENT_MUST_HAVE_ENABLED","state":"on","shouldLog":false},{"label":"CookieBarSwitches.SHOW_INTERNAL_COOKIE_BAR","state":"off","shouldLog":true},{"label":"PropertyWebFeatures.SAVE_SEARCH_SUPPORT_MAP_POLYLINE","state":"off","shouldLog":false},{"label":"PropertyWebFeatures.MODAL_ENABLED","state":"on","shouldLog":false},{"label":"CookieBarSwitches.BLOCK_UNKNOWN_COOKIES","state":"off","shouldLog":false},{"label":"PropertyWebFeatures.V2_SEARCH_CONTROLLER_STUDENT","state":"on","shouldLog":false},{"label":"PropertyWebFeatures.SHOW_COVID_BANNER","state":"off","shouldLog":false},{"label":"DrawASearchFeatures.NEW_DRAW_A_SEARCH_ENABLED","state":"off","shouldLog":false},{"label":"PropertyWebFeatures.V2_SEARCH_CONTROLLER_RES_RENT","state":"on","shouldLog":false},{"label":"PropertyWebFeatures.USE_GEOHASH_AGGREGATION_SPIKE","state":"off","shouldLog":false},{"label":"PropertyWebFeatures.SOLD_BY_ME_VIEW_PORT_NOTIFICATION","state":"on","shouldLog":false},{"label":"PropertyWebFeatures.ENABLE_LOAD_BALANCED_RESOURCES","state":"off","shouldLog":false},{"label":"PropertyWebFeatures.GET_LOCATION_WITH_GEO_POLYLINE_ENABLED","state":"on","shouldLog":false}],"featureUser":{"uniqueIdentifier":"201222E4NCND5PIQ2ZWY1ABR2DUPTQJ3"}}}