{"properties":[{"id":75895551,"bedrooms":5,"numberOfImages":43,"numberOfFloorplans":1,"numberOfVirtualTours":0,"summary":"VIDEO TOUR AVAILABLE UPON REQUEST • FIVE BEDROOM DETACHED FAMILY HOME • BOASTING OVER 6,900 SQ. FT. OF LIVING ACCOMMODATION • MANIFOLD UNDER FLOOR HEATING THROUGHOUT • CAT-6 CABLING THROUGHOUT & CCTV • 46' KITCHEN/DINING AREA •...","displayAddress":"Ernest Road, Emerson Park, RM11","countryCode":"GB","location":{"latitude":51.570978,"longitude":0.233801},"propertySubType":"Detached","listingUpdate":{"listingUpdateReason":"new","listingUpdateDate":"2020-12-03T18:16:03Z"},"premiumListing":true,"featuredProperty":true,"price":{"amount":2350000,"frequency":"not specified","currencyCode":"GBP","displayPrices":[{"displayPrice":"£2,350,000","displayPriceQualifier":""}]},"customer":{"branchId":5974,"brandPlusLogoURI":"/company/clogo_3000_0001.jpeg","contactTelephone":"01708 923047","branchDisplayName":"Balgores, Hornchurch","branchName":"Hornchurch","brandTradingName":"Balgores","branchLandingPageUrl":"/estate-agents/agent/Balgores/Hornchurch-5974.html","development":false,"showReducedProperties":true,"commercial":false,"showOnMap":true,"enhancedListing":false,"developmentContent":null,"brandPlusLogoUrl":"https://media.rightmove.co.uk:443/dir/company/clogo_3000_0001_max_100x50.jpeg"},"distance":null,"transactionType":"buy","productLabel":{"productLabelText":"Substantial Plot","spotlightLabel":false},"commercial":false,"development":true,"residential":true,"students":false,"auction":false,"feesApply":false,"feesApplyText":null,"displaySize":"","showOnMap":true,"propertyUrl":"/property-for-sale/property-75895551.html","contactUrl":"/property-for-sale/contactBranch.html?propertyId=75895551","staticMapUrl":null,"channel":"BUY","firstVisibleDate":"2020-12-03T18:10:53Z","keywords":[],"keywordMatchType":"no_keyword","saved":false,"hidden":false,"onlineViewingsAvailable":false,"propertyImages":{"images":[{"srcUrl":"https://media.rightmove.co.uk:443/dir/crop/10:9-16:9/6k/5974/75895551/5974_HOR200632_IMG_01_0000_max_476x317.jpg","url":"6k/5974/75895551/5974_HOR200632_IMG_01_0000.jpg"},{"srcUrl":"https://media.rightmove.co.uk:443/dir/crop/10:9-16:9/6k/5974/75895551/5974_HOR200632_IMG_02_0000_max_476x317.jpg","url":"6k/5974/75895551/5974_HOR200632_IMG_02_0000.jpg"},{"srcUrl":"https://media.rightmove.co.uk:443/dir/crop/10:9-16:9/6k/5974/75895551/5974_HOR200632_IMG_03_0000_max_476x317.jpg","url":"6k/5974/75895551/5974_HOR200632_IMG_03_0000.jpg"},{"srcUrl":"https://media.rightmove.co.uk:443/dir/crop/10:9-16:9/6k/5974/75895551/5974_HOR200632_IMG_04_0000_max_476x317.jpg","url":"6k/5974/75895551/5974_HOR200632_IMG_04_0000.jpg"},{"srcUrl":"https://media.rightmove.co.uk:443/dir/crop/10:9-16:9/6k/5974/75895551/5974_HOR200632_IMG_05_0000_max_476x317.jpg","url":"6k/5974/75895551/5974_HOR200632_IMG_05_0000.jpg"},{"srcUrl":"https://media.rightmove.co.uk:443/dir/crop/10:9-16:9/6k/5974/75895551/5974_HOR200632_IMG_06_0000_max_476x317.jpg","url":"6k/5974/75895551/5974_HOR200632_IMG_06_0000.jpg"},{"srcUrl":"https://media.rightmove.co.uk:443/dir/crop/10:9-16:9/6k/5974/75895551/5974_HOR200632_IMG_07_0000_max_476x317.jpg","url":"6k/5974/75895551/5974_HOR200632_IMG_07_0000.jpg"},{"srcUrl":"https://media.rightmove.co.uk:443/dir/crop/10:9-16:9/6k/5974/75895551/5974_HOR200632_IMG_08_0000_max_476x317.jpg","url":"6k/5974/75895551/5974_HOR200632_IMG_08_0000.jpg"},{"srcUrl":"https://media.rightmove.co.uk:443/dir/crop/10:9-16:9/6k/5974/75895551/5974_HOR200632_IMG_09_0000_max_476x317.jpg","url":"6k/5974/75895551/5974_HOR200632_IMG_09_0000.jpg"},{"srcUrl":"https://media.rightmove.co.uk:443/dir/crop/10:9-16:9/6k/5974/75895551/5974_HOR200632_IMG_10_0000_max_476x317.jpg","url":"6k/5974/75895551/5974_HOR200632_IMG_10_0000.jpg"},{"srcUrl":"https://media.rightmove.co.uk:443/dir/crop/10:9-16:9/6k/5974/75895551/5974_HOR200632_IMG_11_0000_max_476x317.jpg","url":"6k/5974/75895551/5974_HOR200632_IMG_11_0000.jpg"},{"srcUrl":"https://media.rightmove.co.uk:443/dir/crop/10:9-16:9/6k/5974/75895551/5974_HOR200632_IMG_12_0000_max_476x317.jpg","url":"6k/5974/75895551/5974_HOR200632_IMG_12_0000.jpg"},{"srcUrl":"https://media.rightmove.co.uk:443/dir/crop/10:9-16:9/6k/5974/75895551/5974_HOR200632_IMG_13_0000_max_476x317.jpg","url":"6k/5974/75895551/5974_HOR200632_IMG_13_0000.jpg"},{"srcUrl":"https://media.rightmove.co.uk:443/dir/crop/10:9-16:9/6k/5974/75895551/5974_HOR200632_IMG_14_0000_max_476x317.jpg","url":"6k/5974/75895551/5974_HOR200632_IMG_14_0000.jpg"},{"srcUrl":"https://media.rightmove.co.uk:443/dir/crop/10:9-16:9/6k/5974/75895551/5974_HOR200632_IMG_15_0000_max_476x317.jpg","url":"6k/5974/75895551/5974_HOR200632_IMG_15_0000.jpg"},{"srcUrl":"https://media.rightmove.co.uk:443/dir/crop/10:9-16:9/6k/5974/75895551/5974_HOR200632_IMG_16_0000_max_476x317.jpg","url":"6k/5974/75895551/5974_HOR200632_IMG_16_0000.jpg"},{"srcUrl":"https://media.rightmove.co.uk:443/dir/crop/10:9-16:9/6k/5974/75895551/5974_HOR200632_IMG_17_0000_max_476x317.jpg","url":"6k/5974/75895551/5974_HOR200632_IMG_17_0000.jpg"},{"srcUrl":"https://media.rightmove.co.uk:443/dir/crop/10:9-16:9/6k/5974/75895551/5974_HOR200632_IMG_18_0000_max_476x317.jpg","url":"6k/5974/75895551/5974_HOR200632_IMG_18_0000.jpg"},{"srcUrl":"https://media.rightmove.co.uk:443/dir/crop/10:9-16:9/6k/5974/75895551/5974_HOR200632_IMG_19_0000_max_476x317.jpg","url":"6k/5974/75895551/5974_HOR200632_IMG_19_0000.jpg"},{"srcUrl":"https://media.rightmove.co.uk:443/dir/crop/10:9-16:9/6k/5974/75895551/5974_HOR200632_IMG_22_0000_max_476x317.jpg","url":"6k/5974/75895551/5974_HOR200632_IMG_22_0000.jpg"},{"srcUrl":"https://media.rightmove.co.uk:443/dir/crop/10:9-16:9/6k/5974/75895551/5974_HOR200632_IMG_26_0000_max_476x317.jpg","url":"6k/5974/75895551/5974_HOR200632_IMG_26_0000.jpg"},{"srcUrl":"https://media.rightmove.co.uk:443/dir/crop/10:9-16:9/6k/5974/75895551/5974_HOR200632_IMG_27_0000_max_476x317.jpg","url":"6k/5974/75895551/5974_HOR200632_IMG_27_0000.jpg"},{"srcUrl":"https://media.rightmove.co.uk:443/dir/crop/10:9-16:9/6k/5974/75895551/5974_HOR200632_IMG_30_0000_max_476x317.jpg","url":"6k/5974/75895551/5974_HOR200632_IMG_30_0000.jpg"},{"srcUrl":"https://media.rightmove.co.uk:443/dir/crop/10:9-16:9/6k/5974/75895551/5974_HOR200632_IMG_31_0000_max_476x317.jpg","url":"6k/5974/75895551/5974_HOR200632_IMG_31_0000.jpg"},{"srcUrl":"https://media.rightmove.co.uk:443/dir/crop/10:9-16:9/6k/5974/75895551/5974_HOR200632_IMG_32_0000_max_476x317.jpg","url":"6k/5974/75895551/5974_HOR200632_IMG_32_0000.jpg"},{"srcUrl":"https://media.rightmove.co.uk:443/dir/crop/10:9-16:9/6k/5974/75895551/5974_HOR200632_IMG_33_0000_max_476x317.jpg","url":"6k/5974/75895551/5974_HOR200632_IMG_33_0000.jpg"},{"srcUrl":"https://media.rightmove.co.uk:443/dir/crop/10:9-16:9/6k/5974/75895551/5974_HOR200632_IMG_34_0000_max_476x317.jpg","url":"6k/5974/75895551/5974_HOR200632_IMG_34_0000.jpg"},{"srcUrl":"https://media.rightmove.co.uk:443/dir/crop/10:9-16:9/6k/5974/75895551/5974_HOR200632_IMG_35_0000_max_476x317.jpg","url":"6k/5974/75895551/5974_HOR200632_IMG_35_0000.jpg"},{"srcUrl":"https://media.rightmove.co.uk:443/dir/crop/10:9-16:9/6k/5974/75895551/5974_HOR200632_IMG_36_0000_max_476x317.jpg","url":"6k/5974/75895551/5974_HOR200632_IMG_36_0000.jpg"},{"srcUrl":"https://media.rightmove.co.uk:443/dir/crop/10:9-16:9/6k/5974/75895551/5974_HOR200632_IMG_37_0000_max_476x317.jpg","url":"6k/5974/75895551/5974_HOR200632_IMG_37_0000.jpg"},{"srcUrl":"https://media.rightmove.co.uk:443/dir/crop/10:9-16:9/6k/5974/75895551/5974_HOR200632_IMG_39_0000_max_476x317.jpg","url":"6k/5974/75895551/5974_HOR200632_IMG_39_0000.jpg"},{"srcUrl":"https://media.rightmove.co.uk:443/dir/crop/10:9-16:9/6k/5974/75895551/5974_HOR200632_IMG_40_0000_max_476x317.jpg","url":"6k/5974/75895551/5974_HOR200632_IMG_40_0000.jpg"},{"srcUrl":"https://media.rightmove.co.uk:443/dir/crop/10:9-16:9/6k/5974/75895551/5974_HOR200632_IMG_41_0000_max_476x317.jpg","url":"6k/5974/75895551/5974_HOR200632_IMG_41_0000.jpg"},{"srcUrl":"https://media.rightmove.co.uk:443/dir/crop/10:9-16:9/6k/5974/75895551/5974_HOR200632_IMG_42_0000_max_476x317.jpg","url":"6k/5974/75895551/5974_HOR200632_IMG_42_0000.jpg"},{"srcUrl":"https://media.rightmove.co.uk:443/dir/crop/10:9-16:9/6k/5974/75895551/5974_HOR200632_IMG_43_0000_max_476x317.jpg","url":"6k/5974/75895551/5974_HOR200632_IMG_43_0000.jpg"},{"srcUrl":"https://media.rightmove.co.uk:443/dir/crop/10:9-16:9/6k/5974/75895551/5974_HOR200632_IMG_44_0000_max_476x317.jpg","url":"6k/5974/75895551/5974_HOR200632_IMG_44_0000.jpg"},{"srcUrl":"https://media.rightmove.co.uk:443/dir/crop/10:9-16:9/6k/5974/75895551/5974_HOR200632_IMG_45_0000_max_476x317.jpg","url":"6k/5974/75895551/5974_HOR200632_IMG_45_0000.jpg"},{"srcUrl":"https://media.rightmove.co.uk:443/dir/crop/10:9-16:9/6k/5974/75895551/5974_HOR200632_IMG_46_0000_max_476x317.jpg","url":"6k/5974/75895551/5974_HOR200632_IMG_46_0000.jpg"},{"srcUrl":"https://media.rightmove.co.uk:443/dir/crop/10:9-16:9/6k/5974/75895551/5974_HOR200632_IMG_47_0000_max_476x317.jpg","url":"6k/5974/75895551/5974_HOR200632_IMG_47_0000.jpg"},{"srcUrl":"https://media.rightmove.co.uk:443/dir/crop/10:9-16:9/6k/5974/75895551/5974_HOR200632_IMG_48_0000_max_476x317.jpg","url":"6k/5974/75895551/5974_HOR200632_IMG_48_0000.jpg"},{"srcUrl":"https://media.rightmove.co.uk:443/dir/crop/10:9-16:9/6k/5974/75895551/5974_HOR200632_IMG_49_0000_max_476x317.jpg","url":"6k/5974/75895551/5974_HOR200632_IMG_49_0000.jpg"},{"srcUrl":"https://media.rightmove.co.uk:443/dir/crop/10:9-16:9/6k/5974/75895551/5974_HOR200632_IMG_50_0000_max_476x317.jpg","url":"6k/5974/75895551/5974_HOR200632_IMG_50_0000.jpg"},{"srcUrl":"https://media.rightmove.co.uk:443/dir/crop/10:9-16:9/6k/5974/75895551/5974_HOR200632_IMG_51_0000_max_476x317.jpg","url":"6k/5974/75895551/5974_HOR200632_IMG_51_0000.jpg"}],"mainImageSrc":"https://media.rightmove.co.uk:443/dir/crop/10:9-16:9/6k/5974/75895551/5974_HOR200632_IMG_01_0000_max_476x317.jpg","mainMapImageSrc":"https://media.rightmove.co.uk:443/dir/crop/10:9-16:9/6k/5974/75895551/5974_HOR200632_IMG_01_0000_max_296x197.jpg"},"enhancedListing":false,"propertyTypeFullDescription":"5 bedroom detached house for sale","heading":"Featured New Home","displayStatus":"","formattedBranchName":" by Balgores, Hornchurch","addedOrReduced":"Added on 03/12/2020","isRecent":false,"formattedDistance":"","hasBrandPlus":true}],"resultCount":"21","searchParametersDescription":"New Homes and Developments For Sale in Havering (London Borough), £50,000 – £5,000,000, don't show buying schemes, 1 – 5 bed, 5 property types","radiusOptions":[{"value":"0.0","description":"+ 0 miles"},{"value":"0.25","description":"+ 1/4 mile"},{"value":"0.5","description":"+ 1/2 mile"},{"value":"1.0","description":"+ 1 mile"},{"value":"3.0","description":"+ 3 miles"},{"value":"5.0","description":"+ 5 miles"},{"value":"10.0","description":"+ 10 miles"},{"value":"15.0","description":"+ 15 miles"},{"value":"20.0","description":"+ 20 miles"},{"value":"30.0","description":"+ 30 miles"},{"value":"40.0","description":"+ 40 miles"}],"priceOptions":[{"value":"50000","description":"£50,000"},{"value":"60000","description":"£60,000"},{"value":"70000","description":"£70,000"},{"value":"80000","description":"£80,000"},{"value":"90000","description":"£90,000"},{"value":"100000","description":"£100,000"},{"value":"110000","description":"£110,000"},{"value":"120000","description":"£120,000"},{"value":"125000","description":"£125,000"},{"value":"130000","description":"£130,000"},{"value":"140000","description":"£140,000"},{"value":"150000","description":"£150,000"},{"value":"160000","description":"£160,000"},{"value":"170000","description":"£170,000"},{"value":"175000","description":"£175,000"},{"value":"180000","description":"£180,000"},{"value":"190000","description":"£190,000"},{"value":"200000","description":"£200,000"},{"value":"210000","description":"£210,000"},{"value":"220000","description":"£220,000"},{"value":"230000","description":"£230,000"},{"value":"240000","description":"£240,000"},{"value":"250000","description":"£250,000"},{"value":"260000","description":"£260,000"},{"value":"270000","description":"£270,000"},{"value":"280000","description":"£280,000"},{"value":"290000","description":"£290,000"},{"value":"300000","description":"£300,000"},{"value":"325000","description":"£325,000"},{"value":"350000","description":"£350,000"},{"value":"375000","description":"£375,000"},{"value":"400000","description":"£400,000"},{"value":"425000","description":"£425,000"},{"value":"450000","description":"£450,000"},{"value":"475000","description":"£475,000"},{"value":"500000","description":"£500,000"},{"value":"550000","description":"£550,000"},{"value":"600000","description":"£600,000"},{"value":"650000","description":"£650,000"},{"value":"700000","description":"£700,000"},{"value":"800000","description":"£800,000"},{"value":"900000","description":"£900,000"},{"value":"1000000","description":"£1,000,000"},{"value":"1250000","description":"£1,250,000"},{"value":"1500000","description":"£1,500,000"},{"value":"1750000","description":"£1,750,000"},{"value":"2000000","description":"£2,000,000"},{"value":"2500000","description":"£2,500,000"},{"value":"3000000","description":"£3,000,000"},{"value":"4000000","description":"£4,000,000"},{"value":"5000000","description":"£5,000,000"},{"value":"7500000","description":"£7,500,000"},{"value":"10000000","description":"£10,000,000"},{"value":"15000000","description":"£15,000,000"},{"value":"20000000","description":"£20,000,000"}],"bedroomOptions":[{"value":"0","description":"Studio"},{"value":"1","description":"1 Bed"},{"value":"2","description":"2 Bed"},{"value":"3","description":"3 Bed"},{"value":"4","description":"4 Bed"},{"value":"5","description":"5 Bed"},{"value":"6","description":"6 Bed"},{"value":"7","description":"7 Bed"},{"value":"8","description":"8 Bed"},{"value":"9","description":"9 Bed"},{"value":"10","description":"10 Bed"}],"addedToSiteOptions":[{"value":null,"description":"Anytime"},{"value":"1","description":"Last 24 hours"},{"value":"3","description":"Last 3 days"},{"value":"7","description":"Last 7 days"},{"value":"14","description":"Last 14 days"}],"mustHaveOptions":[{"value":"garden","description":"Garden"},{"value":"parking","description":"Parking"},{"value":"newHome","description":"New Home"},{"value":"retirement","description":"Retirement Home"},{"value":"sharedOwnership","description":"Buying Schemes"},{"value":"auction","description":"Auction Property"}],"dontShowOptions":[{"value":"newHome","description":"New Home"},{"value":"retirement","description":"Retirement Home"},{"value":"sharedOwnership","description":"Buying Schemes"}],"furnishOptions":[],"letTypeOptions":[],"sortOptions":[{"value":"2","description":"Highest Price"},{"value":"1","description":"Lowest Price"},{"value":"6","description":"Newest Listed"},{"value":"10","description":"Oldest Listed"}],"applicationProperties":{"media.server.host":"https://media.rightmove.co.uk:443","location.product.web.server.host":"//product.rightmove.co.uk","location.product.web.server.port":"80","publicsite.server.host":"//www.rightmove.co.uk","publicsite.server.port":"80","my.rightmove.web.server.host":"https://my.rightmove.co.uk","my.rightmove.web.server.port":"443","analytics.typeform.url":"https://s3-eu-west-1.amazonaws.com/share.typeform.com/share.js","clickstream.enabled":true,"gtm.enabled":true,"gtm.id":"GTM-T4524Q","gtm.auth":"g2ndo_352oWlGwJG7HHfyw","gtm.preview":"env-7","comscore.enabled":true,"sentry.enabled":true,"sentry.app.id":"57258","sentry.app.key":"37b5b8fa05054ca882dbb536d1cef0b2","info.build.version":"5.3.0.1606741152","metadata.service.url":"https://rightmoveanalytics.co.uk","sidebar.mpu.adUnitTimeout":"60000","sidebar.mpu.adUnitPath":"/5029762/Rightmove_Property_Web/Property_Results_Sidebar/MPU1","dfp.interstitial1.adUnitPath":"/5029762/Rightmove_Property_Web/PropertyWebInterstitial/Interstitial1","dfp.interstitial2.adUnitPath":"/5029762/Rightmove_Property_Web/PropertyWebInterstitial/Interstitial2","dfp.interstitial3.adUnitPath":"/5029762/Rightmove_Property_Web/PropertyWebInterstitial/Interstitial3","dfp.overseas.interstitial1.adUnitPath":"/5029762/Rightmove_Overseas/OverseasPropertyWebInterstitial/Interstitial1","dfp.overseas.interstitial2.adUnitPath":"/5029762/Rightmove_Overseas/OverseasPropertyWebInterstitial/Interstitial2","dfp.overseas.interstitial3.adUnitPath":"/5029762/Rightmove_Overseas/OverseasPropertyWebInterstitial/Interstitial3","dfp.sold-by-me.interstitial.adUnitPath":"/5029762/Rightmove_Property_Web/Sold_by_me","optimize.map.pins":true,"rightmovePlusLandingPageUrl":"https://rmplusportal.rightmove.co.uk","seo.global.consumerFooter.url":"https://seo.preferred.h2.prod.rightmove.com/global/consumer-footer","recaptchaEnabled":true,"recaptchaSiteKey":"6LeZmXUUAAAAACr8BTPYPeJhRTJzH1UCv7d5O7_X","labsHostname":"labs.rightmove.co.uk"},"staticMapUrl":"https://media.rightmove.co.uk:443/map/_generate?width=360&height=380&polygonFillColor=%232E8E8914&polygonLineColor=%232E8E89FF&mapPolygon=%7BvkyHg%7E%5D%60MdBhD%7Di%40jPse%40%60a%40i%60%40lp%40yJld%40%7D%5B%7EJut%40kDucAsGkq%40yZVMmB%40wD%7DLc%40yBYsBs%40gBmB%7DHuMmCqHiDqNc%40iS%7DDgVcD%7DRyUtLsDtAqFrBuH%7DB%5CqKr%40%7DUsH%7D%7D%40ic%40xLmBlA%7DYlRqAaTdBgWcHuDcF%7C%5EgHsAcKyNhEiOoRsAiIqPmDcPng%40gIFAp%5DaEMgYnAs%5DySuEyFmAuCo%40cJoBwm%40pCmAyr%40eEo%60%40e%40mGQyBSeH%7DB%7DeBiPfAaIuV%7BJ%7D%7BBqJcaAoTvLmDxCqBbA%7B%40AyF%7DBuBn%40iD%7ECsBfAaCeAu%40LaD%7CHw%40n%40cE%60B%7BA%7CA%3FvAd%40xEm%40zDuA%7CCs%40b%40eAYw%40X_G%60MoBhBwBl%40aCi%40m%40w%40o%40cEUsEi%40w%40qDsByH%7DAiDOqCMkNZTfGPpFzDjw%40dDhfCuJbFsJ%7EBgR%7EIiPrA%5D%40ai%40%7Ce%40gKxPaErG%7B%40j%40ea%40dWoDhAcUjHaa%40OqKhfAeBjQiX%7BWECkGuYiKdCmq%40t%7C%40it%40dsBIPcIvN_IrW%7D%40pCkHjVhOli%40hSxbB%7BBf%5BHtWhDjQuBbV_EvTfMhKfCh%5EhJtg%40kDd_%40KbQsBdVHbZiA%60g%40Tzm%40xg%40%7D%5D%60OcKrVuNtf%40kEbE_%40rX%60FjX%7CFn%40_WfZh%40%7Ed%40v%40%60BBlN%7EEdC%7EG%40Bz%5CtFn_%40iOzItN%40KhEiWVsAfFoMbNg%5DxKyXcQahAFgcAAeAv%5B%7EArS%60Ax%5Bq%5Bd%40e%40rMrKdXtTn%40h%40fCtB%7EHrGfRrO%7CBjB%7CWn%5BlDfEp%5D%7Ca%40hH%7EC%7CYhMfp%40dYz_%40tH%40eA&signature=zGJxqhMdgLclGnXFnEnDpwU1Bjs=","shortLocationDescription":"in Havering","timestamp":1608739300111,"bot":false,"deviceType":"desktop","propertySchema":{"id":0,"bedrooms":0,"numberOfImages":0,"numberOfFloorplans":0,"numberOfVirtualTours":0,"summary":null,"displayAddress":null,"countryCode":null,"location":{"latitude":null,"longitude":null},"propertySubType":null,"listingUpdate":{"listingUpdateReason":null,"listingUpdateDate":"2016-12-03T23:53:38Z"},"premiumListing":false,"featuredProperty":false,"price":{"amount":0,"frequency":"","currencyCode":"","displayPrices":[{"displayPrice":"","displayPriceQualifier":""}]},"customer":{"branchId":null,"brandPlusLogoURI":null,"contactTelephone":null,"branchDisplayName":null,"branchName":null,"brandTradingName":null,"branchLandingPageUrl":null,"development":false,"showReducedProperties":false,"commercial":false,"showOnMap":false,"enhancedListing":false,"developmentContent":null,"brandPlusLogoUrl":""},"distance":null,"transactionType":null,"productLabel":{"productLabelText":null,"spotlightLabel":false},"commercial":false,"development":false,"residential":false,"students":false,"auction":false,"feesApply":false,"feesApplyText":"fees apply text","displaySize":"size label","showOnMap":false,"propertyUrl":"","contactUrl":"","staticMapUrl":"","channel":"BUY","firstVisibleDate":"2017-11-05T23:53:38Z","keywords":[],"keywordMatchType":"no_keyword","saved":false,"hidden":false,"onlineViewingsAvailable":false,"propertyImages":{"images":[],"mainImageSrc":"","mainMapImageSrc":""},"enhancedListing":false,"propertyTypeFullDescription":"Property","heading":"","displayStatus":"","formattedBranchName":"","addedOrReduced":"","isRecent":false,"formattedDistance":"","hasBrandPlus":false},"sidebarModel":{"soldHousePricesLinks":{"heading":"Sold House Prices","subHeading":"What did properties sell for in Havering?","model":[{"text":"View house prices in Havering","url":"/house-prices/Havering.html","noFollow":false}],"headingLink":null},"relatedHouseSearches":{"heading":"Exploring Related Searches","subHeading":null,"model":[{"text":"Property for sale in Havering","url":"/property-for-sale/Havering.html","noFollow":false},{"text":"Houses for sale in Havering","url":"/property-for-sale/Havering/houses.html","noFollow":false},{"text":"2 bedroom houses for sale in Havering","url":"/property-for-sale/Havering/2-bed-houses.html","noFollow":false},{"text":"3 bedroom houses for sale in Havering","url":"/property-for-sale/Havering/3-bed-houses.html","noFollow":false},{"text":"4 bedroom houses for sale in Havering","url":"/property-for-sale/Havering/4-bed-houses.html","noFollow":false},{"text":"5+ bedroom houses for sale in Havering","url":"/property-for-sale/Havering/5-bed-houses.html","noFollow":false}],"headingLink":null},"relatedFlatSearches":{"heading":"Flats For Sale in Havering","subHeading":null,"model":[{"text":"Studio flats for sale in Havering","url":"/property-for-sale/Havering/studio-flats.html","noFollow":false},{"text":"1 bedroom flats for sale in Havering","url":"/property-for-sale/Havering/1-bed-flats.html","noFollow":false},{"text":"2 bedroom flats for sale in Havering","url":"/property-for-sale/Havering/2-bed-flats.html","noFollow":false}],"headingLink":{"text":"Flats For Sale in Havering","url":"/property-for-sale/Havering/flats.html","noFollow":false}},"relatedPopularSearches":{"heading":"What Other People Are Looking For","subHeading":null,"model":[{"text":"Detached houses for sale in Havering","url":"/property-for-sale/Havering/detached.html","noFollow":false},{"text":"Terraced houses for sale in Havering","url":"/property-for-sale/Havering/terraced.html","noFollow":false},{"text":"Bungalows for sale in Havering","url":"/property-for-sale/Havering/bungalows.html","noFollow":false},{"text":"Property for auction in Havering","url":"/property-for-sale/Havering/auction.html","noFollow":false},{"text":"Shared ownership properties for sale in Havering","url":"/property-for-sale/Havering/shared-ownership.html","noFollow":false},{"text":"Retirement properties for sale in Havering","url":"/property-for-sale/Havering/retirement.html","noFollow":false},{"text":"Commercial properties for sale in Havering","url":"/commercial-property-for-sale/Havering.html","noFollow":false},{"text":"New homes for sale in Havering","url":"/new-homes-for-sale/Havering.html","noFollow":false}],"headingLink":null},"relatedRegionsSearches":null,"channelSwitchLink":{"heading":"Channel Switch","subHeading":null,"model":[{"text":"See properties to rent in Havering","url":"/property-to-rent/Havering.html","noFollow":false}],"headingLink":null},"relatedStudentLinks":null,"branchMPU":null,"countryGuideMPU":null,"suggestedLinks":{"heading":"Suggested Links","subHeading":null,"model":[{"text":"Estate agents in Havering","url":"/estate-agents/Havering.html","noFollow":false}],"headingLink":null}},"seoModel":{"canonicalUrl":"https://www.rightmove.co.uk/property-for-sale/Havering.html","metaRobots":""},"mapViewUrl":"/property-for-sale/map.html?minBedrooms=1&propertyTypes=bungalow%2Cdetached%2Cflat%2Csemi-detached%2Cterraced&keywords=&dontShow=sharedOwnership&channel=BUY&index=24&newHome=true&mustHave=newHome&maxBedrooms=5&includeSSTC=false&partBuyPartRent=false&sortType=1&minPrice=50000&viewType=MAP&maxPrice=5000000&radius=0.0&locationIdentifier=REGION%5E61228","legacyUrl":"/property-for-sale/find.html?minBedrooms=1&propertyTypes=bungalow%2Cdetached%2Cflat%2Csemi-detached%2Cterraced&keywords=&dontShow=sharedOwnership&channel=BUY&index=24&newHome=true&mustHave=newHome&maxBedrooms=5&includeSSTC=false&partBuyPartRent=false&sortType=1&minPrice=50000&viewType=LIST&maxPrice=5000000&radius=0.0&locationIdentifier=REGION%5E61228","listViewUrl":"/property-for-sale/find.html?minBedrooms=1&propertyTypes=bungalow%2Cdetached%2Cflat%2Csemi-detached%2Cterraced&keywords=&dontShow=sharedOwnership&channel=BUY&index=24&newHome=true&mustHave=newHome&maxBedrooms=5&includeSSTC=false&partBuyPartRent=false&sortType=1&minPrice=50000&viewType=LIST&maxPrice=5000000&radius=0.0&locationIdentifier=REGION%5E61228","pageTitle":"Properties For Sale in Havering | Rightmove","metaDescription":"Flats & Houses For Sale in Havering - Find properties with Rightmove - the UK's largest selection of properties.","recentSearchModel":{"linkDisplayText":"Havering","titleDisplayText":"For Sale – £50,000 – £5,000,000, 1 – 5 bed, New Homes & Developments","searchCriteriaMobile":"<h3>Havering, for sale, </h3><p>5 property types, £50,000 – £5,000,000, 1 – 5 bed, must have new home, don't show buying schemes</p>","createDate":1608739300111,"locationIdentifierAndSearchType":"REGION^61228_SALE"},"maxCardsPerPage":25,"countryCode":"gb","countryId":-1,"currencyCodeOptions":[{"value":"GBP","description":"£"},{"value":"EUR","description":"€"},{"value":"USD","description":"USD $"},{"value":"NZD","description":"NZD $"},{"value":"AUD","description":"AUD $"},{"value":"SEK","description":"SEK"},{"value":"CHF","description":"CHF"}],"areaSizeUnitOptions":[{"value":"sqft","description":"Square Feet","abbreviation":"sq. ft."},{"value":"sqm","description":"Square Metres","abbreviation":"sq. m."},{"value":"acres","description":"Acres","abbreviation":"ac."},{"value":"hectares","description":"Hectares","abbreviation":"ha."}],"sizeOptions":[{"value":"10","description":"10","abbreviation":"10"},{"value":"50","description":"50","abbreviation":"50"},{"value":"100","description":"100","abbreviation":"100"},{"value":"250","description":"250","abbreviation":"250"},{"value":"500","description":"500","abbreviation":"500"},{"value":"1000","description":"1,000","abbreviation":"1K"},{"value":"1500","description":"1,500","abbreviation":"1.5K"},{"value":"2500","description":"2,500","abbreviation":"2.5K"},{"value":"5000","description":"5,000","abbreviation":"5K"},{"value":"7500","description":"7,500","abbreviation":"7.5K"},{"value":"10000","description":"10,000","abbreviation":"10K"},{"value":"15000","description":"15,000","abbreviation":"15K"},{"value":"25000","description":"25,000","abbreviation":"25K"},{"value":"50000","description":"50,000","abbreviation":"50K"},{"value":"75000","description":"75,000","abbreviation":"75K"},{"value":"100000","description":"100,000","abbreviation":"100K"},{"value":"200000","description":"200,000","abbreviation":"200K"},{"value":"500000","description":"500,000","abbreviation":"500K"}],"priceTypeOptions":[{"value":"ppu","description":"Price per unit","abbreviation":"PPU"},{"value":"pcm","description":"Price per calendar month","abbreviation":"PCM"}],"showFeaturedAgent":true,"showNewDrawASearch":false,"commercialChannel":false,"disambiguationPagePath":"search.html","dfpModel":{"sidebarSlots":[{"id":"searchSidebar-mpuSlot-1","adUnitPath":"/5029762/Rightmove_Property_Web/Property_Results_Sidebar/MPU1","sizes":[[300,250]],"mappings":[]}],"targeting":[{"key":"CT","value":"property-for-sale"}]},"noResultsModel":{"suggestionPods":[]},"urlPath":"/property-for-sale/find.html","tileGeometry":null,"geohashTerms":[],"comscore":"pageview_candidate","cookiePolicies":{"functional":true,"targeting":false,"strictly necessary":true},"formattedExchangeRateDate":"","authenticated":false,"location":{"id":61228,"displayName":"Havering (London Borough)","shortDisplayName":"Havering","locationType":"REGION","listingCurrency":"GBP"},"searchParameters":{"locationIdentifier":"REGION^61228","maxBedrooms":"5","minBedrooms":"1","maxPrice":"5000000","minPrice":"50000","numberOfPropertiesPerPage":"24","radius":"0.0","sortType":"1","index":"24","propertyTypes":["bungalow","detached","flat","semi-detached","terraced"],"includeSSTC":false,"viewType":"LIST","mustHave":["newHome"],"dontShow":["sharedOwnership"],"furnishTypes":[],"channel":"BUY","areaSizeUnit":"sqft","currencyCode":"GBP","keywords":[]},"featureSwitchStateForUser":{"individualFeatureSwitchStates":[{"label":"DrawASearchFeatures.LABS_DRAW_A_SEARCH_ENABLED","state":"off","shouldLog":false},{"label":"PropertyWebFeatures.COLLAPSE_PROPERTY_LABS_ENABLED","state":"on","shouldLog":false},{"label":"CentralisedComponentsSwitches.ESI_FILTERING_ENABLED","state":"off","shouldLog":false},{"label":"CookieBarSwitches.SHOW_NON_PERSONALIZED_ADS_INITIALLY","state":"on","shouldLog":false},{"label":"PropertyWebFeatures.BUYING_SCHEMES_ENABLED","state":"on","shouldLog":false},{"label":"CookieBarSwitches.LOAD_COMSCORE","state":"off","shouldLog":true},{"label":"PropertyWebFeatures.ENHANCED_LISTING_ENABLED","state":"on","shouldLog":false},{"label":"PropertyWebFeatures.COLLAPSE_PROPERTY_ENABLED","state":"on","shouldLog":false},{"label":"CentralisedComponentsSwitches.GLOBAL_CONSUMER_FOOTER_ENABLED","state":"off","shouldLog":false},{"label":"PropertyWebFeatures.V2_SEARCH_CONTROLLER_COM_RENT","state":"on","shouldLog":false},{"label":"SharedConsumerFeatures.CONSUMER_SURVEY_ENABLED","state":"off","shouldLog":false},{"label":"PropertyWebFeatures.MORTGAGE_WIDGET_ON_SIDEBAR_ENABLED","state":"on","shouldLog":false},{"label":"GoogleTagManagerSwitch.GTM_THIRD_PARTY_TAG_SWITCH","state":"on","shouldLog":true},{"label":"GlobalSwitches.SHOW_RM_ASSISTANT_BUTTON_PVW","state":"on","shouldLog":false},{"label":"OnlineViewingsSwitches.ONLINE_VIEWINGS_ENABLED","state":"on","shouldLog":false},{"label":"PropertyWebFeatures.HIDE_FEEDBACK_CALL_ENABLED","state":"on","shouldLog":false},{"label":"PropertyWebFeatures.V2_SEARCH_CONTROLLER_NEW_HOMES","state":"on","shouldLog":false},{"label":"NationwideMVT","state":"VARIANT_B","shouldLog":true},{"label":"PropertyWebFeatures.SHOW_SIDEBAR_MPU_AD","state":"on","shouldLog":false},{"label":"PropertyWebFeatures.USE_RM_DATALAYER","state":"on","shouldLog":false},{"label":"CookieBarSwitches.ENABLE_ONE_TRUST_COOKIE_SCRIPT","state":"on","shouldLog":true},{"label":"GlobalSwitches.SHOW_RM_ASSISTANT_BUTTON","state":"on","shouldLog":false},{"label":"SoldByMeSwitches.DFP_FALLBACK","state":"on","shouldLog":false},{"label":"MRMSwitches.USE_SEO_NAV_PVW","state":"on","shouldLog":false},{"label":"PropertyWebFeatures.NEW_SAVE_PROPERTY_DESIGN_ENABLED","state":"off","shouldLog":false},{"label":"PropertyWebFeatures.OS_INTERSTITIAL_TABLET_SIZE_ENABLED","state":"off","shouldLog":false},{"label":"OverseasWebFeatures.SHOW_OVERSEAS_SPECIFIC_FILTERS","state":"off","shouldLog":false},{"label":"PropertyWebFeatures.V2_SEARCH_CONTROLLER_RES_BUY","state":"on","shouldLog":false},{"label":"GdprSwitches.SHOW_CONSENT_MODAL_ENABLED","state":"on","shouldLog":false},{"label":"PropertyWebFeatures.STUDENT_MUST_HAVE_ENABLED","state":"on","shouldLog":false},{"label":"CookieBarSwitches.SHOW_INTERNAL_COOKIE_BAR","state":"off","shouldLog":true},{"label":"PropertyWebFeatures.SAVE_SEARCH_SUPPORT_MAP_POLYLINE","state":"off","shouldLog":false},{"label":"PropertyWebFeatures.MODAL_ENABLED","state":"on","shouldLog":false},{"label":"CookieBarSwitches.BLOCK_UNKNOWN_COOKIES","state":"off","shouldLog":false},{"label":"PropertyWebFeatures.V2_SEARCH_CONTROLLER_STUDENT","state":"on","shouldLog":false},{"label":"PropertyWebFeatures.SHOW_COVID_BANNER","state":"off","shouldLog":false},{"label":"DrawASearchFeatures.NEW_DRAW_A_SEARCH_ENABLED","state":"off","shouldLog":false},{"label":"PropertyWebFeatures.V2_SEARCH_CONTROLLER_RES_RENT","state":"on","shouldLog":false},{"label":"PropertyWebFeatures.USE_GEOHASH_AGGREGATION_SPIKE","state":"off","shouldLog":false},{"label":"PropertyWebFeatures.SOLD_BY_ME_VIEW_PORT_NOTIFICATION","state":"on","shouldLog":false},{"label":"PropertyWebFeatures.ENABLE_LOAD_BALANCED_RESOURCES","state":"off","shouldLog":false},{"label":"PropertyWebFeatures.GET_LOCATION_WITH_GEO_POLYLINE_ENABLED","state":"on","shouldLog":false}],"featureUser":{"uniqueIdentifier":"201223KQ8G08HEUU21RPTRW8HQ96EDAC"}},"pagination":{"total":1,"options":[{"value":"0","description":"1"}],"first":"0","last":"0","page":"2"}}