{"properties":[{"id":76402887,"bedrooms":2,"numberOfImages":8,"numberOfFloorplans":0,"numberOfVirtualTours":0,"summary":"Verdo is a collection of studio, 1, 2 and 3 bedroom apartments built by EcoWorld London and is surrounded by well-kept parks, the tropical gardens of Kew and the River Thames. The beautifully crafted apartments are the start of a multi-million pound regeneration programme taking place around K...","displayAddress":"Ivy House, Verdo, TW8","countryCode":"GB","location":{"latitude":51.49103,"longitude":-0.28619},"propertySubType":"Apartment","listingUpdate":{"listingUpdateReason":"new","listingUpdateDate":"2020-12-22T10:53:02Z"},"premiumListing":false,"featuredProperty":true,"price":{"amount":650000,"frequency":"not specified","currencyCode":"GBP","displayPrices":[{"displayPrice":"£650,000","displayPriceQualifier":""}]},"customer":{"branchId":100183,"brandPlusLogoURI":"/company/clogo_rmchoice_3676_0006.png","contactTelephone":"020 8012 0809","branchDisplayName":"JLL, London Residential Developments","branchName":"London Residential Developments","brandTradingName":"JLL","branchLandingPageUrl":"/estate-agents/agent/JLL/London-Residential-Developments-100183.html","development":false,"showReducedProperties":true,"commercial":false,"showOnMap":true,"enhancedListing":false,"developmentContent":null,"brandPlusLogoUrl":"https://media.rightmove.co.uk:443/dir/company/clogo_rmchoice_3676_0006_max_100x50.png"},"distance":null,"transactionType":"buy","productLabel":{"productLabelText":"","spotlightLabel":false},"commercial":false,"development":true,"residential":true,"students":false,"auction":false,"feesApply":false,"feesApplyText":null,"displaySize":"787 sq. ft.","showOnMap":true,"propertyUrl":"/property-for-sale/property-76402887.html","contactUrl":"/property-for-sale/contactBranch.html?propertyId=76402887","staticMapUrl":null,"channel":"BUY","firstVisibleDate":"2020-12-22T10:47:43Z","keywords":[],"keywordMatchType":"no_keyword","saved":false,"hidden":false,"onlineViewingsAvailable":false,"enhancedListing":false,"propertyTypeFullDescription":"2 bedroom apartment for sale","heading":"Featured New Home","propertyImages":{"images":[{"srcUrl":"https://media.rightmove.co.uk:443/dir/crop/10:9-16:9/101k/100183/76402887/100183_LWN39481_IMG_00_0000_max_476x317.jpeg","url":"101k/100183/76402887/100183_LWN39481_IMG_00_0000.jpeg"},{"srcUrl":"https://media.rightmove.co.uk:443/dir/crop/10:9-16:9/101k/100183/76402887/100183_LWN39481_IMG_01_0000_max_476x317.jpeg","url":"101k/100183/76402887/100183_LWN39481_IMG_01_0000.jpeg"},{"srcUrl":"https://media.rightmove.co.uk:443/dir/crop/10:9-16:9/101k/100183/76402887/100183_LWN39481_IMG_02_0000_max_476x317.jpeg","url":"101k/100183/76402887/100183_LWN39481_IMG_02_0000.jpeg"},{"srcUrl":"https://media.rightmove.co.uk:443/dir/crop/10:9-16:9/101k/100183/76402887/100183_LWN39481_IMG_03_0000_max_476x317.jpeg","url":"101k/100183/76402887/100183_LWN39481_IMG_03_0000.jpeg"},{"srcUrl":"https://media.rightmove.co.uk:443/dir/crop/10:9-16:9/101k/100183/76402887/100183_LWN39481_IMG_04_0000_max_476x317.jpeg","url":"101k/100183/76402887/100183_LWN39481_IMG_04_0000.jpeg"},{"srcUrl":"https://media.rightmove.co.uk:443/dir/crop/10:9-16:9/101k/100183/76402887/100183_LWN39481_IMG_05_0000_max_476x317.jpeg","url":"101k/100183/76402887/100183_LWN39481_IMG_05_0000.jpeg"},{"srcUrl":"https://media.rightmove.co.uk:443/dir/crop/10:9-16:9/101k/100183/76402887/100183_LWN39481_IMG_06_0000_max_476x317.jpeg","url":"101k/100183/76402887/100183_LWN39481_IMG_06_0000.jpeg"},{"srcUrl":"https://media.rightmove.co.uk:443/dir/crop/10:9-16:9/101k/100183/76402887/100183_LWN39481_IMG_07_0000_max_476x317.jpeg","url":"101k/100183/76402887/100183_LWN39481_IMG_07_0000.jpeg"}],"mainImageSrc":"https://media.rightmove.co.uk:443/dir/crop/10:9-16:9/101k/100183/76402887/100183_LWN39481_IMG_00_0000_max_476x317.jpeg","mainMapImageSrc":"https://media.rightmove.co.uk:443/dir/crop/10:9-16:9/101k/100183/76402887/100183_LWN39481_IMG_00_0000_max_296x197.jpeg"},"displayStatus":"","formattedBranchName":" by JLL, London Residential Developments","addedOrReduced":"Added yesterday","isRecent":true,"formattedDistance":"","hasBrandPlus":true},{"id":82866070,"bedrooms":4,"numberOfImages":11,"numberOfFloorplans":1,"numberOfVirtualTours":0,"summary":"A 4 bedroom house for sale in Chiswick W4 An impressive gated terrace of six new build houses with secure underground parking. A clever mix of traditional styling and a contempory finish has been accomplished in an exceptional central Chiswick location. The ground floor offers a grand entra...","displayAddress":"Wedgwood Villas, Horticultural Place, London, W4","countryCode":"GB","location":{"latitude":51.4905,"longitude":-0.264612},"propertySubType":"Terraced","listingUpdate":{"listingUpdateReason":"price_reduced","listingUpdateDate":"2020-10-13T13:07:07Z"},"premiumListing":false,"featuredProperty":false,"price":{"amount":1750000,"frequency":"not specified","currencyCode":"GBP","displayPrices":[{"displayPrice":"£1,750,000","displayPriceQualifier":""}]},"customer":{"branchId":134402,"brandPlusLogoURI":"/company/clogo_rmchoice_16112_0017.png","contactTelephone":"020 3858 3157","branchDisplayName":"Knight Frank, Chiswick","branchName":"Chiswick","brandTradingName":"Knight Frank","branchLandingPageUrl":"/estate-agents/agent/Knight-Frank/Chiswick-134402.html","development":false,"showReducedProperties":true,"commercial":false,"showOnMap":true,"enhancedListing":false,"developmentContent":null,"brandPlusLogoUrl":"https://media.rightmove.co.uk:443/dir/company/clogo_rmchoice_16112_0017_max_100x50.png"},"distance":null,"transactionType":"buy","productLabel":{"productLabelText":"","spotlightLabel":false},"commercial":false,"development":true,"residential":true,"students":false,"auction":false,"feesApply":false,"feesApplyText":null,"displaySize":"","showOnMap":true,"propertyUrl":"/property-for-sale/property-82866070.html","contactUrl":"/property-for-sale/contactBranch.html?propertyId=82866070","staticMapUrl":null,"channel":"BUY","firstVisibleDate":"2020-07-30T08:42:07Z","keywords":[],"keywordMatchType":"no_keyword","saved":false,"hidden":false,"onlineViewingsAvailable":true,"enhancedListing":false,"propertyTypeFullDescription":"4 bedroom terraced house for sale","heading":"","propertyImages":{"images":[{"srcUrl":"https://media.rightmove.co.uk:443/dir/crop/10:9-16:9/135k/134402/82866070/134402_CWK170080_IMG_12_0001_max_476x317.jpg","url":"135k/134402/82866070/134402_CWK170080_IMG_12_0001.jpg"},{"srcUrl":"https://media.rightmove.co.uk:443/dir/crop/10:9-16:9/135k/134402/82866070/134402_CWK170080_IMG_13_0001_max_476x317.jpg","url":"135k/134402/82866070/134402_CWK170080_IMG_13_0001.jpg"},{"srcUrl":"https://media.rightmove.co.uk:443/dir/crop/10:9-16:9/135k/134402/82866070/134402_CWK170080_IMG_23_0001_max_476x317.jpg","url":"135k/134402/82866070/134402_CWK170080_IMG_23_0001.jpg"},{"srcUrl":"https://media.rightmove.co.uk:443/dir/crop/10:9-16:9/135k/134402/82866070/134402_CWK170080_IMG_15_0001_max_476x317.jpg","url":"135k/134402/82866070/134402_CWK170080_IMG_15_0001.jpg"},{"srcUrl":"https://media.rightmove.co.uk:443/dir/crop/10:9-16:9/135k/134402/82866070/134402_CWK170080_IMG_16_0001_max_476x317.jpg","url":"135k/134402/82866070/134402_CWK170080_IMG_16_0001.jpg"},{"srcUrl":"https://media.rightmove.co.uk:443/dir/crop/10:9-16:9/135k/134402/82866070/134402_CWK170080_IMG_24_0001_max_476x317.jpg","url":"135k/134402/82866070/134402_CWK170080_IMG_24_0001.jpg"},{"srcUrl":"https://media.rightmove.co.uk:443/dir/crop/10:9-16:9/135k/134402/82866070/134402_CWK170080_IMG_18_0001_max_476x317.jpg","url":"135k/134402/82866070/134402_CWK170080_IMG_18_0001.jpg"},{"srcUrl":"https://media.rightmove.co.uk:443/dir/crop/10:9-16:9/135k/134402/82866070/134402_CWK170080_IMG_19_0001_max_476x317.jpg","url":"135k/134402/82866070/134402_CWK170080_IMG_19_0001.jpg"},{"srcUrl":"https://media.rightmove.co.uk:443/dir/crop/10:9-16:9/135k/134402/82866070/134402_CWK170080_IMG_25_0001_max_476x317.jpg","url":"135k/134402/82866070/134402_CWK170080_IMG_25_0001.jpg"},{"srcUrl":"https://media.rightmove.co.uk:443/dir/crop/10:9-16:9/135k/134402/82866070/134402_CWK170080_IMG_21_0001_max_476x317.jpg","url":"135k/134402/82866070/134402_CWK170080_IMG_21_0001.jpg"},{"srcUrl":"https://media.rightmove.co.uk:443/dir/crop/10:9-16:9/135k/134402/82866070/134402_CWK170080_IMG_22_0001_max_476x317.jpg","url":"135k/134402/82866070/134402_CWK170080_IMG_22_0001.jpg"}],"mainImageSrc":"https://media.rightmove.co.uk:443/dir/crop/10:9-16:9/135k/134402/82866070/134402_CWK170080_IMG_12_0001_max_476x317.jpg","mainMapImageSrc":"https://media.rightmove.co.uk:443/dir/crop/10:9-16:9/135k/134402/82866070/134402_CWK170080_IMG_12_0001_max_296x197.jpg"},"displayStatus":"","formattedBranchName":" by Knight Frank, Chiswick","addedOrReduced":"Reduced on 13/10/2020","isRecent":false,"formattedDistance":"","hasBrandPlus":true},{"id":75551242,"bedrooms":3,"numberOfImages":15,"numberOfFloorplans":1,"numberOfVirtualTours":1,"summary":"A one of a kind penthouse apartment with unparalleled views of the River. A truly exceptional 3 bedroom luxury penthouse flat, set within a striking residential building with 24 hour concierge and private gym in a prime position opposite The River Thames. This spectacular property is situated on...","displayAddress":"Kew Bridge Road, Brentford, TW8","countryCode":"GB","location":{"latitude":51.4885,"longitude":-0.288039},"propertySubType":"Flat","listingUpdate":{"listingUpdateReason":"new","listingUpdateDate":"2019-11-17T14:32:57Z"},"premiumListing":false,"featuredProperty":false,"price":{"amount":2250000,"frequency":"not specified","currencyCode":"GBP","displayPrices":[{"displayPrice":"£2,250,000","displayPriceQualifier":""}]},"customer":{"branchId":134402,"brandPlusLogoURI":"/company/clogo_rmchoice_16112_0017.png","contactTelephone":"020 3858 3157","branchDisplayName":"Knight Frank, Chiswick","branchName":"Chiswick","brandTradingName":"Knight Frank","branchLandingPageUrl":"/estate-agents/agent/Knight-Frank/Chiswick-134402.html","development":false,"showReducedProperties":true,"commercial":false,"showOnMap":true,"enhancedListing":false,"developmentContent":null,"brandPlusLogoUrl":"https://media.rightmove.co.uk:443/dir/company/clogo_rmchoice_16112_0017_max_100x50.png"},"distance":null,"transactionType":"buy","productLabel":{"productLabelText":"","spotlightLabel":false},"commercial":false,"development":true,"residential":true,"students":false,"auction":false,"feesApply":false,"feesApplyText":null,"displaySize":"","showOnMap":true,"propertyUrl":"/property-for-sale/property-75551242.html","contactUrl":"/property-for-sale/contactBranch.html?propertyId=75551242","staticMapUrl":null,"channel":"BUY","firstVisibleDate":"2019-11-17T14:32:52Z","keywords":[],"keywordMatchType":"no_keyword","saved":false,"hidden":false,"onlineViewingsAvailable":true,"enhancedListing":false,"propertyTypeFullDescription":"3 bedroom flat for sale","heading":"","propertyImages":{"images":[{"srcUrl":"https://media.rightmove.co.uk:443/dir/crop/10:9-16:9/135k/134402/75551242/134402_RCH190046_IMG_01_0001_max_476x317.jpg","url":"135k/134402/75551242/134402_RCH190046_IMG_01_0001.jpg"},{"srcUrl":"https://media.rightmove.co.uk:443/dir/crop/10:9-16:9/135k/134402/75551242/134402_RCH190046_IMG_02_0002_max_476x317.jpg","url":"135k/134402/75551242/134402_RCH190046_IMG_02_0002.jpg"},{"srcUrl":"https://media.rightmove.co.uk:443/dir/crop/10:9-16:9/135k/134402/75551242/134402_RCH190046_IMG_03_0002_max_476x317.jpg","url":"135k/134402/75551242/134402_RCH190046_IMG_03_0002.jpg"},{"srcUrl":"https://media.rightmove.co.uk:443/dir/crop/10:9-16:9/135k/134402/75551242/134402_RCH190046_IMG_04_0001_max_476x317.jpg","url":"135k/134402/75551242/134402_RCH190046_IMG_04_0001.jpg"},{"srcUrl":"https://media.rightmove.co.uk:443/dir/crop/10:9-16:9/135k/134402/75551242/134402_RCH190046_IMG_05_0001_max_476x317.jpg","url":"135k/134402/75551242/134402_RCH190046_IMG_05_0001.jpg"},{"srcUrl":"https://media.rightmove.co.uk:443/dir/crop/10:9-16:9/135k/134402/75551242/134402_RCH190046_IMG_06_0001_max_476x317.jpg","url":"135k/134402/75551242/134402_RCH190046_IMG_06_0001.jpg"},{"srcUrl":"https://media.rightmove.co.uk:443/dir/crop/10:9-16:9/135k/134402/75551242/134402_RCH190046_IMG_07_0001_max_476x317.jpg","url":"135k/134402/75551242/134402_RCH190046_IMG_07_0001.jpg"},{"srcUrl":"https://media.rightmove.co.uk:443/dir/crop/10:9-16:9/135k/134402/75551242/134402_RCH190046_IMG_08_0001_max_476x317.jpg","url":"135k/134402/75551242/134402_RCH190046_IMG_08_0001.jpg"},{"srcUrl":"https://media.rightmove.co.uk:443/dir/crop/10:9-16:9/135k/134402/75551242/134402_RCH190046_IMG_09_0001_max_476x317.jpg","url":"135k/134402/75551242/134402_RCH190046_IMG_09_0001.jpg"},{"srcUrl":"https://media.rightmove.co.uk:443/dir/crop/10:9-16:9/135k/134402/75551242/134402_RCH190046_IMG_10_0002_max_476x317.jpg","url":"135k/134402/75551242/134402_RCH190046_IMG_10_0002.jpg"},{"srcUrl":"https://media.rightmove.co.uk:443/dir/crop/10:9-16:9/135k/134402/75551242/134402_RCH190046_IMG_11_0003_max_476x317.jpg","url":"135k/134402/75551242/134402_RCH190046_IMG_11_0003.jpg"},{"srcUrl":"https://media.rightmove.co.uk:443/dir/crop/10:9-16:9/135k/134402/75551242/134402_RCH190046_IMG_12_0002_max_476x317.jpg","url":"135k/134402/75551242/134402_RCH190046_IMG_12_0002.jpg"},{"srcUrl":"https://media.rightmove.co.uk:443/dir/crop/10:9-16:9/135k/134402/75551242/134402_RCH190046_IMG_13_0001_max_476x317.jpg","url":"135k/134402/75551242/134402_RCH190046_IMG_13_0001.jpg"},{"srcUrl":"https://media.rightmove.co.uk:443/dir/crop/10:9-16:9/135k/134402/75551242/134402_RCH190046_IMG_14_0001_max_476x317.jpg","url":"135k/134402/75551242/134402_RCH190046_IMG_14_0001.jpg"},{"srcUrl":"https://media.rightmove.co.uk:443/dir/crop/10:9-16:9/135k/134402/75551242/134402_RCH190046_IMG_15_0001_max_476x317.jpg","url":"135k/134402/75551242/134402_RCH190046_IMG_15_0001.jpg"}],"mainImageSrc":"https://media.rightmove.co.uk:443/dir/crop/10:9-16:9/135k/134402/75551242/134402_RCH190046_IMG_01_0001_max_476x317.jpg","mainMapImageSrc":"https://media.rightmove.co.uk:443/dir/crop/10:9-16:9/135k/134402/75551242/134402_RCH190046_IMG_01_0001_max_296x197.jpg"},"displayStatus":"","formattedBranchName":" by Knight Frank, Chiswick","addedOrReduced":"Added on 17/11/2019","isRecent":false,"formattedDistance":"","hasBrandPlus":true},{"id":99797168,"bedrooms":4,"numberOfImages":38,"numberOfFloorplans":1,"numberOfVirtualTours":1,"summary":"This wonderful home has been finished to an exceptional standard throughout and offers over 2500sqft of internal accommodation.","displayAddress":"Fitzroy Gate, Isleworth, TW7","countryCode":"GB","location":{"latitude":51.46711,"longitude":-0.32365},"propertySubType":"End of Terrace","listingUpdate":{"listingUpdateReason":"new","listingUpdateDate":"2020-12-16T13:30:04Z"},"premiumListing":false,"featuredProperty":false,"price":{"amount":2250000,"frequency":"not specified","currencyCode":"GBP","displayPrices":[{"displayPrice":"£2,250,000","displayPriceQualifier":"Guide Price"}]},"customer":{"branchId":79431,"brandPlusLogoURI":"/brand/brand_rmchoice_logo_30651_0000.png","contactTelephone":"020 8012 4942","branchDisplayName":"The Agency Group, Richmond","branchName":"Richmond","brandTradingName":"The Agency Group","branchLandingPageUrl":"/estate-agents/agent/The-Agency-Group/Richmond-79431.html","development":false,"showReducedProperties":true,"commercial":false,"showOnMap":true,"enhancedListing":false,"developmentContent":null,"brandPlusLogoUrl":"https://media.rightmove.co.uk:443/dir/brand/brand_rmchoice_logo_30651_0000_max_100x50.png"},"distance":null,"transactionType":"buy","productLabel":{"productLabelText":"","spotlightLabel":false},"commercial":false,"development":true,"residential":true,"students":false,"auction":false,"feesApply":false,"feesApplyText":null,"displaySize":"2,511 sq. ft.","showOnMap":true,"propertyUrl":"/property-for-sale/property-99797168.html","contactUrl":"/property-for-sale/contactBranch.html?propertyId=99797168","staticMapUrl":null,"channel":"BUY","firstVisibleDate":"2020-12-16T13:24:53Z","keywords":[],"keywordMatchType":"no_keyword","saved":false,"hidden":false,"onlineViewingsAvailable":true,"enhancedListing":false,"propertyTypeFullDescription":"4 bedroom end of terrace house for sale","heading":"","propertyImages":{"images":[{"srcUrl":"https://media.rightmove.co.uk:443/dir/crop/10:9-16:9/80k/79431/99797168/79431_TAG10_IMG_38_0000_max_476x317.jpeg","url":"80k/79431/99797168/79431_TAG10_IMG_38_0000.jpeg"},{"srcUrl":"https://media.rightmove.co.uk:443/dir/crop/10:9-16:9/80k/79431/99797168/79431_TAG10_IMG_34_0000_max_476x317.jpeg","url":"80k/79431/99797168/79431_TAG10_IMG_34_0000.jpeg"},{"srcUrl":"https://media.rightmove.co.uk:443/dir/crop/10:9-16:9/80k/79431/99797168/79431_TAG10_IMG_27_0000_max_476x317.jpeg","url":"80k/79431/99797168/79431_TAG10_IMG_27_0000.jpeg"},{"srcUrl":"https://media.rightmove.co.uk:443/dir/crop/10:9-16:9/80k/79431/99797168/79431_TAG10_IMG_32_0000_max_476x317.jpeg","url":"80k/79431/99797168/79431_TAG10_IMG_32_0000.jpeg"},{"srcUrl":"https://media.rightmove.co.uk:443/dir/crop/10:9-16:9/80k/79431/99797168/79431_TAG10_IMG_29_0000_max_476x317.jpeg","url":"80k/79431/99797168/79431_TAG10_IMG_29_0000.jpeg"},{"srcUrl":"https://media.rightmove.co.uk:443/dir/crop/10:9-16:9/80k/79431/99797168/79431_TAG10_IMG_26_0000_max_476x317.jpeg","url":"80k/79431/99797168/79431_TAG10_IMG_26_0000.jpeg"},{"srcUrl":"https://media.rightmove.co.uk:443/dir/crop/10:9-16:9/80k/79431/99797168/79431_TAG10_IMG_28_0000_max_476x317.jpeg","url":"80k/79431/99797168/79431_TAG10_IMG_28_0000.jpeg"},{"srcUrl":"https://media.rightmove.co.uk:443/dir/crop/10:9-16:9/80k/79431/99797168/79431_TAG10_IMG_33_0000_max_476x317.jpeg","url":"80k/79431/99797168/79431_TAG10_IMG_33_0000.jpeg"},{"srcUrl":"https://media.rightmove.co.uk:443/dir/crop/10:9-16:9/80k/79431/99797168/79431_TAG10_IMG_30_0000_max_476x317.jpeg","url":"80k/79431/99797168/79431_TAG10_IMG_30_0000.jpeg"},{"srcUrl":"https://media.rightmove.co.uk:443/dir/crop/10:9-16:9/80k/79431/99797168/79431_TAG10_IMG_35_0000_max_476x317.jpeg","url":"80k/79431/99797168/79431_TAG10_IMG_35_0000.jpeg"},{"srcUrl":"https://media.rightmove.co.uk:443/dir/crop/10:9-16:9/80k/79431/99797168/79431_TAG10_IMG_25_0000_max_476x317.jpeg","url":"80k/79431/99797168/79431_TAG10_IMG_25_0000.jpeg"},{"srcUrl":"https://media.rightmove.co.uk:443/dir/crop/10:9-16:9/80k/79431/99797168/79431_TAG10_IMG_00_0000_max_476x317.jpeg","url":"80k/79431/99797168/79431_TAG10_IMG_00_0000.jpeg"},{"srcUrl":"https://media.rightmove.co.uk:443/dir/crop/10:9-16:9/80k/79431/99797168/79431_TAG10_IMG_01_0000_max_476x317.jpeg","url":"80k/79431/99797168/79431_TAG10_IMG_01_0000.jpeg"},{"srcUrl":"https://media.rightmove.co.uk:443/dir/crop/10:9-16:9/80k/79431/99797168/79431_TAG10_IMG_02_0000_max_476x317.jpeg","url":"80k/79431/99797168/79431_TAG10_IMG_02_0000.jpeg"},{"srcUrl":"https://media.rightmove.co.uk:443/dir/crop/10:9-16:9/80k/79431/99797168/79431_TAG10_IMG_04_0000_max_476x317.jpeg","url":"80k/79431/99797168/79431_TAG10_IMG_04_0000.jpeg"},{"srcUrl":"https://media.rightmove.co.uk:443/dir/crop/10:9-16:9/80k/79431/99797168/79431_TAG10_IMG_03_0000_max_476x317.jpeg","url":"80k/79431/99797168/79431_TAG10_IMG_03_0000.jpeg"},{"srcUrl":"https://media.rightmove.co.uk:443/dir/crop/10:9-16:9/80k/79431/99797168/79431_TAG10_IMG_19_0000_max_476x317.jpeg","url":"80k/79431/99797168/79431_TAG10_IMG_19_0000.jpeg"},{"srcUrl":"https://media.rightmove.co.uk:443/dir/crop/10:9-16:9/80k/79431/99797168/79431_TAG10_IMG_20_0000_max_476x317.jpeg","url":"80k/79431/99797168/79431_TAG10_IMG_20_0000.jpeg"},{"srcUrl":"https://media.rightmove.co.uk:443/dir/crop/10:9-16:9/80k/79431/99797168/79431_TAG10_IMG_18_0000_max_476x317.jpeg","url":"80k/79431/99797168/79431_TAG10_IMG_18_0000.jpeg"},{"srcUrl":"https://media.rightmove.co.uk:443/dir/crop/10:9-16:9/80k/79431/99797168/79431_TAG10_IMG_21_0000_max_476x317.jpeg","url":"80k/79431/99797168/79431_TAG10_IMG_21_0000.jpeg"},{"srcUrl":"https://media.rightmove.co.uk:443/dir/crop/10:9-16:9/80k/79431/99797168/79431_TAG10_IMG_22_0000_max_476x317.jpeg","url":"80k/79431/99797168/79431_TAG10_IMG_22_0000.jpeg"},{"srcUrl":"https://media.rightmove.co.uk:443/dir/crop/10:9-16:9/80k/79431/99797168/79431_TAG10_IMG_23_0000_max_476x317.jpeg","url":"80k/79431/99797168/79431_TAG10_IMG_23_0000.jpeg"},{"srcUrl":"https://media.rightmove.co.uk:443/dir/crop/10:9-16:9/80k/79431/99797168/79431_TAG10_IMG_37_0000_max_476x317.jpeg","url":"80k/79431/99797168/79431_TAG10_IMG_37_0000.jpeg"},{"srcUrl":"https://media.rightmove.co.uk:443/dir/crop/10:9-16:9/80k/79431/99797168/79431_TAG10_IMG_05_0000_max_476x317.jpeg","url":"80k/79431/99797168/79431_TAG10_IMG_05_0000.jpeg"},{"srcUrl":"https://media.rightmove.co.uk:443/dir/crop/10:9-16:9/80k/79431/99797168/79431_TAG10_IMG_06_0000_max_476x317.jpeg","url":"80k/79431/99797168/79431_TAG10_IMG_06_0000.jpeg"},{"srcUrl":"https://media.rightmove.co.uk:443/dir/crop/10:9-16:9/80k/79431/99797168/79431_TAG10_IMG_31_0000_max_476x317.jpeg","url":"80k/79431/99797168/79431_TAG10_IMG_31_0000.jpeg"},{"srcUrl":"https://media.rightmove.co.uk:443/dir/crop/10:9-16:9/80k/79431/99797168/79431_TAG10_IMG_08_0000_max_476x317.jpeg","url":"80k/79431/99797168/79431_TAG10_IMG_08_0000.jpeg"},{"srcUrl":"https://media.rightmove.co.uk:443/dir/crop/10:9-16:9/80k/79431/99797168/79431_TAG10_IMG_16_0000_max_476x317.jpeg","url":"80k/79431/99797168/79431_TAG10_IMG_16_0000.jpeg"},{"srcUrl":"https://media.rightmove.co.uk:443/dir/crop/10:9-16:9/80k/79431/99797168/79431_TAG10_IMG_09_0000_max_476x317.jpeg","url":"80k/79431/99797168/79431_TAG10_IMG_09_0000.jpeg"},{"srcUrl":"https://media.rightmove.co.uk:443/dir/crop/10:9-16:9/80k/79431/99797168/79431_TAG10_IMG_11_0000_max_476x317.jpeg","url":"80k/79431/99797168/79431_TAG10_IMG_11_0000.jpeg"},{"srcUrl":"https://media.rightmove.co.uk:443/dir/crop/10:9-16:9/80k/79431/99797168/79431_TAG10_IMG_10_0000_max_476x317.jpeg","url":"80k/79431/99797168/79431_TAG10_IMG_10_0000.jpeg"},{"srcUrl":"https://media.rightmove.co.uk:443/dir/crop/10:9-16:9/80k/79431/99797168/79431_TAG10_IMG_12_0000_max_476x317.jpeg","url":"80k/79431/99797168/79431_TAG10_IMG_12_0000.jpeg"},{"srcUrl":"https://media.rightmove.co.uk:443/dir/crop/10:9-16:9/80k/79431/99797168/79431_TAG10_IMG_13_0000_max_476x317.jpeg","url":"80k/79431/99797168/79431_TAG10_IMG_13_0000.jpeg"},{"srcUrl":"https://media.rightmove.co.uk:443/dir/crop/10:9-16:9/80k/79431/99797168/79431_TAG10_IMG_17_0000_max_476x317.jpeg","url":"80k/79431/99797168/79431_TAG10_IMG_17_0000.jpeg"},{"srcUrl":"https://media.rightmove.co.uk:443/dir/crop/10:9-16:9/80k/79431/99797168/79431_TAG10_IMG_15_0000_max_476x317.jpeg","url":"80k/79431/99797168/79431_TAG10_IMG_15_0000.jpeg"},{"srcUrl":"https://media.rightmove.co.uk:443/dir/crop/10:9-16:9/80k/79431/99797168/79431_TAG10_IMG_14_0000_max_476x317.jpeg","url":"80k/79431/99797168/79431_TAG10_IMG_14_0000.jpeg"},{"srcUrl":"https://media.rightmove.co.uk:443/dir/crop/10:9-16:9/80k/79431/99797168/79431_TAG10_IMG_24_0000_max_476x317.jpeg","url":"80k/79431/99797168/79431_TAG10_IMG_24_0000.jpeg"},{"srcUrl":"https://media.rightmove.co.uk:443/dir/crop/10:9-16:9/80k/79431/99797168/79431_TAG10_IMG_36_0000_max_476x317.jpeg","url":"80k/79431/99797168/79431_TAG10_IMG_36_0000.jpeg"}],"mainImageSrc":"https://media.rightmove.co.uk:443/dir/crop/10:9-16:9/80k/79431/99797168/79431_TAG10_IMG_38_0000_max_476x317.jpeg","mainMapImageSrc":"https://media.rightmove.co.uk:443/dir/crop/10:9-16:9/80k/79431/99797168/79431_TAG10_IMG_38_0000_max_296x197.jpeg"},"displayStatus":"","formattedBranchName":" by The Agency Group, Richmond","addedOrReduced":"Added on 16/12/2020","isRecent":false,"formattedDistance":"","hasBrandPlus":true},{"id":98815046,"bedrooms":3,"numberOfImages":24,"numberOfFloorplans":1,"numberOfVirtualTours":1,"summary":"A stunning three bedroom luxury penthouse apartment set on the sixth floor of this prestigious St. Georges development. ","displayAddress":"Kew Bridge Road, Brentford, TW8","countryCode":"GB","location":{"latitude":51.488491,"longitude":-0.288039},"propertySubType":"Penthouse","listingUpdate":{"listingUpdateReason":"new","listingUpdateDate":"2020-10-22T13:49:02Z"},"premiumListing":false,"featuredProperty":false,"price":{"amount":2250000,"frequency":"not specified","currencyCode":"GBP","displayPrices":[{"displayPrice":"£2,250,000","displayPriceQualifier":""}]},"customer":{"branchId":37850,"brandPlusLogoURI":"/brand/brand_rmchoice_logo_59759_0003.jpeg","contactTelephone":"020 8012 2885","branchDisplayName":"Hamptons Sales, Chiswick","branchName":"Chiswick","brandTradingName":"Hamptons Sales","branchLandingPageUrl":"/estate-agents/agent/Hamptons-Sales/Chiswick-37850.html","development":false,"showReducedProperties":true,"commercial":false,"showOnMap":true,"enhancedListing":false,"developmentContent":null,"brandPlusLogoUrl":"https://media.rightmove.co.uk:443/dir/brand/brand_rmchoice_logo_59759_0003_max_100x50.jpeg"},"distance":null,"transactionType":"buy","productLabel":{"productLabelText":"","spotlightLabel":false},"commercial":false,"development":true,"residential":true,"students":false,"auction":false,"feesApply":false,"feesApplyText":null,"displaySize":"","showOnMap":true,"propertyUrl":"/property-for-sale/property-98815046.html","contactUrl":"/property-for-sale/contactBranch.html?propertyId=98815046","staticMapUrl":null,"channel":"BUY","firstVisibleDate":"2020-10-22T13:43:04Z","keywords":[],"keywordMatchType":"no_keyword","saved":false,"hidden":false,"onlineViewingsAvailable":false,"enhancedListing":false,"propertyTypeFullDescription":"3 bedroom penthouse for sale","heading":"","propertyImages":{"images":[{"srcUrl":"https://media.rightmove.co.uk:443/dir/crop/10:9-16:9/38k/37850/98815046/37850_CWK200160_IMG_11_0000_max_476x317.jpg","url":"38k/37850/98815046/37850_CWK200160_IMG_11_0000.jpg"},{"srcUrl":"https://media.rightmove.co.uk:443/dir/crop/10:9-16:9/38k/37850/98815046/37850_CWK200160_IMG_01_0000_max_476x317.jpg","url":"38k/37850/98815046/37850_CWK200160_IMG_01_0000.jpg"},{"srcUrl":"https://media.rightmove.co.uk:443/dir/crop/10:9-16:9/38k/37850/98815046/37850_CWK200160_IMG_02_0000_max_476x317.jpg","url":"38k/37850/98815046/37850_CWK200160_IMG_02_0000.jpg"},{"srcUrl":"https://media.rightmove.co.uk:443/dir/crop/10:9-16:9/38k/37850/98815046/37850_CWK200160_IMG_03_0000_max_476x317.jpg","url":"38k/37850/98815046/37850_CWK200160_IMG_03_0000.jpg"},{"srcUrl":"https://media.rightmove.co.uk:443/dir/crop/10:9-16:9/38k/37850/98815046/37850_CWK200160_IMG_04_0000_max_476x317.jpg","url":"38k/37850/98815046/37850_CWK200160_IMG_04_0000.jpg"},{"srcUrl":"https://media.rightmove.co.uk:443/dir/crop/10:9-16:9/38k/37850/98815046/37850_CWK200160_IMG_05_0000_max_476x317.jpg","url":"38k/37850/98815046/37850_CWK200160_IMG_05_0000.jpg"},{"srcUrl":"https://media.rightmove.co.uk:443/dir/crop/10:9-16:9/38k/37850/98815046/37850_CWK200160_IMG_06_0000_max_476x317.jpg","url":"38k/37850/98815046/37850_CWK200160_IMG_06_0000.jpg"},{"srcUrl":"https://media.rightmove.co.uk:443/dir/crop/10:9-16:9/38k/37850/98815046/37850_CWK200160_IMG_07_0000_max_476x317.jpg","url":"38k/37850/98815046/37850_CWK200160_IMG_07_0000.jpg"},{"srcUrl":"https://media.rightmove.co.uk:443/dir/crop/10:9-16:9/38k/37850/98815046/37850_CWK200160_IMG_08_0000_max_476x317.jpg","url":"38k/37850/98815046/37850_CWK200160_IMG_08_0000.jpg"},{"srcUrl":"https://media.rightmove.co.uk:443/dir/crop/10:9-16:9/38k/37850/98815046/37850_CWK200160_IMG_09_0000_max_476x317.jpg","url":"38k/37850/98815046/37850_CWK200160_IMG_09_0000.jpg"},{"srcUrl":"https://media.rightmove.co.uk:443/dir/crop/10:9-16:9/38k/37850/98815046/37850_CWK200160_IMG_10_0000_max_476x317.jpg","url":"38k/37850/98815046/37850_CWK200160_IMG_10_0000.jpg"},{"srcUrl":"https://media.rightmove.co.uk:443/dir/crop/10:9-16:9/38k/37850/98815046/37850_CWK200160_IMG_12_0000_max_476x317.jpg","url":"38k/37850/98815046/37850_CWK200160_IMG_12_0000.jpg"},{"srcUrl":"https://media.rightmove.co.uk:443/dir/crop/10:9-16:9/38k/37850/98815046/37850_CWK200160_IMG_13_0000_max_476x317.jpg","url":"38k/37850/98815046/37850_CWK200160_IMG_13_0000.jpg"},{"srcUrl":"https://media.rightmove.co.uk:443/dir/crop/10:9-16:9/38k/37850/98815046/37850_CWK200160_IMG_14_0000_max_476x317.jpg","url":"38k/37850/98815046/37850_CWK200160_IMG_14_0000.jpg"},{"srcUrl":"https://media.rightmove.co.uk:443/dir/crop/10:9-16:9/38k/37850/98815046/37850_CWK200160_IMG_15_0000_max_476x317.jpg","url":"38k/37850/98815046/37850_CWK200160_IMG_15_0000.jpg"},{"srcUrl":"https://media.rightmove.co.uk:443/dir/crop/10:9-16:9/38k/37850/98815046/37850_CWK200160_IMG_16_0000_max_476x317.jpg","url":"38k/37850/98815046/37850_CWK200160_IMG_16_0000.jpg"},{"srcUrl":"https://media.rightmove.co.uk:443/dir/crop/10:9-16:9/38k/37850/98815046/37850_CWK200160_IMG_17_0000_max_476x317.jpg","url":"38k/37850/98815046/37850_CWK200160_IMG_17_0000.jpg"},{"srcUrl":"https://media.rightmove.co.uk:443/dir/crop/10:9-16:9/38k/37850/98815046/37850_CWK200160_IMG_18_0000_max_476x317.jpg","url":"38k/37850/98815046/37850_CWK200160_IMG_18_0000.jpg"},{"srcUrl":"https://media.rightmove.co.uk:443/dir/crop/10:9-16:9/38k/37850/98815046/37850_CWK200160_IMG_19_0000_max_476x317.jpg","url":"38k/37850/98815046/37850_CWK200160_IMG_19_0000.jpg"},{"srcUrl":"https://media.rightmove.co.uk:443/dir/crop/10:9-16:9/38k/37850/98815046/37850_CWK200160_IMG_20_0000_max_476x317.jpg","url":"38k/37850/98815046/37850_CWK200160_IMG_20_0000.jpg"},{"srcUrl":"https://media.rightmove.co.uk:443/dir/crop/10:9-16:9/38k/37850/98815046/37850_CWK200160_IMG_21_0000_max_476x317.jpg","url":"38k/37850/98815046/37850_CWK200160_IMG_21_0000.jpg"},{"srcUrl":"https://media.rightmove.co.uk:443/dir/crop/10:9-16:9/38k/37850/98815046/37850_CWK200160_IMG_22_0000_max_476x317.jpg","url":"38k/37850/98815046/37850_CWK200160_IMG_22_0000.jpg"},{"srcUrl":"https://media.rightmove.co.uk:443/dir/crop/10:9-16:9/38k/37850/98815046/37850_CWK200160_IMG_23_0000_max_476x317.jpg","url":"38k/37850/98815046/37850_CWK200160_IMG_23_0000.jpg"},{"srcUrl":"https://media.rightmove.co.uk:443/dir/crop/10:9-16:9/38k/37850/98815046/37850_CWK200160_IMG_24_0000_max_476x317.jpg","url":"38k/37850/98815046/37850_CWK200160_IMG_24_0000.jpg"}],"mainImageSrc":"https://media.rightmove.co.uk:443/dir/crop/10:9-16:9/38k/37850/98815046/37850_CWK200160_IMG_11_0000_max_476x317.jpg","mainMapImageSrc":"https://media.rightmove.co.uk:443/dir/crop/10:9-16:9/38k/37850/98815046/37850_CWK200160_IMG_11_0000_max_296x197.jpg"},"displayStatus":"","formattedBranchName":" by Hamptons Sales, Chiswick","addedOrReduced":"Added on 22/10/2020","isRecent":false,"formattedDistance":"","hasBrandPlus":true}],"resultCount":"52","searchParametersDescription":"New Homes and Developments For Sale in Hounslow (London Borough), £50,000 – £5,000,000, don't show buying schemes, 1 – 5 bed, 5 property types","radiusOptions":[{"value":"0.0","description":"+ 0 miles"},{"value":"0.25","description":"+ 1/4 mile"},{"value":"0.5","description":"+ 1/2 mile"},{"value":"1.0","description":"+ 1 mile"},{"value":"3.0","description":"+ 3 miles"},{"value":"5.0","description":"+ 5 miles"},{"value":"10.0","description":"+ 10 miles"},{"value":"15.0","description":"+ 15 miles"},{"value":"20.0","description":"+ 20 miles"},{"value":"30.0","description":"+ 30 miles"},{"value":"40.0","description":"+ 40 miles"}],"priceOptions":[{"value":"50000","description":"£50,000"},{"value":"60000","description":"£60,000"},{"value":"70000","description":"£70,000"},{"value":"80000","description":"£80,000"},{"value":"90000","description":"£90,000"},{"value":"100000","description":"£100,000"},{"value":"110000","description":"£110,000"},{"value":"120000","description":"£120,000"},{"value":"125000","description":"£125,000"},{"value":"130000","description":"£130,000"},{"value":"140000","description":"£140,000"},{"value":"150000","description":"£150,000"},{"value":"160000","description":"£160,000"},{"value":"170000","description":"£170,000"},{"value":"175000","description":"£175,000"},{"value":"180000","description":"£180,000"},{"value":"190000","description":"£190,000"},{"value":"200000","description":"£200,000"},{"value":"210000","description":"£210,000"},{"value":"220000","description":"£220,000"},{"value":"230000","description":"£230,000"},{"value":"240000","description":"£240,000"},{"value":"250000","description":"£250,000"},{"value":"260000","description":"£260,000"},{"value":"270000","description":"£270,000"},{"value":"280000","description":"£280,000"},{"value":"290000","description":"£290,000"},{"value":"300000","description":"£300,000"},{"value":"325000","description":"£325,000"},{"value":"350000","description":"£350,000"},{"value":"375000","description":"£375,000"},{"value":"400000","description":"£400,000"},{"value":"425000","description":"£425,000"},{"value":"450000","description":"£450,000"},{"value":"475000","description":"£475,000"},{"value":"500000","description":"£500,000"},{"value":"550000","description":"£550,000"},{"value":"600000","description":"£600,000"},{"value":"650000","description":"£650,000"},{"value":"700000","description":"£700,000"},{"value":"800000","description":"£800,000"},{"value":"900000","description":"£900,000"},{"value":"1000000","description":"£1,000,000"},{"value":"1250000","description":"£1,250,000"},{"value":"1500000","description":"£1,500,000"},{"value":"1750000","description":"£1,750,000"},{"value":"2000000","description":"£2,000,000"},{"value":"2500000","description":"£2,500,000"},{"value":"3000000","description":"£3,000,000"},{"value":"4000000","description":"£4,000,000"},{"value":"5000000","description":"£5,000,000"},{"value":"7500000","description":"£7,500,000"},{"value":"10000000","description":"£10,000,000"},{"value":"15000000","description":"£15,000,000"},{"value":"20000000","description":"£20,000,000"}],"bedroomOptions":[{"value":"0","description":"Studio"},{"value":"1","description":"1 Bed"},{"value":"2","description":"2 Bed"},{"value":"3","description":"3 Bed"},{"value":"4","description":"4 Bed"},{"value":"5","description":"5 Bed"},{"value":"6","description":"6 Bed"},{"value":"7","description":"7 Bed"},{"value":"8","description":"8 Bed"},{"value":"9","description":"9 Bed"},{"value":"10","description":"10 Bed"}],"addedToSiteOptions":[{"value":null,"description":"Anytime"},{"value":"1","description":"Last 24 hours"},{"value":"3","description":"Last 3 days"},{"value":"7","description":"Last 7 days"},{"value":"14","description":"Last 14 days"}],"mustHaveOptions":[{"value":"garden","description":"Garden"},{"value":"parking","description":"Parking"},{"value":"newHome","description":"New Home"},{"value":"retirement","description":"Retirement Home"},{"value":"sharedOwnership","description":"Buying Schemes"},{"value":"auction","description":"Auction Property"}],"dontShowOptions":[{"value":"newHome","description":"New Home"},{"value":"retirement","description":"Retirement Home"},{"value":"sharedOwnership","description":"Buying Schemes"}],"furnishOptions":[],"letTypeOptions":[],"sortOptions":[{"value":"2","description":"Highest Price"},{"value":"1","description":"Lowest Price"},{"value":"6","description":"Newest Listed"},{"value":"10","description":"Oldest Listed"}],"applicationProperties":{"media.server.host":"https://media.rightmove.co.uk:443","location.product.web.server.host":"//product.rightmove.co.uk","location.product.web.server.port":"80","publicsite.server.host":"//www.rightmove.co.uk","publicsite.server.port":"80","my.rightmove.web.server.host":"https://my.rightmove.co.uk","my.rightmove.web.server.port":"443","analytics.typeform.url":"https://s3-eu-west-1.amazonaws.com/share.typeform.com/share.js","clickstream.enabled":true,"gtm.enabled":true,"gtm.id":"GTM-T4524Q","gtm.auth":"g2ndo_352oWlGwJG7HHfyw","gtm.preview":"env-7","comscore.enabled":true,"sentry.enabled":true,"sentry.app.id":"57258","sentry.app.key":"37b5b8fa05054ca882dbb536d1cef0b2","info.build.version":"5.3.0.1606741152","metadata.service.url":"https://rightmoveanalytics.co.uk","sidebar.mpu.adUnitTimeout":"60000","sidebar.mpu.adUnitPath":"/5029762/Rightmove_Property_Web/Property_Results_Sidebar/MPU1","dfp.interstitial1.adUnitPath":"/5029762/Rightmove_Property_Web/PropertyWebInterstitial/Interstitial1","dfp.interstitial2.adUnitPath":"/5029762/Rightmove_Property_Web/PropertyWebInterstitial/Interstitial2","dfp.interstitial3.adUnitPath":"/5029762/Rightmove_Property_Web/PropertyWebInterstitial/Interstitial3","dfp.overseas.interstitial1.adUnitPath":"/5029762/Rightmove_Overseas/OverseasPropertyWebInterstitial/Interstitial1","dfp.overseas.interstitial2.adUnitPath":"/5029762/Rightmove_Overseas/OverseasPropertyWebInterstitial/Interstitial2","dfp.overseas.interstitial3.adUnitPath":"/5029762/Rightmove_Overseas/OverseasPropertyWebInterstitial/Interstitial3","dfp.sold-by-me.interstitial.adUnitPath":"/5029762/Rightmove_Property_Web/Sold_by_me","optimize.map.pins":true,"rightmovePlusLandingPageUrl":"https://rmplusportal.rightmove.co.uk","seo.global.consumerFooter.url":"https://seo.preferred.h1.prod.rightmove.com/global/consumer-footer","recaptchaEnabled":true,"recaptchaSiteKey":"6LeZmXUUAAAAACr8BTPYPeJhRTJzH1UCv7d5O7_X","labsHostname":"labs.rightmove.co.uk"},"staticMapUrl":"https://media.rightmove.co.uk:443/map/_generate?width=360&height=380&polygonFillColor=%232E8E8914&polygonLineColor=%232E8E89FF&mapPolygon=gnayHhceAhI%7Bk%40%60%40oQeHah%40gEkDs%40aG%7ELWfN%7BRuCkDh%40%7DPaGuD_HmP%3F%7BV_QnE%7DSsG%7BC%7DI%7BBwBAoLwc%40kKsa%40opAeTwNaNaUoNgCwAoDsH%7B%5E_AiOhBuXnEoXdAwDdCuFdBwErAcEjFuHfP_JnLiD%7EMqJlVae%40nBog%40mGoUgAkHw%5DaQaObBwEe%40qD%7BA%7DL_EsOuPgJcVeCnCiJ%7EC%7BI%5B%7BE%7B%40_UeB_BbDxGdXiQxKuAxFfDhDlGdCzGnDvJzAfAze%40%7EBnf%40kBfQsJpI%7BHfR_PrR%7BJfG%3FbEjJff%40qCjf%40zLlj%40%60W_MrBnMyFl%5EnHf%40pLta%40mTpYlGhUqHz%5ExA%7EJiCtp%40Hdj%40oQxw%40%7EFjk%40jKdc%40jU%7E%5DnBO%7EBxXwJ%7CKmFjEeFtBm%40rLwDcB%7EE%60bAo%40pDoGlc%40qEtZiC%60XQrBwDfP_DvNnRrGlu%40nJtLxJ%7CUlLhJj%40jXwIrPhC%7EXu%5BvPnv%40xF%7EU%60Ln_%40tLzZlHjHlHrEdFg%40tB%7Cb%40fVrOmMfjAw%40fEwAdHpVpFIhHvSI%5BcTbe%40uApCqJzY%60C%7BJs%7B%40l%5EdBdAil%40zWG%7EEoVpBqg%40_CmH%7BF_CcAsViEwLm%40eOpJuRnJkPne%40gn%40aF%7Bh%40jC%7Ba%40cAkExOqh%40%7BIwHga%40b%5CyF%7BB_DqDcKwNkCgGkCcH%7BBqDe%40eFqGeSeEtHsEmN%7BBgGgBiFuIeOiGsRqJh%5DjCfk%40qHtAaOrh%40eO%7EFu%40gYii%40iv%40yBeGt%40w%5ByEqEr%40wGYkZ_CaP&signature=dE5UV-Bej4M2mDGMnH38xBsO1Ts=","shortLocationDescription":"in Hounslow","timestamp":1608739611028,"bot":false,"deviceType":"desktop","propertySchema":{"id":0,"bedrooms":0,"numberOfImages":0,"numberOfFloorplans":0,"numberOfVirtualTours":0,"summary":null,"displayAddress":null,"countryCode":null,"location":{"latitude":null,"longitude":null},"propertySubType":null,"listingUpdate":{"listingUpdateReason":null,"listingUpdateDate":"2016-12-03T23:53:38Z"},"premiumListing":false,"featuredProperty":false,"price":{"amount":0,"frequency":"","currencyCode":"","displayPrices":[{"displayPrice":"","displayPriceQualifier":""}]},"customer":{"branchId":null,"brandPlusLogoURI":null,"contactTelephone":null,"branchDisplayName":null,"branchName":null,"brandTradingName":null,"branchLandingPageUrl":null,"development":false,"showReducedProperties":false,"commercial":false,"showOnMap":false,"enhancedListing":false,"developmentContent":null,"brandPlusLogoUrl":""},"distance":null,"transactionType":null,"productLabel":{"productLabelText":null,"spotlightLabel":false},"commercial":false,"development":false,"residential":false,"students":false,"auction":false,"feesApply":false,"feesApplyText":"fees apply text","displaySize":"size label","showOnMap":false,"propertyUrl":"","contactUrl":"","staticMapUrl":"","channel":"BUY","firstVisibleDate":"2017-11-05T23:53:38Z","keywords":[],"keywordMatchType":"no_keyword","saved":false,"hidden":false,"onlineViewingsAvailable":false,"enhancedListing":false,"propertyTypeFullDescription":"Property","heading":"","propertyImages":{"images":[],"mainImageSrc":"","mainMapImageSrc":""},"displayStatus":"","formattedBranchName":"","addedOrReduced":"","isRecent":false,"formattedDistance":"","hasBrandPlus":false},"sidebarModel":{"soldHousePricesLinks":{"heading":"Sold House Prices","subHeading":"What did properties sell for in Hounslow?","model":[{"text":"View house prices in Hounslow","url":"/house-prices/Hounslow-93962.html","noFollow":false}],"headingLink":null},"relatedHouseSearches":{"heading":"Exploring Related Searches","subHeading":null,"model":[{"text":"Property for sale in Hounslow","url":"/property-for-sale/Hounslow-93962.html","noFollow":false},{"text":"Houses for sale in Hounslow","url":"/property-for-sale/Hounslow-93962/houses.html","noFollow":false},{"text":"2 bedroom houses for sale in Hounslow","url":"/property-for-sale/Hounslow-93962/2-bed-houses.html","noFollow":false},{"text":"3 bedroom houses for sale in Hounslow","url":"/property-for-sale/Hounslow-93962/3-bed-houses.html","noFollow":false},{"text":"4 bedroom houses for sale in Hounslow","url":"/property-for-sale/Hounslow-93962/4-bed-houses.html","noFollow":false},{"text":"5+ bedroom houses for sale in Hounslow","url":"/property-for-sale/Hounslow-93962/5-bed-houses.html","noFollow":false}],"headingLink":null},"relatedFlatSearches":{"heading":"Flats For Sale in Hounslow","subHeading":null,"model":[{"text":"Studio flats for sale in Hounslow","url":"/property-for-sale/Hounslow-93962/studio-flats.html","noFollow":false},{"text":"1 bedroom flats for sale in Hounslow","url":"/property-for-sale/Hounslow-93962/1-bed-flats.html","noFollow":false},{"text":"2 bedroom flats for sale in Hounslow","url":"/property-for-sale/Hounslow-93962/2-bed-flats.html","noFollow":false}],"headingLink":{"text":"Flats For Sale in Hounslow","url":"/property-for-sale/Hounslow-93962/flats.html","noFollow":false}},"relatedPopularSearches":{"heading":"What Other People Are Looking For","subHeading":null,"model":[{"text":"Detached houses for sale in Hounslow","url":"/property-for-sale/Hounslow-93962/detached.html","noFollow":false},{"text":"Terraced houses for sale in Hounslow","url":"/property-for-sale/Hounslow-93962/terraced.html","noFollow":false},{"text":"Bungalows for sale in Hounslow","url":"/property-for-sale/Hounslow-93962/bungalows.html","noFollow":false},{"text":"Property for auction in Hounslow","url":"/property-for-sale/Hounslow-93962/auction.html","noFollow":false},{"text":"Shared ownership properties for sale in Hounslow","url":"/property-for-sale/Hounslow-93962/shared-ownership.html","noFollow":false},{"text":"Retirement properties for sale in Hounslow","url":"/property-for-sale/Hounslow-93962/retirement.html","noFollow":false},{"text":"Commercial properties for sale in Hounslow","url":"/commercial-property-for-sale/Hounslow-93962.html","noFollow":false},{"text":"New homes for sale in Hounslow","url":"/new-homes-for-sale/Hounslow-93962.html","noFollow":false}],"headingLink":null},"relatedRegionsSearches":null,"channelSwitchLink":{"heading":"Channel Switch","subHeading":null,"model":[{"text":"See properties to rent in Hounslow","url":"/property-to-rent/Hounslow-93962.html","noFollow":false}],"headingLink":null},"relatedStudentLinks":null,"branchMPU":null,"countryGuideMPU":null,"suggestedLinks":{"heading":"Suggested Links","subHeading":null,"model":[{"text":"Estate agents in Hounslow","url":"/estate-agents/Hounslow-93962.html","noFollow":false}],"headingLink":null}},"seoModel":{"canonicalUrl":"https://www.rightmove.co.uk/property-for-sale/Hounslow-93962.html","metaRobots":""},"mapViewUrl":"/property-for-sale/map.html?minBedrooms=1&propertyTypes=bungalow%2Cdetached%2Cflat%2Csemi-detached%2Cterraced&keywords=&dontShow=sharedOwnership&channel=BUY&index=48&newHome=true&mustHave=newHome&maxBedrooms=5&includeSSTC=false&partBuyPartRent=false&sortType=1&minPrice=50000&viewType=MAP&maxPrice=5000000&radius=0.0&locationIdentifier=REGION%5E93962","legacyUrl":"/property-for-sale/find.html?minBedrooms=1&propertyTypes=bungalow%2Cdetached%2Cflat%2Csemi-detached%2Cterraced&keywords=&dontShow=sharedOwnership&channel=BUY&index=48&newHome=true&mustHave=newHome&maxBedrooms=5&includeSSTC=false&partBuyPartRent=false&sortType=1&minPrice=50000&viewType=LIST&maxPrice=5000000&radius=0.0&locationIdentifier=REGION%5E93962","listViewUrl":"/property-for-sale/find.html?minBedrooms=1&propertyTypes=bungalow%2Cdetached%2Cflat%2Csemi-detached%2Cterraced&keywords=&dontShow=sharedOwnership&channel=BUY&index=48&newHome=true&mustHave=newHome&maxBedrooms=5&includeSSTC=false&partBuyPartRent=false&sortType=1&minPrice=50000&viewType=LIST&maxPrice=5000000&radius=0.0&locationIdentifier=REGION%5E93962","pageTitle":"Properties For Sale in Hounslow | Rightmove","metaDescription":"Flats & Houses For Sale in Hounslow - Find properties with Rightmove - the UK's largest selection of properties.","recentSearchModel":{"linkDisplayText":"Hounslow","titleDisplayText":"For Sale – £50,000 – £5,000,000, 1 – 5 bed, New Homes & Developments","searchCriteriaMobile":"<h3>Hounslow, for sale, </h3><p>5 property types, £50,000 – £5,000,000, 1 – 5 bed, must have new home, don't show buying schemes</p>","createDate":1608739611028,"locationIdentifierAndSearchType":"REGION^93962_SALE"},"maxCardsPerPage":25,"countryCode":"gb","countryId":-1,"currencyCodeOptions":[{"value":"GBP","description":"£"},{"value":"EUR","description":"€"},{"value":"USD","description":"USD $"},{"value":"NZD","description":"NZD $"},{"value":"AUD","description":"AUD $"},{"value":"SEK","description":"SEK"},{"value":"CHF","description":"CHF"}],"areaSizeUnitOptions":[{"value":"sqft","description":"Square Feet","abbreviation":"sq. ft."},{"value":"sqm","description":"Square Metres","abbreviation":"sq. m."},{"value":"acres","description":"Acres","abbreviation":"ac."},{"value":"hectares","description":"Hectares","abbreviation":"ha."}],"sizeOptions":[{"value":"10","description":"10","abbreviation":"10"},{"value":"50","description":"50","abbreviation":"50"},{"value":"100","description":"100","abbreviation":"100"},{"value":"250","description":"250","abbreviation":"250"},{"value":"500","description":"500","abbreviation":"500"},{"value":"1000","description":"1,000","abbreviation":"1K"},{"value":"1500","description":"1,500","abbreviation":"1.5K"},{"value":"2500","description":"2,500","abbreviation":"2.5K"},{"value":"5000","description":"5,000","abbreviation":"5K"},{"value":"7500","description":"7,500","abbreviation":"7.5K"},{"value":"10000","description":"10,000","abbreviation":"10K"},{"value":"15000","description":"15,000","abbreviation":"15K"},{"value":"25000","description":"25,000","abbreviation":"25K"},{"value":"50000","description":"50,000","abbreviation":"50K"},{"value":"75000","description":"75,000","abbreviation":"75K"},{"value":"100000","description":"100,000","abbreviation":"100K"},{"value":"200000","description":"200,000","abbreviation":"200K"},{"value":"500000","description":"500,000","abbreviation":"500K"}],"priceTypeOptions":[{"value":"ppu","description":"Price per unit","abbreviation":"PPU"},{"value":"pcm","description":"Price per calendar month","abbreviation":"PCM"}],"showFeaturedAgent":true,"showNewDrawASearch":false,"commercialChannel":false,"disambiguationPagePath":"search.html","dfpModel":{"sidebarSlots":[{"id":"searchSidebar-mpuSlot-1","adUnitPath":"/5029762/Rightmove_Property_Web/Property_Results_Sidebar/MPU1","sizes":[[300,250]],"mappings":[]}],"targeting":[{"key":"CT","value":"property-for-sale"}]},"noResultsModel":{"suggestionPods":[]},"urlPath":"/property-for-sale/find.html","tileGeometry":null,"geohashTerms":[],"comscore":"pageview_candidate","cookiePolicies":{"functional":true,"targeting":false,"strictly necessary":true},"formattedExchangeRateDate":"","authenticated":false,"location":{"id":93962,"displayName":"Hounslow (London Borough)","shortDisplayName":"Hounslow","locationType":"REGION","listingCurrency":"GBP"},"pagination":{"total":3,"options":[{"value":"0","description":"1"},{"value":"24","description":"2"},{"value":"48","description":"3"}],"first":"0","last":"48","previous":"24","page":"3"},"searchParameters":{"locationIdentifier":"REGION^93962","maxBedrooms":"5","minBedrooms":"1","maxPrice":"5000000","minPrice":"50000","numberOfPropertiesPerPage":"24","radius":"0.0","sortType":"1","index":"48","propertyTypes":["bungalow","detached","flat","semi-detached","terraced"],"includeSSTC":false,"viewType":"LIST","mustHave":["newHome"],"dontShow":["sharedOwnership"],"furnishTypes":[],"channel":"BUY","areaSizeUnit":"sqft","currencyCode":"GBP","keywords":[]},"featureSwitchStateForUser":{"individualFeatureSwitchStates":[{"label":"DrawASearchFeatures.LABS_DRAW_A_SEARCH_ENABLED","state":"off","shouldLog":false},{"label":"PropertyWebFeatures.COLLAPSE_PROPERTY_LABS_ENABLED","state":"on","shouldLog":false},{"label":"CentralisedComponentsSwitches.ESI_FILTERING_ENABLED","state":"off","shouldLog":false},{"label":"CookieBarSwitches.SHOW_NON_PERSONALIZED_ADS_INITIALLY","state":"on","shouldLog":false},{"label":"PropertyWebFeatures.BUYING_SCHEMES_ENABLED","state":"on","shouldLog":false},{"label":"CookieBarSwitches.LOAD_COMSCORE","state":"off","shouldLog":true},{"label":"PropertyWebFeatures.ENHANCED_LISTING_ENABLED","state":"on","shouldLog":false},{"label":"PropertyWebFeatures.COLLAPSE_PROPERTY_ENABLED","state":"on","shouldLog":false},{"label":"CentralisedComponentsSwitches.GLOBAL_CONSUMER_FOOTER_ENABLED","state":"off","shouldLog":false},{"label":"PropertyWebFeatures.V2_SEARCH_CONTROLLER_COM_RENT","state":"on","shouldLog":false},{"label":"SharedConsumerFeatures.CONSUMER_SURVEY_ENABLED","state":"off","shouldLog":false},{"label":"PropertyWebFeatures.MORTGAGE_WIDGET_ON_SIDEBAR_ENABLED","state":"on","shouldLog":false},{"label":"GoogleTagManagerSwitch.GTM_THIRD_PARTY_TAG_SWITCH","state":"on","shouldLog":true},{"label":"GlobalSwitches.SHOW_RM_ASSISTANT_BUTTON_PVW","state":"on","shouldLog":false},{"label":"OnlineViewingsSwitches.ONLINE_VIEWINGS_ENABLED","state":"on","shouldLog":false},{"label":"PropertyWebFeatures.HIDE_FEEDBACK_CALL_ENABLED","state":"on","shouldLog":false},{"label":"PropertyWebFeatures.V2_SEARCH_CONTROLLER_NEW_HOMES","state":"on","shouldLog":false},{"label":"NationwideMVT","state":"VARIANT_B","shouldLog":true},{"label":"PropertyWebFeatures.SHOW_SIDEBAR_MPU_AD","state":"on","shouldLog":false},{"label":"PropertyWebFeatures.USE_RM_DATALAYER","state":"on","shouldLog":false},{"label":"CookieBarSwitches.ENABLE_ONE_TRUST_COOKIE_SCRIPT","state":"on","shouldLog":true},{"label":"GlobalSwitches.SHOW_RM_ASSISTANT_BUTTON","state":"on","shouldLog":false},{"label":"SoldByMeSwitches.DFP_FALLBACK","state":"off","shouldLog":false},{"label":"MRMSwitches.USE_SEO_NAV_PVW","state":"on","shouldLog":false},{"label":"PropertyWebFeatures.NEW_SAVE_PROPERTY_DESIGN_ENABLED","state":"off","shouldLog":false},{"label":"PropertyWebFeatures.OS_INTERSTITIAL_TABLET_SIZE_ENABLED","state":"off","shouldLog":false},{"label":"OverseasWebFeatures.SHOW_OVERSEAS_SPECIFIC_FILTERS","state":"off","shouldLog":false},{"label":"PropertyWebFeatures.V2_SEARCH_CONTROLLER_RES_BUY","state":"on","shouldLog":false},{"label":"GdprSwitches.SHOW_CONSENT_MODAL_ENABLED","state":"on","shouldLog":false},{"label":"PropertyWebFeatures.STUDENT_MUST_HAVE_ENABLED","state":"on","shouldLog":false},{"label":"CookieBarSwitches.SHOW_INTERNAL_COOKIE_BAR","state":"off","shouldLog":true},{"label":"PropertyWebFeatures.SAVE_SEARCH_SUPPORT_MAP_POLYLINE","state":"off","shouldLog":false},{"label":"PropertyWebFeatures.MODAL_ENABLED","state":"on","shouldLog":false},{"label":"CookieBarSwitches.BLOCK_UNKNOWN_COOKIES","state":"off","shouldLog":false},{"label":"PropertyWebFeatures.V2_SEARCH_CONTROLLER_STUDENT","state":"on","shouldLog":false},{"label":"PropertyWebFeatures.SHOW_COVID_BANNER","state":"off","shouldLog":false},{"label":"DrawASearchFeatures.NEW_DRAW_A_SEARCH_ENABLED","state":"off","shouldLog":false},{"label":"PropertyWebFeatures.V2_SEARCH_CONTROLLER_RES_RENT","state":"on","shouldLog":false},{"label":"PropertyWebFeatures.USE_GEOHASH_AGGREGATION_SPIKE","state":"off","shouldLog":false},{"label":"PropertyWebFeatures.SOLD_BY_ME_VIEW_PORT_NOTIFICATION","state":"on","shouldLog":false},{"label":"PropertyWebFeatures.ENABLE_LOAD_BALANCED_RESOURCES","state":"off","shouldLog":false},{"label":"PropertyWebFeatures.GET_LOCATION_WITH_GEO_POLYLINE_ENABLED","state":"on","shouldLog":false}],"featureUser":{"uniqueIdentifier":"201223Z99P3H1SE5A48BMSZ2PP9U769P"}}}