{"meta": {"code": 200, "requestId": "5fedda2c1539512b525c41c4"}, "response": {"suggestedFilters": {"header": "Tap to show:", "filters": [{"name": "Open now", "key": "openNow"}]}, "headerLocation": "Sands End", "headerFullLocation": "Sands End, London", "headerLocationGranularity": "neighborhood", "query": "food", "totalResults": 7, "suggestedBounds": {"ne": {"lat": 51.478229003600006, "lng": -0.1790190061360729}, "sw": {"lat": 51.471028996399994, "lng": -0.1905569938639271}}, "groups": [{"type": "Recommended Places", "name": "recommended", "items": [{"reasons": {"count": 0, "items": [{"summary": "This spot is popular", "type": "general", "reasonName": "globalInteractionReason"}]}, "venue": {"id": "4c4571fd36d6a5933ed46ba8", "name": "Chelsea Harbour Design Cafe", "location": {"address": "G16 Design Centre Lots Road", "crossStreet": "Lots Road", "lat": 51.47569377568685, "lng": -0.18281906283781435, "labeledLatLngs": [{"label": "display", "lat": 51.47569377568685, "lng": -0.18281906283781435}], "distance": 180, "postalCode": "Sw10 0xe", "cc": "GB", "city": "Hammersmith", "state": "Greater London", "country": "United Kingdom", "formattedAddress": ["G16 Design Centre Lots Road (Lots Road)", "Hammersmith", "Greater London", "Sw10 0xe", "United Kingdom"]}, "categories": [{"id": "4bf58dd8d48988d16d941735", "name": "Caf\u00e9", "pluralName": "Caf\u00e9s", "shortName": "Caf\u00e9", "icon": {"prefix": "https://ss3.4sqi.net/img/categories_v2/food/cafe_", "suffix": ".png"}, "primary": true}], "photos": {"count": 0, "groups": []}}, "referralId": "e-0-4c4571fd36d6a5933ed46ba8-0"}, {"reasons": {"count": 0, "items": [{"summary": "This spot is popular", "type": "general", "reasonName": "globalInteractionReason"}]}, "venue": {"id": "4aeadcd4f964a52059bc21e3", "name": "Lots Road", "location": {"address": "114 Lots Road, Chelsea", "lat": 51.477683, "lng": -0.183333, "labeledLatLngs": [{"label": "display", "lat": 51.477683, "lng": -0.183333}], "distance": 354, "postalCode": "SW10 0RJ", "cc": "GB", "city": "London", "state": "Greater London", "country": "United Kingdom", "formattedAddress": ["114 Lots Road, Chelsea", "Chelsea", "Greater London", "SW10 0RJ", "United Kingdom"]}, "categories": [{"id": "4bf58dd8d48988d155941735", "name": "Gastropub", "pluralName": "Gastropubs", "shortName": "Gastropub", "icon": {"prefix": "https://ss3.4sqi.net/img/categories_v2/food/gastropub_", "suffix": ".png"}, "primary": true}], "photos": {"count": 0, "groups": []}}, "referralId": "e-0-4aeadcd4f964a52059bc21e3-1"}, {"reasons": {"count": 0, "items": [{"summary": "This spot is popular", "type": "general", "reasonName": "globalInteractionReason"}]}, "venue": {"id": "4d287edf342d6dcb4aeaf8ca", "name": "Yamal Alsham", "location": {"address": "5 The Boulevard, Imperial Wharf", "crossStreet": "Townmead Rd", "lat": 51.47326489083698, "lng": -0.18215724768002167, "labeledLatLngs": [{"label": "display", "lat": 51.47326489083698, "lng": -0.18215724768002167}], "distance": 237, "postalCode": "SW6 2UB", "cc": "GB", "city": "London", "state": "Greater London", "country": "United Kingdom", "formattedAddress": ["5 The Boulevard, Imperial Wharf (Townmead Rd)", "London", "Greater London", "SW6 2UB", "United Kingdom"]}, "categories": [{"id": "4bf58dd8d48988d115941735", "name": "Middle Eastern Restaurant", "pluralName": "Middle Eastern Restaurants", "shortName": "Middle Eastern", "icon": {"prefix": "https://ss3.4sqi.net/img/categories_v2/food/middleeastern_", "suffix": ".png"}, "primary": true}], "photos": {"count": 0, "groups": []}}, "referralId": "e-0-4d287edf342d6dcb4aeaf8ca-2"}, {"reasons": {"count": 0, "items": [{"summary": "This spot is popular", "type": "general", "reasonName": "globalInteractionReason"}]}, "venue": {"id": "4e031931b61ce80e5d673ee5", "name": "Harbour Yard Marcos Cafe", "location": {"address": "Chelsea Harbour", "lat": 51.47502158320545, "lng": -0.18277645111083984, "labeledLatLngs": [{"label": "display", "lat": 51.47502158320545, "lng": -0.18277645111083984}], "distance": 146, "postalCode": "SW10 0XD", "cc": "GB", "city": "London", "state": "Greater London", "country": "United Kingdom", "formattedAddress": ["Chelsea Harbour", "London", "Greater London", "SW10 0XD", "United Kingdom"]}, "categories": [{"id": "4bf58dd8d48988d16e941735", "name": "Fast Food Restaurant", "pluralName": "Fast Food Restaurants", "shortName": "Fast Food", "icon": {"prefix": "https://ss3.4sqi.net/img/categories_v2/food/fastfood_", "suffix": ".png"}, "primary": true}], "photos": {"count": 0, "groups": []}}, "referralId": "e-0-4e031931b61ce80e5d673ee5-3"}, {"reasons": {"count": 0, "items": [{"summary": "This spot is popular", "type": "general", "reasonName": "globalInteractionReason"}]}, "venue": {"id": "512c79a4e4b07446f05e6fba", "name": "Chelsea Harbour Brasserie", "location": {"address": "Wyndham Grand London, Lots Rd.", "lat": 51.47556156634781, "lng": -0.1815395502608949, "labeledLatLngs": [{"label": "display", "lat": 51.47556156634781, "lng": -0.1815395502608949}], "distance": 248, "cc": "GB", "city": "Chelsea", "state": "Greater London", "country": "United Kingdom", "formattedAddress": ["Wyndham Grand London, Lots Rd.", "Chelsea", "Greater London", "United Kingdom"]}, "categories": [{"id": "4bf58dd8d48988d1c4941735", "name": "Restaurant", "pluralName": "Restaurants", "shortName": "Restaurant", "icon": {"prefix": "https://ss3.4sqi.net/img/categories_v2/food/default_", "suffix": ".png"}, "primary": true}], "photos": {"count": 0, "groups": []}}, "referralId": "e-0-512c79a4e4b07446f05e6fba-4"}, {"reasons": {"count": 0, "items": [{"summary": "This spot is popular", "type": "general", "reasonName": "globalInteractionReason"}]}, "venue": {"id": "50ca02c5245f2d4aa8c2c5e1", "name": "Whisky Mist At Zeta", "location": {"address": "22 Park Lane", "crossStreet": "London Hilton on Park Lane", "lat": 51.47172453195304, "lng": -0.18442373147964267, "labeledLatLngs": [{"label": "display", "lat": 51.47172453195304, "lng": -0.18442373147964267}], "distance": 324, "postalCode": "W1K 1BE", "cc": "GB", "city": "London", "country": "United Kingdom", "formattedAddress": ["22 Park Lane (London Hilton on Park Lane)", "London", "W1K 1BE", "United Kingdom"]}, "categories": [{"id": "4bf58dd8d48988d1c4941735", "name": "Restaurant", "pluralName": "Restaurants", "shortName": "Restaurant", "icon": {"prefix": "https://ss3.4sqi.net/img/categories_v2/food/default_", "suffix": ".png"}, "primary": true}], "photos": {"count": 0, "groups": []}}, "referralId": "e-0-50ca02c5245f2d4aa8c2c5e1-5"}, {"reasons": {"count": 0, "items": [{"summary": "This spot is popular", "type": "general", "reasonName": "globalInteractionReason"}]}, "venue": {"id": "4e1592affa764fb14ae81705", "name": "Kitchen", "location": {"address": "Lots Road", "lat": 51.47802861688829, "lng": -0.18378496170043945, "labeledLatLngs": [{"label": "display", "lat": 51.47802861688829, "lng": -0.18378496170043945}], "distance": 384, "cc": "GB", "city": "London", "state": "Greater London", "country": "United Kingdom", "formattedAddress": ["Lots Road", "London", "Greater London", "United Kingdom"]}, "categories": [{"id": "4bf58dd8d48988d1c5941735", "name": "Sandwich Place", "pluralName": "Sandwich Places", "shortName": "Sandwiches", "icon": {"prefix": "https://ss3.4sqi.net/img/categories_v2/food/deli_", "suffix": ".png"}, "primary": true}], "photos": {"count": 0, "groups": []}}, "referralId": "e-0-4e1592affa764fb14ae81705-6"}]}]}}