{"meta": {"code": 200, "requestId": "5fedda36afd2f83d5fc15e64"}, "response": {"suggestedFilters": {"header": "Tap to show:", "filters": [{"name": "Open now", "key": "openNow"}]}, "headerLocation": "London Fields", "headerFullLocation": "London Fields, London", "headerLocationGranularity": "neighborhood", "query": "food", "totalResults": 47, "suggestedBounds": {"ne": {"lat": 51.53801000360001, "lng": -0.054193432738560185}, "sw": {"lat": 51.530809996399995, "lng": -0.06574656726143982}}, "groups": [{"type": "Recommended Places", "name": "recommended", "items": [{"reasons": {"count": 0, "items": [{"summary": "This spot is popular", "type": "general", "reasonName": "globalInteractionReason"}]}, "venue": {"id": "52274bab11d231715d72431e", "name": "Isle of Olive", "location": {"address": "6c Ada St", "lat": 51.535865234281516, "lng": -0.061658499134152195, "labeledLatLngs": [{"label": "display", "lat": 51.535865234281516, "lng": -0.061658499134152195}], "distance": 199, "postalCode": "E8 4QU", "cc": "GB", "city": "Hackney", "state": "Greater London", "country": "United Kingdom", "formattedAddress": ["6c Ada St", "Hackney", "Greater London", "E8 4QU", "United Kingdom"]}, "categories": [{"id": "4bf58dd8d48988d146941735", "name": "Deli / Bodega", "pluralName": "Delis / Bodegas", "shortName": "Deli / Bodega", "icon": {"prefix": "https://ss3.4sqi.net/img/categories_v2/food/deli_", "suffix": ".png"}, "primary": true}], "photos": {"count": 0, "groups": []}}, "referralId": "e-0-52274bab11d231715d72431e-0"}, {"reasons": {"count": 0, "items": [{"summary": "This spot is popular", "type": "general", "reasonName": "globalInteractionReason"}]}, "venue": {"id": "4ff98549e4b003534d000431", "name": "Pavilion", "location": {"address": "18 Broadway Market", "lat": 51.53614316471188, "lng": -0.062014526990037636, "labeledLatLngs": [{"label": "display", "lat": 51.53614316471188, "lng": -0.062014526990037636}], "distance": 239, "postalCode": "E8 4QJ", "cc": "GB", "neighborhood": "London Fields, London, Greater London", "city": "London Fields", "state": "Greater London", "country": "United Kingdom", "formattedAddress": ["18 Broadway Market", "London Fields", "Greater London", "E8 4QJ", "United Kingdom"]}, "categories": [{"id": "4bf58dd8d48988d16a941735", "name": "Bakery", "pluralName": "Bakeries", "shortName": "Bakery", "icon": {"prefix": "https://ss3.4sqi.net/img/categories_v2/food/bakery_", "suffix": ".png"}, "primary": true}], "photos": {"count": 0, "groups": []}}, "referralId": "e-0-4ff98549e4b003534d000431-1"}, {"reasons": {"count": 0, "items": [{"summary": "This spot is popular", "type": "general", "reasonName": "globalInteractionReason"}]}, "venue": {"id": "50f161c3e4b0b20f569fcb14", "name": "Deeney's", "location": {"address": "Broadway Market", "lat": 51.53623173987576, "lng": -0.061942604206499205, "labeledLatLngs": [{"label": "display", "lat": 51.53623173987576, "lng": -0.061942604206499205}], "distance": 244, "cc": "GB", "city": "London", "state": "Greater London", "country": "United Kingdom", "formattedAddress": ["Broadway Market", "London", "Greater London", "United Kingdom"]}, "categories": [{"id": "4bf58dd8d48988d1c5941735", "name": "Sandwich Place", "pluralName": "Sandwich Places", "shortName": "Sandwiches", "icon": {"prefix": "https://ss3.4sqi.net/img/categories_v2/food/deli_", "suffix": ".png"}, "primary": true}], "photos": {"count": 0, "groups": []}}, "referralId": "e-0-50f161c3e4b0b20f569fcb14-2"}, {"reasons": {"count": 0, "items": [{"summary": "This spot is popular", "type": "general", "reasonName": "globalInteractionReason"}]}, "venue": {"id": "4ac518c5f964a520f5a420e3", "name": "Bistrotheque", "location": {"address": "23-27 Wadeson St", "lat": 51.534130135900014, "lng": -0.056122439543209224, "labeledLatLngs": [{"label": "display", "lat": 51.534130135900014, "lng": -0.056122439543209224}], "distance": 268, "postalCode": "E2 9DR", "cc": "GB", "city": "London", "state": "Greater London", "country": "United Kingdom", "formattedAddress": ["23-27 Wadeson St", "London", "Greater London", "E2 9DR", "United Kingdom"]}, "categories": [{"id": "4bf58dd8d48988d10c941735", "name": "French Restaurant", "pluralName": "French Restaurants", "shortName": "French", "icon": {"prefix": "https://ss3.4sqi.net/img/categories_v2/food/french_", "suffix": ".png"}, "primary": true}], "photos": {"count": 0, "groups": []}}, "referralId": "e-0-4ac518c5f964a520f5a420e3-3"}, {"reasons": {"count": 0, "items": [{"summary": "This spot is popular", "type": "general", "reasonName": "globalInteractionReason"}]}, "venue": {"id": "57b5d4f2498e96759e2e9a11", "name": "The Bach", "location": {"address": "12 Broadway Market", "lat": 51.535993994766734, "lng": -0.06201056369381055, "labeledLatLngs": [{"label": "display", "lat": 51.535993994766734, "lng": -0.06201056369381055}], "distance": 225, "postalCode": "E8 4QJ", "cc": "GB", "city": "London", "state": "Greater London", "country": "United Kingdom", "formattedAddress": ["12 Broadway Market", "London", "Greater London", "E8 4QJ", "United Kingdom"]}, "categories": [{"id": "4bf58dd8d48988d16d941735", "name": "Caf\u00e9", "pluralName": "Caf\u00e9s", "shortName": "Caf\u00e9", "icon": {"prefix": "https://ss3.4sqi.net/img/categories_v2/food/cafe_", "suffix": ".png"}, "primary": true}], "photos": {"count": 0, "groups": []}}, "referralId": "e-0-57b5d4f2498e96759e2e9a11-4"}, {"reasons": {"count": 0, "items": [{"summary": "This spot is popular", "type": "general", "reasonName": "globalInteractionReason"}]}, "venue": {"id": "52fdef82498e23acb444da8f", "name": "Franco Manca", "location": {"address": "52 Broadway Market", "lat": 51.5369995972927, "lng": -0.0615081225503687, "labeledLatLngs": [{"label": "display", "lat": 51.5369995972927, "lng": -0.0615081225503687}], "distance": 307, "postalCode": "E8 4QJ", "cc": "GB", "city": "London Fields", "state": "Greater London", "country": "United Kingdom", "formattedAddress": ["52 Broadway Market", "London Fields", "Greater London", "E8 4QJ", "United Kingdom"]}, "categories": [{"id": "4bf58dd8d48988d1ca941735", "name": "Pizza Place", "pluralName": "Pizza Places", "shortName": "Pizza", "icon": {"prefix": "https://ss3.4sqi.net/img/categories_v2/food/pizza_", "suffix": ".png"}, "primary": true}], "photos": {"count": 0, "groups": []}}, "referralId": "e-0-52fdef82498e23acb444da8f-5"}, {"reasons": {"count": 0, "items": [{"summary": "This spot is popular", "type": "general", "reasonName": "globalInteractionReason"}]}, "venue": {"id": "4e160e4c62e1c2c01932361a", "name": "OMBRA", "location": {"address": "1 Vyner St", "crossStreet": "at Mare St", "lat": 51.5344490602498, "lng": -0.057177187164466, "labeledLatLngs": [{"label": "display", "lat": 51.5344490602498, "lng": -0.057177187164466}], "distance": 193, "postalCode": "E2 9DG", "cc": "GB", "city": "Hackney", "state": "Greater London", "country": "United Kingdom", "formattedAddress": ["1 Vyner St (at Mare St)", "Hackney", "Greater London", "E2 9DG", "United Kingdom"]}, "categories": [{"id": "55a5a1ebe4b013909087cbad", "name": "Veneto Restaurant", "pluralName": "Veneto Restaurants", "shortName": "Veneto", "icon": {"prefix": "https://ss3.4sqi.net/img/categories_v2/food/italian_", "suffix": ".png"}, "primary": true}], "photos": {"count": 0, "groups": []}, "venuePage": {"id": "450403441"}}, "referralId": "e-0-4e160e4c62e1c2c01932361a-6"}, {"reasons": {"count": 0, "items": [{"summary": "This spot is popular", "type": "general", "reasonName": "globalInteractionReason"}]}, "venue": {"id": "4ae46980f964a5206e9a21e3", "name": "L'Eau \u00e0 la Bouche", "location": {"address": "35-37 Broadway Market", "lat": 51.53671691478966, "lng": -0.06175413330936472, "labeledLatLngs": [{"label": "display", "lat": 51.53671691478966, "lng": -0.06175413330936472}], "distance": 284, "postalCode": "E8 4PH", "cc": "GB", "city": "London Fields", "state": "Greater London", "country": "United Kingdom", "formattedAddress": ["35-37 Broadway Market", "London Fields", "Greater London", "E8 4PH", "United Kingdom"]}, "categories": [{"id": "4bf58dd8d48988d16d941735", "name": "Caf\u00e9", "pluralName": "Caf\u00e9s", "shortName": "Caf\u00e9", "icon": {"prefix": "https://ss3.4sqi.net/img/categories_v2/food/cafe_", "suffix": ".png"}, "primary": true}], "photos": {"count": 0, "groups": []}}, "referralId": "e-0-4ae46980f964a5206e9a21e3-7"}, {"reasons": {"count": 0, "items": [{"summary": "This spot is popular", "type": "general", "reasonName": "globalInteractionReason"}]}, "venue": {"id": "537c637f498e3e9c9b808ca5", "name": "El Ganso", "location": {"address": "59 Broadway Market", "lat": 51.53718791108441, "lng": -0.061413514404999855, "labeledLatLngs": [{"label": "display", "lat": 51.53718791108441, "lng": -0.061413514404999855}], "distance": 324, "postalCode": "E8 4PH", "cc": "GB", "city": "Hackney", "state": "Greater London", "country": "United Kingdom", "formattedAddress": ["59 Broadway Market", "Hackney", "Greater London", "E8 4PH", "United Kingdom"]}, "categories": [{"id": "4bf58dd8d48988d150941735", "name": "Spanish Restaurant", "pluralName": "Spanish Restaurants", "shortName": "Spanish", "icon": {"prefix": "https://ss3.4sqi.net/img/categories_v2/food/spanish_", "suffix": ".png"}, "primary": true}], "photos": {"count": 0, "groups": []}, "venuePage": {"id": "89309241"}}, "referralId": "e-0-537c637f498e3e9c9b808ca5-8"}, {"reasons": {"count": 0, "items": [{"summary": "This spot is popular", "type": "general", "reasonName": "globalInteractionReason"}]}, "venue": {"id": "4bd7086c29eb9c74710396e1", "name": "Fin & Flounder", "location": {"address": "71 Broadway Market", "lat": 51.53751019784222, "lng": -0.061072084051232794, "labeledLatLngs": [{"label": "display", "lat": 51.53751019784222, "lng": -0.061072084051232794}], "distance": 353, "postalCode": "E8 4PH", "cc": "GB", "city": "London", "state": "Greater London", "country": "United Kingdom", "formattedAddress": ["71 Broadway Market", "London", "Greater London", "E8 4PH", "United Kingdom"]}, "categories": [{"id": "4bf58dd8d48988d1ce941735", "name": "Seafood Restaurant", "pluralName": "Seafood Restaurants", "shortName": "Seafood", "icon": {"prefix": "https://ss3.4sqi.net/img/categories_v2/food/seafood_", "suffix": ".png"}, "primary": true}], "photos": {"count": 0, "groups": []}}, "referralId": "e-0-4bd7086c29eb9c74710396e1-9"}, {"reasons": {"count": 0, "items": [{"summary": "This spot is popular", "type": "general", "reasonName": "globalInteractionReason"}]}, "venue": {"id": "4acf23f9f964a52082d220e3", "name": "Buen Ayre", "location": {"address": "50 Broadway Market", "crossStreet": "at Duncan Rd", "lat": 51.53697532542181, "lng": -0.061537842286493935, "labeledLatLngs": [{"label": "display", "lat": 51.53697532542181, "lng": -0.061537842286493935}], "distance": 305, "postalCode": "E8 4QJ", "cc": "GB", "city": "London", "state": "Greater London", "country": "United Kingdom", "formattedAddress": ["50 Broadway Market (at Duncan Rd)", "Dalston", "Greater London", "E8 4QJ", "United Kingdom"]}, "categories": [{"id": "4bf58dd8d48988d107941735", "name": "Argentinian Restaurant", "pluralName": "Argentinian Restaurants", "shortName": "Argentinian", "icon": {"prefix": "https://ss3.4sqi.net/img/categories_v2/food/argentinian_", "suffix": ".png"}, "primary": true}], "photos": {"count": 0, "groups": []}}, "referralId": "e-0-4acf23f9f964a52082d220e3-10"}, {"reasons": {"count": 0, "items": [{"summary": "This spot is popular", "type": "general", "reasonName": "globalInteractionReason"}]}, "venue": {"id": "5516b59c498edbf627f14745", "name": "Yeast Bakery", "location": {"address": "Arch 356, Westgate Street", "lat": 51.53770447473657, "lng": -0.058441203856128346, "labeledLatLngs": [{"label": "display", "lat": 51.53770447473657, "lng": -0.058441203856128346}], "distance": 381, "postalCode": "E8 3RL", "cc": "GB", "city": "London", "state": "Greater London", "country": "United Kingdom", "formattedAddress": ["Arch 356, Westgate Street", "London", "Greater London", "E8 3RL", "United Kingdom"]}, "categories": [{"id": "4bf58dd8d48988d16a941735", "name": "Bakery", "pluralName": "Bakeries", "shortName": "Bakery", "icon": {"prefix": "https://ss3.4sqi.net/img/categories_v2/food/bakery_", "suffix": ".png"}, "primary": true}], "photos": {"count": 0, "groups": []}}, "referralId": "e-0-5516b59c498edbf627f14745-11"}, {"reasons": {"count": 0, "items": [{"summary": "This spot is popular", "type": "general", "reasonName": "globalInteractionReason"}]}, "venue": {"id": "57cad1f8498e41a4a5e216ee", "name": "Twigs", "location": {"address": "12 Broadway Market", "crossStreet": "Benjamin Close", "lat": 51.53660237785606, "lng": -0.06208173720329, "labeledLatLngs": [{"label": "display", "lat": 51.53660237785606, "lng": -0.06208173720329}], "distance": 284, "postalCode": "E8 4TS", "cc": "GB", "country": "United Kingdom", "formattedAddress": ["12 Broadway Market (Benjamin Close)", "E8 4TS", "United Kingdom"]}, "categories": [{"id": "4bf58dd8d48988d16d941735", "name": "Caf\u00e9", "pluralName": "Caf\u00e9s", "shortName": "Caf\u00e9", "icon": {"prefix": "https://ss3.4sqi.net/img/categories_v2/food/cafe_", "suffix": ".png"}, "primary": true}], "photos": {"count": 0, "groups": []}}, "referralId": "e-0-57cad1f8498e41a4a5e216ee-12"}, {"reasons": {"count": 0, "items": [{"summary": "This spot is popular", "type": "general", "reasonName": "globalInteractionReason"}]}, "venue": {"id": "51eab4c8498efab8dc7b3b60", "name": "BAO Bar", "location": {"address": "Netil Market, 23 Westgate St", "lat": 51.53756460379343, "lng": -0.058823667038020035, "labeledLatLngs": [{"label": "display", "lat": 51.53756460379343, "lng": -0.058823667038020035}], "distance": 360, "cc": "GB", "city": "London", "state": "Greater London", "country": "United Kingdom", "formattedAddress": ["Netil Market, 23 Westgate St", "London", "Greater London", "United Kingdom"]}, "categories": [{"id": "52af3b813cf9994f4e043c04", "name": "Taiwanese Restaurant", "pluralName": "Taiwanese Restaurants", "shortName": "Taiwanese", "icon": {"prefix": "https://ss3.4sqi.net/img/categories_v2/food/asian_", "suffix": ".png"}, "primary": true}], "photos": {"count": 0, "groups": []}}, "referralId": "e-0-51eab4c8498efab8dc7b3b60-13"}, {"reasons": {"count": 0, "items": [{"summary": "This spot is popular", "type": "general", "reasonName": "globalInteractionReason"}]}, "venue": {"id": "5204fd32498edfae5bceefd1", "name": "Caribbean Kitchen", "location": {"address": "67 Mare Street", "lat": 51.53674456776779, "lng": -0.05680062499347837, "labeledLatLngs": [{"label": "display", "lat": 51.53674456776779, "lng": -0.05680062499347837}], "distance": 340, "postalCode": "E8 4RG", "cc": "GB", "neighborhood": "Hackney", "city": "London", "state": "Greater London", "country": "United Kingdom", "formattedAddress": ["67 Mare Street", "London", "Greater London", "E8 4RG", "United Kingdom"]}, "categories": [{"id": "4bf58dd8d48988d144941735", "name": "Caribbean Restaurant", "pluralName": "Caribbean Restaurants", "shortName": "Caribbean", "icon": {"prefix": "https://ss3.4sqi.net/img/categories_v2/food/caribbean_", "suffix": ".png"}, "primary": true}], "photos": {"count": 0, "groups": []}, "venuePage": {"id": "64000575"}}, "referralId": "e-0-5204fd32498edfae5bceefd1-14"}, {"reasons": {"count": 0, "items": [{"summary": "This spot is popular", "type": "general", "reasonName": "globalInteractionReason"}]}, "venue": {"id": "589328cf23188e0f02e77e93", "name": "Diddy's", "location": {"address": "69 Mare St", "lat": 51.536775, "lng": -0.057176, "labeledLatLngs": [{"label": "display", "lat": 51.536775, "lng": -0.057176}], "distance": 326, "postalCode": "E8 4RG", "cc": "GB", "country": "United Kingdom", "formattedAddress": ["69 Mare St", "E8 4RG", "United Kingdom"]}, "categories": [{"id": "4bf58dd8d48988d16d941735", "name": "Caf\u00e9", "pluralName": "Caf\u00e9s", "shortName": "Caf\u00e9", "icon": {"prefix": "https://ss3.4sqi.net/img/categories_v2/food/cafe_", "suffix": ".png"}, "primary": true}], "photos": {"count": 0, "groups": []}}, "referralId": "e-0-589328cf23188e0f02e77e93-15"}, {"reasons": {"count": 0, "items": [{"summary": "This spot is popular", "type": "general", "reasonName": "globalInteractionReason"}]}, "venue": {"id": "4acf0018f964a5203ed220e3", "name": "Little Georgia", "location": {"address": "87 Goldsmiths Row", "crossStreet": "Audrey Street", "lat": 51.53320754530001, "lng": -0.06508900200706333, "labeledLatLngs": [{"label": "display", "lat": 51.53320754530001, "lng": -0.06508900200706333}], "distance": 378, "postalCode": "E2 8QR", "cc": "GB", "city": "London", "state": "Greater London", "country": "United Kingdom", "formattedAddress": ["87 Goldsmiths Row (Audrey Street)", "Haggerston", "Greater London", "E2 8QR", "United Kingdom"]}, "categories": [{"id": "5293a7d53cf9994f4e043a45", "name": "Caucasian Restaurant", "pluralName": "Caucasian Restaurants", "shortName": "Caucasian", "icon": {"prefix": "https://ss3.4sqi.net/img/categories_v2/food/caucasian_", "suffix": ".png"}, "primary": true}], "photos": {"count": 0, "groups": []}}, "referralId": "e-0-4acf0018f964a5203ed220e3-16"}, {"reasons": {"count": 0, "items": [{"summary": "This spot is popular", "type": "general", "reasonName": "globalInteractionReason"}]}, "venue": {"id": "4f4691bee4b0de07e5e5d0ef", "name": "Market Cafe", "location": {"address": "2 Broadway Market", "lat": 51.53563346943745, "lng": -0.06216729120732045, "labeledLatLngs": [{"label": "display", "lat": 51.53563346943745, "lng": -0.06216729120732045}], "distance": 204, "postalCode": "E8 4QG", "cc": "GB", "city": "Hackney", "state": "Greater London", "country": "United Kingdom", "formattedAddress": ["2 Broadway Market", "Hackney", "Greater London", "E8 4QG", "United Kingdom"]}, "categories": [{"id": "4bf58dd8d48988d16d941735", "name": "Caf\u00e9", "pluralName": "Caf\u00e9s", "shortName": "Caf\u00e9", "icon": {"prefix": "https://ss3.4sqi.net/img/categories_v2/food/cafe_", "suffix": ".png"}, "primary": true}], "photos": {"count": 0, "groups": []}}, "referralId": "e-0-4f4691bee4b0de07e5e5d0ef-17"}, {"reasons": {"count": 0, "items": [{"summary": "This spot is popular", "type": "general", "reasonName": "globalInteractionReason"}]}, "venue": {"id": "5b65d575175562002cb4ee90", "name": "Love Shack", "location": {"address": "299 Cambridge Heath Road", "lat": 51.532207, "lng": -0.057091, "labeledLatLngs": [{"label": "display", "lat": 51.532207, "lng": -0.057091}], "distance": 316, "postalCode": "E2 0EL", "cc": "GB", "city": "London", "state": "Greater London", "country": "United Kingdom", "formattedAddress": ["299 Cambridge Heath Road", "London", "Greater London", "E2 0EL", "United Kingdom"]}, "categories": [{"id": "4bf58dd8d48988d1d3941735", "name": "Vegetarian / Vegan Restaurant", "pluralName": "Vegetarian / Vegan Restaurants", "shortName": "Vegetarian / Vegan", "icon": {"prefix": "https://ss3.4sqi.net/img/categories_v2/food/vegetarian_", "suffix": ".png"}, "primary": true}], "photos": {"count": 0, "groups": []}}, "referralId": "e-0-5b65d575175562002cb4ee90-18"}, {"reasons": {"count": 0, "items": [{"summary": "This spot is popular", "type": "general", "reasonName": "globalInteractionReason"}]}, "venue": {"id": "5597d982498ef5a26cf8a1b4", "name": "Lemlem kitchen", "location": {"address": "Netil Market", "crossStreet": "Westgate St", "lat": 51.53749839389801, "lng": -0.05886248642290681, "labeledLatLngs": [{"label": "display", "lat": 51.53749839389801, "lng": -0.05886248642290681}], "distance": 352, "cc": "GB", "city": "London", "state": "Greater London", "country": "United Kingdom", "formattedAddress": ["Netil Market (Westgate St)", "London", "Greater London", "United Kingdom"]}, "categories": [{"id": "4bf58dd8d48988d10a941735", "name": "Ethiopian Restaurant", "pluralName": "Ethiopian Restaurants", "shortName": "Ethiopian", "icon": {"prefix": "https://ss3.4sqi.net/img/categories_v2/food/ethiopian_", "suffix": ".png"}, "primary": true}], "photos": {"count": 0, "groups": []}}, "referralId": "e-0-5597d982498ef5a26cf8a1b4-19"}, {"reasons": {"count": 0, "items": [{"summary": "This spot is popular", "type": "general", "reasonName": "globalInteractionReason"}]}, "venue": {"id": "4c892e5d105237045dbdc6f1", "name": "Al Amin", "location": {"address": "483 cambridge heath road", "lat": 51.53294692095182, "lng": -0.05726522306541883, "labeledLatLngs": [{"label": "display", "lat": 51.53294692095182, "lng": -0.05726522306541883}], "distance": 248, "postalCode": "E2 9BU", "cc": "GB", "city": "London", "state": "Greater London", "country": "United Kingdom", "formattedAddress": ["483 cambridge heath road", "London", "Greater London", "E2 9BU", "United Kingdom"]}, "categories": [{"id": "4bf58dd8d48988d10f941735", "name": "Indian Restaurant", "pluralName": "Indian Restaurants", "shortName": "Indian", "icon": {"prefix": "https://ss3.4sqi.net/img/categories_v2/food/indian_", "suffix": ".png"}, "primary": true}], "photos": {"count": 0, "groups": []}}, "referralId": "e-0-4c892e5d105237045dbdc6f1-20"}, {"reasons": {"count": 0, "items": [{"summary": "This spot is popular", "type": "general", "reasonName": "globalInteractionReason"}]}, "venue": {"id": "5401c8d0498e97602ccf98b6", "name": "Crosstown Doughnuts", "location": {"address": "Westgate Street", "lat": 51.537746, "lng": -0.060814, "labeledLatLngs": [{"label": "display", "lat": 51.537746, "lng": -0.060814}], "distance": 375, "postalCode": "E8 3RL", "cc": "GB", "city": "London", "state": "Greater London", "country": "United Kingdom", "formattedAddress": ["Westgate Street", "London", "Greater London", "E8 3RL", "United Kingdom"]}, "categories": [{"id": "4bf58dd8d48988d148941735", "name": "Donut Shop", "pluralName": "Donut Shops", "shortName": "Donuts", "icon": {"prefix": "https://ss3.4sqi.net/img/categories_v2/food/donuts_", "suffix": ".png"}, "primary": true}], "photos": {"count": 0, "groups": []}}, "referralId": "e-0-5401c8d0498e97602ccf98b6-21"}, {"reasons": {"count": 0, "items": [{"summary": "This spot is popular", "type": "general", "reasonName": "globalInteractionReason"}]}, "venue": {"id": "4b69878cf964a52016a62be3", "name": "Hurwundeki Cafe", "location": {"address": "296-297 Cambridge Heath Rd", "lat": 51.532255178856666, "lng": -0.05705130291640267, "labeledLatLngs": [{"label": "display", "lat": 51.532255178856666, "lng": -0.05705130291640267}], "distance": 313, "postalCode": "E2 9HA", "cc": "GB", "city": "London", "state": "Greater London", "country": "United Kingdom", "formattedAddress": ["296-297 Cambridge Heath Rd", "London", "Greater London", "E2 9HA", "United Kingdom"]}, "categories": [{"id": "4bf58dd8d48988d113941735", "name": "Korean Restaurant", "pluralName": "Korean Restaurants", "shortName": "Korean", "icon": {"prefix": "https://ss3.4sqi.net/img/categories_v2/food/korean_", "suffix": ".png"}, "primary": true}], "photos": {"count": 0, "groups": []}}, "referralId": "e-0-4b69878cf964a52016a62be3-22"}, {"reasons": {"count": 0, "items": [{"summary": "This spot is popular", "type": "general", "reasonName": "globalInteractionReason"}]}, "venue": {"id": "4e676243e4cdfdecb042cf38", "name": "Cafe Villa D'aversa", "location": {"address": "15 Broadway Market", "lat": 51.53605965336572, "lng": -0.06207105244380522, "labeledLatLngs": [{"label": "display", "lat": 51.53605965336572, "lng": -0.06207105244380522}], "distance": 234, "postalCode": "E8 4PH", "cc": "GB", "city": "London", "state": "Greater London", "country": "United Kingdom", "formattedAddress": ["15 Broadway Market", "Dalston", "Greater London", "E8 4PH", "United Kingdom"]}, "categories": [{"id": "4bf58dd8d48988d16d941735", "name": "Caf\u00e9", "pluralName": "Caf\u00e9s", "shortName": "Caf\u00e9", "icon": {"prefix": "https://ss3.4sqi.net/img/categories_v2/food/cafe_", "suffix": ".png"}, "primary": true}], "photos": {"count": 0, "groups": []}}, "referralId": "e-0-4e676243e4cdfdecb042cf38-23"}, {"reasons": {"count": 0, "items": [{"summary": "This spot is popular", "type": "general", "reasonName": "globalInteractionReason"}]}, "venue": {"id": "535f690d498e93b9df52ae5b", "name": "Mare & Beck", "location": {"address": "69 Mare Street", "crossStreet": "Beck Road", "lat": 51.53675983088002, "lng": -0.057024364831777224, "labeledLatLngs": [{"label": "display", "lat": 51.53675983088002, "lng": -0.057024364831777224}], "distance": 331, "postalCode": "E8 1EB", "cc": "GB", "city": "London", "state": "Greater London", "country": "United Kingdom", "formattedAddress": ["69 Mare Street (Beck Road)", "London", "Greater London", "E8 1EB", "United Kingdom"]}, "categories": [{"id": "4bf58dd8d48988d16d941735", "name": "Caf\u00e9", "pluralName": "Caf\u00e9s", "shortName": "Caf\u00e9", "icon": {"prefix": "https://ss3.4sqi.net/img/categories_v2/food/cafe_", "suffix": ".png"}, "primary": true}], "photos": {"count": 0, "groups": []}}, "referralId": "e-0-535f690d498e93b9df52ae5b-24"}, {"reasons": {"count": 0, "items": [{"summary": "This spot is popular", "type": "general", "reasonName": "globalInteractionReason"}]}, "venue": {"id": "54ea0148498e6e265f2a9c24", "name": "Okko", "location": {"address": "Broadway Market", "lat": 51.53698163289479, "lng": -0.061573229198190464, "labeledLatLngs": [{"label": "display", "lat": 51.53698163289479, "lng": -0.061573229198190464}], "distance": 307, "postalCode": "E8 4PH", "cc": "GB", "city": "London", "state": "Greater London", "country": "United Kingdom", "formattedAddress": ["Broadway Market", "London", "Greater London", "E8 4PH", "United Kingdom"]}, "categories": [{"id": "4bf58dd8d48988d111941735", "name": "Japanese Restaurant", "pluralName": "Japanese Restaurants", "shortName": "Japanese", "icon": {"prefix": "https://ss3.4sqi.net/img/categories_v2/food/japanese_", "suffix": ".png"}, "primary": true}], "photos": {"count": 0, "groups": []}}, "referralId": "e-0-54ea0148498e6e265f2a9c24-25"}, {"reasons": {"count": 0, "items": [{"summary": "This spot is popular", "type": "general", "reasonName": "globalInteractionReason"}]}, "venue": {"id": "4e5e152fd22d7239c19ce78c", "name": "Saray Broadway Cafe", "location": {"address": "58 Broadway Market", "lat": 51.53714451819365, "lng": -0.06142993530627771, "labeledLatLngs": [{"label": "display", "lat": 51.53714451819365, "lng": -0.06142993530627771}], "distance": 320, "postalCode": "E8 4QJ", "cc": "GB", "city": "Hackney", "state": "Greater London", "country": "United Kingdom", "formattedAddress": ["58 Broadway Market", "Hackney", "Greater London", "E8 4QJ", "United Kingdom"]}, "categories": [{"id": "4bf58dd8d48988d16d941735", "name": "Caf\u00e9", "pluralName": "Caf\u00e9s", "shortName": "Caf\u00e9", "icon": {"prefix": "https://ss3.4sqi.net/img/categories_v2/food/cafe_", "suffix": ".png"}, "primary": true}], "photos": {"count": 0, "groups": []}}, "referralId": "e-0-4e5e152fd22d7239c19ce78c-26"}, {"reasons": {"count": 0, "items": [{"summary": "This spot is popular", "type": "general", "reasonName": "globalInteractionReason"}]}, "venue": {"id": "572dd057498effab79260c75", "name": "Edgar's", "location": {"lat": 51.53651269975355, "lng": -0.06184558967327444, "labeledLatLngs": [{"label": "display", "lat": 51.53651269975355, "lng": -0.06184558967327444}], "distance": 267, "cc": "GB", "country": "United Kingdom", "formattedAddress": ["United Kingdom"]}, "categories": [{"id": "4bf58dd8d48988d16d941735", "name": "Caf\u00e9", "pluralName": "Caf\u00e9s", "shortName": "Caf\u00e9", "icon": {"prefix": "https://ss3.4sqi.net/img/categories_v2/food/cafe_", "suffix": ".png"}, "primary": true}], "photos": {"count": 0, "groups": []}}, "referralId": "e-0-572dd057498effab79260c75-27"}, {"reasons": {"count": 0, "items": [{"summary": "This spot is popular", "type": "general", "reasonName": "globalInteractionReason"}]}, "venue": {"id": "4bd2fad377b29c7447a38f82", "name": "The Canteen Cafe", "location": {"address": "469 Hackey Road", "lat": 51.53225545774909, "lng": -0.05948960694068781, "labeledLatLngs": [{"label": "display", "lat": 51.53225545774909, "lng": -0.05948960694068781}], "distance": 242, "cc": "GB", "city": "London", "state": "Greater London", "country": "United Kingdom", "formattedAddress": ["469 Hackey Road", "London", "Greater London", "United Kingdom"]}, "categories": [{"id": "4bf58dd8d48988d143941735", "name": "Breakfast Spot", "pluralName": "Breakfast Spots", "shortName": "Breakfast", "icon": {"prefix": "https://ss3.4sqi.net/img/categories_v2/food/breakfast_", "suffix": ".png"}, "primary": true}], "photos": {"count": 0, "groups": []}}, "referralId": "e-0-4bd2fad377b29c7447a38f82-28"}, {"reasons": {"count": 0, "items": [{"summary": "This spot is popular", "type": "general", "reasonName": "globalInteractionReason"}]}, "venue": {"id": "4b614fa7f964a520b80f2ae3", "name": "Billy's Cafe", "location": {"address": "4 Pritchards Road", "crossStreet": "Emma Street", "lat": 51.53239307743386, "lng": -0.061583402389978295, "labeledLatLngs": [{"label": "display", "lat": 51.53239307743386, "lng": -0.061583402389978295}], "distance": 250, "postalCode": "E2", "cc": "GB", "city": "Bethnal Green", "state": "Greater London", "country": "United Kingdom", "formattedAddress": ["4 Pritchards Road (Emma Street)", "Bethnal Green", "Greater London", "E2", "United Kingdom"]}, "categories": [{"id": "4bf58dd8d48988d143941735", "name": "Breakfast Spot", "pluralName": "Breakfast Spots", "shortName": "Breakfast", "icon": {"prefix": "https://ss3.4sqi.net/img/categories_v2/food/breakfast_", "suffix": ".png"}, "primary": true}], "photos": {"count": 0, "groups": []}}, "referralId": "e-0-4b614fa7f964a520b80f2ae3-29"}, {"reasons": {"count": 0, "items": [{"summary": "This spot is popular", "type": "general", "reasonName": "globalInteractionReason"}]}, "venue": {"id": "53177fe111d2580030ef6ab9", "name": "Efendi", "location": {"address": "270 Cambridge Heath Rd", "lat": 51.533711526013136, "lng": -0.057276681722441256, "labeledLatLngs": [{"label": "display", "lat": 51.533711526013136, "lng": -0.057276681722441256}], "distance": 202, "postalCode": "E2 9DA", "cc": "GB", "city": "Cambridge Heath", "state": "Greater London", "country": "United Kingdom", "formattedAddress": ["270 Cambridge Heath Rd", "Cambridge Heath", "Greater London", "E2 9DA", "United Kingdom"]}, "categories": [{"id": "4f04af1f2fb6e1c99f3db0bb", "name": "Turkish Restaurant", "pluralName": "Turkish Restaurants", "shortName": "Turkish", "icon": {"prefix": "https://ss3.4sqi.net/img/categories_v2/food/turkish_", "suffix": ".png"}, "primary": true}], "photos": {"count": 0, "groups": []}}, "referralId": "e-0-53177fe111d2580030ef6ab9-30"}, {"reasons": {"count": 0, "items": [{"summary": "This spot is popular", "type": "general", "reasonName": "globalInteractionReason"}]}, "venue": {"id": "4b741454f964a520cdc62de3", "name": "Bella Vita", "location": {"address": "53-55 Broadway Market", "crossStreet": "Duncan Road", "lat": 51.53708949818841, "lng": -0.061481110147657565, "labeledLatLngs": [{"label": "display", "lat": 51.53708949818841, "lng": -0.061481110147657565}], "distance": 316, "postalCode": "E8 4PH", "cc": "GB", "city": "London", "state": "Greater London", "country": "United Kingdom", "formattedAddress": ["53-55 Broadway Market (Duncan Road)", "London", "Greater London", "E8 4PH", "United Kingdom"]}, "categories": [{"id": "4bf58dd8d48988d110941735", "name": "Italian Restaurant", "pluralName": "Italian Restaurants", "shortName": "Italian", "icon": {"prefix": "https://ss3.4sqi.net/img/categories_v2/food/italian_", "suffix": ".png"}, "primary": true}], "photos": {"count": 0, "groups": []}, "venuePage": {"id": "350940441"}}, "referralId": "e-0-4b741454f964a520cdc62de3-31"}, {"reasons": {"count": 0, "items": [{"summary": "This spot is popular", "type": "general", "reasonName": "globalInteractionReason"}]}, "venue": {"id": "5317bf47498e1c8bb721d0e4", "name": "The Frenchie", "location": {"address": "Broadway Market", "lat": 51.53606978019513, "lng": -0.06102308746479749, "labeledLatLngs": [{"label": "display", "lat": 51.53606978019513, "lng": -0.06102308746479749}], "distance": 198, "postalCode": "E8 4PH", "cc": "GB", "city": "London", "state": "Greater London", "country": "United Kingdom", "formattedAddress": ["Broadway Market", "London", "Greater London", "E8 4PH", "United Kingdom"]}, "categories": [{"id": "4bf58dd8d48988d1cb941735", "name": "Food Truck", "pluralName": "Food Trucks", "shortName": "Food Truck", "icon": {"prefix": "https://ss3.4sqi.net/img/categories_v2/food/streetfood_", "suffix": ".png"}, "primary": true}], "photos": {"count": 0, "groups": []}}, "referralId": "e-0-5317bf47498e1c8bb721d0e4-32"}, {"reasons": {"count": 0, "items": [{"summary": "This spot is popular", "type": "general", "reasonName": "globalInteractionReason"}]}, "venue": {"id": "51b34c69498e9cd9479c22d9", "name": "Fin & Flounder", "location": {"address": "Netil Market", "lat": 51.535524951141994, "lng": -0.062043457292356365, "labeledLatLngs": [{"label": "display", "lat": 51.535524951141994, "lng": -0.062043457292356365}], "distance": 189, "cc": "GB", "country": "United Kingdom", "formattedAddress": ["Netil Market", "United Kingdom"]}, "categories": [{"id": "4bf58dd8d48988d1cb941735", "name": "Food Truck", "pluralName": "Food Trucks", "shortName": "Food Truck", "icon": {"prefix": "https://ss3.4sqi.net/img/categories_v2/food/streetfood_", "suffix": ".png"}, "primary": true}], "photos": {"count": 0, "groups": []}}, "referralId": "e-0-51b34c69498e9cd9479c22d9-33"}, {"reasons": {"count": 0, "items": [{"summary": "This spot is popular", "type": "general", "reasonName": "globalInteractionReason"}]}, "venue": {"id": "5870edf0a55db0361fe77030", "name": "Txotx", "location": {"lat": 51.53570637965292, "lng": -0.06231289794384631, "labeledLatLngs": [{"label": "display", "lat": 51.53570637965292, "lng": -0.06231289794384631}], "distance": 217, "cc": "GB", "country": "United Kingdom", "formattedAddress": ["United Kingdom"]}, "categories": [{"id": "4bf58dd8d48988d1db931735", "name": "Tapas Restaurant", "pluralName": "Tapas Restaurants", "shortName": "Tapas", "icon": {"prefix": "https://ss3.4sqi.net/img/categories_v2/food/tapas_", "suffix": ".png"}, "primary": true}], "photos": {"count": 0, "groups": []}}, "referralId": "e-0-5870edf0a55db0361fe77030-34"}, {"reasons": {"count": 0, "items": [{"summary": "This spot is popular", "type": "general", "reasonName": "globalInteractionReason"}]}, "venue": {"id": "5df544edf8f55f00088d318c", "name": "Mio Yatai", "location": {"address": "129a prichard's road", "lat": 51.535408, "lng": -0.062672496, "labeledLatLngs": [{"label": "display", "lat": 51.535408, "lng": -0.062672496}], "distance": 217, "postalCode": "E2 9AP", "cc": "GB", "city": "London", "state": "Greater London", "country": "United Kingdom", "formattedAddress": ["129a prichard's road", "London", "Greater London", "E2 9AP", "United Kingdom"]}, "categories": [{"id": "4bf58dd8d48988d111941735", "name": "Japanese Restaurant", "pluralName": "Japanese Restaurants", "shortName": "Japanese", "icon": {"prefix": "https://ss3.4sqi.net/img/categories_v2/food/japanese_", "suffix": ".png"}, "primary": true}], "photos": {"count": 0, "groups": []}}, "referralId": "e-0-5df544edf8f55f00088d318c-35"}, {"reasons": {"count": 0, "items": [{"summary": "This spot is popular", "type": "general", "reasonName": "globalInteractionReason"}]}, "venue": {"id": "4f381b1ae4b00af17ab24435", "name": "Moor's Shisha", "location": {"lat": 51.532768, "lng": -0.057844, "labeledLatLngs": [{"label": "display", "lat": 51.532768, "lng": -0.057844}], "distance": 234, "cc": "GB", "country": "United Kingdom", "formattedAddress": ["United Kingdom"]}, "categories": [{"id": "4bf58dd8d48988d109941735", "name": "Eastern European Restaurant", "pluralName": "Eastern European Restaurants", "shortName": "Eastern European", "icon": {"prefix": "https://ss3.4sqi.net/img/categories_v2/food/default_", "suffix": ".png"}, "primary": true}], "photos": {"count": 0, "groups": []}}, "referralId": "e-0-4f381b1ae4b00af17ab24435-36"}, {"reasons": {"count": 0, "items": [{"summary": "This spot is popular", "type": "general", "reasonName": "globalInteractionReason"}]}, "venue": {"id": "4ad9d80bf964a520301b21e3", "name": "Cafe Tr\u00e8s", "location": {"address": "495 Cambridge Heath Rd", "lat": 51.533127, "lng": -0.057202, "labeledLatLngs": [{"label": "display", "lat": 51.533127, "lng": -0.057202}], "distance": 239, "postalCode": "E2 9BU", "cc": "GB", "city": "London", "state": "Greater London", "country": "United Kingdom", "formattedAddress": ["495 Cambridge Heath Rd", "London", "Greater London", "E2 9BU", "United Kingdom"]}, "categories": [{"id": "4bf58dd8d48988d16d941735", "name": "Caf\u00e9", "pluralName": "Caf\u00e9s", "shortName": "Caf\u00e9", "icon": {"prefix": "https://ss3.4sqi.net/img/categories_v2/food/cafe_", "suffix": ".png"}, "primary": true}], "photos": {"count": 0, "groups": []}}, "referralId": "e-0-4ad9d80bf964a520301b21e3-37"}, {"reasons": {"count": 0, "items": [{"summary": "This spot is popular", "type": "general", "reasonName": "globalInteractionReason"}]}, "venue": {"id": "4c93ce3882b56dcbb527c9aa", "name": "Silver Star", "location": {"address": "489 Cambridge Heath Rd", "lat": 51.53307306150535, "lng": -0.05721190459217146, "labeledLatLngs": [{"label": "display", "lat": 51.53307306150535, "lng": -0.05721190459217146}], "distance": 242, "postalCode": "E2 9BU", "cc": "GB", "city": "Poplar", "state": "Greater London", "country": "United Kingdom", "formattedAddress": ["489 Cambridge Heath Rd", "Poplar", "Greater London", "E2 9BU", "United Kingdom"]}, "categories": [{"id": "4bf58dd8d48988d145941735", "name": "Chinese Restaurant", "pluralName": "Chinese Restaurants", "shortName": "Chinese", "icon": {"prefix": "https://ss3.4sqi.net/img/categories_v2/food/asian_", "suffix": ".png"}, "primary": true}], "photos": {"count": 0, "groups": []}}, "referralId": "e-0-4c93ce3882b56dcbb527c9aa-38"}, {"reasons": {"count": 0, "items": [{"summary": "This spot is popular", "type": "general", "reasonName": "globalInteractionReason"}]}, "venue": {"id": "54c3a4b5498e10a990e57d54", "name": "La Tua Pasta", "location": {"address": "Broadway Market", "lat": 51.53631578388568, "lng": -0.06192468979444291, "labeledLatLngs": [{"label": "display", "lat": 51.53631578388568, "lng": -0.06192468979444291}], "distance": 251, "cc": "GB", "country": "United Kingdom", "formattedAddress": ["Broadway Market", "United Kingdom"]}, "categories": [{"id": "4bf58dd8d48988d1cb941735", "name": "Food Truck", "pluralName": "Food Trucks", "shortName": "Food Truck", "icon": {"prefix": "https://ss3.4sqi.net/img/categories_v2/food/streetfood_", "suffix": ".png"}, "primary": true}], "photos": {"count": 0, "groups": []}}, "referralId": "e-0-54c3a4b5498e10a990e57d54-39"}, {"reasons": {"count": 0, "items": [{"summary": "This spot is popular", "type": "general", "reasonName": "globalInteractionReason"}]}, "venue": {"id": "4bf58ee04d5f20a1f7a697fe", "name": "Pizza Pizza", "location": {"lat": 51.533008217811584, "lng": -0.056996941566467285, "labeledLatLngs": [{"label": "display", "lat": 51.533008217811584, "lng": -0.056996941566467285}], "distance": 258, "cc": "GB", "country": "United Kingdom", "formattedAddress": ["United Kingdom"]}, "categories": [{"id": "4bf58dd8d48988d1ca941735", "name": "Pizza Place", "pluralName": "Pizza Places", "shortName": "Pizza", "icon": {"prefix": "https://ss3.4sqi.net/img/categories_v2/food/pizza_", "suffix": ".png"}, "primary": true}], "photos": {"count": 0, "groups": []}}, "referralId": "e-0-4bf58ee04d5f20a1f7a697fe-40"}, {"reasons": {"count": 0, "items": [{"summary": "This spot is popular", "type": "general", "reasonName": "globalInteractionReason"}]}, "venue": {"id": "4de67a7cb0fb5cbf0eb225dc", "name": "The Rebel Dining Society", "location": {"address": "30 Vyner Street", "lat": 51.534511, "lng": -0.055421, "labeledLatLngs": [{"label": "display", "lat": 51.534511, "lng": -0.055421}], "distance": 315, "cc": "GB", "city": "Poplar", "state": "Greater London", "country": "United Kingdom", "formattedAddress": ["30 Vyner Street", "Poplar", "Greater London", "United Kingdom"]}, "categories": [{"id": "4bf58dd8d48988d1c4941735", "name": "Restaurant", "pluralName": "Restaurants", "shortName": "Restaurant", "icon": {"prefix": "https://ss3.4sqi.net/img/categories_v2/food/default_", "suffix": ".png"}, "primary": true}], "photos": {"count": 0, "groups": []}}, "referralId": "e-0-4de67a7cb0fb5cbf0eb225dc-41"}, {"reasons": {"count": 0, "items": [{"summary": "This spot is popular", "type": "general", "reasonName": "globalInteractionReason"}]}, "venue": {"id": "5b7045d5fe63bd002c4ba763", "name": "Baba Souks", "location": {"address": "62 Broadway Market", "lat": 51.537263, "lng": -0.061239, "labeledLatLngs": [{"label": "display", "lat": 51.537263, "lng": -0.061239}], "distance": 329, "postalCode": "E8 4QJ", "cc": "GB", "city": "London", "state": "Greater London", "country": "United Kingdom", "formattedAddress": ["62 Broadway Market", "London", "Greater London", "E8 4QJ", "United Kingdom"]}, "categories": [{"id": "4bf58dd8d48988d115941735", "name": "Middle Eastern Restaurant", "pluralName": "Middle Eastern Restaurants", "shortName": "Middle Eastern", "icon": {"prefix": "https://ss3.4sqi.net/img/categories_v2/food/middleeastern_", "suffix": ".png"}, "primary": true}], "photos": {"count": 0, "groups": []}}, "referralId": "e-0-5b7045d5fe63bd002c4ba763-42"}, {"reasons": {"count": 0, "items": [{"summary": "This spot is popular", "type": "general", "reasonName": "globalInteractionReason"}]}, "venue": {"id": "4caf2b49cbab236a0cc69573", "name": "Brewode's Cornucopia", "location": {"address": "Broadway Market", "lat": 51.537214, "lng": -0.061526, "labeledLatLngs": [{"label": "display", "lat": 51.537214, "lng": -0.061526}], "distance": 330, "cc": "GB", "city": "Hackney", "state": "Greater London", "country": "United Kingdom", "formattedAddress": ["Broadway Market", "Hackney", "Greater London", "United Kingdom"]}, "categories": [{"id": "4bf58dd8d48988d16d941735", "name": "Caf\u00e9", "pluralName": "Caf\u00e9s", "shortName": "Caf\u00e9", "icon": {"prefix": "https://ss3.4sqi.net/img/categories_v2/food/cafe_", "suffix": ".png"}, "primary": true}], "photos": {"count": 0, "groups": []}}, "referralId": "e-0-4caf2b49cbab236a0cc69573-43"}, {"reasons": {"count": 0, "items": [{"summary": "This spot is popular", "type": "general", "reasonName": "globalInteractionReason"}]}, "venue": {"id": "50292794e4b00bbc7b28b3b8", "name": "Le Kitchen", "location": {"address": "77 Mare Street", "crossStreet": "Hackney", "lat": 51.537114183809756, "lng": -0.05700797713107277, "labeledLatLngs": [{"label": "display", "lat": 51.537114183809756, "lng": -0.05700797713107277}], "distance": 364, "postalCode": "E8 4RG", "cc": "GB", "city": "London", "state": "Greater London", "country": "United Kingdom", "formattedAddress": ["77 Mare Street (Hackney)", "London", "Greater London", "E8 4RG", "United Kingdom"]}, "categories": [{"id": "4bf58dd8d48988d14a941735", "name": "Vietnamese Restaurant", "pluralName": "Vietnamese Restaurants", "shortName": "Vietnamese", "icon": {"prefix": "https://ss3.4sqi.net/img/categories_v2/food/vietnamese_", "suffix": ".png"}, "primary": true}], "photos": {"count": 0, "groups": []}}, "referralId": "e-0-50292794e4b00bbc7b28b3b8-44"}, {"reasons": {"count": 0, "items": [{"summary": "This spot is popular", "type": "general", "reasonName": "globalInteractionReason"}]}, "venue": {"id": "4ced0bd1f368b1f7499978f7", "name": "City Cafe", "location": {"address": "393 Hackney Rd", "lat": 51.531670857744764, "lng": -0.06291468089288188, "labeledLatLngs": [{"label": "display", "lat": 51.531670857744764, "lng": -0.06291468089288188}], "distance": 366, "postalCode": "E2 8PP", "cc": "GB", "city": "Hackney", "state": "Greater London", "country": "United Kingdom", "formattedAddress": ["393 Hackney Rd", "Hackney", "Greater London", "E2 8PP", "United Kingdom"]}, "categories": [{"id": "4bf58dd8d48988d16d941735", "name": "Caf\u00e9", "pluralName": "Caf\u00e9s", "shortName": "Caf\u00e9", "icon": {"prefix": "https://ss3.4sqi.net/img/categories_v2/food/cafe_", "suffix": ".png"}, "primary": true}], "photos": {"count": 0, "groups": []}}, "referralId": "e-0-4ced0bd1f368b1f7499978f7-45"}, {"reasons": {"count": 0, "items": [{"summary": "This spot is popular", "type": "general", "reasonName": "globalInteractionReason"}]}, "venue": {"id": "4c6579a10f880f470af8f9e6", "name": "Joy Po", "location": {"address": "Mare Street", "lat": 51.537217054944016, "lng": -0.056990393418893774, "labeledLatLngs": [{"label": "display", "lat": 51.537217054944016, "lng": -0.056990393418893774}], "distance": 374, "cc": "GB", "city": "Hackney", "state": "Greater London", "country": "United Kingdom", "formattedAddress": ["Mare Street", "Hackney", "Greater London", "United Kingdom"]}, "categories": [{"id": "4bf58dd8d48988d145941735", "name": "Chinese Restaurant", "pluralName": "Chinese Restaurants", "shortName": "Chinese", "icon": {"prefix": "https://ss3.4sqi.net/img/categories_v2/food/asian_", "suffix": ".png"}, "primary": true}], "photos": {"count": 0, "groups": []}}, "referralId": "e-0-4c6579a10f880f470af8f9e6-46"}]}]}}