{"meta": {"code": 200, "requestId": "5feddcf054a4277f8f4894fc"}, "response": {"warning": {"text": "There aren't a lot of results near you. Try something more general, reset your filters, or expand the search area."}, "headerLocation": "De Beauvoir", "headerFullLocation": "De Beauvoir, London", "headerLocationGranularity": "neighborhood", "query": "travel", "totalResults": 3, "suggestedBounds": {"ne": {"lat": 51.53875000360001, "lng": -0.08049333882712972}, "sw": {"lat": 51.531549996399995, "lng": -0.09204666117287028}}, "groups": [{"type": "Recommended Places", "name": "recommended", "items": [{"reasons": {"count": 0, "items": [{"summary": "This spot is popular", "type": "general", "reasonName": "globalInteractionReason"}]}, "venue": {"id": "4eb31ec6e5fa7306e7c3e17d", "name": "Bus Stop XQ", "location": {"lat": 51.532556588743006, "lng": -0.08711514736727505, "labeledLatLngs": [{"label": "display", "lat": 51.532556588743006, "lng": -0.08711514736727505}], "distance": 294, "cc": "GB", "city": "Hackney", "state": "Greater London", "country": "United Kingdom", "formattedAddress": ["Hackney", "Greater London", "United Kingdom"]}, "categories": [{"id": "52f2ab2ebcbc57f1066b8b4f", "name": "Bus Stop", "pluralName": "Bus Stops", "shortName": "Bus Stop", "icon": {"prefix": "https://ss3.4sqi.net/img/categories_v2/travel/busstation_", "suffix": ".png"}, "primary": true}], "photos": {"count": 0, "groups": []}}, "referralId": "e-0-4eb31ec6e5fa7306e7c3e17d-0"}, {"reasons": {"count": 0, "items": [{"summary": "This spot is popular", "type": "general", "reasonName": "globalInteractionReason"}]}, "venue": {"id": "4c3b7e7a5810a5934ac2ba3c", "name": "Mintern Street bus stop", "location": {"address": "New North Road", "lat": 51.532288, "lng": -0.086844, "labeledLatLngs": [{"label": "display", "lat": 51.532288, "lng": -0.086844}], "distance": 321, "postalCode": "N 1 6", "cc": "GB", "city": "Hackney", "state": "Greater London", "country": "United Kingdom", "formattedAddress": ["New North Road", "Hackney", "Greater London", "N 1 6", "United Kingdom"]}, "categories": [{"id": "52f2ab2ebcbc57f1066b8b4f", "name": "Bus Stop", "pluralName": "Bus Stops", "shortName": "Bus Stop", "icon": {"prefix": "https://ss3.4sqi.net/img/categories_v2/travel/busstation_", "suffix": ".png"}, "primary": true}], "photos": {"count": 0, "groups": []}}, "referralId": "e-0-4c3b7e7a5810a5934ac2ba3c-1"}, {"reasons": {"count": 0, "items": [{"summary": "This spot is popular", "type": "general", "reasonName": "globalInteractionReason"}]}, "venue": {"id": "4df9bb127d8b1f1d6c060d12", "name": "Canal Walk Bus Stop", "location": {"lat": 51.53805638111551, "lng": -0.08624785933833817, "labeledLatLngs": [{"label": "display", "lat": 51.53805638111551, "lng": -0.08624785933833817}], "distance": 323, "cc": "GB", "city": "Hackney", "state": "Greater London", "country": "United Kingdom", "formattedAddress": ["Hackney", "Greater London", "United Kingdom"]}, "categories": [{"id": "52f2ab2ebcbc57f1066b8b4f", "name": "Bus Stop", "pluralName": "Bus Stops", "shortName": "Bus Stop", "icon": {"prefix": "https://ss3.4sqi.net/img/categories_v2/travel/busstation_", "suffix": ".png"}, "primary": true}], "photos": {"count": 0, "groups": []}}, "referralId": "e-0-4df9bb127d8b1f1d6c060d12-2"}]}]}}