{"meta": {"code": 200, "requestId": "5fedd9b3e2c947606eedf774"}, "response": {"suggestedFilters": {"header": "Tap to show:", "filters": [{"name": "Open now", "key": "openNow"}]}, "headerLocation": "Hackney", "headerFullLocation": "Hackney, London", "headerLocationGranularity": "neighborhood", "query": "food", "totalResults": 37, "suggestedBounds": {"ne": {"lat": 51.526030003600006, "lng": -0.07252495252971926}, "sw": {"lat": 51.518829996399994, "lng": -0.08407504747028073}}, "groups": [{"type": "Recommended Places", "name": "recommended", "items": [{"reasons": {"count": 0, "items": [{"summary": "This spot is popular", "type": "general", "reasonName": "globalInteractionReason"}]}, "venue": {"id": "4ad75c2df964a520cd0921e3", "name": "Pizza East", "location": {"address": "56 Shoreditch High St", "crossStreet": "Bethnal Green Rd", "lat": 51.52376263056805, "lng": -0.07703276326058599, "labeledLatLngs": [{"label": "display", "lat": 51.52376263056805, "lng": -0.07703276326058599}], "distance": 172, "postalCode": "E1 6JJ", "cc": "GB", "city": "London", "state": "Greater London", "country": "United Kingdom", "formattedAddress": ["56 Shoreditch High St (Bethnal Green Rd)", "London", "Greater London", "E1 6JJ", "United Kingdom"]}, "categories": [{"id": "4bf58dd8d48988d1ca941735", "name": "Pizza Place", "pluralName": "Pizza Places", "shortName": "Pizza", "icon": {"prefix": "https://ss3.4sqi.net/img/categories_v2/food/pizza_", "suffix": ".png"}, "primary": true}], "photos": {"count": 0, "groups": []}, "venuePage": {"id": "69979874"}}, "referralId": "e-0-4ad75c2df964a520cd0921e3-0"}, {"reasons": {"count": 0, "items": [{"summary": "This spot is popular", "type": "general", "reasonName": "globalInteractionReason"}]}, "venue": {"id": "59e1ffe1dd70c5577e27507f", "name": "Dumpling Shack", "location": {"address": "Old Spitalfields Market", "crossStreet": "The Kitchen", "lat": 51.5223695110415, "lng": -0.08104009042166695, "labeledLatLngs": [{"label": "display", "lat": 51.5223695110415, "lng": -0.08104009042166695}], "distance": 189, "postalCode": "E1 6EW", "cc": "GB", "city": "London", "state": "Greater London", "country": "United Kingdom", "formattedAddress": ["Old Spitalfields Market (The Kitchen)", "London", "Greater London", "E1 6EW", "United Kingdom"]}, "categories": [{"id": "4bf58dd8d48988d1cb941735", "name": "Food Truck", "pluralName": "Food Trucks", "shortName": "Food Truck", "icon": {"prefix": "https://ss3.4sqi.net/img/categories_v2/food/streetfood_", "suffix": ".png"}, "primary": true}], "photos": {"count": 0, "groups": []}}, "referralId": "e-0-59e1ffe1dd70c5577e27507f-1"}, {"reasons": {"count": 0, "items": [{"summary": "This spot is popular", "type": "general", "reasonName": "globalInteractionReason"}]}, "venue": {"id": "57d7eea3498ea60462c1fb36", "name": "What The Pitta", "location": {"address": "Unit 52, Boxpark", "lat": 51.523515649465665, "lng": -0.07610388018980559, "labeledLatLngs": [{"label": "display", "lat": 51.523515649465665, "lng": -0.07610388018980559}], "distance": 194, "postalCode": "E1 6GY", "cc": "GB", "city": "London", "state": "Greater London", "country": "United Kingdom", "formattedAddress": ["Unit 52, Boxpark", "London", "Greater London", "E1 6GY", "United Kingdom"]}, "categories": [{"id": "4bf58dd8d48988d1d3941735", "name": "Vegetarian / Vegan Restaurant", "pluralName": "Vegetarian / Vegan Restaurants", "shortName": "Vegetarian / Vegan", "icon": {"prefix": "https://ss3.4sqi.net/img/categories_v2/food/vegetarian_", "suffix": ".png"}, "primary": true}], "photos": {"count": 0, "groups": []}, "venuePage": {"id": "557365071"}}, "referralId": "e-0-57d7eea3498ea60462c1fb36-2"}, {"reasons": {"count": 0, "items": [{"summary": "This spot is popular", "type": "general", "reasonName": "globalInteractionReason"}]}, "venue": {"id": "5040721ae4b01446aa41d438", "name": "Dishoom", "location": {"address": "7 Boundary St", "lat": 51.524514821853664, "lng": -0.0768497140891246, "labeledLatLngs": [{"label": "display", "lat": 51.524514821853664, "lng": -0.0768497140891246}], "distance": 252, "postalCode": "E2 7JE", "cc": "GB", "neighborhood": "Shoreditch", "city": "London", "state": "Greater London", "country": "United Kingdom", "formattedAddress": ["7 Boundary St", "London", "Greater London", "E2 7JE", "United Kingdom"]}, "categories": [{"id": "4bf58dd8d48988d10f941735", "name": "Indian Restaurant", "pluralName": "Indian Restaurants", "shortName": "Indian", "icon": {"prefix": "https://ss3.4sqi.net/img/categories_v2/food/indian_", "suffix": ".png"}, "primary": true}], "photos": {"count": 0, "groups": []}}, "referralId": "e-0-5040721ae4b01446aa41d438-3"}, {"reasons": {"count": 0, "items": [{"summary": "This spot is popular", "type": "general", "reasonName": "globalInteractionReason"}]}, "venue": {"id": "56e94fda498ec86ebeb6fc90", "name": "Delamina EAST", "location": {"address": "151-153 Commercial St", "lat": 51.52131843153694, "lng": -0.07548547776552969, "labeledLatLngs": [{"label": "display", "lat": 51.52131843153694, "lng": -0.07548547776552969}], "distance": 230, "postalCode": "E1 6BJ", "cc": "GB", "neighborhood": "Spitalfields and Banglatown, London, Greater London", "city": "London", "state": "Greater London", "country": "United Kingdom", "formattedAddress": ["151-153 Commercial St", "London", "Greater London", "E1 6BJ", "United Kingdom"]}, "categories": [{"id": "4bf58dd8d48988d115941735", "name": "Middle Eastern Restaurant", "pluralName": "Middle Eastern Restaurants", "shortName": "Middle Eastern", "icon": {"prefix": "https://ss3.4sqi.net/img/categories_v2/food/middleeastern_", "suffix": ".png"}, "primary": true}], "photos": {"count": 0, "groups": []}, "venuePage": {"id": "176810212"}}, "referralId": "e-0-56e94fda498ec86ebeb6fc90-4"}, {"reasons": {"count": 0, "items": [{"summary": "This spot is popular", "type": "general", "reasonName": "globalInteractionReason"}]}, "venue": {"id": "5e07a318e7ebaa00087fd988", "name": "Casa Do Frango", "location": {"address": "2 king john Court", "lat": 51.524406, "lng": -0.078905, "labeledLatLngs": [{"label": "display", "lat": 51.524406, "lng": -0.078905}], "distance": 223, "postalCode": "EC2A 3EZ", "cc": "GB", "city": "London", "state": "Greater London", "country": "United Kingdom", "formattedAddress": ["2 king john Court", "London", "Greater London", "EC2A 3EZ", "United Kingdom"]}, "categories": [{"id": "4def73e84765ae376e57713a", "name": "Portuguese Restaurant", "pluralName": "Portuguese Restaurants", "shortName": "Portuguese", "icon": {"prefix": "https://ss3.4sqi.net/img/categories_v2/food/portuguese_", "suffix": ".png"}, "primary": true}], "photos": {"count": 0, "groups": []}}, "referralId": "e-0-5e07a318e7ebaa00087fd988-5"}, {"reasons": {"count": 0, "items": [{"summary": "This spot is popular", "type": "general", "reasonName": "globalInteractionReason"}]}, "venue": {"id": "5e4547254f10a40008fb2240", "name": "Padella", "location": {"address": "1 Phipp St", "lat": 51.523371670204625, "lng": -0.0816759467124939, "labeledLatLngs": [{"label": "display", "lat": 51.523371670204625, "lng": -0.0816759467124939}], "distance": 256, "postalCode": "EC2A 4PS", "cc": "GB", "city": "Shoreditch", "state": "Greater London", "country": "United Kingdom", "formattedAddress": ["1 Phipp St", "Shoreditch", "Greater London", "EC2A 4PS", "United Kingdom"]}, "categories": [{"id": "4bf58dd8d48988d110941735", "name": "Italian Restaurant", "pluralName": "Italian Restaurants", "shortName": "Italian", "icon": {"prefix": "https://ss3.4sqi.net/img/categories_v2/food/italian_", "suffix": ".png"}, "primary": true}], "photos": {"count": 0, "groups": []}}, "referralId": "e-0-5e4547254f10a40008fb2240-6"}, {"reasons": {"count": 0, "items": [{"summary": "This spot is popular", "type": "general", "reasonName": "globalInteractionReason"}]}, "venue": {"id": "593a85340ff4f9739a9f1615", "name": "Coqfighter", "location": {"address": "Unit 42 & 43, 2-10 Bethnal Green Rd", "lat": 51.523610290202676, "lng": -0.07691586771649307, "labeledLatLngs": [{"label": "display", "lat": 51.523610290202676, "lng": -0.07691586771649307}], "distance": 162, "postalCode": "E1 6GY", "cc": "GB", "city": "London", "state": "Greater London", "country": "United Kingdom", "formattedAddress": ["Unit 42 & 43, 2-10 Bethnal Green Rd", "London", "Greater London", "E1 6GY", "United Kingdom"]}, "categories": [{"id": "4d4ae6fc7a7b7dea34424761", "name": "Fried Chicken Joint", "pluralName": "Fried Chicken Joints", "shortName": "Fried Chicken", "icon": {"prefix": "https://ss3.4sqi.net/img/categories_v2/food/friedchicken_", "suffix": ".png"}, "primary": true}], "photos": {"count": 0, "groups": []}}, "referralId": "e-0-593a85340ff4f9739a9f1615-7"}, {"reasons": {"count": 0, "items": [{"summary": "This spot is popular", "type": "general", "reasonName": "globalInteractionReason"}]}, "venue": {"id": "4b50c44bf964a520883127e3", "name": "Galvin La Chapelle", "location": {"address": "35 Spital Square", "lat": 51.5202916837452, "lng": -0.07817938640377207, "labeledLatLngs": [{"label": "display", "lat": 51.5202916837452, "lng": -0.07817938640377207}], "distance": 238, "postalCode": "E1 6DY", "cc": "GB", "city": "London", "state": "Greater London", "country": "United Kingdom", "formattedAddress": ["35 Spital Square", "London", "Greater London", "E1 6DY", "United Kingdom"]}, "categories": [{"id": "4bf58dd8d48988d10c941735", "name": "French Restaurant", "pluralName": "French Restaurants", "shortName": "French", "icon": {"prefix": "https://ss3.4sqi.net/img/categories_v2/food/french_", "suffix": ".png"}, "primary": true}], "photos": {"count": 0, "groups": []}, "venuePage": {"id": "547740394"}}, "referralId": "e-0-4b50c44bf964a520883127e3-8"}, {"reasons": {"count": 0, "items": [{"summary": "This spot is popular", "type": "general", "reasonName": "globalInteractionReason"}]}, "venue": {"id": "52988940498e725c6a9df38f", "name": "Andina", "location": {"address": "1 Redchurch St", "crossStreet": "High St", "lat": 51.52436530783196, "lng": -0.07698208093643188, "labeledLatLngs": [{"label": "display", "lat": 51.52436530783196, "lng": -0.07698208093643188}], "distance": 233, "postalCode": "E2 7DJ", "cc": "GB", "city": "Shoreditch", "state": "Greater London", "country": "United Kingdom", "formattedAddress": ["1 Redchurch St (High St)", "Shoreditch", "Greater London", "E2 7DJ", "United Kingdom"]}, "categories": [{"id": "4eb1bfa43b7b52c0e1adc2e8", "name": "Peruvian Restaurant", "pluralName": "Peruvian Restaurants", "shortName": "Peruvian", "icon": {"prefix": "https://ss3.4sqi.net/img/categories_v2/food/peruvian_", "suffix": ".png"}, "primary": true}], "photos": {"count": 0, "groups": []}, "venuePage": {"id": "73632919"}}, "referralId": "e-0-52988940498e725c6a9df38f-9"}, {"reasons": {"count": 0, "items": [{"summary": "This spot is popular", "type": "general", "reasonName": "globalInteractionReason"}]}, "venue": {"id": "59f361b48a6f174d16302041", "name": "Smoking Goat", "location": {"address": "64 High St", "crossStreet": "Redchurch St", "lat": 51.52423003659898, "lng": -0.07705185651043657, "labeledLatLngs": [{"label": "display", "lat": 51.52423003659898, "lng": -0.07705185651043657}], "distance": 218, "postalCode": "E1 6JJ", "cc": "GB", "city": "Shoreditch", "state": "Greater London", "country": "United Kingdom", "formattedAddress": ["64 High St (Redchurch St)", "Shoreditch", "Greater London", "E1 6JJ", "United Kingdom"]}, "categories": [{"id": "4bf58dd8d48988d149941735", "name": "Thai Restaurant", "pluralName": "Thai Restaurants", "shortName": "Thai", "icon": {"prefix": "https://ss3.4sqi.net/img/categories_v2/food/thai_", "suffix": ".png"}, "primary": true}], "photos": {"count": 0, "groups": []}}, "referralId": "e-0-59f361b48a6f174d16302041-10"}, {"reasons": {"count": 0, "items": [{"summary": "This spot is popular", "type": "general", "reasonName": "globalInteractionReason"}]}, "venue": {"id": "57643e72498ede5f048ca51c", "name": "Flat Iron", "location": {"address": "77 Curtain Rd", "lat": 51.5248253266375, "lng": -0.08033740868454578, "labeledLatLngs": [{"label": "display", "lat": 51.5248253266375, "lng": -0.08033740868454578}], "distance": 301, "postalCode": "EC2A 3BS", "cc": "GB", "city": "London", "state": "Greater London", "country": "United Kingdom", "formattedAddress": ["77 Curtain Rd", "London", "Greater London", "EC2A 3BS", "United Kingdom"]}, "categories": [{"id": "4bf58dd8d48988d1cc941735", "name": "Steakhouse", "pluralName": "Steakhouses", "shortName": "Steakhouse", "icon": {"prefix": "https://ss3.4sqi.net/img/categories_v2/food/steakhouse_", "suffix": ".png"}, "primary": true}], "photos": {"count": 0, "groups": []}}, "referralId": "e-0-57643e72498ede5f048ca51c-11"}, {"reasons": {"count": 0, "items": [{"summary": "This spot is popular", "type": "general", "reasonName": "globalInteractionReason"}]}, "venue": {"id": "51a62209454ae7b27328f944", "name": "Burro e Salvia", "location": {"address": "52 Redchurch St", "lat": 51.52442972995472, "lng": -0.0745981511372525, "labeledLatLngs": [{"label": "display", "lat": 51.52442972995472, "lng": -0.0745981511372525}], "distance": 339, "postalCode": "E2 7DP", "cc": "GB", "city": "London", "state": "Greater London", "country": "United Kingdom", "formattedAddress": ["52 Redchurch St", "London", "Greater London", "E2 7DP", "United Kingdom"]}, "categories": [{"id": "4bf58dd8d48988d110941735", "name": "Italian Restaurant", "pluralName": "Italian Restaurants", "shortName": "Italian", "icon": {"prefix": "https://ss3.4sqi.net/img/categories_v2/food/italian_", "suffix": ".png"}, "primary": true}], "photos": {"count": 0, "groups": []}}, "referralId": "e-0-51a62209454ae7b27328f944-12"}, {"reasons": {"count": 0, "items": [{"summary": "This spot is popular", "type": "general", "reasonName": "globalInteractionReason"}]}, "venue": {"id": "5b37d28360255e002c88a4f0", "name": "M\u00e3os", "location": {"address": "41 Redchurch St", "lat": 51.524459, "lng": -0.075299, "labeledLatLngs": [{"label": "display", "lat": 51.524459, "lng": -0.075299}], "distance": 306, "postalCode": "E2 7DJ", "cc": "GB", "city": "London", "state": "Greater London", "country": "United Kingdom", "formattedAddress": ["41 Redchurch St", "London", "Greater London", "E2 7DJ", "United Kingdom"]}, "categories": [{"id": "4def73e84765ae376e57713a", "name": "Portuguese Restaurant", "pluralName": "Portuguese Restaurants", "shortName": "Portuguese", "icon": {"prefix": "https://ss3.4sqi.net/img/categories_v2/food/portuguese_", "suffix": ".png"}, "primary": true}], "photos": {"count": 0, "groups": []}}, "referralId": "e-0-5b37d28360255e002c88a4f0-13"}, {"reasons": {"count": 0, "items": [{"summary": "This spot is popular", "type": "general", "reasonName": "globalInteractionReason"}]}, "venue": {"id": "5647a906498ea0ff8a76180f", "name": "Oklava", "location": {"address": "74 Luke St", "lat": 51.524132380271276, "lng": -0.08149213291266207, "labeledLatLngs": [{"label": "display", "lat": 51.524132380271276, "lng": -0.08149213291266207}], "distance": 291, "postalCode": "EC2A 4PY", "cc": "GB", "city": "Shoreditch", "state": "Greater London", "country": "United Kingdom", "formattedAddress": ["74 Luke St", "Shoreditch", "Greater London", "EC2A 4PY", "United Kingdom"]}, "categories": [{"id": "4f04af1f2fb6e1c99f3db0bb", "name": "Turkish Restaurant", "pluralName": "Turkish Restaurants", "shortName": "Turkish", "icon": {"prefix": "https://ss3.4sqi.net/img/categories_v2/food/turkish_", "suffix": ".png"}, "primary": true}], "photos": {"count": 0, "groups": []}}, "referralId": "e-0-5647a906498ea0ff8a76180f-14"}, {"reasons": {"count": 0, "items": [{"summary": "This spot is popular", "type": "general", "reasonName": "globalInteractionReason"}]}, "venue": {"id": "5763ebb3498e990e803c0684", "name": "Merkamo Ethiopian", "location": {"lat": 51.520099, "lng": -0.07523, "labeledLatLngs": [{"label": "display", "lat": 51.520099, "lng": -0.07523}], "distance": 335, "cc": "GB", "country": "United Kingdom", "formattedAddress": ["United Kingdom"]}, "categories": [{"id": "56aa371be4b08b9a8d57350b", "name": "Food Stand", "pluralName": "Food Stands", "shortName": "Food Stand", "icon": {"prefix": "https://ss3.4sqi.net/img/categories_v2/travel/movingtarget_", "suffix": ".png"}, "primary": true}], "photos": {"count": 0, "groups": []}}, "referralId": "e-0-5763ebb3498e990e803c0684-15"}, {"reasons": {"count": 0, "items": [{"summary": "This spot is popular", "type": "general", "reasonName": "globalInteractionReason"}]}, "venue": {"id": "56fd109f498ec17225af173a", "name": "Ruby", "location": {"address": "35 Charlotte Rd", "lat": 51.525221, "lng": -0.081003, "labeledLatLngs": [{"label": "display", "lat": 51.525221, "lng": -0.081003}], "distance": 362, "postalCode": "EC2A 3PB", "cc": "GB", "city": "London", "country": "United Kingdom", "formattedAddress": ["35 Charlotte Rd", "London", "EC2A 3PB", "United Kingdom"]}, "categories": [{"id": "4bf58dd8d48988d1c5941735", "name": "Sandwich Place", "pluralName": "Sandwich Places", "shortName": "Sandwiches", "icon": {"prefix": "https://ss3.4sqi.net/img/categories_v2/food/deli_", "suffix": ".png"}, "primary": true}], "photos": {"count": 0, "groups": []}}, "referralId": "e-0-56fd109f498ec17225af173a-16"}, {"reasons": {"count": 0, "items": [{"summary": "This spot is popular", "type": "general", "reasonName": "globalInteractionReason"}]}, "venue": {"id": "58188c2b38fab86819349c50", "name": "Smokestak", "location": {"address": "35 Sclater St", "lat": 51.5236384972305, "lng": -0.07291113423363176, "labeledLatLngs": [{"label": "display", "lat": 51.5236384972305, "lng": -0.07291113423363176}], "distance": 396, "postalCode": "E1 6LB", "cc": "GB", "city": "London", "state": "Greater London", "country": "United Kingdom", "formattedAddress": ["35 Sclater St", "London", "Greater London", "E1 6LB", "United Kingdom"]}, "categories": [{"id": "4bf58dd8d48988d1df931735", "name": "BBQ Joint", "pluralName": "BBQ Joints", "shortName": "BBQ", "icon": {"prefix": "https://ss3.4sqi.net/img/categories_v2/food/bbqalt_", "suffix": ".png"}, "primary": true}], "photos": {"count": 0, "groups": []}}, "referralId": "e-0-58188c2b38fab86819349c50-17"}, {"reasons": {"count": 0, "items": [{"summary": "This spot is popular", "type": "general", "reasonName": "globalInteractionReason"}]}, "venue": {"id": "53bbdefe498e97b80789e930", "name": "Banh-Mi & Son", "location": {"address": "40 Clifton St", "lat": 51.521577215556746, "lng": -0.08345952650700401, "labeledLatLngs": [{"label": "display", "lat": 51.521577215556746, "lng": -0.08345952650700401}], "distance": 369, "cc": "GB", "country": "United Kingdom", "formattedAddress": ["40 Clifton St", "United Kingdom"]}, "categories": [{"id": "4bf58dd8d48988d1cb941735", "name": "Food Truck", "pluralName": "Food Trucks", "shortName": "Food Truck", "icon": {"prefix": "https://ss3.4sqi.net/img/categories_v2/food/streetfood_", "suffix": ".png"}, "primary": true}], "photos": {"count": 0, "groups": []}}, "referralId": "e-0-53bbdefe498e97b80789e930-18"}, {"reasons": {"count": 0, "items": [{"summary": "This spot is popular", "type": "general", "reasonName": "globalInteractionReason"}]}, "venue": {"id": "55379484498ea3ffb2ca3b19", "name": "Sud Italia", "location": {"address": "16 Horner Sq", "crossStreet": "Old Spitalfields Market", "lat": 51.51980127601916, "lng": -0.07538657241898032, "labeledLatLngs": [{"label": "display", "lat": 51.51980127601916, "lng": -0.07538657241898032}], "distance": 355, "postalCode": "E1 6EW", "cc": "GB", "neighborhood": "Spitalfields and Banglatown, London, Greater London", "city": "London", "state": "Greater London", "country": "United Kingdom", "formattedAddress": ["16 Horner Sq (Old Spitalfields Market)", "London", "Greater London", "E1 6EW", "United Kingdom"]}, "categories": [{"id": "4bf58dd8d48988d1cb941735", "name": "Food Truck", "pluralName": "Food Trucks", "shortName": "Food Truck", "icon": {"prefix": "https://ss3.4sqi.net/img/categories_v2/food/streetfood_", "suffix": ".png"}, "primary": true}], "photos": {"count": 0, "groups": []}}, "referralId": "e-0-55379484498ea3ffb2ca3b19-19"}, {"reasons": {"count": 0, "items": [{"summary": "This spot is popular", "type": "general", "reasonName": "globalInteractionReason"}]}, "venue": {"id": "4ba23f17f964a520bce637e3", "name": "Cafe Caribbean", "location": {"address": "Unit D The Pavilion, Old Spitalfield Market, Brushfield St", "crossStreet": "Commercial Street", "lat": 51.5199177, "lng": -0.0751753, "labeledLatLngs": [{"label": "display", "lat": 51.5199177, "lng": -0.0751753}], "distance": 353, "postalCode": "E1 6AA", "cc": "GB", "city": "London", "state": "Greater London", "country": "United Kingdom", "formattedAddress": ["Unit D The Pavilion, Old Spitalfield Market, Brushfield St (Commercial Street)", "London", "Greater London", "E1 6AA", "United Kingdom"]}, "categories": [{"id": "4bf58dd8d48988d144941735", "name": "Caribbean Restaurant", "pluralName": "Caribbean Restaurants", "shortName": "Caribbean", "icon": {"prefix": "https://ss3.4sqi.net/img/categories_v2/food/caribbean_", "suffix": ".png"}, "primary": true}], "photos": {"count": 0, "groups": []}}, "referralId": "e-0-4ba23f17f964a520bce637e3-20"}, {"reasons": {"count": 0, "items": [{"summary": "This spot is popular", "type": "general", "reasonName": "globalInteractionReason"}]}, "venue": {"id": "4ac518c6f964a520f9a420e3", "name": "St. John Bread and Wine", "location": {"address": "94-96 Commercial St", "lat": 51.519767584836174, "lng": -0.07452990292331736, "labeledLatLngs": [{"label": "display", "lat": 51.519767584836174, "lng": -0.07452990292331736}], "distance": 395, "postalCode": "E1 6LZ", "cc": "GB", "neighborhood": "Tower Hamlets", "city": "Spitalfields", "state": "Greater London", "country": "United Kingdom", "formattedAddress": ["94-96 Commercial St", "Spitalfields", "Greater London", "E1 6LZ", "United Kingdom"]}, "categories": [{"id": "4bf58dd8d48988d1c4941735", "name": "Restaurant", "pluralName": "Restaurants", "shortName": "Restaurant", "icon": {"prefix": "https://ss3.4sqi.net/img/categories_v2/food/default_", "suffix": ".png"}, "primary": true}], "photos": {"count": 0, "groups": []}}, "referralId": "e-0-4ac518c6f964a520f9a420e3-21"}, {"reasons": {"count": 0, "items": [{"summary": "This spot is popular", "type": "general", "reasonName": "globalInteractionReason"}]}, "venue": {"id": "57b5aeb9498e99db348ebb4c", "name": "Smokoloko", "location": {"address": "Lamb St", "crossStreet": "Old Spitalfields Market", "lat": 51.52005232822385, "lng": -0.07615609267237569, "labeledLatLngs": [{"label": "display", "lat": 51.52005232822385, "lng": -0.07615609267237569}], "distance": 303, "postalCode": "E1 6EA", "cc": "GB", "city": "London", "state": "Greater London", "country": "United Kingdom", "formattedAddress": ["Lamb St (Old Spitalfields Market)", "London", "Greater London", "E1 6EA", "United Kingdom"]}, "categories": [{"id": "4bf58dd8d48988d1cb941735", "name": "Food Truck", "pluralName": "Food Trucks", "shortName": "Food Truck", "icon": {"prefix": "https://ss3.4sqi.net/img/categories_v2/food/streetfood_", "suffix": ".png"}, "primary": true}], "photos": {"count": 0, "groups": []}}, "referralId": "e-0-57b5aeb9498e99db348ebb4c-22"}, {"reasons": {"count": 0, "items": [{"summary": "This spot is popular", "type": "general", "reasonName": "globalInteractionReason"}]}, "venue": {"id": "4c6697019cb82d7ff0eb90d2", "name": "Cundall & Garcia", "location": {"address": "42 Brushfield St", "lat": 51.51921357771155, "lng": -0.07690059966887373, "labeledLatLngs": [{"label": "display", "lat": 51.51921357771155, "lng": -0.07690059966887373}], "distance": 370, "postalCode": "E1 6AG", "cc": "GB", "city": "London", "state": "Greater London", "country": "United Kingdom", "formattedAddress": ["42 Brushfield St", "London", "Greater London", "E1 6AG", "United Kingdom"]}, "categories": [{"id": "4bf58dd8d48988d146941735", "name": "Deli / Bodega", "pluralName": "Delis / Bodegas", "shortName": "Deli / Bodega", "icon": {"prefix": "https://ss3.4sqi.net/img/categories_v2/food/deli_", "suffix": ".png"}, "primary": true}], "photos": {"count": 0, "groups": []}}, "referralId": "e-0-4c6697019cb82d7ff0eb90d2-23"}, {"reasons": {"count": 0, "items": [{"summary": "This spot is popular", "type": "general", "reasonName": "globalInteractionReason"}]}, "venue": {"id": "5b224e2cb9b37b002c27d006", "name": "Pleasant Lady Jian Bing Trading Stall", "location": {"address": "Spitalfields Market", "lat": 51.519668, "lng": -0.07539, "labeledLatLngs": [{"label": "display", "lat": 51.519668, "lng": -0.07539}], "distance": 367, "postalCode": "E1 6EW", "cc": "GB", "city": "London", "state": "Greater London", "country": "United Kingdom", "formattedAddress": ["Spitalfields Market", "London", "Greater London", "E1 6EW", "United Kingdom"]}, "categories": [{"id": "4bf58dd8d48988d145941735", "name": "Chinese Restaurant", "pluralName": "Chinese Restaurants", "shortName": "Chinese", "icon": {"prefix": "https://ss3.4sqi.net/img/categories_v2/food/asian_", "suffix": ".png"}, "primary": true}], "photos": {"count": 0, "groups": []}}, "referralId": "e-0-5b224e2cb9b37b002c27d006-24"}, {"reasons": {"count": 0, "items": [{"summary": "This spot is popular", "type": "general", "reasonName": "globalInteractionReason"}]}, "venue": {"id": "5a6c958ca42362046acfc53c", "name": "Monty\u2019s Deli", "location": {"address": "Spitalfield\u2019s", "lat": 51.51965946700907, "lng": -0.07509797242137688, "labeledLatLngs": [{"label": "display", "lat": 51.51965946700907, "lng": -0.07509797242137688}], "distance": 379, "postalCode": "E1 6BG", "cc": "GB", "city": "London", "state": "Greater London", "country": "United Kingdom", "formattedAddress": ["Spitalfield\u2019s", "London", "Greater London", "E1 6BG", "United Kingdom"]}, "categories": [{"id": "52e81612bcbc57f1066b79fd", "name": "Jewish Restaurant", "pluralName": "Jewish Restaurants", "shortName": "Jewish", "icon": {"prefix": "https://ss3.4sqi.net/img/categories_v2/food/default_", "suffix": ".png"}, "primary": true}], "photos": {"count": 0, "groups": []}}, "referralId": "e-0-5a6c958ca42362046acfc53c-25"}, {"reasons": {"count": 0, "items": [{"summary": "This spot is popular", "type": "general", "reasonName": "globalInteractionReason"}]}, "venue": {"id": "53ac0026498ee596ef17218b", "name": "The Backstreet Diner", "location": {"address": "Clifton St", "crossStreet": "Dysart St", "lat": 51.52161318437401, "lng": -0.08341372317798512, "labeledLatLngs": [{"label": "display", "lat": 51.52161318437401, "lng": -0.08341372317798512}], "distance": 365, "postalCode": "EC2A 4EX", "cc": "GB", "country": "United Kingdom", "formattedAddress": ["Clifton St (Dysart St)", "EC2A 4EX", "United Kingdom"]}, "categories": [{"id": "4bf58dd8d48988d1cb941735", "name": "Food Truck", "pluralName": "Food Trucks", "shortName": "Food Truck", "icon": {"prefix": "https://ss3.4sqi.net/img/categories_v2/food/streetfood_", "suffix": ".png"}, "primary": true}], "photos": {"count": 0, "groups": []}}, "referralId": "e-0-53ac0026498ee596ef17218b-26"}, {"reasons": {"count": 0, "items": [{"summary": "This spot is popular", "type": "general", "reasonName": "globalInteractionReason"}]}, "venue": {"id": "5c692ec8829b0c002c56986d", "name": "Gloria by Big Mamma", "location": {"address": "54-56 Great Eastern St", "lat": 51.52496383354684, "lng": -0.08130471249095239, "labeledLatLngs": [{"label": "display", "lat": 51.52496383354684, "lng": -0.08130471249095239}], "distance": 350, "postalCode": "EC2A 3QR", "cc": "GB", "city": "Shoreditch", "state": "Greater London", "country": "United Kingdom", "formattedAddress": ["54-56 Great Eastern St", "Shoreditch", "Greater London", "EC2A 3QR", "United Kingdom"]}, "categories": [{"id": "4bf58dd8d48988d110941735", "name": "Italian Restaurant", "pluralName": "Italian Restaurants", "shortName": "Italian", "icon": {"prefix": "https://ss3.4sqi.net/img/categories_v2/food/italian_", "suffix": ".png"}, "primary": true}], "photos": {"count": 0, "groups": []}}, "referralId": "e-0-5c692ec8829b0c002c56986d-27"}, {"reasons": {"count": 0, "items": [{"summary": "This spot is popular", "type": "general", "reasonName": "globalInteractionReason"}]}, "venue": {"id": "5bfeeebf28374e002cf4ee9e", "name": "Burger & Beyond", "location": {"address": "147 High St", "lat": 51.52581932656734, "lng": -0.07777467409600922, "labeledLatLngs": [{"label": "display", "lat": 51.52581932656734, "lng": -0.07777467409600922}], "distance": 379, "postalCode": "E1 6JE", "cc": "GB", "city": "Shoreditch", "state": "Greater London", "country": "United Kingdom", "formattedAddress": ["147 High St", "Shoreditch", "Greater London", "E1 6JE", "United Kingdom"]}, "categories": [{"id": "4bf58dd8d48988d16c941735", "name": "Burger Joint", "pluralName": "Burger Joints", "shortName": "Burgers", "icon": {"prefix": "https://ss3.4sqi.net/img/categories_v2/food/burger_", "suffix": ".png"}, "primary": true}], "photos": {"count": 0, "groups": []}}, "referralId": "e-0-5bfeeebf28374e002cf4ee9e-28"}, {"reasons": {"count": 0, "items": [{"summary": "This spot is popular", "type": "general", "reasonName": "globalInteractionReason"}]}, "venue": {"id": "4fd72c57e4b054e49f33d63a", "name": "The Orange Buffalo", "location": {"address": "Ely's Yard", "crossStreet": "The Old Truman Brewery", "lat": 51.520996590471405, "lng": -0.07328861092566546, "labeledLatLngs": [{"label": "display", "lat": 51.520996590471405, "lng": -0.07328861092566546}], "distance": 382, "postalCode": "E1 6QL", "cc": "GB", "city": "Spitalfields", "state": "Greater London", "country": "United Kingdom", "formattedAddress": ["Ely's Yard (The Old Truman Brewery)", "Spitalfields", "Greater London", "E1 6QL", "United Kingdom"]}, "categories": [{"id": "4bf58dd8d48988d14c941735", "name": "Wings Joint", "pluralName": "Wings Joints", "shortName": "Wings", "icon": {"prefix": "https://ss3.4sqi.net/img/categories_v2/food/wings_", "suffix": ".png"}, "primary": true}], "photos": {"count": 0, "groups": []}}, "referralId": "e-0-4fd72c57e4b054e49f33d63a-29"}, {"reasons": {"count": 0, "items": [{"summary": "This spot is popular", "type": "general", "reasonName": "globalInteractionReason"}]}, "venue": {"id": "57c8203d498e43a03a2b7ae9", "name": "Vita Mojo", "location": {"address": "5 Steward Street", "crossStreet": "Brushfield Street", "lat": 51.51892507419836, "lng": -0.07767617007366469, "labeledLatLngs": [{"label": "display", "lat": 51.51892507419836, "lng": -0.07767617007366469}], "distance": 392, "postalCode": "E1 6AN", "cc": "GB", "city": "London", "state": "Greater London", "country": "United Kingdom", "formattedAddress": ["5 Steward Street (Brushfield Street)", "London", "Greater London", "E1 6AN", "United Kingdom"]}, "categories": [{"id": "4bf58dd8d48988d1bd941735", "name": "Salad Place", "pluralName": "Salad Places", "shortName": "Salad", "icon": {"prefix": "https://ss3.4sqi.net/img/categories_v2/food/salad_", "suffix": ".png"}, "primary": true}], "photos": {"count": 0, "groups": []}}, "referralId": "e-0-57c8203d498e43a03a2b7ae9-30"}, {"reasons": {"count": 0, "items": [{"summary": "This spot is popular", "type": "general", "reasonName": "globalInteractionReason"}]}, "venue": {"id": "4aec5cc4f964a52053c621e3", "name": "Rosa's Thai Cafe", "location": {"address": "12 Hanbury St", "lat": 51.52029, "lng": -0.073822774, "labeledLatLngs": [{"label": "display", "lat": 51.52029, "lng": -0.073822774}], "distance": 391, "postalCode": "E1 6QR", "cc": "GB", "city": "London", "state": "Greater London", "country": "United Kingdom", "formattedAddress": ["12 Hanbury St", "London", "Greater London", "E1 6QR", "United Kingdom"]}, "categories": [{"id": "4bf58dd8d48988d149941735", "name": "Thai Restaurant", "pluralName": "Thai Restaurants", "shortName": "Thai", "icon": {"prefix": "https://ss3.4sqi.net/img/categories_v2/food/thai_", "suffix": ".png"}, "primary": true}], "photos": {"count": 0, "groups": []}}, "referralId": "e-0-4aec5cc4f964a52053c621e3-31"}, {"reasons": {"count": 0, "items": [{"summary": "This spot is popular", "type": "general", "reasonName": "globalInteractionReason"}]}, "venue": {"id": "4d4c07c17aa6a35dcc8cd270", "name": "Poppies Fish & Chips", "location": {"address": "6-8 Hanbury St", "crossStreet": "at Commercial St", "lat": 51.52033652797438, "lng": -0.07411133225735177, "labeledLatLngs": [{"label": "display", "lat": 51.52033652797438, "lng": -0.07411133225735177}], "distance": 372, "postalCode": "E1 6QR", "cc": "GB", "neighborhood": "Spitalfields and Banglatown", "city": "London", "state": "Greater London", "country": "United Kingdom", "formattedAddress": ["6-8 Hanbury St (at Commercial St)", "London", "Greater London", "E1 6QR", "United Kingdom"]}, "categories": [{"id": "4edd64a0c7ddd24ca188df1a", "name": "Fish & Chips Shop", "pluralName": "Fish & Chips Shops", "shortName": "Fish & Chips", "icon": {"prefix": "https://ss3.4sqi.net/img/categories_v2/food/fishandchips_", "suffix": ".png"}, "primary": true}], "photos": {"count": 0, "groups": []}}, "referralId": "e-0-4d4c07c17aa6a35dcc8cd270-32"}, {"reasons": {"count": 0, "items": [{"summary": "This spot is popular", "type": "general", "reasonName": "globalInteractionReason"}]}, "venue": {"id": "52666aa2498ed2f1c6785708", "name": "Bulldog Edition", "location": {"address": "100 Shoreditch High St", "lat": 51.525711465050776, "lng": -0.07763504701548994, "labeledLatLngs": [{"label": "display", "lat": 51.525711465050776, "lng": -0.07763504701548994}], "distance": 368, "postalCode": "E1 6JQ", "cc": "GB", "city": "Shoreditch", "state": "Greater London", "country": "United Kingdom", "formattedAddress": ["100 Shoreditch High St", "Shoreditch", "Greater London", "E1 6JQ", "United Kingdom"]}, "categories": [{"id": "4bf58dd8d48988d16d941735", "name": "Caf\u00e9", "pluralName": "Caf\u00e9s", "shortName": "Caf\u00e9", "icon": {"prefix": "https://ss3.4sqi.net/img/categories_v2/food/cafe_", "suffix": ".png"}, "primary": true}], "photos": {"count": 0, "groups": []}}, "referralId": "e-0-52666aa2498ed2f1c6785708-33"}, {"reasons": {"count": 0, "items": [{"summary": "This spot is popular", "type": "general", "reasonName": "globalInteractionReason"}]}, "venue": {"id": "52482fbd498ec22aa7d95532", "name": "Hoi Polloi", "location": {"address": "Ace Hotel, 100 Shoreditch High St", "lat": 51.52587609175958, "lng": -0.07777425995751673, "labeledLatLngs": [{"label": "display", "lat": 51.52587609175958, "lng": -0.07777425995751673}], "distance": 385, "postalCode": "E1 6JQ", "cc": "GB", "city": "Shoreditch", "state": "Greater London", "country": "United Kingdom", "formattedAddress": ["Ace Hotel, 100 Shoreditch High St", "Shoreditch", "Greater London", "E1 6JQ", "United Kingdom"]}, "categories": [{"id": "4bf58dd8d48988d1c4941735", "name": "Restaurant", "pluralName": "Restaurants", "shortName": "Restaurant", "icon": {"prefix": "https://ss3.4sqi.net/img/categories_v2/food/default_", "suffix": ".png"}, "primary": true}], "photos": {"count": 0, "groups": []}, "venuePage": {"id": "91964079"}}, "referralId": "e-0-52482fbd498ec22aa7d95532-34"}, {"reasons": {"count": 0, "items": [{"summary": "This spot is popular", "type": "general", "reasonName": "globalInteractionReason"}]}, "venue": {"id": "5cc1a56386f4cc002caa0577", "name": "The Munch", "location": {"address": "148 Shoreditch High St", "lat": 51.52575171029839, "lng": -0.07789827010128647, "labeledLatLngs": [{"label": "display", "lat": 51.52575171029839, "lng": -0.07789827010128647}], "distance": 370, "postalCode": "E1 6JE", "cc": "GB", "city": "London", "state": "Greater London", "country": "United Kingdom", "formattedAddress": ["148 Shoreditch High St", "London", "Greater London", "E1 6JE", "United Kingdom"]}, "categories": [{"id": "4f04af1f2fb6e1c99f3db0bb", "name": "Turkish Restaurant", "pluralName": "Turkish Restaurants", "shortName": "Turkish", "icon": {"prefix": "https://ss3.4sqi.net/img/categories_v2/food/turkish_", "suffix": ".png"}, "primary": true}], "photos": {"count": 0, "groups": []}}, "referralId": "e-0-5cc1a56386f4cc002caa0577-35"}, {"reasons": {"count": 0, "items": [{"summary": "This spot is popular", "type": "general", "reasonName": "globalInteractionReason"}]}, "venue": {"id": "5821ab8403fcb433a67e0bac", "name": "Little Shoreditch Cafe", "location": {"lat": 51.523293, "lng": -0.08222245, "labeledLatLngs": [{"label": "display", "lat": 51.523293, "lng": -0.08222245}], "distance": 288, "postalCode": "EC2A 4HU", "cc": "GB", "city": "London", "state": "Greater London", "country": "United Kingdom", "formattedAddress": ["London", "Greater London", "EC2A 4HU", "United Kingdom"]}, "categories": [{"id": "4bf58dd8d48988d16d941735", "name": "Caf\u00e9", "pluralName": "Caf\u00e9s", "shortName": "Caf\u00e9", "icon": {"prefix": "https://ss3.4sqi.net/img/categories_v2/food/cafe_", "suffix": ".png"}, "primary": true}], "photos": {"count": 0, "groups": []}}, "referralId": "e-0-5821ab8403fcb433a67e0bac-36"}]}]}}