{"meta": {"code": 200, "requestId": "5fedda2fd547f51ffb130c8c"}, "response": {"headerLocation": "Hoxton", "headerFullLocation": "Hoxton, London", "headerLocationGranularity": "neighborhood", "query": "food", "totalResults": 4, "suggestedBounds": {"ne": {"lat": 51.53783000360001, "lng": -0.08410945558127371}, "sw": {"lat": 51.530629996399995, "lng": -0.09566254441872628}}, "groups": [{"type": "Recommended Places", "name": "recommended", "items": [{"reasons": {"count": 0, "items": [{"summary": "This spot is popular", "type": "general", "reasonName": "globalInteractionReason"}]}, "venue": {"id": "571399a6498ec90dbf43ffe6", "name": "The North by Northwest", "location": {"address": "188-190 New North Rd", "lat": 51.53757777489615, "lng": -0.0912586530909335, "labeledLatLngs": [{"label": "display", "lat": 51.53757777489615, "lng": -0.0912586530909335}], "distance": 384, "postalCode": "N1 7BJ", "cc": "GB", "city": "London", "state": "Greater London", "country": "United Kingdom", "formattedAddress": ["188-190 New North Rd", "London", "Greater London", "N1 7BJ", "United Kingdom"]}, "categories": [{"id": "4bf58dd8d48988d155941735", "name": "Gastropub", "pluralName": "Gastropubs", "shortName": "Gastropub", "icon": {"prefix": "https://ss3.4sqi.net/img/categories_v2/food/gastropub_", "suffix": ".png"}, "primary": true}], "photos": {"count": 0, "groups": []}}, "referralId": "e-0-571399a6498ec90dbf43ffe6-0"}, {"reasons": {"count": 0, "items": [{"summary": "This spot is popular", "type": "general", "reasonName": "globalInteractionReason"}]}, "venue": {"id": "52d12a74498e85dde5a22aba", "name": "The Good Egg at Cortado", "location": {"lat": 51.53586177424437, "lng": -0.08935287632689377, "labeledLatLngs": [{"label": "display", "lat": 51.53586177424437, "lng": -0.08935287632689377}], "distance": 185, "cc": "GB", "country": "United Kingdom", "formattedAddress": ["United Kingdom"]}, "categories": [{"id": "4bf58dd8d48988d143941735", "name": "Breakfast Spot", "pluralName": "Breakfast Spots", "shortName": "Breakfast", "icon": {"prefix": "https://ss3.4sqi.net/img/categories_v2/food/breakfast_", "suffix": ".png"}, "primary": true}], "photos": {"count": 0, "groups": []}}, "referralId": "e-0-52d12a74498e85dde5a22aba-1"}, {"reasons": {"count": 0, "items": [{"summary": "This spot is popular", "type": "general", "reasonName": "globalInteractionReason"}]}, "venue": {"id": "4bd0a57e046076b04a677071", "name": "Ming Pat", "location": {"lat": 51.53149209044448, "lng": -0.08937993224047361, "labeledLatLngs": [{"label": "display", "lat": 51.53149209044448, "lng": -0.08937993224047361}], "distance": 306, "cc": "GB", "country": "United Kingdom", "formattedAddress": ["United Kingdom"]}, "categories": [{"id": "4bf58dd8d48988d145941735", "name": "Chinese Restaurant", "pluralName": "Chinese Restaurants", "shortName": "Chinese", "icon": {"prefix": "https://ss3.4sqi.net/img/categories_v2/food/asian_", "suffix": ".png"}, "primary": true}], "photos": {"count": 0, "groups": []}}, "referralId": "e-0-4bd0a57e046076b04a677071-2"}, {"reasons": {"count": 0, "items": [{"summary": "This spot is popular", "type": "general", "reasonName": "globalInteractionReason"}]}, "venue": {"id": "4dea272ed164ef597ce26c8d", "name": "Wenlock Cafe", "location": {"address": "50-52 Wharf Road", "lat": 51.53081412810276, "lng": -0.08957848229260039, "labeledLatLngs": [{"label": "display", "lat": 51.53081412810276, "lng": -0.08957848229260039}], "distance": 380, "postalCode": "N1 7EU", "cc": "GB", "city": "London", "state": "Greater London", "country": "United Kingdom", "formattedAddress": ["50-52 Wharf Road", "London", "Greater London", "N1 7EU", "United Kingdom"]}, "categories": [{"id": "4bf58dd8d48988d16d941735", "name": "Caf\u00e9", "pluralName": "Caf\u00e9s", "shortName": "Caf\u00e9", "icon": {"prefix": "https://ss3.4sqi.net/img/categories_v2/food/cafe_", "suffix": ".png"}, "primary": true}], "photos": {"count": 0, "groups": []}, "venuePage": {"id": "513317440"}}, "referralId": "e-0-4dea272ed164ef597ce26c8d-3"}]}]}}