{"meta": {"code": 200, "requestId": "5fedd9e8e2c947606eeeb221"}, "response": {"headerLocation": "Hoxton", "headerFullLocation": "Hoxton, London", "headerLocationGranularity": "neighborhood", "query": "travel", "totalResults": 7, "suggestedBounds": {"ne": {"lat": 51.534451003600005, "lng": -0.07691188434566434}, "sw": {"lat": 51.52725099639999, "lng": -0.08846411565433565}}, "groups": [{"type": "Recommended Places", "name": "recommended", "items": [{"reasons": {"count": 0, "items": [{"summary": "This spot is popular", "type": "general", "reasonName": "globalInteractionReason"}]}, "venue": {"id": "512c9ddde4b0c375b6779161", "name": "Classic Car Club", "location": {"address": "138 Pitfield Street", "lat": 51.53092223999881, "lng": -0.0821498950946135, "labeledLatLngs": [{"label": "display", "lat": 51.53092223999881, "lng": -0.0821498950946135}], "distance": 38, "postalCode": "N1 6JR", "cc": "GB", "city": "London", "state": "Greater London", "country": "United Kingdom", "formattedAddress": ["138 Pitfield Street", "London", "Greater London", "N1 6JR", "United Kingdom"]}, "categories": [{"id": "4bf58dd8d48988d1ef941735", "name": "Rental Car Location", "pluralName": "Rental Car Locations", "shortName": "Rental Car", "icon": {"prefix": "https://ss3.4sqi.net/img/categories_v2/shops/airport_rentalcar_", "suffix": ".png"}, "primary": true}], "photos": {"count": 0, "groups": []}}, "referralId": "e-0-512c9ddde4b0c375b6779161-0"}, {"reasons": {"count": 0, "items": [{"summary": "This spot is popular", "type": "general", "reasonName": "globalInteractionReason"}]}, "venue": {"id": "5204cba8498ed71ec2b86085", "name": "The Framerys", "location": {"address": "3 Academy Buildings Fanshaw St", "lat": 51.529494, "lng": -0.081076, "labeledLatLngs": [{"label": "display", "lat": 51.529494, "lng": -0.081076}], "distance": 187, "postalCode": "N1 6LQ", "cc": "GB", "city": "London", "state": "Greater London", "country": "United Kingdom", "formattedAddress": ["3 Academy Buildings Fanshaw St", "London", "Greater London", "N1 6LQ", "United Kingdom"]}, "categories": [{"id": "4bf58dd8d48988d1fa931735", "name": "Hotel", "pluralName": "Hotels", "shortName": "Hotel", "icon": {"prefix": "https://ss3.4sqi.net/img/categories_v2/travel/hotel_", "suffix": ".png"}, "primary": true}], "photos": {"count": 0, "groups": []}}, "referralId": "e-0-5204cba8498ed71ec2b86085-1"}, {"reasons": {"count": 0, "items": [{"summary": "This spot is popular", "type": "general", "reasonName": "globalInteractionReason"}]}, "venue": {"id": "4c4eb0d567929c74801c9c9b", "name": "TfL Santander Cycle Hire", "location": {"address": "New North Rd", "crossStreet": "East Rd", "lat": 51.53119194503936, "lng": -0.08608818054199219, "labeledLatLngs": [{"label": "display", "lat": 51.53119194503936, "lng": -0.08608818054199219}], "distance": 238, "postalCode": "N1 6JB", "cc": "GB", "city": "Hoxton", "state": "Greater London", "country": "United Kingdom", "formattedAddress": ["New North Rd (East Rd)", "Hoxton", "Greater London", "N1 6JB", "United Kingdom"]}, "categories": [{"id": "4e4c9077bd41f78e849722f9", "name": "Bike Rental / Bike Share", "pluralName": "Bike Rentals / Bike Shares", "shortName": "Bike", "icon": {"prefix": "https://ss3.4sqi.net/img/categories_v2/shops/bikeshop_", "suffix": ".png"}, "primary": true}], "photos": {"count": 0, "groups": []}}, "referralId": "e-0-4c4eb0d567929c74801c9c9b-2"}, {"reasons": {"count": 0, "items": [{"summary": "This spot is popular", "type": "general", "reasonName": "globalInteractionReason"}]}, "venue": {"id": "4d41e54aaed776eb69666897", "name": "Waytostay", "location": {"address": "Fanshaw Street, Shoreditch", "lat": 51.5288, "lng": -0.08085, "labeledLatLngs": [{"label": "display", "lat": 51.5288, "lng": -0.08085}], "distance": 261, "postalCode": "N1 6LQ", "cc": "GB", "city": "London", "state": "Greater London", "country": "United Kingdom", "formattedAddress": ["Fanshaw Street, Shoreditch", "London", "Greater London", "N1 6LQ", "United Kingdom"]}, "categories": [{"id": "4bf58dd8d48988d1fa931735", "name": "Hotel", "pluralName": "Hotels", "shortName": "Hotel", "icon": {"prefix": "https://ss3.4sqi.net/img/categories_v2/travel/hotel_", "suffix": ".png"}, "primary": true}], "photos": {"count": 0, "groups": []}}, "referralId": "e-0-4d41e54aaed776eb69666897-3"}, {"reasons": {"count": 0, "items": [{"summary": "This spot is popular", "type": "general", "reasonName": "globalInteractionReason"}]}, "venue": {"id": "4c3b7e7a5810a5934ac2ba3c", "name": "Mintern Street bus stop", "location": {"address": "New North Road", "lat": 51.532288, "lng": -0.086844, "labeledLatLngs": [{"label": "display", "lat": 51.532288, "lng": -0.086844}], "distance": 329, "postalCode": "N 1 6", "cc": "GB", "city": "Hackney", "state": "Greater London", "country": "United Kingdom", "formattedAddress": ["New North Road", "Hackney", "Greater London", "N 1 6", "United Kingdom"]}, "categories": [{"id": "52f2ab2ebcbc57f1066b8b4f", "name": "Bus Stop", "pluralName": "Bus Stops", "shortName": "Bus Stop", "icon": {"prefix": "https://ss3.4sqi.net/img/categories_v2/travel/busstation_", "suffix": ".png"}, "primary": true}], "photos": {"count": 0, "groups": []}}, "referralId": "e-0-4c3b7e7a5810a5934ac2ba3c-4"}, {"reasons": {"count": 0, "items": [{"summary": "This spot is popular", "type": "general", "reasonName": "globalInteractionReason"}]}, "venue": {"id": "4eb31ec6e5fa7306e7c3e17d", "name": "Bus Stop XQ", "location": {"lat": 51.532556588743006, "lng": -0.08711514736727505, "labeledLatLngs": [{"label": "display", "lat": 51.532556588743006, "lng": -0.08711514736727505}], "distance": 360, "cc": "GB", "city": "Hackney", "state": "Greater London", "country": "United Kingdom", "formattedAddress": ["Hackney", "Greater London", "United Kingdom"]}, "categories": [{"id": "52f2ab2ebcbc57f1066b8b4f", "name": "Bus Stop", "pluralName": "Bus Stops", "shortName": "Bus Stop", "icon": {"prefix": "https://ss3.4sqi.net/img/categories_v2/travel/busstation_", "suffix": ".png"}, "primary": true}], "photos": {"count": 0, "groups": []}}, "referralId": "e-0-4eb31ec6e5fa7306e7c3e17d-5"}, {"reasons": {"count": 0, "items": [{"summary": "This spot is popular", "type": "general", "reasonName": "globalInteractionReason"}]}, "venue": {"id": "54a69bc4498e6e2f1e38f653", "name": "Central Hoxton Shoreditch Studios", "location": {"address": "100 Kingsland Road", "lat": 51.529905874053384, "lng": -0.0772361207574319, "labeledLatLngs": [{"label": "display", "lat": 51.529905874053384, "lng": -0.0772361207574319}], "distance": 391, "postalCode": "E2 8DP", "cc": "GB", "city": "London", "state": "Greater London", "country": "United Kingdom", "formattedAddress": ["100 Kingsland Road", "London", "Greater London", "E2 8DP", "United Kingdom"]}, "categories": [{"id": "4bf58dd8d48988d1fa931735", "name": "Hotel", "pluralName": "Hotels", "shortName": "Hotel", "icon": {"prefix": "https://ss3.4sqi.net/img/categories_v2/travel/hotel_", "suffix": ".png"}, "primary": true}], "photos": {"count": 0, "groups": []}}, "referralId": "e-0-54a69bc4498e6e2f1e38f653-6"}]}]}}