{"meta": {"code": 200, "requestId": "5fedd9a8d3e79e09bc3cf3f9"}, "response": {"suggestedFilters": {"header": "Tap to show:", "filters": [{"name": "Open now", "key": "openNow"}]}, "headerLocation": "Barnsbury", "headerFullLocation": "Barnsbury, London", "headerLocationGranularity": "neighborhood", "query": "college education", "totalResults": 16, "suggestedBounds": {"ne": {"lat": 51.535334003600006, "lng": -0.10748377230907165}, "sw": {"lat": 51.528133996399994, "lng": -0.11903622769092835}}, "groups": [{"type": "Recommended Places", "name": "recommended", "items": [{"reasons": {"count": 0, "items": [{"summary": "This spot is popular", "type": "general", "reasonName": "globalInteractionReason"}]}, "venue": {"id": "4c0b6c36bbc676b0828c4bd5", "name": "Islington Farmers\u2019 Market", "location": {"address": "Chapel Market", "crossStreet": "Penton St.", "lat": 51.533428361983795, "lng": -0.11016774275218318, "labeledLatLngs": [{"label": "display", "lat": 51.533428361983795, "lng": -0.11016774275218318}], "distance": 285, "postalCode": "N1 9PZ", "cc": "GB", "city": "Islington", "state": "Greater London", "country": "United Kingdom", "formattedAddress": ["Chapel Market (Penton St.)", "Islington", "Greater London", "N1 9PZ", "United Kingdom"]}, "categories": [{"id": "4bf58dd8d48988d1fa941735", "name": "Farmers Market", "pluralName": "Farmers Markets", "shortName": "Farmer's Market", "icon": {"prefix": "https://ss3.4sqi.net/img/categories_v2/shops/food_farmersmarket_", "suffix": ".png"}, "primary": true}], "photos": {"count": 0, "groups": []}}, "referralId": "e-0-4c0b6c36bbc676b0828c4bd5-0"}, {"reasons": {"count": 0, "items": [{"summary": "This spot is popular", "type": "general", "reasonName": "globalInteractionReason"}]}, "venue": {"id": "56a4a042498e6402f68851de", "name": "Quill London", "location": {"address": "37 Amwell St.", "lat": 51.529194555984894, "lng": -0.11033200785619833, "labeledLatLngs": [{"label": "display", "lat": 51.529194555984894, "lng": -0.11033200785619833}], "distance": 347, "postalCode": "EC1R 1UR", "cc": "GB", "city": "London", "state": "Greater London", "country": "United Kingdom", "formattedAddress": ["37 Amwell St.", "London", "Greater London", "EC1R 1UR", "United Kingdom"]}, "categories": [{"id": "4bf58dd8d48988d127951735", "name": "Arts & Crafts Store", "pluralName": "Arts & Crafts Stores", "shortName": "Arts & Crafts", "icon": {"prefix": "https://ss3.4sqi.net/img/categories_v2/shops/artstore_", "suffix": ".png"}, "primary": true}], "photos": {"count": 0, "groups": []}}, "referralId": "e-0-56a4a042498e6402f68851de-1"}, {"reasons": {"count": 0, "items": [{"summary": "This spot is popular", "type": "general", "reasonName": "globalInteractionReason"}]}, "venue": {"id": "4ac518eef964a5201ead20e3", "name": "Chapel Market", "location": {"address": "Chapel Market", "crossStreet": "at Liverpool Rd.", "lat": 51.53352287954976, "lng": -0.10840415954589844, "labeledLatLngs": [{"label": "display", "lat": 51.53352287954976, "lng": -0.10840415954589844}], "distance": 390, "postalCode": "N1 9QA", "cc": "GB", "city": "London", "state": "Greater London", "country": "United Kingdom", "formattedAddress": ["Chapel Market (at Liverpool Rd.)", "London", "Greater London", "N1 9QA", "United Kingdom"]}, "categories": [{"id": "53e0feef498e5aac066fd8a9", "name": "Street Food Gathering", "pluralName": "Street Food Gatherings", "shortName": "Street Food Gathering", "icon": {"prefix": "https://ss3.4sqi.net/img/categories_v2/food/streetfood_", "suffix": ".png"}, "primary": true}], "photos": {"count": 0, "groups": []}, "venuePage": {"id": "593578317"}}, "referralId": "e-0-4ac518eef964a5201ead20e3-2"}, {"reasons": {"count": 0, "items": [{"summary": "This spot is popular", "type": "general", "reasonName": "globalInteractionReason"}]}, "venue": {"id": "4b7d694ff964a520edbc2fe3", "name": "Tesco Express", "location": {"address": "122-128 Pentonville Rd", "lat": 51.531661645453575, "lng": -0.1126272976398468, "labeledLatLngs": [{"label": "display", "lat": 51.531661645453575, "lng": -0.1126272976398468}], "distance": 44, "postalCode": "N1 9TT", "cc": "GB", "city": "London", "state": "Greater London", "country": "United Kingdom", "formattedAddress": ["122-128 Pentonville Rd", "London", "Greater London", "N1 9TT", "United Kingdom"]}, "categories": [{"id": "4bf58dd8d48988d118951735", "name": "Grocery Store", "pluralName": "Grocery Stores", "shortName": "Grocery Store", "icon": {"prefix": "https://ss3.4sqi.net/img/categories_v2/shops/food_grocery_", "suffix": ".png"}, "primary": true}], "photos": {"count": 0, "groups": []}}, "referralId": "e-0-4b7d694ff964a520edbc2fe3-3"}, {"reasons": {"count": 0, "items": [{"summary": "This spot is popular", "type": "general", "reasonName": "globalInteractionReason"}]}, "venue": {"id": "4be56113910020a135ddd214", "name": "Pentonville Rubber", "location": {"address": "106 Pentonville Rd", "lat": 51.531649, "lng": -0.111491, "labeledLatLngs": [{"label": "display", "lat": 51.531649, "lng": -0.111491}], "distance": 122, "cc": "GB", "city": "Islington", "state": "Greater London", "country": "United Kingdom", "formattedAddress": ["106 Pentonville Rd", "Islington", "Greater London", "United Kingdom"]}, "categories": [{"id": "4bf58dd8d48988d1f8941735", "name": "Furniture / Home Store", "pluralName": "Furniture / Home Stores", "shortName": "Furniture / Home", "icon": {"prefix": "https://ss3.4sqi.net/img/categories_v2/shops/furniture_", "suffix": ".png"}, "primary": true}], "photos": {"count": 0, "groups": []}}, "referralId": "e-0-4be56113910020a135ddd214-4"}, {"reasons": {"count": 0, "items": [{"summary": "This spot is popular", "type": "general", "reasonName": "globalInteractionReason"}]}, "venue": {"id": "5c1157ba8afbe0002d1261ab", "name": "Ticket In Your Pocket", "location": {"address": "38 Penton St", "lat": 51.5328448, "lng": -0.1111878000000388, "labeledLatLngs": [{"label": "display", "lat": 51.5328448, "lng": -0.1111878000000388}], "distance": 189, "postalCode": "N1 9QA", "cc": "GB", "city": "London", "state": "Greater London", "country": "United Kingdom", "formattedAddress": ["38 Penton St", "London", "Greater London", "N1 9QA", "United Kingdom"]}, "categories": [{"id": "5453de49498eade8af355881", "name": "Business Service", "pluralName": "Business Services", "shortName": "Business Services", "icon": {"prefix": "https://ss3.4sqi.net/img/categories_v2/building/default_", "suffix": ".png"}, "primary": true}], "photos": {"count": 0, "groups": []}, "venuePage": {"id": "520518499"}}, "referralId": "e-0-5c1157ba8afbe0002d1261ab-5"}, {"reasons": {"count": 0, "items": [{"summary": "This spot is popular", "type": "general", "reasonName": "globalInteractionReason"}]}, "venue": {"id": "5655f0dd498ee1f82cf6637f", "name": "Lustrous Jewellery", "location": {"address": "34 New House,67-68 Hatton Garden", "lat": 51.530599598353504, "lng": -0.11473417282104492, "labeledLatLngs": [{"label": "display", "lat": 51.530599598353504, "lng": -0.11473417282104492}], "distance": 162, "postalCode": "EC1N 8JY", "cc": "GB", "city": "London", "state": "Greater London", "country": "United Kingdom", "formattedAddress": ["34 New House,67-68 Hatton Garden", "London", "Greater London", "EC1N 8JY", "United Kingdom"]}, "categories": [{"id": "4bf58dd8d48988d111951735", "name": "Jewelry Store", "pluralName": "Jewelry Stores", "shortName": "Jewelry", "icon": {"prefix": "https://ss3.4sqi.net/img/categories_v2/shops/jewelry_", "suffix": ".png"}, "primary": true}], "photos": {"count": 0, "groups": []}, "venuePage": {"id": "148915536"}}, "referralId": "e-0-5655f0dd498ee1f82cf6637f-6"}, {"reasons": {"count": 0, "items": [{"summary": "This spot is popular", "type": "general", "reasonName": "globalInteractionReason"}]}, "venue": {"id": "5e944cda6229550007ae2e08", "name": "Yugen", "location": {"address": "3 Godson St", "lat": 51.533079727776084, "lng": -0.1106615069147665, "labeledLatLngs": [{"label": "display", "lat": 51.533079727776084, "lng": -0.1106615069147665}], "distance": 234, "postalCode": "N1 9GZ", "cc": "GB", "city": "London", "country": "United Kingdom", "formattedAddress": ["3 Godson St", "London", "N1 9GZ", "United Kingdom"]}, "categories": [{"id": "4bf58dd8d48988d103951735", "name": "Clothing Store", "pluralName": "Clothing Stores", "shortName": "Apparel", "icon": {"prefix": "https://ss3.4sqi.net/img/categories_v2/shops/apparel_", "suffix": ".png"}, "primary": true}], "photos": {"count": 0, "groups": []}, "venuePage": {"id": "583954766"}}, "referralId": "e-0-5e944cda6229550007ae2e08-7"}, {"reasons": {"count": 0, "items": [{"summary": "This spot is popular", "type": "general", "reasonName": "globalInteractionReason"}]}, "venue": {"id": "4f9bbf9be4b08ea038ebe836", "name": "Sports Direct", "location": {"address": "89-91 Chapel Market", "lat": 51.533161351161816, "lng": -0.11015946362761755, "labeledLatLngs": [{"label": "display", "lat": 51.533161351161816, "lng": -0.11015946362761755}], "distance": 267, "postalCode": "N1 9EX", "cc": "GB", "city": "Gb", "country": "United Kingdom", "formattedAddress": ["89-91 Chapel Market", "Gb", "N1 9EX", "United Kingdom"]}, "categories": [{"id": "4bf58dd8d48988d1f2941735", "name": "Sporting Goods Shop", "pluralName": "Sporting Goods Shops", "shortName": "Sporting Goods", "icon": {"prefix": "https://ss3.4sqi.net/img/categories_v2/shops/sports_outdoors_", "suffix": ".png"}, "primary": true}], "photos": {"count": 0, "groups": []}}, "referralId": "e-0-4f9bbf9be4b08ea038ebe836-8"}, {"reasons": {"count": 0, "items": [{"summary": "This spot is popular", "type": "general", "reasonName": "globalInteractionReason"}]}, "venue": {"id": "5e3161e2f40b73000839d7ca", "name": "DPOsystems", "location": {"address": "80 White Lion St", "lat": 51.5328684, "lng": -0.108578, "labeledLatLngs": [{"label": "display", "lat": 51.5328684, "lng": -0.108578}], "distance": 347, "postalCode": "N1 9PF", "cc": "GB", "city": "London", "state": "Greater London", "country": "United Kingdom", "formattedAddress": ["80 White Lion St", "London", "Greater London", "N1 9PF", "United Kingdom"]}, "categories": [{"id": "5453de49498eade8af355881", "name": "Business Service", "pluralName": "Business Services", "shortName": "Business Services", "icon": {"prefix": "https://ss3.4sqi.net/img/categories_v2/building/default_", "suffix": ".png"}, "primary": true}], "photos": {"count": 0, "groups": []}, "venuePage": {"id": "575741010"}}, "referralId": "e-0-5e3161e2f40b73000839d7ca-9"}, {"reasons": {"count": 0, "items": [{"summary": "This spot is popular", "type": "general", "reasonName": "globalInteractionReason"}]}, "venue": {"id": "5d127b0f2e173e0023c380be", "name": "Karolina Heller Actor Headshots", "location": {"address": "34/D1 Pentonville Rd", "lat": 51.5320851, "lng": -0.1080059, "labeledLatLngs": [{"label": "display", "lat": 51.5320851, "lng": -0.1080059}], "distance": 365, "postalCode": "N1 9HF", "cc": "GB", "city": "London", "state": "Greater London", "country": "United Kingdom", "formattedAddress": ["34/D1 Pentonville Rd", "London", "Greater London", "N1 9HF", "United Kingdom"]}, "categories": [{"id": "554a5e17498efabeda6cc559", "name": "Photography Studio", "pluralName": "Photography Studios", "shortName": "Photo Studio", "icon": {"prefix": "https://ss3.4sqi.net/img/categories_v2/shops/camerastore_", "suffix": ".png"}, "primary": true}], "photos": {"count": 0, "groups": []}}, "referralId": "e-0-5d127b0f2e173e0023c380be-10"}, {"reasons": {"count": 0, "items": [{"summary": "This spot is popular", "type": "general", "reasonName": "globalInteractionReason"}]}, "venue": {"id": "4ee216700e01e35350410d61", "name": "Angel Pet", "location": {"address": "73 Chapel Market", "lat": 51.5334875523945, "lng": -0.10875155925574143, "labeledLatLngs": [{"label": "display", "lat": 51.5334875523945, "lng": -0.10875155925574143}], "distance": 368, "cc": "GB", "city": "Greater London", "state": "Greater London", "country": "United Kingdom", "formattedAddress": ["73 Chapel Market", "Greater London", "United Kingdom"]}, "categories": [{"id": "4bf58dd8d48988d100951735", "name": "Pet Store", "pluralName": "Pet Stores", "shortName": "Pet Store", "icon": {"prefix": "https://ss3.4sqi.net/img/categories_v2/shops/pet_store_", "suffix": ".png"}, "primary": true}], "photos": {"count": 0, "groups": []}}, "referralId": "e-0-4ee216700e01e35350410d61-11"}, {"reasons": {"count": 0, "items": [{"summary": "This spot is popular", "type": "general", "reasonName": "globalInteractionReason"}]}, "venue": {"id": "4c11ec6a6e5dc9b6b5f1b02d", "name": "Specsavers", "location": {"address": "68 Chapel Market", "lat": 51.53347851892341, "lng": -0.10867722374403081, "labeledLatLngs": [{"label": "display", "lat": 51.53347851892341, "lng": -0.10867722374403081}], "distance": 372, "postalCode": "N1 9ER", "cc": "GB", "city": "Islington", "state": "Greater London", "country": "United Kingdom", "formattedAddress": ["68 Chapel Market", "Islington", "Greater London", "N1 9ER", "United Kingdom"]}, "categories": [{"id": "4d954afda243a5684865b473", "name": "Optical Shop", "pluralName": "Optical Shops", "shortName": "Optical", "icon": {"prefix": "https://ss3.4sqi.net/img/categories_v2/building/medical_opticalshop_", "suffix": ".png"}, "primary": true}], "photos": {"count": 0, "groups": []}}, "referralId": "e-0-4c11ec6a6e5dc9b6b5f1b02d-12"}, {"reasons": {"count": 0, "items": [{"summary": "This spot is popular", "type": "general", "reasonName": "globalInteractionReason"}]}, "venue": {"id": "57af5c66498ef7c5f74e927f", "name": "Anji Orient \u5b89\u5409\u4fbf\u5229\u5546\u5e97", "location": {"address": "23C White Conduit St", "lat": 51.533787, "lng": -0.10898419, "labeledLatLngs": [{"label": "display", "lat": 51.533787, "lng": -0.10898419}], "distance": 374, "postalCode": "N1 9HA", "cc": "GB", "city": "London", "state": "Greater London", "country": "United Kingdom", "formattedAddress": ["23C White Conduit St", "London", "Greater London", "N1 9HA", "United Kingdom"]}, "categories": [{"id": "4bf58dd8d48988d118951735", "name": "Grocery Store", "pluralName": "Grocery Stores", "shortName": "Grocery Store", "icon": {"prefix": "https://ss3.4sqi.net/img/categories_v2/shops/food_grocery_", "suffix": ".png"}, "primary": true}], "photos": {"count": 0, "groups": []}}, "referralId": "e-0-57af5c66498ef7c5f74e927f-13"}, {"reasons": {"count": 0, "items": [{"summary": "This spot is popular", "type": "general", "reasonName": "globalInteractionReason"}]}, "venue": {"id": "53da55d6498ee9f728f16dc7", "name": "faraworkshop", "location": {"address": "28-32 Pentonville Rd", "lat": 51.53164603288324, "lng": -0.10776923319115106, "labeledLatLngs": [{"label": "display", "lat": 51.53164603288324, "lng": -0.10776923319115106}], "distance": 380, "postalCode": "N1 9HJ", "cc": "GB", "city": "London", "state": "Greater London", "country": "United Kingdom", "formattedAddress": ["28-32 Pentonville Rd", "London", "Greater London", "N1 9HJ", "United Kingdom"]}, "categories": [{"id": "4bf58dd8d48988d104951735", "name": "Boutique", "pluralName": "Boutiques", "shortName": "Boutique", "icon": {"prefix": "https://ss3.4sqi.net/img/categories_v2/shops/apparel_boutique_", "suffix": ".png"}, "primary": true}], "photos": {"count": 0, "groups": []}}, "referralId": "e-0-53da55d6498ee9f728f16dc7-14"}, {"reasons": {"count": 0, "items": [{"summary": "This spot is popular", "type": "general", "reasonName": "globalInteractionReason"}]}, "venue": {"id": "4c90fa80490376b008a9db36", "name": "Shades Hairdressers", "location": {"address": "20 Pentonville Rd.", "lat": 51.53183620515971, "lng": -0.10775200166114436, "labeledLatLngs": [{"label": "display", "lat": 51.53183620515971, "lng": -0.10775200166114436}], "distance": 381, "postalCode": "N1 9HJ", "cc": "GB", "city": "London", "state": "Greater London", "country": "United Kingdom", "formattedAddress": ["20 Pentonville Rd.", "London", "Greater London", "N1 9HJ", "United Kingdom"]}, "categories": [{"id": "4bf58dd8d48988d10c951735", "name": "Cosmetics Shop", "pluralName": "Cosmetics Shops", "shortName": "Cosmetics", "icon": {"prefix": "https://ss3.4sqi.net/img/categories_v2/shops/beauty_cosmetic_", "suffix": ".png"}, "primary": true}], "photos": {"count": 0, "groups": []}}, "referralId": "e-0-4c90fa80490376b008a9db36-15"}]}]}}