{"meta": {"code": 200, "requestId": "5feddcee76cf540ef16062bf"}, "response": {"suggestedFilters": {"header": "Tap to show:", "filters": [{"name": "Open now", "key": "openNow"}]}, "headerLocation": "Hacton", "headerFullLocation": "Hacton, London", "headerLocationGranularity": "neighborhood", "query": "college education", "totalResults": 15, "suggestedBounds": {"ne": {"lat": 51.55583000360001, "lng": 0.22588882986708292}, "sw": {"lat": 51.548629996399995, "lng": 0.21433117013291708}}, "groups": [{"type": "Recommended Places", "name": "recommended", "items": [{"reasons": {"count": 0, "items": [{"summary": "This spot is popular", "type": "general", "reasonName": "globalInteractionReason"}]}, "venue": {"id": "5a03097db1538e57250bc4a8", "name": "Sainsbury's Local", "location": {"address": "2 Suttons Lane, Hornchurch", "lat": 51.5523809, "lng": 0.2183861, "labeledLatLngs": [{"label": "display", "lat": 51.5523809, "lng": 0.2183861}], "distance": 120, "postalCode": "RM12 6RJ", "cc": "GB", "city": "Hornchurch", "state": "Greater London", "country": "United Kingdom", "formattedAddress": ["2 Suttons Lane, Hornchurch", "Hornchurch", "Greater London", "RM12 6RJ", "United Kingdom"]}, "categories": [{"id": "4bf58dd8d48988d118951735", "name": "Grocery Store", "pluralName": "Grocery Stores", "shortName": "Grocery Store", "icon": {"prefix": "https://ss3.4sqi.net/img/categories_v2/shops/food_grocery_", "suffix": ".png"}, "primary": true}], "photos": {"count": 0, "groups": []}}, "referralId": "e-0-5a03097db1538e57250bc4a8-0"}, {"reasons": {"count": 0, "items": [{"summary": "This spot is popular", "type": "general", "reasonName": "globalInteractionReason"}]}, "venue": {"id": "4ff7ed41e4b08a4c72dad40d", "name": "Boots", "location": {"address": "205 Station Ln", "lat": 51.55475434235035, "lng": 0.21946300555530884, "labeledLatLngs": [{"label": "display", "lat": 51.55475434235035, "lng": 0.21946300555530884}], "distance": 284, "postalCode": "RM12 6LL", "cc": "GB", "city": "Hornchurch", "state": "Greater London", "country": "United Kingdom", "formattedAddress": ["205 Station Ln", "Hornchurch", "Greater London", "RM12 6LL", "United Kingdom"]}, "categories": [{"id": "4bf58dd8d48988d10f951735", "name": "Pharmacy", "pluralName": "Pharmacies", "shortName": "Pharmacy", "icon": {"prefix": "https://ss3.4sqi.net/img/categories_v2/shops/pharmacy_", "suffix": ".png"}, "primary": true}], "photos": {"count": 0, "groups": []}}, "referralId": "e-0-4ff7ed41e4b08a4c72dad40d-1"}, {"reasons": {"count": 0, "items": [{"summary": "This spot is popular", "type": "general", "reasonName": "globalInteractionReason"}]}, "venue": {"id": "4d5419cef5daa093f4016e74", "name": "Sound Attack", "location": {"address": "3 Suttons Ln", "lat": 51.55146733123081, "lng": 0.21954904444561563, "labeledLatLngs": [{"label": "display", "lat": 51.55146733123081, "lng": 0.21954904444561563}], "distance": 93, "postalCode": "RM12 6RD", "cc": "GB", "city": "Hornchurch", "state": "Greater London", "country": "United Kingdom", "formattedAddress": ["3 Suttons Ln", "Hornchurch", "Greater London", "RM12 6RD", "United Kingdom"]}, "categories": [{"id": "4bf58dd8d48988d10d951735", "name": "Record Shop", "pluralName": "Record Shops", "shortName": "Record Shop", "icon": {"prefix": "https://ss3.4sqi.net/img/categories_v2/shops/record_shop_", "suffix": ".png"}, "primary": true}], "photos": {"count": 0, "groups": []}}, "referralId": "e-0-4d5419cef5daa093f4016e74-2"}, {"reasons": {"count": 0, "items": [{"summary": "This spot is popular", "type": "general", "reasonName": "globalInteractionReason"}]}, "venue": {"id": "5a17da2ae679bc21a1611034", "name": "Blooms & Co Flowers", "location": {"address": "23 Suttons Lane", "lat": 51.5531113, "lng": 0.2188178, "labeledLatLngs": [{"label": "display", "lat": 51.5531113, "lng": 0.2188178}], "distance": 132, "postalCode": "RM12 6RD", "cc": "GB", "city": "Hornchurch", "state": "Greater London", "country": "United Kingdom", "formattedAddress": ["23 Suttons Lane", "Hornchurch", "Greater London", "RM12 6RD", "United Kingdom"]}, "categories": [{"id": "4bf58dd8d48988d11b951735", "name": "Flower Shop", "pluralName": "Flower Shops", "shortName": "Flower Shop", "icon": {"prefix": "https://ss3.4sqi.net/img/categories_v2/shops/flowershop_", "suffix": ".png"}, "primary": true}], "photos": {"count": 0, "groups": []}}, "referralId": "e-0-5a17da2ae679bc21a1611034-3"}, {"reasons": {"count": 0, "items": [{"summary": "This spot is popular", "type": "general", "reasonName": "globalInteractionReason"}]}, "venue": {"id": "4d4ada084509721ed66932b0", "name": "La Vivienne", "location": {"address": "181 Station Ln.", "lat": 51.55141750996908, "lng": 0.21962828041516605, "labeledLatLngs": [{"label": "display", "lat": 51.55141750996908, "lng": 0.21962828041516605}], "distance": 96, "postalCode": "RM12 6LL", "cc": "GB", "city": "Hornchurch", "state": "Greater London", "country": "United Kingdom", "formattedAddress": ["181 Station Ln.", "Hornchurch", "Greater London", "RM12 6LL", "United Kingdom"]}, "categories": [{"id": "4bf58dd8d48988d10c951735", "name": "Cosmetics Shop", "pluralName": "Cosmetics Shops", "shortName": "Cosmetics", "icon": {"prefix": "https://ss3.4sqi.net/img/categories_v2/shops/beauty_cosmetic_", "suffix": ".png"}, "primary": true}], "photos": {"count": 0, "groups": []}}, "referralId": "e-0-4d4ada084509721ed66932b0-4"}, {"reasons": {"count": 0, "items": [{"summary": "This spot is popular", "type": "general", "reasonName": "globalInteractionReason"}]}, "venue": {"id": "585125916d349d3f0951ce28", "name": "Lets Party Fireworks", "location": {"address": "49 Suttons Lane", "lat": 51.55192089150323, "lng": 0.21865367889404294, "labeledLatLngs": [{"label": "display", "lat": 51.55192089150323, "lng": 0.21865367889404294}], "distance": 106, "postalCode": "RM12 6RJ", "cc": "GB", "city": "Essex", "state": "Essex", "country": "United Kingdom", "formattedAddress": ["49 Suttons Lane", "Essex", "RM12 6RJ", "United Kingdom"]}, "categories": [{"id": "52f2ab2ebcbc57f1066b8b3a", "name": "Fireworks Store", "pluralName": "Fireworks Stores", "shortName": "Fireworks Store", "icon": {"prefix": "https://ss3.4sqi.net/img/categories_v2/shops/default_", "suffix": ".png"}, "primary": true}], "photos": {"count": 0, "groups": []}}, "referralId": "e-0-585125916d349d3f0951ce28-5"}, {"reasons": {"count": 0, "items": [{"summary": "This spot is popular", "type": "general", "reasonName": "globalInteractionReason"}]}, "venue": {"id": "4c737bbe6b91b7135b10fb20", "name": "Advance Music", "location": {"address": "79 Station Ln.", "lat": 51.55266006109354, "lng": 0.21860440688261637, "labeledLatLngs": [{"label": "display", "lat": 51.55266006109354, "lng": 0.21860440688261637}], "distance": 114, "postalCode": "RM12 6JU", "cc": "GB", "city": "Hornchurch", "state": "Greater London", "country": "United Kingdom", "formattedAddress": ["79 Station Ln.", "Hornchurch", "Greater London", "RM12 6JU", "United Kingdom"]}, "categories": [{"id": "4bf58dd8d48988d1fe941735", "name": "Music Store", "pluralName": "Music Stores", "shortName": "Music Store", "icon": {"prefix": "https://ss3.4sqi.net/img/categories_v2/shops/music_instruments_", "suffix": ".png"}, "primary": true}], "photos": {"count": 0, "groups": []}}, "referralId": "e-0-4c737bbe6b91b7135b10fb20-6"}, {"reasons": {"count": 0, "items": [{"summary": "This spot is popular", "type": "general", "reasonName": "globalInteractionReason"}]}, "venue": {"id": "585afb0e53f5bb1926aa62d3", "name": "Jay Repro Limited", "location": {"address": "Unit 23 Horndon Industrial Park, Station Rd, West Horndon", "lat": 51.553967, "lng": 0.220496, "labeledLatLngs": [{"label": "display", "lat": 51.553967, "lng": 0.220496}], "distance": 195, "postalCode": "RM12 6NL", "cc": "GB", "city": "Brentwood", "state": "Essex", "country": "United Kingdom", "formattedAddress": ["Unit 23 Horndon Industrial Park, Station Rd, West Horndon", "Brentwood", "Essex", "RM12 6NL", "United Kingdom"]}, "categories": [{"id": "52f2ab2ebcbc57f1066b8b2f", "name": "Other Repair Shop", "pluralName": "Other Repair Shops", "shortName": "Other Repair", "icon": {"prefix": "https://ss3.4sqi.net/img/categories_v2/shops/default_", "suffix": ".png"}, "primary": true}], "photos": {"count": 0, "groups": []}}, "referralId": "e-0-585afb0e53f5bb1926aa62d3-7"}, {"reasons": {"count": 0, "items": [{"summary": "This spot is popular", "type": "general", "reasonName": "globalInteractionReason"}]}, "venue": {"id": "5a8c5af9356b493fcd0e70bc", "name": "Styles Glass & Glazing", "location": {"address": "Electric House Suttons Lane", "lat": 51.5519793, "lng": 0.2188448, "labeledLatLngs": [{"label": "display", "lat": 51.5519793, "lng": 0.2188448}], "distance": 91, "postalCode": "RM12 6RJ", "cc": "GB", "city": "Essex", "state": "Essex", "country": "United Kingdom", "formattedAddress": ["Electric House Suttons Lane", "Essex", "RM12 6RJ", "United Kingdom"]}, "categories": [{"id": "5454144b498ec1f095bff2f2", "name": "Construction & Landscaping", "pluralName": "Construction & Landscaping", "shortName": "Construction", "icon": {"prefix": "https://ss3.4sqi.net/img/categories_v2/shops/realestate_", "suffix": ".png"}, "primary": true}], "photos": {"count": 0, "groups": []}}, "referralId": "e-0-5a8c5af9356b493fcd0e70bc-8"}, {"reasons": {"count": 0, "items": [{"summary": "This spot is popular", "type": "general", "reasonName": "globalInteractionReason"}]}, "venue": {"id": "598054b5f1fdaf0cd18b653c", "name": "OnesieOnesie.com", "location": {"address": "84 Alma Avenue", "lat": 51.552459591422746, "lng": 0.22317051887512207, "labeledLatLngs": [{"label": "display", "lat": 51.552459591422746, "lng": 0.22317051887512207}], "distance": 213, "postalCode": "RM12 6AH", "cc": "GB", "city": "Essex", "state": "Essex", "country": "United Kingdom", "formattedAddress": ["84 Alma Avenue", "Essex", "RM12 6AH", "United Kingdom"]}, "categories": [{"id": "4bf58dd8d48988d103951735", "name": "Clothing Store", "pluralName": "Clothing Stores", "shortName": "Apparel", "icon": {"prefix": "https://ss3.4sqi.net/img/categories_v2/shops/apparel_", "suffix": ".png"}, "primary": true}], "photos": {"count": 0, "groups": []}}, "referralId": "e-0-598054b5f1fdaf0cd18b653c-9"}, {"reasons": {"count": 0, "items": [{"summary": "This spot is popular", "type": "general", "reasonName": "globalInteractionReason"}]}, "venue": {"id": "5fccd30113280a176ee8039c", "name": "Domestic Cleaning 4U", "location": {"address": "8 Central Drive", "lat": 51.55245437, "lng": 0.22368567, "labeledLatLngs": [{"label": "display", "lat": 51.55245437, "lng": 0.22368567}], "distance": 248, "postalCode": "RM12 6EL", "cc": "GB", "city": "Hornchurch", "state": "Greater London", "country": "United Kingdom", "formattedAddress": ["8 Central Drive", "Hornchurch", "Greater London", "RM12 6EL", "United Kingdom"]}, "categories": [{"id": "5453de49498eade8af355881", "name": "Business Service", "pluralName": "Business Services", "shortName": "Business Services", "icon": {"prefix": "https://ss3.4sqi.net/img/categories_v2/building/default_", "suffix": ".png"}, "primary": true}], "photos": {"count": 0, "groups": []}, "venuePage": {"id": "1359283774"}}, "referralId": "e-0-5fccd30113280a176ee8039c-10"}, {"reasons": {"count": 0, "items": [{"summary": "This spot is popular", "type": "general", "reasonName": "globalInteractionReason"}]}, "venue": {"id": "55098130498e18b7114ce01b", "name": "Nail Studio", "location": {"address": "158 Station Lane", "crossStreet": "Station Lane", "lat": 51.5544747, "lng": 0.2192908, "labeledLatLngs": [{"label": "display", "lat": 51.5544747, "lng": 0.2192908}], "distance": 256, "postalCode": "RM12 6LS", "cc": "GB", "city": "Hornchurch", "state": "Greater London", "country": "United Kingdom", "formattedAddress": ["158 Station Lane (Station Lane)", "Hornchurch", "Greater London", "RM12 6LS", "United Kingdom"]}, "categories": [{"id": "54541900498ea6ccd0202697", "name": "Health & Beauty Service", "pluralName": "Health & Beauty Services", "shortName": "Health & Beauty", "icon": {"prefix": "https://ss3.4sqi.net/img/categories_v2/shops/salon_barber_", "suffix": ".png"}, "primary": true}], "photos": {"count": 0, "groups": []}}, "referralId": "e-0-55098130498e18b7114ce01b-11"}, {"reasons": {"count": 0, "items": [{"summary": "This spot is popular", "type": "general", "reasonName": "globalInteractionReason"}]}, "venue": {"id": "5a30006508f52160e9eab638", "name": "Efendi Dry Cleaners", "location": {"address": "189 Station Lane", "lat": 51.55495, "lng": 0.21991, "labeledLatLngs": [{"label": "display", "lat": 51.55495, "lng": 0.21991}], "distance": 303, "postalCode": "RM12 6LL", "cc": "GB", "city": "Hornchurch", "state": "Greater London", "country": "United Kingdom", "formattedAddress": ["189 Station Lane", "Hornchurch", "Greater London", "RM12 6LL", "United Kingdom"]}, "categories": [{"id": "52f2ab2ebcbc57f1066b8b1d", "name": "Dry Cleaner", "pluralName": "Dry Cleaners", "shortName": "Dry Cleaner", "icon": {"prefix": "https://ss3.4sqi.net/img/categories_v2/shops/drycleaner_", "suffix": ".png"}, "primary": true}], "photos": {"count": 0, "groups": []}}, "referralId": "e-0-5a30006508f52160e9eab638-12"}, {"reasons": {"count": 0, "items": [{"summary": "This spot is popular", "type": "general", "reasonName": "globalInteractionReason"}]}, "venue": {"id": "5ab09c4604d1ae25929edf9c", "name": "MGT Plumbing & Heating Ltd", "location": {"address": "183a Station Lane", "lat": 51.5550827, "lng": 0.2200499, "labeledLatLngs": [{"label": "display", "lat": 51.5550827, "lng": 0.2200499}], "distance": 317, "postalCode": "RM12 6LL", "cc": "GB", "city": "Hornchurch", "state": "Greater London", "country": "United Kingdom", "formattedAddress": ["183a Station Lane", "Hornchurch", "Greater London", "RM12 6LL", "United Kingdom"]}, "categories": [{"id": "5454144b498ec1f095bff2f2", "name": "Construction & Landscaping", "pluralName": "Construction & Landscaping", "shortName": "Construction", "icon": {"prefix": "https://ss3.4sqi.net/img/categories_v2/shops/realestate_", "suffix": ".png"}, "primary": true}], "photos": {"count": 0, "groups": []}}, "referralId": "e-0-5ab09c4604d1ae25929edf9c-13"}, {"reasons": {"count": 0, "items": [{"summary": "This spot is popular", "type": "general", "reasonName": "globalInteractionReason"}]}, "venue": {"id": "4ff7ef77e4b0f0830536001d", "name": "Barrels", "location": {"address": "144 Station Ln.", "lat": 51.55555941900419, "lng": 0.2201607473720759, "labeledLatLngs": [{"label": "display", "lat": 51.55555941900419, "lng": 0.2201607473720759}], "distance": 370, "postalCode": "RM12 6LT", "cc": "GB", "city": "Hornchurch", "state": "Greater London", "country": "United Kingdom", "formattedAddress": ["144 Station Ln.", "Hornchurch", "Greater London", "RM12 6LT", "United Kingdom"]}, "categories": [{"id": "4d954b0ea243a5684a65b473", "name": "Convenience Store", "pluralName": "Convenience Stores", "shortName": "Convenience Store", "icon": {"prefix": "https://ss3.4sqi.net/img/categories_v2/shops/conveniencestore_", "suffix": ".png"}, "primary": true}], "photos": {"count": 0, "groups": []}}, "referralId": "e-0-4ff7ef77e4b0f0830536001d-14"}]}]}}