{"meta": {"code": 200, "requestId": "5fedda09dad389062da6b311"}, "response": {"suggestedFilters": {"header": "Tap to show:", "filters": [{"name": "Open now", "key": "openNow"}]}, "headerLocation": "Waterloo", "headerFullLocation": "Waterloo, London", "headerLocationGranularity": "neighborhood", "query": "food", "totalResults": 66, "suggestedBounds": {"ne": {"lat": 51.506600003600006, "lng": -0.11152741519712162}, "sw": {"lat": 51.499399996399994, "lng": -0.12307258480287839}}, "groups": [{"type": "Recommended Places", "name": "recommended", "items": [{"reasons": {"count": 0, "items": [{"summary": "This spot is popular", "type": "general", "reasonName": "globalInteractionReason"}]}, "venue": {"id": "5bd624623af988002c966b09", "name": "GAIL's Bakery", "location": {"address": "28 York Rd", "lat": 51.50288543411381, "lng": -0.11634867428399269, "labeledLatLngs": [{"label": "display", "lat": 51.50288543411381, "lng": -0.11634867428399269}], "distance": 67, "postalCode": "SE1 7ND", "cc": "GB", "city": "Waterloo", "state": "Greater London", "country": "United Kingdom", "formattedAddress": ["28 York Rd", "Waterloo", "Greater London", "SE1 7ND", "United Kingdom"]}, "categories": [{"id": "4bf58dd8d48988d16a941735", "name": "Bakery", "pluralName": "Bakeries", "shortName": "Bakery", "icon": {"prefix": "https://ss3.4sqi.net/img/categories_v2/food/bakery_", "suffix": ".png"}, "primary": true}], "photos": {"count": 0, "groups": []}}, "referralId": "e-0-5bd624623af988002c966b09-0"}, {"reasons": {"count": 0, "items": [{"summary": "This spot is popular", "type": "general", "reasonName": "globalInteractionReason"}]}, "venue": {"id": "5a99bc4f95a7222a9d15d51e", "name": "Okan", "location": {"address": "County Hall", "crossStreet": "Belvedere Road", "lat": 51.50204, "lng": -0.11819154, "labeledLatLngs": [{"label": "display", "lat": 51.50204, "lng": -0.11819154}], "distance": 123, "postalCode": "SE1 7GA", "cc": "GB", "city": "London", "state": "Greater London", "country": "United Kingdom", "formattedAddress": ["County Hall (Belvedere Road)", "London", "Greater London", "SE1 7GA", "United Kingdom"]}, "categories": [{"id": "4bf58dd8d48988d111941735", "name": "Japanese Restaurant", "pluralName": "Japanese Restaurants", "shortName": "Japanese", "icon": {"prefix": "https://ss3.4sqi.net/img/categories_v2/food/japanese_", "suffix": ".png"}, "primary": true}], "photos": {"count": 0, "groups": []}}, "referralId": "e-0-5a99bc4f95a7222a9d15d51e-1"}, {"reasons": {"count": 0, "items": [{"summary": "This spot is popular", "type": "general", "reasonName": "globalInteractionReason"}]}, "venue": {"id": "57138ade498eeab33081505f", "name": "Pret A Manger", "location": {"address": "Westminster Bridge Rd", "crossStreet": "The Queen's Walk", "lat": 51.50110601050641, "lng": -0.11960506439208984, "labeledLatLngs": [{"label": "display", "lat": 51.50110601050641, "lng": -0.11960506439208984}], "distance": 264, "postalCode": "SE1 7PB", "cc": "GB", "city": "London", "state": "Greater London", "country": "United Kingdom", "formattedAddress": ["Westminster Bridge Rd (The Queen's Walk)", "London", "Greater London", "SE1 7PB", "United Kingdom"]}, "categories": [{"id": "4bf58dd8d48988d1c5941735", "name": "Sandwich Place", "pluralName": "Sandwich Places", "shortName": "Sandwiches", "icon": {"prefix": "https://ss3.4sqi.net/img/categories_v2/food/deli_", "suffix": ".png"}, "primary": true}], "photos": {"count": 0, "groups": []}}, "referralId": "e-0-57138ade498eeab33081505f-2"}, {"reasons": {"count": 0, "items": [{"summary": "This spot is popular", "type": "general", "reasonName": "globalInteractionReason"}]}, "venue": {"id": "5033e5d1e4b011c548922311", "name": "Brasserie Blanc", "location": {"address": "9 Belvedere Rd", "lat": 51.50580044075621, "lng": -0.1151077287549722, "labeledLatLngs": [{"label": "display", "lat": 51.50580044075621, "lng": -0.1151077287549722}], "distance": 346, "postalCode": "SE1 8YP", "cc": "GB", "city": "London", "state": "Greater London", "country": "United Kingdom", "formattedAddress": ["9 Belvedere Rd", "London", "Greater London", "SE1 8YP", "United Kingdom"]}, "categories": [{"id": "4bf58dd8d48988d10c941735", "name": "French Restaurant", "pluralName": "French Restaurants", "shortName": "French", "icon": {"prefix": "https://ss3.4sqi.net/img/categories_v2/food/french_", "suffix": ".png"}, "primary": true}], "photos": {"count": 0, "groups": []}}, "referralId": "e-0-5033e5d1e4b011c548922311-3"}, {"reasons": {"count": 0, "items": [{"summary": "This spot is popular", "type": "general", "reasonName": "globalInteractionReason"}]}, "venue": {"id": "4adbb0fff964a5200e2a21e3", "name": "Skylon", "location": {"address": "Belvedere Rd", "lat": 51.505998693636236, "lng": -0.11698315007379279, "labeledLatLngs": [{"label": "display", "lat": 51.505998693636236, "lng": -0.11698315007379279}], "distance": 334, "postalCode": "SE1 8XX", "cc": "GB", "city": "London", "state": "Greater London", "country": "United Kingdom", "formattedAddress": ["Belvedere Rd", "London", "Greater London", "SE1 8XX", "United Kingdom"]}, "categories": [{"id": "4bf58dd8d48988d1c4941735", "name": "Restaurant", "pluralName": "Restaurants", "shortName": "Restaurant", "icon": {"prefix": "https://ss3.4sqi.net/img/categories_v2/food/default_", "suffix": ".png"}, "primary": true}], "photos": {"count": 0, "groups": []}, "venuePage": {"id": "34408650"}}, "referralId": "e-0-4adbb0fff964a5200e2a21e3-4"}, {"reasons": {"count": 0, "items": [{"summary": "This spot is popular", "type": "general", "reasonName": "globalInteractionReason"}]}, "venue": {"id": "5c2e38e52f97ec00396c5213", "name": "Spiritland", "location": {"address": "Belvedere Rd", "lat": 51.50559934886189, "lng": -0.11639242235105485, "labeledLatLngs": [{"label": "display", "lat": 51.50559934886189, "lng": -0.11639242235105485}], "distance": 296, "postalCode": "SE1 8XX", "cc": "GB", "city": "London", "state": "Greater London", "country": "United Kingdom", "formattedAddress": ["Belvedere Rd", "London", "Greater London", "SE1 8XX", "United Kingdom"]}, "categories": [{"id": "4bf58dd8d48988d1c4941735", "name": "Restaurant", "pluralName": "Restaurants", "shortName": "Restaurant", "icon": {"prefix": "https://ss3.4sqi.net/img/categories_v2/food/default_", "suffix": ".png"}, "primary": true}], "photos": {"count": 0, "groups": []}}, "referralId": "e-0-5c2e38e52f97ec00396c5213-5"}, {"reasons": {"count": 0, "items": [{"summary": "This spot is popular", "type": "general", "reasonName": "globalInteractionReason"}]}, "venue": {"id": "51e52b0b498e1d7ea31d88c1", "name": "Four Corners", "location": {"address": "12 Lower Marsh", "lat": 51.50042544028603, "lng": -0.11365986202011345, "labeledLatLngs": [{"label": "display", "lat": 51.50042544028603, "lng": -0.11365986202011345}], "distance": 381, "postalCode": "SE1 7RJ", "cc": "GB", "city": "London", "state": "Greater London", "country": "United Kingdom", "formattedAddress": ["12 Lower Marsh", "London", "Greater London", "SE1 7RJ", "United Kingdom"]}, "categories": [{"id": "4bf58dd8d48988d16d941735", "name": "Caf\u00e9", "pluralName": "Caf\u00e9s", "shortName": "Caf\u00e9", "icon": {"prefix": "https://ss3.4sqi.net/img/categories_v2/food/cafe_", "suffix": ".png"}, "primary": true}], "photos": {"count": 0, "groups": []}}, "referralId": "e-0-51e52b0b498e1d7ea31d88c1-6"}, {"reasons": {"count": 0, "items": [{"summary": "This spot is popular", "type": "general", "reasonName": "globalInteractionReason"}]}, "venue": {"id": "5297139711d20f2ed80a54e8", "name": "KORRITO", "location": {"address": "Southbank Centre Sq", "lat": 51.50544959538727, "lng": -0.11629604001486127, "labeledLatLngs": [{"label": "display", "lat": 51.50544959538727, "lng": -0.11629604001486127}], "distance": 281, "postalCode": "SE1 8XX", "cc": "GB", "city": "London", "state": "Greater London", "country": "United Kingdom", "formattedAddress": ["Southbank Centre Sq", "London", "Greater London", "SE1 8XX", "United Kingdom"]}, "categories": [{"id": "4bf58dd8d48988d113941735", "name": "Korean Restaurant", "pluralName": "Korean Restaurants", "shortName": "Korean", "icon": {"prefix": "https://ss3.4sqi.net/img/categories_v2/food/korean_", "suffix": ".png"}, "primary": true}], "photos": {"count": 0, "groups": []}, "venuePage": {"id": "75282165"}}, "referralId": "e-0-5297139711d20f2ed80a54e8-7"}, {"reasons": {"count": 0, "items": [{"summary": "This spot is popular", "type": "general", "reasonName": "globalInteractionReason"}]}, "venue": {"id": "4b83da2df964a520991331e3", "name": "Bagel Factory", "location": {"address": "Waterloo Stn. Concourse", "lat": 51.50310905164344, "lng": -0.11238073975150471, "labeledLatLngs": [{"label": "display", "lat": 51.50310905164344, "lng": -0.11238073975150471}], "distance": 341, "postalCode": "SE1 7LX", "cc": "GB", "city": "Waterloo", "state": "Greater London", "country": "United Kingdom", "formattedAddress": ["Waterloo Stn. Concourse", "Waterloo", "Greater London", "SE1 7LX", "United Kingdom"]}, "categories": [{"id": "4bf58dd8d48988d179941735", "name": "Bagel Shop", "pluralName": "Bagel Shops", "shortName": "Bagels", "icon": {"prefix": "https://ss3.4sqi.net/img/categories_v2/food/bagels_", "suffix": ".png"}, "primary": true}], "photos": {"count": 0, "groups": []}}, "referralId": "e-0-4b83da2df964a520991331e3-8"}, {"reasons": {"count": 0, "items": [{"summary": "This spot is popular", "type": "general", "reasonName": "globalInteractionReason"}]}, "venue": {"id": "4ae59b85f964a5200aa121e3", "name": "Chunnel Bar", "location": {"address": "113 Lower Marsh", "lat": 51.5003012580329, "lng": -0.11382620924425668, "labeledLatLngs": [{"label": "display", "lat": 51.5003012580329, "lng": -0.11382620924425668}], "distance": 384, "postalCode": "SE1 7AE", "cc": "GB", "city": "London", "state": "Greater London", "country": "United Kingdom", "formattedAddress": ["113 Lower Marsh", "London", "Greater London", "SE1 7AE", "United Kingdom"]}, "categories": [{"id": "4bf58dd8d48988d16d941735", "name": "Caf\u00e9", "pluralName": "Caf\u00e9s", "shortName": "Caf\u00e9", "icon": {"prefix": "https://ss3.4sqi.net/img/categories_v2/food/cafe_", "suffix": ".png"}, "primary": true}], "photos": {"count": 0, "groups": []}}, "referralId": "e-0-4ae59b85f964a5200aa121e3-9"}, {"reasons": {"count": 0, "items": [{"summary": "This spot is popular", "type": "general", "reasonName": "globalInteractionReason"}]}, "venue": {"id": "4bd07820462cb7137561d807", "name": "wagamama", "location": {"address": "riverside level, royal festival hall, southbank", "lat": 51.5058093, "lng": -0.1174239, "labeledLatLngs": [{"label": "display", "lat": 51.5058093, "lng": -0.1174239}], "distance": 312, "postalCode": "SE1 8XX", "cc": "GB", "city": "Waterloo", "state": "Greater London", "country": "United Kingdom", "formattedAddress": ["riverside level, royal festival hall, southbank", "Waterloo", "Greater London", "SE1 8XX", "United Kingdom"]}, "categories": [{"id": "4bf58dd8d48988d142941735", "name": "Asian Restaurant", "pluralName": "Asian Restaurants", "shortName": "Asian", "icon": {"prefix": "https://ss3.4sqi.net/img/categories_v2/food/asian_", "suffix": ".png"}, "primary": true}], "photos": {"count": 0, "groups": []}}, "referralId": "e-0-4bd07820462cb7137561d807-10"}, {"reasons": {"count": 0, "items": [{"summary": "This spot is popular", "type": "general", "reasonName": "globalInteractionReason"}]}, "venue": {"id": "4c1f4de6b4e62d7f2d65df93", "name": "Chilli \u0421hutney", "location": {"address": "47 York Rd.", "lat": 51.50308135342487, "lng": -0.1158647568350921, "labeledLatLngs": [{"label": "display", "lat": 51.50308135342487, "lng": -0.1158647568350921}], "distance": 99, "postalCode": "SE1 7NJ", "cc": "GB", "city": "London", "state": "Greater London", "country": "United Kingdom", "formattedAddress": ["47 York Rd.", "London", "Greater London", "SE1 7NJ", "United Kingdom"]}, "categories": [{"id": "4bf58dd8d48988d10f941735", "name": "Indian Restaurant", "pluralName": "Indian Restaurants", "shortName": "Indian", "icon": {"prefix": "https://ss3.4sqi.net/img/categories_v2/food/indian_", "suffix": ".png"}, "primary": true}], "photos": {"count": 0, "groups": []}}, "referralId": "e-0-4c1f4de6b4e62d7f2d65df93-11"}, {"reasons": {"count": 0, "items": [{"summary": "This spot is popular", "type": "general", "reasonName": "globalInteractionReason"}]}, "venue": {"id": "5b25626b270ee7002c11755b", "name": "Draughts", "location": {"address": "16 Leake St", "lat": 51.501735331007716, "lng": -0.11537598935060489, "labeledLatLngs": [{"label": "display", "lat": 51.501735331007716, "lng": -0.11537598935060489}], "distance": 193, "postalCode": "SE1 7NN", "cc": "GB", "city": "London", "state": "Greater London", "country": "United Kingdom", "formattedAddress": ["16 Leake St", "London", "Greater London", "SE1 7NN", "United Kingdom"]}, "categories": [{"id": "4bf58dd8d48988d16d941735", "name": "Caf\u00e9", "pluralName": "Caf\u00e9s", "shortName": "Caf\u00e9", "icon": {"prefix": "https://ss3.4sqi.net/img/categories_v2/food/cafe_", "suffix": ".png"}, "primary": true}], "photos": {"count": 0, "groups": []}}, "referralId": "e-0-5b25626b270ee7002c11755b-12"}, {"reasons": {"count": 0, "items": [{"summary": "This spot is popular", "type": "general", "reasonName": "globalInteractionReason"}]}, "venue": {"id": "51865084498e750990bec5ac", "name": "Horn OK Please", "location": {"address": "Southbank Centre Sq", "lat": 51.50535760320381, "lng": -0.1163308389368467, "labeledLatLngs": [{"label": "display", "lat": 51.50535760320381, "lng": -0.1163308389368467}], "distance": 270, "postalCode": "SE1 8XX", "cc": "GB", "neighborhood": "South Bank, London, Greater London", "city": "London", "state": "Greater London", "country": "United Kingdom", "formattedAddress": ["Southbank Centre Sq", "London", "Greater London", "SE1 8XX", "United Kingdom"]}, "categories": [{"id": "4bf58dd8d48988d10f941735", "name": "Indian Restaurant", "pluralName": "Indian Restaurants", "shortName": "Indian", "icon": {"prefix": "https://ss3.4sqi.net/img/categories_v2/food/indian_", "suffix": ".png"}, "primary": true}], "photos": {"count": 0, "groups": []}}, "referralId": "e-0-51865084498e750990bec5ac-13"}, {"reasons": {"count": 0, "items": [{"summary": "This spot is popular", "type": "general", "reasonName": "globalInteractionReason"}]}, "venue": {"id": "4c532062f5f3d13a196cfbf7", "name": "Zen China Restaurant", "location": {"address": "County Hall, Riverside Building", "crossStreet": "Westminster Bridge Road", "lat": 51.502058765191684, "lng": -0.11976850603052665, "labeledLatLngs": [{"label": "display", "lat": 51.502058765191684, "lng": -0.11976850603052665}], "distance": 200, "postalCode": "SE1 7PB", "cc": "GB", "city": "London", "state": "Greater London", "country": "United Kingdom", "formattedAddress": ["County Hall, Riverside Building (Westminster Bridge Road)", "London", "Greater London", "SE1 7PB", "United Kingdom"]}, "categories": [{"id": "4bf58dd8d48988d145941735", "name": "Chinese Restaurant", "pluralName": "Chinese Restaurants", "shortName": "Chinese", "icon": {"prefix": "https://ss3.4sqi.net/img/categories_v2/food/asian_", "suffix": ".png"}, "primary": true}], "photos": {"count": 0, "groups": []}, "venuePage": {"id": "46548194"}}, "referralId": "e-0-4c532062f5f3d13a196cfbf7-14"}, {"reasons": {"count": 0, "items": [{"summary": "This spot is popular", "type": "general", "reasonName": "globalInteractionReason"}]}, "venue": {"id": "4ccc2d3532e776b02c78da27", "name": "Ichi Sushi & Sashimi Bar", "location": {"address": "Park Plaza Westminster Bridge", "lat": 51.50076320898228, "lng": -0.11719686048288887, "labeledLatLngs": [{"label": "display", "lat": 51.50076320898228, "lng": -0.11719686048288887}], "distance": 249, "postalCode": "SE1 7UT", "cc": "GB", "city": "London", "state": "Greater London", "country": "United Kingdom", "formattedAddress": ["Park Plaza Westminster Bridge", "London", "Greater London", "SE1 7UT", "United Kingdom"]}, "categories": [{"id": "4bf58dd8d48988d111941735", "name": "Japanese Restaurant", "pluralName": "Japanese Restaurants", "shortName": "Japanese", "icon": {"prefix": "https://ss3.4sqi.net/img/categories_v2/food/japanese_", "suffix": ".png"}, "primary": true}], "photos": {"count": 0, "groups": []}, "venuePage": {"id": "34898031"}}, "referralId": "e-0-4ccc2d3532e776b02c78da27-15"}, {"reasons": {"count": 0, "items": [{"summary": "This spot is popular", "type": "general", "reasonName": "globalInteractionReason"}]}, "venue": {"id": "5a5dd828628c833187fc3d8e", "name": "Honest Burgers", "location": {"address": "9 Festival Terrace, Southbank", "lat": 51.5053683, "lng": -0.1169535, "labeledLatLngs": [{"label": "display", "lat": 51.5053683, "lng": -0.1169535}], "distance": 264, "postalCode": "SE1 8XX", "cc": "GB", "city": "London", "state": "Greater London", "country": "United Kingdom", "formattedAddress": ["9 Festival Terrace, Southbank", "London", "Greater London", "SE1 8XX", "United Kingdom"]}, "categories": [{"id": "4bf58dd8d48988d16c941735", "name": "Burger Joint", "pluralName": "Burger Joints", "shortName": "Burgers", "icon": {"prefix": "https://ss3.4sqi.net/img/categories_v2/food/burger_", "suffix": ".png"}, "primary": true}], "photos": {"count": 0, "groups": []}}, "referralId": "e-0-5a5dd828628c833187fc3d8e-16"}, {"reasons": {"count": 0, "items": [{"summary": "This spot is popular", "type": "general", "reasonName": "globalInteractionReason"}]}, "venue": {"id": "4cb9d6f79552b60c7d23d68b", "name": "Brasserie Jo\u00ebl", "location": {"address": "at Park Plaza Westminster Bridge", "lat": 51.50083419630064, "lng": -0.11723935529014833, "labeledLatLngs": [{"label": "display", "lat": 51.50083419630064, "lng": -0.11723935529014833}], "distance": 241, "postalCode": "SE1 7UT", "cc": "GB", "city": "City of Westminster", "state": "Greater London", "country": "United Kingdom", "formattedAddress": ["at Park Plaza Westminster Bridge", "City of Westminster", "Greater London", "SE1 7UT", "United Kingdom"]}, "categories": [{"id": "4bf58dd8d48988d10c941735", "name": "French Restaurant", "pluralName": "French Restaurants", "shortName": "French", "icon": {"prefix": "https://ss3.4sqi.net/img/categories_v2/food/french_", "suffix": ".png"}, "primary": true}], "photos": {"count": 0, "groups": []}, "venuePage": {"id": "34898021"}}, "referralId": "e-0-4cb9d6f79552b60c7d23d68b-17"}, {"reasons": {"count": 0, "items": [{"summary": "This spot is popular", "type": "general", "reasonName": "globalInteractionReason"}]}, "venue": {"id": "4adb38ddf964a520002521e3", "name": "Le Pain Quotidien", "location": {"address": "Festival Walk", "lat": 51.505478, "lng": -0.117289, "labeledLatLngs": [{"label": "display", "lat": 51.505478, "lng": -0.117289}], "distance": 275, "postalCode": "SE1 8XX", "cc": "GB", "neighborhood": "Southbank", "city": "South Bank", "state": "Greater London", "country": "United Kingdom", "formattedAddress": ["Festival Walk", "South Bank", "Greater London", "SE1 8XX", "United Kingdom"]}, "categories": [{"id": "4bf58dd8d48988d16a941735", "name": "Bakery", "pluralName": "Bakeries", "shortName": "Bakery", "icon": {"prefix": "https://ss3.4sqi.net/img/categories_v2/food/bakery_", "suffix": ".png"}, "primary": true}], "photos": {"count": 0, "groups": []}}, "referralId": "e-0-4adb38ddf964a520002521e3-18"}, {"reasons": {"count": 0, "items": [{"summary": "This spot is popular", "type": "general", "reasonName": "globalInteractionReason"}]}, "venue": {"id": "5be5dff31f7440002ca8b7aa", "name": "Mamu\u015bka! Polish Kitchen and Bar", "location": {"address": "9 Addington St", "lat": 51.500885, "lng": -0.11516467, "labeledLatLngs": [{"label": "display", "lat": 51.500885, "lng": -0.11516467}], "distance": 278, "postalCode": "SE1 7RY", "cc": "GB", "city": "London", "state": "Greater London", "country": "United Kingdom", "formattedAddress": ["9 Addington St", "London", "Greater London", "SE1 7RY", "United Kingdom"]}, "categories": [{"id": "52e81612bcbc57f1066b7a04", "name": "Polish Restaurant", "pluralName": "Polish Restaurants", "shortName": "Polish", "icon": {"prefix": "https://ss3.4sqi.net/img/categories_v2/food/default_", "suffix": ".png"}, "primary": true}], "photos": {"count": 0, "groups": []}}, "referralId": "e-0-5be5dff31f7440002ca8b7aa-19"}, {"reasons": {"count": 0, "items": [{"summary": "This spot is popular", "type": "general", "reasonName": "globalInteractionReason"}]}, "venue": {"id": "4adc5eb1f964a520e32b21e3", "name": "Ping Pong", "location": {"address": "Belvedere Rd", "lat": 51.50530331051285, "lng": -0.1163492915657116, "labeledLatLngs": [{"label": "display", "lat": 51.50530331051285, "lng": -0.1163492915657116}], "distance": 264, "postalCode": "SE1 8XX", "cc": "GB", "neighborhood": "South Bank, London, Greater London", "city": "South Bank", "state": "Greater London", "country": "United Kingdom", "formattedAddress": ["Belvedere Rd", "South Bank", "Greater London", "SE1 8XX", "United Kingdom"]}, "categories": [{"id": "4bf58dd8d48988d1f5931735", "name": "Dim Sum Restaurant", "pluralName": "Dim Sum Restaurants", "shortName": "Dim Sum", "icon": {"prefix": "https://ss3.4sqi.net/img/categories_v2/food/dimsum_", "suffix": ".png"}, "primary": true}], "photos": {"count": 0, "groups": []}}, "referralId": "e-0-4adc5eb1f964a520e32b21e3-20"}, {"reasons": {"count": 0, "items": [{"summary": "This spot is popular", "type": "general", "reasonName": "globalInteractionReason"}]}, "venue": {"id": "4b212751f964a520683724e3", "name": "Las Iguanas", "location": {"address": "Belvedere Rd", "crossStreet": "Festival Terrace", "lat": 51.50567818297025, "lng": -0.11746187199605627, "labeledLatLngs": [{"label": "display", "lat": 51.50567818297025, "lng": -0.11746187199605627}], "distance": 298, "postalCode": "SE1 8XX", "cc": "GB", "city": "London", "state": "Greater London", "country": "United Kingdom", "formattedAddress": ["Belvedere Rd (Festival Terrace)", "London", "Greater London", "SE1 8XX", "United Kingdom"]}, "categories": [{"id": "4bf58dd8d48988d1be941735", "name": "Latin American Restaurant", "pluralName": "Latin American Restaurants", "shortName": "Latin American", "icon": {"prefix": "https://ss3.4sqi.net/img/categories_v2/food/latinamerican_", "suffix": ".png"}, "primary": true}], "photos": {"count": 0, "groups": []}}, "referralId": "e-0-4b212751f964a520683724e3-21"}, {"reasons": {"count": 0, "items": [{"summary": "This spot is popular", "type": "general", "reasonName": "globalInteractionReason"}]}, "venue": {"id": "58ef3b4b610f042e975b6c4d", "name": "Pure", "location": {"address": "Unit 17, Waterloo Station, Waterloo Road", "lat": 51.5036966, "lng": -0.1138102, "labeledLatLngs": [{"label": "display", "lat": 51.5036966, "lng": -0.1138102}], "distance": 253, "postalCode": "SE1 7LY", "cc": "GB", "city": "London", "state": "Greater London", "country": "United Kingdom", "formattedAddress": ["Unit 17, Waterloo Station, Waterloo Road", "London", "Greater London", "SE1 7LY", "United Kingdom"]}, "categories": [{"id": "4bf58dd8d48988d1bd941735", "name": "Salad Place", "pluralName": "Salad Places", "shortName": "Salad", "icon": {"prefix": "https://ss3.4sqi.net/img/categories_v2/food/salad_", "suffix": ".png"}, "primary": true}], "photos": {"count": 0, "groups": []}}, "referralId": "e-0-58ef3b4b610f042e975b6c4d-22"}, {"reasons": {"count": 0, "items": [{"summary": "This spot is popular", "type": "general", "reasonName": "globalInteractionReason"}]}, "venue": {"id": "5ac89398598e6406b13aae05", "name": "C\u00f4te Brasserie", "location": {"address": "Royal Festival Hall", "crossStreet": "Festival Terrace", "lat": 51.505523, "lng": -0.11689, "labeledLatLngs": [{"label": "display", "lat": 51.505523, "lng": -0.11689}], "distance": 282, "postalCode": "SE1 8XX", "cc": "GB", "city": "London", "state": "Greater London", "country": "United Kingdom", "formattedAddress": ["Royal Festival Hall (Festival Terrace)", "London", "Greater London", "SE1 8XX", "United Kingdom"]}, "categories": [{"id": "4bf58dd8d48988d10c941735", "name": "French Restaurant", "pluralName": "French Restaurants", "shortName": "French", "icon": {"prefix": "https://ss3.4sqi.net/img/categories_v2/food/french_", "suffix": ".png"}, "primary": true}], "photos": {"count": 0, "groups": []}}, "referralId": "e-0-5ac89398598e6406b13aae05-23"}, {"reasons": {"count": 0, "items": [{"summary": "This spot is popular", "type": "general", "reasonName": "globalInteractionReason"}]}, "venue": {"id": "5de7c22f37d8ed00081938ce", "name": "Pret A Manger", "location": {"lat": 51.506099, "lng": -0.117498, "labeledLatLngs": [{"label": "display", "lat": 51.506099, "lng": -0.117498}], "distance": 345, "postalCode": "SE1 8XZ", "cc": "GB", "city": "London", "state": "Greater London", "country": "United Kingdom", "formattedAddress": ["London", "Greater London", "SE1 8XZ", "United Kingdom"]}, "categories": [{"id": "4bf58dd8d48988d1c5941735", "name": "Sandwich Place", "pluralName": "Sandwich Places", "shortName": "Sandwiches", "icon": {"prefix": "https://ss3.4sqi.net/img/categories_v2/food/deli_", "suffix": ".png"}, "primary": true}], "photos": {"count": 0, "groups": []}}, "referralId": "e-0-5de7c22f37d8ed00081938ce-24"}, {"reasons": {"count": 0, "items": [{"summary": "This spot is popular", "type": "general", "reasonName": "globalInteractionReason"}]}, "venue": {"id": "4f60dcbfe5e8d4902df2c210", "name": "Gillray's Steakhouse & Bar", "location": {"address": "County Hall, Westminster Bridge Road", "lat": 51.501824010633726, "lng": -0.11982061234039655, "labeledLatLngs": [{"label": "display", "lat": 51.501824010633726, "lng": -0.11982061234039655}], "distance": 218, "postalCode": "SE1 7PB", "cc": "GB", "city": "London", "state": "Greater London", "country": "United Kingdom", "formattedAddress": ["County Hall, Westminster Bridge Road", "London", "Greater London", "SE1 7PB", "United Kingdom"]}, "categories": [{"id": "4bf58dd8d48988d1cc941735", "name": "Steakhouse", "pluralName": "Steakhouses", "shortName": "Steakhouse", "icon": {"prefix": "https://ss3.4sqi.net/img/categories_v2/food/steakhouse_", "suffix": ".png"}, "primary": true}], "photos": {"count": 0, "groups": []}, "venuePage": {"id": "39942925"}}, "referralId": "e-0-4f60dcbfe5e8d4902df2c210-25"}, {"reasons": {"count": 0, "items": [{"summary": "This spot is popular", "type": "general", "reasonName": "globalInteractionReason"}]}, "venue": {"id": "5b049358c9f907002c00662b", "name": "Banh Bao Brothers", "location": {"address": "20 Leake St", "lat": 51.501879, "lng": -0.1158151, "labeledLatLngs": [{"label": "display", "lat": 51.501879, "lng": -0.1158151}], "distance": 161, "postalCode": "SE1 7NN", "cc": "GB", "city": "London", "state": "Greater London", "country": "United Kingdom", "formattedAddress": ["20 Leake St", "London", "Greater London", "SE1 7NN", "United Kingdom"]}, "categories": [{"id": "4bf58dd8d48988d14a941735", "name": "Vietnamese Restaurant", "pluralName": "Vietnamese Restaurants", "shortName": "Vietnamese", "icon": {"prefix": "https://ss3.4sqi.net/img/categories_v2/food/vietnamese_", "suffix": ".png"}, "primary": true}], "photos": {"count": 0, "groups": []}}, "referralId": "e-0-5b049358c9f907002c00662b-26"}, {"reasons": {"count": 0, "items": [{"summary": "This spot is popular", "type": "general", "reasonName": "globalInteractionReason"}]}, "venue": {"id": "4b546e28f964a520ffba27e3", "name": "Coffee Culture", "location": {"address": "49 York Rd", "lat": 51.503048658919134, "lng": -0.11597967181503623, "labeledLatLngs": [{"label": "display", "lat": 51.503048658919134, "lng": -0.11597967181503623}], "distance": 91, "postalCode": "SE1 7NJ", "cc": "GB", "city": "Waterloo", "state": "Greater London", "country": "United Kingdom", "formattedAddress": ["49 York Rd", "Waterloo", "Greater London", "SE1 7NJ", "United Kingdom"]}, "categories": [{"id": "4bf58dd8d48988d143941735", "name": "Breakfast Spot", "pluralName": "Breakfast Spots", "shortName": "Breakfast", "icon": {"prefix": "https://ss3.4sqi.net/img/categories_v2/food/breakfast_", "suffix": ".png"}, "primary": true}], "photos": {"count": 0, "groups": []}}, "referralId": "e-0-4b546e28f964a520ffba27e3-27"}, {"reasons": {"count": 0, "items": [{"summary": "This spot is popular", "type": "general", "reasonName": "globalInteractionReason"}]}, "venue": {"id": "4b2f6868f964a52038eb24e3", "name": "Riverside Terrace Caf\u00e9", "location": {"address": "Belvedere Rd", "lat": 51.5060101824139, "lng": -0.11747639651539245, "labeledLatLngs": [{"label": "display", "lat": 51.5060101824139, "lng": -0.11747639651539245}], "distance": 335, "postalCode": "SE1 8XX", "cc": "GB", "city": "London", "state": "Greater London", "country": "United Kingdom", "formattedAddress": ["Belvedere Rd", "London", "Greater London", "SE1 8XX", "United Kingdom"]}, "categories": [{"id": "4bf58dd8d48988d16d941735", "name": "Caf\u00e9", "pluralName": "Caf\u00e9s", "shortName": "Caf\u00e9", "icon": {"prefix": "https://ss3.4sqi.net/img/categories_v2/food/cafe_", "suffix": ".png"}, "primary": true}], "photos": {"count": 0, "groups": []}}, "referralId": "e-0-4b2f6868f964a52038eb24e3-28"}, {"reasons": {"count": 0, "items": [{"summary": "This spot is popular", "type": "general", "reasonName": "globalInteractionReason"}]}, "venue": {"id": "51d2b9272fc67007b7c05fa6", "name": "Pret A Manger", "location": {"address": "The Lozenge GO1A", "crossStreet": "Main Concourse, Waterloo Station", "lat": 51.503128786127455, "lng": -0.11252164399946897, "labeledLatLngs": [{"label": "display", "lat": 51.503128786127455, "lng": -0.11252164399946897}], "distance": 331, "postalCode": "SE1 7NQ", "cc": "GB", "city": "London", "state": "Greater London", "country": "United Kingdom", "formattedAddress": ["The Lozenge GO1A (Main Concourse, Waterloo Station)", "London", "Greater London", "SE1 7NQ", "United Kingdom"]}, "categories": [{"id": "4bf58dd8d48988d1c5941735", "name": "Sandwich Place", "pluralName": "Sandwich Places", "shortName": "Sandwiches", "icon": {"prefix": "https://ss3.4sqi.net/img/categories_v2/food/deli_", "suffix": ".png"}, "primary": true}], "photos": {"count": 0, "groups": []}}, "referralId": "e-0-51d2b9272fc67007b7c05fa6-29"}, {"reasons": {"count": 0, "items": [{"summary": "This spot is popular", "type": "general", "reasonName": "globalInteractionReason"}]}, "venue": {"id": "4ac518dff964a520f8a920e3", "name": "Troia Bar & Restaurant", "location": {"address": "3F Belvedere Rd", "crossStreet": "County Hall", "lat": 51.50216017007904, "lng": -0.11795204484567975, "labeledLatLngs": [{"label": "display", "lat": 51.50216017007904, "lng": -0.11795204484567975}], "distance": 103, "postalCode": "SE1 7GQ", "cc": "GB", "city": "London", "state": "Greater London", "country": "United Kingdom", "formattedAddress": ["3F Belvedere Rd (County Hall)", "London", "Greater London", "SE1 7GQ", "United Kingdom"]}, "categories": [{"id": "4f04af1f2fb6e1c99f3db0bb", "name": "Turkish Restaurant", "pluralName": "Turkish Restaurants", "shortName": "Turkish", "icon": {"prefix": "https://ss3.4sqi.net/img/categories_v2/food/turkish_", "suffix": ".png"}, "primary": true}], "photos": {"count": 0, "groups": []}}, "referralId": "e-0-4ac518dff964a520f8a920e3-30"}, {"reasons": {"count": 0, "items": [{"summary": "This spot is popular", "type": "general", "reasonName": "globalInteractionReason"}]}, "venue": {"id": "4ae35413f964a5207f9321e3", "name": "Giraffe", "location": {"address": "Belvedere Rd", "crossStreet": "Riverside Level 1", "lat": 51.50641993323661, "lng": -0.11726100021303025, "labeledLatLngs": [{"label": "display", "lat": 51.50641993323661, "lng": -0.11726100021303025}], "distance": 380, "postalCode": "SE1 8XX", "cc": "GB", "neighborhood": "Southwa", "city": "London", "state": "Greater London", "country": "United Kingdom", "formattedAddress": ["Belvedere Rd (Riverside Level 1)", "London", "Greater London", "SE1 8XX", "United Kingdom"]}, "categories": [{"id": "4bf58dd8d48988d1c4941735", "name": "Restaurant", "pluralName": "Restaurants", "shortName": "Restaurant", "icon": {"prefix": "https://ss3.4sqi.net/img/categories_v2/food/default_", "suffix": ".png"}, "primary": true}], "photos": {"count": 0, "groups": []}}, "referralId": "e-0-4ae35413f964a5207f9321e3-31"}, {"reasons": {"count": 0, "items": [{"summary": "This spot is popular", "type": "general", "reasonName": "globalInteractionReason"}]}, "venue": {"id": "59ce9d03a9fe123f1c751edc", "name": "Hannah Japanese Restaurant", "location": {"address": "Belvedere Road", "crossStreet": "Westminster", "lat": 51.501374, "lng": -0.118479, "labeledLatLngs": [{"label": "display", "lat": 51.501374, "lng": -0.118479}], "distance": 198, "postalCode": "SE1 7GL", "cc": "GB", "city": "London", "state": "Greater London", "country": "United Kingdom", "formattedAddress": ["Belvedere Road (Westminster)", "London", "Greater London", "SE1 7GL", "United Kingdom"]}, "categories": [{"id": "4bf58dd8d48988d111941735", "name": "Japanese Restaurant", "pluralName": "Japanese Restaurants", "shortName": "Japanese", "icon": {"prefix": "https://ss3.4sqi.net/img/categories_v2/food/japanese_", "suffix": ".png"}, "primary": true}], "photos": {"count": 0, "groups": []}, "venuePage": {"id": "531394247"}}, "referralId": "e-0-59ce9d03a9fe123f1c751edc-32"}, {"reasons": {"count": 0, "items": [{"summary": "This spot is popular", "type": "general", "reasonName": "globalInteractionReason"}]}, "venue": {"id": "52bc785811d2597ff615cd1c", "name": "Great British Fish & Chips", "location": {"address": "County Hall - Riverside Building, Westminster Bridge Road", "lat": 51.5025920206542, "lng": -0.11958490374459187, "labeledLatLngs": [{"label": "display", "lat": 51.5025920206542, "lng": -0.11958490374459187}], "distance": 164, "postalCode": "SE1 7PB", "cc": "GB", "city": "London", "state": "Greater London", "country": "United Kingdom", "formattedAddress": ["County Hall - Riverside Building, Westminster Bridge Road", "London", "Greater London", "SE1 7PB", "United Kingdom"]}, "categories": [{"id": "4edd64a0c7ddd24ca188df1a", "name": "Fish & Chips Shop", "pluralName": "Fish & Chips Shops", "shortName": "Fish & Chips", "icon": {"prefix": "https://ss3.4sqi.net/img/categories_v2/food/fishandchips_", "suffix": ".png"}, "primary": true}], "photos": {"count": 0, "groups": []}, "venuePage": {"id": "86529831"}}, "referralId": "e-0-52bc785811d2597ff615cd1c-33"}, {"reasons": {"count": 0, "items": [{"summary": "This spot is popular", "type": "general", "reasonName": "globalInteractionReason"}]}, "venue": {"id": "57a5ed58498ea30d907d947c", "name": "Westminster Kitchen", "location": {"address": "3A/B Belvedere Rd", "lat": 51.50128237657213, "lng": -0.11827770107932434, "labeledLatLngs": [{"label": "display", "lat": 51.50128237657213, "lng": -0.11827770107932434}], "distance": 202, "postalCode": "SE1 7GP", "cc": "GB", "neighborhood": "Lambeth, London, Greater London", "city": "London", "state": "Greater London", "country": "United Kingdom", "formattedAddress": ["3A/B Belvedere Rd", "London", "Greater London", "SE1 7GP", "United Kingdom"]}, "categories": [{"id": "4bf58dd8d48988d1c4941735", "name": "Restaurant", "pluralName": "Restaurants", "shortName": "Restaurant", "icon": {"prefix": "https://ss3.4sqi.net/img/categories_v2/food/default_", "suffix": ".png"}, "primary": true}], "photos": {"count": 0, "groups": []}}, "referralId": "e-0-57a5ed58498ea30d907d947c-34"}, {"reasons": {"count": 0, "items": [{"summary": "This spot is popular", "type": "general", "reasonName": "globalInteractionReason"}]}, "venue": {"id": "4ac518bef964a5200ea320e3", "name": "The Archduke", "location": {"address": "153 Concert Hall Approach", "lat": 51.505072571897266, "lng": -0.11594773967664287, "labeledLatLngs": [{"label": "display", "lat": 51.505072571897266, "lng": -0.11594773967664287}], "distance": 249, "postalCode": "SE1 8XU", "cc": "GB", "city": "London", "state": "Greater London", "country": "United Kingdom", "formattedAddress": ["153 Concert Hall Approach", "London", "Greater London", "SE1 8XU", "United Kingdom"]}, "categories": [{"id": "4bf58dd8d48988d1cc941735", "name": "Steakhouse", "pluralName": "Steakhouses", "shortName": "Steakhouse", "icon": {"prefix": "https://ss3.4sqi.net/img/categories_v2/food/steakhouse_", "suffix": ".png"}, "primary": true}], "photos": {"count": 0, "groups": []}}, "referralId": "e-0-4ac518bef964a5200ea320e3-35"}, {"reasons": {"count": 0, "items": [{"summary": "This spot is popular", "type": "general", "reasonName": "globalInteractionReason"}]}, "venue": {"id": "4bd17e98caff95212fb7d0f0", "name": "Zen Cafe", "location": {"lat": 51.50289113287021, "lng": -0.11965914968737774, "labeledLatLngs": [{"label": "display", "lat": 51.50289113287021, "lng": -0.11965914968737774}], "distance": 163, "cc": "GB", "city": "London", "state": "Greater London", "country": "United Kingdom", "formattedAddress": ["South Bank", "Greater London", "United Kingdom"]}, "categories": [{"id": "4bf58dd8d48988d16d941735", "name": "Caf\u00e9", "pluralName": "Caf\u00e9s", "shortName": "Caf\u00e9", "icon": {"prefix": "https://ss3.4sqi.net/img/categories_v2/food/cafe_", "suffix": ".png"}, "primary": true}], "photos": {"count": 0, "groups": []}}, "referralId": "e-0-4bd17e98caff95212fb7d0f0-36"}, {"reasons": {"count": 0, "items": [{"summary": "This spot is popular", "type": "general", "reasonName": "globalInteractionReason"}]}, "venue": {"id": "4b9b933ff964a520a21036e3", "name": "Neds Noodle Bar", "location": {"address": "3E Belvedere Rd", "lat": 51.50211929729182, "lng": -0.11797101793820089, "labeledLatLngs": [{"label": "display", "lat": 51.50211929729182, "lng": -0.11797101793820089}], "distance": 108, "postalCode": "SE1 7GQ", "cc": "GB", "city": "London", "state": "Greater London", "country": "United Kingdom", "formattedAddress": ["3E Belvedere Rd", "London", "Greater London", "SE1 7GQ", "United Kingdom"]}, "categories": [{"id": "4bf58dd8d48988d1d1941735", "name": "Noodle House", "pluralName": "Noodle Houses", "shortName": "Noodles", "icon": {"prefix": "https://ss3.4sqi.net/img/categories_v2/food/ramen_", "suffix": ".png"}, "primary": true}], "photos": {"count": 0, "groups": []}}, "referralId": "e-0-4b9b933ff964a520a21036e3-37"}, {"reasons": {"count": 0, "items": [{"summary": "This spot is popular", "type": "general", "reasonName": "globalInteractionReason"}]}, "venue": {"id": "51572891e4b08b1cda5756f4", "name": "L'Italiano", "location": {"address": "Park Plaza County Hall", "crossStreet": "1 Addington St", "lat": 51.501174518056544, "lng": -0.11624451307722783, "labeledLatLngs": [{"label": "display", "lat": 51.501174518056544, "lng": -0.11624451307722783}], "distance": 215, "postalCode": "SE1 7RY", "cc": "GB", "city": "Waterloo", "state": "Greater London", "country": "United Kingdom", "formattedAddress": ["Park Plaza County Hall (1 Addington St)", "Waterloo", "Greater London", "SE1 7RY", "United Kingdom"]}, "categories": [{"id": "4bf58dd8d48988d110941735", "name": "Italian Restaurant", "pluralName": "Italian Restaurants", "shortName": "Italian", "icon": {"prefix": "https://ss3.4sqi.net/img/categories_v2/food/italian_", "suffix": ".png"}, "primary": true}], "photos": {"count": 0, "groups": []}}, "referralId": "e-0-51572891e4b08b1cda5756f4-38"}, {"reasons": {"count": 0, "items": [{"summary": "This spot is popular", "type": "general", "reasonName": "globalInteractionReason"}]}, "venue": {"id": "4adccfcbf964a520193021e3", "name": "Strada", "location": {"address": "Belvedere Rd", "crossStreet": "Riverside Level 1", "lat": 51.505942197961346, "lng": -0.11778137704823165, "labeledLatLngs": [{"label": "display", "lat": 51.505942197961346, "lng": -0.11778137704823165}], "distance": 329, "postalCode": "SE1 8XX", "cc": "GB", "city": "London", "state": "Greater London", "country": "United Kingdom", "formattedAddress": ["Belvedere Rd (Riverside Level 1)", "London", "Greater London", "SE1 8XX", "United Kingdom"]}, "categories": [{"id": "4bf58dd8d48988d110941735", "name": "Italian Restaurant", "pluralName": "Italian Restaurants", "shortName": "Italian", "icon": {"prefix": "https://ss3.4sqi.net/img/categories_v2/food/italian_", "suffix": ".png"}, "primary": true}], "photos": {"count": 0, "groups": []}}, "referralId": "e-0-4adccfcbf964a520193021e3-39"}, {"reasons": {"count": 0, "items": [{"summary": "This spot is popular", "type": "general", "reasonName": "globalInteractionReason"}]}, "venue": {"id": "5e495abb7ed26b000838553f", "name": "KFC", "location": {"address": "3 Mepham St", "lat": 51.503996, "lng": -0.114025, "labeledLatLngs": [{"label": "display", "lat": 51.503996, "lng": -0.114025}], "distance": 252, "postalCode": "SE1 8FS", "cc": "GB", "city": "London", "state": "Greater London", "country": "United Kingdom", "formattedAddress": ["3 Mepham St", "London", "Greater London", "SE1 8FS", "United Kingdom"]}, "categories": [{"id": "4bf58dd8d48988d16e941735", "name": "Fast Food Restaurant", "pluralName": "Fast Food Restaurants", "shortName": "Fast Food", "icon": {"prefix": "https://ss3.4sqi.net/img/categories_v2/food/fastfood_", "suffix": ".png"}, "primary": true}], "photos": {"count": 0, "groups": []}, "venuePage": {"id": "583734386"}}, "referralId": "e-0-5e495abb7ed26b000838553f-40"}, {"reasons": {"count": 0, "items": [{"summary": "This spot is popular", "type": "general", "reasonName": "globalInteractionReason"}]}, "venue": {"id": "4c7cf833f56a37044a480946", "name": "Caprini", "location": {"address": "77 Waterloo Rd", "lat": 51.50406378170506, "lng": -0.11194879566816252, "labeledLatLngs": [{"label": "display", "lat": 51.50406378170506, "lng": -0.11194879566816252}], "distance": 389, "postalCode": "SE1 8UD", "cc": "GB", "city": "London", "state": "Greater London", "country": "United Kingdom", "formattedAddress": ["77 Waterloo Rd", "London", "Greater London", "SE1 8UD", "United Kingdom"]}, "categories": [{"id": "4bf58dd8d48988d110941735", "name": "Italian Restaurant", "pluralName": "Italian Restaurants", "shortName": "Italian", "icon": {"prefix": "https://ss3.4sqi.net/img/categories_v2/food/italian_", "suffix": ".png"}, "primary": true}], "photos": {"count": 0, "groups": []}}, "referralId": "e-0-4c7cf833f56a37044a480946-41"}, {"reasons": {"count": 0, "items": [{"summary": "This spot is popular", "type": "general", "reasonName": "globalInteractionReason"}]}, "venue": {"id": "4ae9a4b4f964a5207fb521e3", "name": "Subway", "location": {"address": "3A/B Belvedere Road, Unite 3A/B", "crossStreet": "At County Hall", "lat": 51.50132561569017, "lng": -0.11804976686471491, "labeledLatLngs": [{"label": "display", "lat": 51.50132561569017, "lng": -0.11804976686471491}], "distance": 193, "postalCode": "SE1 7GP", "cc": "GB", "city": "London", "country": "United Kingdom", "formattedAddress": ["3A/B Belvedere Road, Unite 3A/B (At County Hall)", "London", "SE1 7GP", "United Kingdom"]}, "categories": [{"id": "4bf58dd8d48988d1c5941735", "name": "Sandwich Place", "pluralName": "Sandwich Places", "shortName": "Sandwiches", "icon": {"prefix": "https://ss3.4sqi.net/img/categories_v2/food/deli_", "suffix": ".png"}, "primary": true}], "photos": {"count": 0, "groups": []}}, "referralId": "e-0-4ae9a4b4f964a5207fb521e3-42"}, {"reasons": {"count": 0, "items": [{"summary": "This spot is popular", "type": "general", "reasonName": "globalInteractionReason"}]}, "venue": {"id": "4b7564f8f964a5201e0a2ee3", "name": "Locale", "location": {"address": "3b Belvedere Rd", "crossStreet": "County Hall", "lat": 51.501561340490404, "lng": -0.1180947304302975, "labeledLatLngs": [{"label": "display", "lat": 51.501561340490404, "lng": -0.1180947304302975}], "distance": 169, "postalCode": "SE1 7GP", "cc": "GB", "city": "South Bank", "state": "Greater London", "country": "United Kingdom", "formattedAddress": ["3b Belvedere Rd (County Hall)", "South Bank", "Greater London", "SE1 7GP", "United Kingdom"]}, "categories": [{"id": "4bf58dd8d48988d110941735", "name": "Italian Restaurant", "pluralName": "Italian Restaurants", "shortName": "Italian", "icon": {"prefix": "https://ss3.4sqi.net/img/categories_v2/food/italian_", "suffix": ".png"}, "primary": true}], "photos": {"count": 0, "groups": []}}, "referralId": "e-0-4b7564f8f964a5201e0a2ee3-43"}, {"reasons": {"count": 0, "items": [{"summary": "This spot is popular", "type": "general", "reasonName": "globalInteractionReason"}]}, "venue": {"id": "4b9fb129f964a5205e3537e3", "name": "Wasabi", "location": {"address": "Waterloo Station", "lat": 51.502840979386455, "lng": -0.11192427036494151, "labeledLatLngs": [{"label": "display", "lat": 51.502840979386455, "lng": -0.11192427036494151}], "distance": 372, "postalCode": "SE1 8SW", "cc": "GB", "city": "London", "state": "Greater London", "country": "United Kingdom", "formattedAddress": ["Waterloo Station", "London", "Greater London", "SE1 8SW", "United Kingdom"]}, "categories": [{"id": "4bf58dd8d48988d1d2941735", "name": "Sushi Restaurant", "pluralName": "Sushi Restaurants", "shortName": "Sushi", "icon": {"prefix": "https://ss3.4sqi.net/img/categories_v2/food/sushi_", "suffix": ".png"}, "primary": true}], "photos": {"count": 0, "groups": []}}, "referralId": "e-0-4b9fb129f964a5205e3537e3-44"}, {"reasons": {"count": 0, "items": [{"summary": "This spot is popular", "type": "general", "reasonName": "globalInteractionReason"}]}, "venue": {"id": "4b522297f964a520996a27e3", "name": "Ozu", "location": {"address": "County Hall", "lat": 51.50238433712797, "lng": -0.11995255248581857, "labeledLatLngs": [{"label": "display", "lat": 51.50238433712797, "lng": -0.11995255248581857}], "distance": 196, "cc": "GB", "city": "London", "state": "Greater London", "country": "United Kingdom", "formattedAddress": ["County Hall", "London", "Greater London", "United Kingdom"]}, "categories": [{"id": "4bf58dd8d48988d111941735", "name": "Japanese Restaurant", "pluralName": "Japanese Restaurants", "shortName": "Japanese", "icon": {"prefix": "https://ss3.4sqi.net/img/categories_v2/food/japanese_", "suffix": ".png"}, "primary": true}], "photos": {"count": 0, "groups": []}}, "referralId": "e-0-4b522297f964a520996a27e3-45"}, {"reasons": {"count": 0, "items": [{"summary": "This spot is popular", "type": "general", "reasonName": "globalInteractionReason"}]}, "venue": {"id": "4d693edc82cba093b638d8d8", "name": "Super Soft Ice", "location": {"address": "London Eye", "lat": 51.50130433298669, "lng": -0.11684952362183895, "labeledLatLngs": [{"label": "display", "lat": 51.50130433298669, "lng": -0.11684952362183895}], "distance": 191, "cc": "GB", "city": "London", "state": "Greater London", "country": "United Kingdom", "formattedAddress": ["London Eye", "London", "Greater London", "United Kingdom"]}, "categories": [{"id": "4bf58dd8d48988d1cb941735", "name": "Food Truck", "pluralName": "Food Trucks", "shortName": "Food Truck", "icon": {"prefix": "https://ss3.4sqi.net/img/categories_v2/food/streetfood_", "suffix": ".png"}, "primary": true}], "photos": {"count": 0, "groups": []}}, "referralId": "e-0-4d693edc82cba093b638d8d8-46"}, {"reasons": {"count": 0, "items": [{"summary": "This spot is popular", "type": "general", "reasonName": "globalInteractionReason"}]}, "venue": {"id": "58c3f75572efa433cae40ddd", "name": "Bao Fa Garden", "location": {"lat": 51.50227, "lng": -0.119411, "labeledLatLngs": [{"label": "display", "lat": 51.50227, "lng": -0.119411}], "distance": 167, "cc": "GB", "country": "United Kingdom", "formattedAddress": ["United Kingdom"]}, "categories": [{"id": "4bf58dd8d48988d145941735", "name": "Chinese Restaurant", "pluralName": "Chinese Restaurants", "shortName": "Chinese", "icon": {"prefix": "https://ss3.4sqi.net/img/categories_v2/food/asian_", "suffix": ".png"}, "primary": true}], "photos": {"count": 0, "groups": []}}, "referralId": "e-0-58c3f75572efa433cae40ddd-47"}, {"reasons": {"count": 0, "items": [{"summary": "This spot is popular", "type": "general", "reasonName": "globalInteractionReason"}]}, "venue": {"id": "5ae0b0d689ad463b10e06c7d", "name": "Tokyo Bakery", "location": {"address": "South Bank", "lat": 51.501689, "lng": -0.118156, "labeledLatLngs": [{"label": "display", "lat": 51.501689, "lng": -0.118156}], "distance": 157, "postalCode": "SE1 7PB", "cc": "GB", "city": "London", "state": "Greater London", "country": "United Kingdom", "formattedAddress": ["South Bank", "London", "Greater London", "SE1 7PB", "United Kingdom"]}, "categories": [{"id": "4bf58dd8d48988d16a941735", "name": "Bakery", "pluralName": "Bakeries", "shortName": "Bakery", "icon": {"prefix": "https://ss3.4sqi.net/img/categories_v2/food/bakery_", "suffix": ".png"}, "primary": true}], "photos": {"count": 0, "groups": []}}, "referralId": "e-0-5ae0b0d689ad463b10e06c7d-48"}, {"reasons": {"count": 0, "items": [{"summary": "This spot is popular", "type": "general", "reasonName": "globalInteractionReason"}]}, "venue": {"id": "501643e0e4b0b96018fad96e", "name": "Breakfast Room", "location": {"lat": 51.50122233234254, "lng": -0.11712211560874232, "labeledLatLngs": [{"label": "display", "lat": 51.50122233234254, "lng": -0.11712211560874232}], "distance": 198, "cc": "GB", "country": "United Kingdom", "formattedAddress": ["United Kingdom"]}, "categories": [{"id": "4bf58dd8d48988d143941735", "name": "Breakfast Spot", "pluralName": "Breakfast Spots", "shortName": "Breakfast", "icon": {"prefix": "https://ss3.4sqi.net/img/categories_v2/food/breakfast_", "suffix": ".png"}, "primary": true}], "photos": {"count": 0, "groups": []}}, "referralId": "e-0-501643e0e4b0b96018fad96e-49"}, {"reasons": {"count": 0, "items": [{"summary": "This spot is popular", "type": "general", "reasonName": "globalInteractionReason"}]}, "venue": {"id": "559179de498ee4167d2dddcf", "name": "Jenny's Bakery", "location": {"lat": 51.50118973699038, "lng": -0.11856497476462874, "labeledLatLngs": [{"label": "display", "lat": 51.50118973699038, "lng": -0.11856497476462874}], "distance": 219, "cc": "GB", "country": "United Kingdom", "formattedAddress": ["United Kingdom"]}, "categories": [{"id": "4bf58dd8d48988d16a941735", "name": "Bakery", "pluralName": "Bakeries", "shortName": "Bakery", "icon": {"prefix": "https://ss3.4sqi.net/img/categories_v2/food/bakery_", "suffix": ".png"}, "primary": true}], "photos": {"count": 0, "groups": []}}, "referralId": "e-0-559179de498ee4167d2dddcf-50"}, {"reasons": {"count": 0, "items": [{"summary": "This spot is popular", "type": "general", "reasonName": "globalInteractionReason"}]}, "venue": {"id": "4b5487a9f964a520bfbe27e3", "name": "Upper Crust", "location": {"address": "London Waterloo Station (WAT)", "lat": 51.50310515364019, "lng": -0.11274691813154415, "labeledLatLngs": [{"label": "display", "lat": 51.50310515364019, "lng": -0.11274691813154415}], "distance": 315, "postalCode": "SE1 8SW", "cc": "GB", "city": "London", "state": "Greater London", "country": "United Kingdom", "formattedAddress": ["London Waterloo Station (WAT)", "London", "Greater London", "SE1 8SW", "United Kingdom"]}, "categories": [{"id": "4bf58dd8d48988d1c5941735", "name": "Sandwich Place", "pluralName": "Sandwich Places", "shortName": "Sandwiches", "icon": {"prefix": "https://ss3.4sqi.net/img/categories_v2/food/deli_", "suffix": ".png"}, "primary": true}], "photos": {"count": 0, "groups": []}}, "referralId": "e-0-4b5487a9f964a520bfbe27e3-51"}, {"reasons": {"count": 0, "items": [{"summary": "This spot is popular", "type": "general", "reasonName": "globalInteractionReason"}]}, "venue": {"id": "59f5bc77c666666b3161d09d", "name": "The Frenchie", "location": {"address": "Southbank Centre Sq", "lat": 51.505406, "lng": -0.116646, "labeledLatLngs": [{"label": "display", "lat": 51.505406, "lng": -0.116646}], "distance": 271, "postalCode": "SE1 8XX", "cc": "GB", "city": "London", "state": "Greater London", "country": "United Kingdom", "formattedAddress": ["Southbank Centre Sq", "London", "Greater London", "SE1 8XX", "United Kingdom"]}, "categories": [{"id": "56aa371be4b08b9a8d57350b", "name": "Food Stand", "pluralName": "Food Stands", "shortName": "Food Stand", "icon": {"prefix": "https://ss3.4sqi.net/img/categories_v2/travel/movingtarget_", "suffix": ".png"}, "primary": true}], "photos": {"count": 0, "groups": []}}, "referralId": "e-0-59f5bc77c666666b3161d09d-52"}, {"reasons": {"count": 0, "items": [{"summary": "This spot is popular", "type": "general", "reasonName": "globalInteractionReason"}]}, "venue": {"id": "4b0e8ff0f964a5207f5823e3", "name": "PizzaExpress", "location": {"address": "Unit 3 The White House, 9c Belvedere Road", "crossStreet": "9c Belvedere Rd", "lat": 51.5056361, "lng": -0.1151426, "labeledLatLngs": [{"label": "display", "lat": 51.5056361, "lng": -0.1151426}], "distance": 329, "postalCode": "SE1 8YP", "cc": "GB", "city": "London", "state": "Greater London", "country": "United Kingdom", "formattedAddress": ["Unit 3 The White House, 9c Belvedere Road (9c Belvedere Rd)", "London", "Greater London", "SE1 8YP", "United Kingdom"]}, "categories": [{"id": "4bf58dd8d48988d1ca941735", "name": "Pizza Place", "pluralName": "Pizza Places", "shortName": "Pizza", "icon": {"prefix": "https://ss3.4sqi.net/img/categories_v2/food/pizza_", "suffix": ".png"}, "primary": true}], "photos": {"count": 0, "groups": []}}, "referralId": "e-0-4b0e8ff0f964a5207f5823e3-53"}, {"reasons": {"count": 0, "items": [{"summary": "This spot is popular", "type": "general", "reasonName": "globalInteractionReason"}]}, "venue": {"id": "5943d372ea1e442b832822af", "name": "Oh My Dog!", "location": {"lat": 51.505398, "lng": -0.118557, "labeledLatLngs": [{"label": "display", "lat": 51.505398, "lng": -0.118557}], "distance": 280, "postalCode": "SE1 8XX", "cc": "GB", "city": "London", "state": "Greater London", "country": "United Kingdom", "formattedAddress": ["London", "Greater London", "SE1 8XX", "United Kingdom"]}, "categories": [{"id": "4bf58dd8d48988d16f941735", "name": "Hot Dog Joint", "pluralName": "Hot Dog Joints", "shortName": "Hot Dogs", "icon": {"prefix": "https://ss3.4sqi.net/img/categories_v2/food/hotdog_", "suffix": ".png"}, "primary": true}], "photos": {"count": 0, "groups": []}}, "referralId": "e-0-5943d372ea1e442b832822af-54"}, {"reasons": {"count": 0, "items": [{"summary": "This spot is popular", "type": "general", "reasonName": "globalInteractionReason"}]}, "venue": {"id": "4bb9dab81261d13aa9e6e998", "name": "Fishcotheque", "location": {"address": "79A Waterloo Rd", "lat": 51.50396655481911, "lng": -0.11188035732393523, "labeledLatLngs": [{"label": "display", "lat": 51.50396655481911, "lng": -0.11188035732393523}], "distance": 390, "postalCode": "SE1 8UD", "cc": "GB", "city": "London", "state": "Greater London", "country": "United Kingdom", "formattedAddress": ["79A Waterloo Rd", "London", "Greater London", "SE1 8UD", "United Kingdom"]}, "categories": [{"id": "4edd64a0c7ddd24ca188df1a", "name": "Fish & Chips Shop", "pluralName": "Fish & Chips Shops", "shortName": "Fish & Chips", "icon": {"prefix": "https://ss3.4sqi.net/img/categories_v2/food/fishandchips_", "suffix": ".png"}, "primary": true}], "photos": {"count": 0, "groups": []}}, "referralId": "e-0-4bb9dab81261d13aa9e6e998-55"}, {"reasons": {"count": 0, "items": [{"summary": "This spot is popular", "type": "general", "reasonName": "globalInteractionReason"}]}, "venue": {"id": "5cd47f2201bc5a002c51ddec", "name": "Truffle Burgers", "location": {"lat": 51.505558, "lng": -0.11814058, "labeledLatLngs": [{"label": "display", "lat": 51.505558, "lng": -0.11814058}], "distance": 290, "postalCode": "SE1 8XX", "cc": "GB", "neighborhood": "London", "country": "United Kingdom", "formattedAddress": ["SE1 8XX", "United Kingdom"]}, "categories": [{"id": "4bf58dd8d48988d16c941735", "name": "Burger Joint", "pluralName": "Burger Joints", "shortName": "Burgers", "icon": {"prefix": "https://ss3.4sqi.net/img/categories_v2/food/burger_", "suffix": ".png"}, "primary": true}], "photos": {"count": 0, "groups": []}}, "referralId": "e-0-5cd47f2201bc5a002c51ddec-56"}, {"reasons": {"count": 0, "items": [{"summary": "This spot is popular", "type": "general", "reasonName": "globalInteractionReason"}]}, "venue": {"id": "4b6b2cf2f964a520a1f72be3", "name": "The Thames Restaurant", "location": {"address": "79 Waterloo Rd", "lat": 51.50394774265021, "lng": -0.11190870127239948, "labeledLatLngs": [{"label": "display", "lat": 51.50394774265021, "lng": -0.11190870127239948}], "distance": 388, "postalCode": "SE1 8UD", "cc": "GB", "city": "London", "state": "Greater London", "country": "United Kingdom", "formattedAddress": ["79 Waterloo Rd", "London", "Greater London", "SE1 8UD", "United Kingdom"]}, "categories": [{"id": "4bf58dd8d48988d10f941735", "name": "Indian Restaurant", "pluralName": "Indian Restaurants", "shortName": "Indian", "icon": {"prefix": "https://ss3.4sqi.net/img/categories_v2/food/indian_", "suffix": ".png"}, "primary": true}], "photos": {"count": 0, "groups": []}}, "referralId": "e-0-4b6b2cf2f964a520a1f72be3-57"}, {"reasons": {"count": 0, "items": [{"summary": "This spot is popular", "type": "general", "reasonName": "globalInteractionReason"}]}, "venue": {"id": "563636f4498ef830830f0e36", "name": "Spit & Roast", "location": {"address": "Southbank Centre Sq", "lat": 51.50558385576479, "lng": -0.11600017547607422, "labeledLatLngs": [{"label": "display", "lat": 51.50558385576479, "lng": -0.11600017547607422}], "distance": 301, "postalCode": "SE1 8XX", "cc": "GB", "neighborhood": "South Bank, London, Greater London", "city": "London", "state": "Greater London", "country": "United Kingdom", "formattedAddress": ["Southbank Centre Sq", "London", "Greater London", "SE1 8XX", "United Kingdom"]}, "categories": [{"id": "4d4ae6fc7a7b7dea34424761", "name": "Fried Chicken Joint", "pluralName": "Fried Chicken Joints", "shortName": "Fried Chicken", "icon": {"prefix": "https://ss3.4sqi.net/img/categories_v2/food/friedchicken_", "suffix": ".png"}, "primary": true}], "photos": {"count": 0, "groups": []}}, "referralId": "e-0-563636f4498ef830830f0e36-58"}, {"reasons": {"count": 0, "items": [{"summary": "This spot is popular", "type": "general", "reasonName": "globalInteractionReason"}]}, "venue": {"id": "56f29bc0498ef1b351d85581", "name": "Four Corners (Urbanest WBSA)", "location": {"lat": 51.5003038811484, "lng": -0.1165751352030876, "labeledLatLngs": [{"label": "display", "lat": 51.5003038811484, "lng": -0.1165751352030876}], "distance": 304, "cc": "GB", "country": "United Kingdom", "formattedAddress": ["United Kingdom"]}, "categories": [{"id": "4bf58dd8d48988d16d941735", "name": "Caf\u00e9", "pluralName": "Caf\u00e9s", "shortName": "Caf\u00e9", "icon": {"prefix": "https://ss3.4sqi.net/img/categories_v2/food/cafe_", "suffix": ".png"}, "primary": true}], "photos": {"count": 0, "groups": []}}, "referralId": "e-0-56f29bc0498ef1b351d85581-59"}, {"reasons": {"count": 0, "items": [{"summary": "This spot is popular", "type": "general", "reasonName": "globalInteractionReason"}]}, "venue": {"id": "5ce5add3121384002cb4e296", "name": "Applebee\u2019s Fish", "location": {"lat": 51.505699, "lng": -0.118027, "labeledLatLngs": [{"label": "display", "lat": 51.505699, "lng": -0.118027}], "distance": 304, "postalCode": "SE1 8XZ", "cc": "GB", "city": "London", "state": "Greater London", "country": "United Kingdom", "formattedAddress": ["London", "Greater London", "SE1 8XZ", "United Kingdom"]}, "categories": [{"id": "4edd64a0c7ddd24ca188df1a", "name": "Fish & Chips Shop", "pluralName": "Fish & Chips Shops", "shortName": "Fish & Chips", "icon": {"prefix": "https://ss3.4sqi.net/img/categories_v2/food/fishandchips_", "suffix": ".png"}, "primary": true}], "photos": {"count": 0, "groups": []}}, "referralId": "e-0-5ce5add3121384002cb4e296-60"}, {"reasons": {"count": 0, "items": [{"summary": "This spot is popular", "type": "general", "reasonName": "globalInteractionReason"}]}, "venue": {"id": "4c63b33b58810f470c5b0a1e", "name": "YO! Sushi", "location": {"address": "Unit 3 Festival Riverside, Royal Festival Hall, Southbank Centre", "crossStreet": "Southbank Centre", "lat": 51.50620180431136, "lng": -0.11713450543265935, "labeledLatLngs": [{"label": "display", "lat": 51.50620180431136, "lng": -0.11713450543265935}], "distance": 356, "postalCode": "SE1 8XX", "cc": "GB", "neighborhood": "London", "city": "London", "state": "Greater London", "country": "United Kingdom", "formattedAddress": ["Unit 3 Festival Riverside, Royal Festival Hall, Southbank Centre (Southbank Centre)", "London", "Greater London", "SE1 8XX", "United Kingdom"]}, "categories": [{"id": "4bf58dd8d48988d1d2941735", "name": "Sushi Restaurant", "pluralName": "Sushi Restaurants", "shortName": "Sushi", "icon": {"prefix": "https://ss3.4sqi.net/img/categories_v2/food/sushi_", "suffix": ".png"}, "primary": true}], "photos": {"count": 0, "groups": []}}, "referralId": "e-0-4c63b33b58810f470c5b0a1e-61"}, {"reasons": {"count": 0, "items": [{"summary": "This spot is popular", "type": "general", "reasonName": "globalInteractionReason"}]}, "venue": {"id": "4fae71f2e4b0f4503a3ecc6b", "name": "M&S Caf\u00e9", "location": {"address": "St Thomas' Hospital", "lat": 51.49990476559798, "lng": -0.11889275441485035, "labeledLatLngs": [{"label": "display", "lat": 51.49990476559798, "lng": -0.11889275441485035}], "distance": 361, "cc": "GB", "country": "United Kingdom", "formattedAddress": ["St Thomas' Hospital", "United Kingdom"]}, "categories": [{"id": "4bf58dd8d48988d16d941735", "name": "Caf\u00e9", "pluralName": "Caf\u00e9s", "shortName": "Caf\u00e9", "icon": {"prefix": "https://ss3.4sqi.net/img/categories_v2/food/cafe_", "suffix": ".png"}, "primary": true}], "photos": {"count": 0, "groups": []}}, "referralId": "e-0-4fae71f2e4b0f4503a3ecc6b-62"}, {"reasons": {"count": 0, "items": [{"summary": "This spot is popular", "type": "general", "reasonName": "globalInteractionReason"}]}, "venue": {"id": "4ba1f576f964a5209dd337e3", "name": "Delice de France", "location": {"address": "Waterloo Station", "lat": 51.502908272082855, "lng": -0.11198779961017627, "labeledLatLngs": [{"label": "display", "lat": 51.502908272082855, "lng": -0.11198779961017627}], "distance": 368, "cc": "GB", "city": "London", "state": "Greater London", "country": "United Kingdom", "formattedAddress": ["Waterloo Station", "London", "Greater London", "United Kingdom"]}, "categories": [{"id": "4bf58dd8d48988d16a941735", "name": "Bakery", "pluralName": "Bakeries", "shortName": "Bakery", "icon": {"prefix": "https://ss3.4sqi.net/img/categories_v2/food/bakery_", "suffix": ".png"}, "primary": true}], "photos": {"count": 0, "groups": []}}, "referralId": "e-0-4ba1f576f964a5209dd337e3-63"}, {"reasons": {"count": 0, "items": [{"summary": "This spot is popular", "type": "general", "reasonName": "globalInteractionReason"}]}, "venue": {"id": "50254acae4b0a32dd887ec16", "name": "Carluccio's", "location": {"address": "Unit 16/17, The Balcony", "crossStreet": "Waterloo Station", "lat": 51.502843034462565, "lng": -0.11181683329005393, "labeledLatLngs": [{"label": "display", "lat": 51.502843034462565, "lng": -0.11181683329005393}], "distance": 380, "postalCode": "SE1 7LY", "cc": "GB", "city": "London", "state": "Greater London", "country": "United Kingdom", "formattedAddress": ["Unit 16/17, The Balcony (Waterloo Station)", "London", "Greater London", "SE1 7LY", "United Kingdom"]}, "categories": [{"id": "4bf58dd8d48988d110941735", "name": "Italian Restaurant", "pluralName": "Italian Restaurants", "shortName": "Italian", "icon": {"prefix": "https://ss3.4sqi.net/img/categories_v2/food/italian_", "suffix": ".png"}, "primary": true}], "photos": {"count": 0, "groups": []}}, "referralId": "e-0-50254acae4b0a32dd887ec16-64"}, {"reasons": {"count": 0, "items": [{"summary": "This spot is popular", "type": "general", "reasonName": "globalInteractionReason"}]}, "venue": {"id": "4c03d0d3f423a593adafd016", "name": "La Cucina Di Mamma", "location": {"address": "3J-3K Belvedere Rd", "lat": 51.50252222727663, "lng": -0.11781680612541412, "labeledLatLngs": [{"label": "display", "lat": 51.50252222727663, "lng": -0.11781680612541412}], "distance": 64, "postalCode": "SE1 7GQ", "cc": "GB", "city": "London", "state": "Greater London", "country": "United Kingdom", "formattedAddress": ["3J-3K Belvedere Rd", "London", "Greater London", "SE1 7GQ", "United Kingdom"]}, "categories": [{"id": "4bf58dd8d48988d110941735", "name": "Italian Restaurant", "pluralName": "Italian Restaurants", "shortName": "Italian", "icon": {"prefix": "https://ss3.4sqi.net/img/categories_v2/food/italian_", "suffix": ".png"}, "primary": true}], "photos": {"count": 0, "groups": []}}, "referralId": "e-0-4c03d0d3f423a593adafd016-65"}]}]}}