{"meta": {"code": 200, "requestId": "5fedda2e30b6ce4dff3dd4ff"}, "response": {"headerLocation": "Upton Park", "headerFullLocation": "Upton Park, London", "headerLocationGranularity": "neighborhood", "query": "travel", "totalResults": 6, "suggestedBounds": {"ne": {"lat": 51.535720003600005, "lng": 0.04553627666908332}, "sw": {"lat": 51.52851999639999, "lng": 0.033983723330916676}}, "groups": [{"type": "Recommended Places", "name": "recommended", "items": [{"reasons": {"count": 0, "items": [{"summary": "This spot is popular", "type": "general", "reasonName": "globalInteractionReason"}]}, "venue": {"id": "4e029a9faeb7985765772db9", "name": "Upton Park Bus Garage", "location": {"address": "1 Redclyffe Road", "lat": 51.531457235095765, "lng": 0.040985074668395, "labeledLatLngs": [{"label": "display", "lat": 51.531457235095765, "lng": 0.040985074668395}], "distance": 112, "cc": "GB", "city": "Upton Park", "state": "Greater London", "country": "United Kingdom", "formattedAddress": ["1 Redclyffe Road", "Upton Park", "Greater London", "United Kingdom"]}, "categories": [{"id": "4bf58dd8d48988d1fe931735", "name": "Bus Station", "pluralName": "Bus Stations", "shortName": "Bus Station", "icon": {"prefix": "https://ss3.4sqi.net/img/categories_v2/travel/busstation_", "suffix": ".png"}, "primary": true}], "photos": {"count": 0, "groups": []}}, "referralId": "e-0-4e029a9faeb7985765772db9-0"}, {"reasons": {"count": 0, "items": [{"summary": "This spot is popular", "type": "general", "reasonName": "globalInteractionReason"}]}, "venue": {"id": "4fa5c948e4b05ddd6768b750", "name": "Globe Trott Inns", "location": {"lat": 51.53044709413726, "lng": 0.0381189347784678, "labeledLatLngs": [{"label": "display", "lat": 51.53044709413726, "lng": 0.0381189347784678}], "distance": 218, "cc": "GB", "country": "United Kingdom", "formattedAddress": ["United Kingdom"]}, "categories": [{"id": "4bf58dd8d48988d1ee931735", "name": "Hostel", "pluralName": "Hostels", "shortName": "Hostel", "icon": {"prefix": "https://ss3.4sqi.net/img/categories_v2/travel/hostel_", "suffix": ".png"}, "primary": true}], "photos": {"count": 0, "groups": []}}, "referralId": "e-0-4fa5c948e4b05ddd6768b750-1"}, {"reasons": {"count": 0, "items": [{"summary": "This spot is popular", "type": "general", "reasonName": "globalInteractionReason"}]}, "venue": {"id": "5939539cc9f90705ac3f0852", "name": "Prestige Keys East London Car Hire", "location": {"address": "776-778 Barking Rd", "lat": 51.5300308, "lng": 0.0373527, "labeledLatLngs": [{"label": "display", "lat": 51.5300308, "lng": 0.0373527}], "distance": 286, "postalCode": "E13 9PJ", "cc": "GB", "city": "London", "state": "Greater London", "country": "United Kingdom", "formattedAddress": ["776-778 Barking Rd", "London", "Greater London", "E13 9PJ", "United Kingdom"]}, "categories": [{"id": "4bf58dd8d48988d1ef941735", "name": "Rental Car Location", "pluralName": "Rental Car Locations", "shortName": "Rental Car", "icon": {"prefix": "https://ss3.4sqi.net/img/categories_v2/shops/airport_rentalcar_", "suffix": ".png"}, "primary": true}], "photos": {"count": 0, "groups": []}}, "referralId": "e-0-5939539cc9f90705ac3f0852-2"}, {"reasons": {"count": 0, "items": [{"summary": "This spot is popular", "type": "general", "reasonName": "globalInteractionReason"}]}, "venue": {"id": "4e5113391495fc2ca41540b4", "name": "Dickens Road", "location": {"lat": 51.530891427390515, "lng": 0.04379482250530618, "labeledLatLngs": [{"label": "display", "lat": 51.530891427390515, "lng": 0.04379482250530618}], "distance": 311, "cc": "GB", "country": "United Kingdom", "formattedAddress": ["United Kingdom"]}, "categories": [{"id": "4bf58dd8d48988d1fe931735", "name": "Bus Station", "pluralName": "Bus Stations", "shortName": "Bus Station", "icon": {"prefix": "https://ss3.4sqi.net/img/categories_v2/travel/busstation_", "suffix": ".png"}, "primary": true}], "photos": {"count": 0, "groups": []}}, "referralId": "e-0-4e5113391495fc2ca41540b4-3"}, {"reasons": {"count": 0, "items": [{"summary": "This spot is popular", "type": "general", "reasonName": "globalInteractionReason"}]}, "venue": {"id": "57ccf092498e4a5152b0b106", "name": "bus 147 to Ilford", "location": {"lat": 51.530306, "lng": 0.036318, "labeledLatLngs": [{"label": "display", "lat": 51.530306, "lng": 0.036318}], "distance": 312, "postalCode": "E13 9EU", "cc": "GB", "city": "London", "state": "Greater London", "country": "United Kingdom", "formattedAddress": ["London", "Greater London", "E13 9EU", "United Kingdom"]}, "categories": [{"id": "52f2ab2ebcbc57f1066b8b4f", "name": "Bus Stop", "pluralName": "Bus Stops", "shortName": "Bus Stop", "icon": {"prefix": "https://ss3.4sqi.net/img/categories_v2/travel/busstation_", "suffix": ".png"}, "primary": true}], "photos": {"count": 0, "groups": []}}, "referralId": "e-0-57ccf092498e4a5152b0b106-4"}, {"reasons": {"count": 0, "items": [{"summary": "This spot is popular", "type": "general", "reasonName": "globalInteractionReason"}]}, "venue": {"id": "4e5622917d8b60849c4ab83c", "name": "Tudor Road", "location": {"lat": 51.531036376953125, "lng": 0.03535110130906105, "labeledLatLngs": [{"label": "display", "lat": 51.531036376953125, "lng": 0.03535110130906105}], "distance": 328, "cc": "GB", "country": "United Kingdom", "formattedAddress": ["United Kingdom"]}, "categories": [{"id": "4bf58dd8d48988d1fe931735", "name": "Bus Station", "pluralName": "Bus Stations", "shortName": "Bus Station", "icon": {"prefix": "https://ss3.4sqi.net/img/categories_v2/travel/busstation_", "suffix": ".png"}, "primary": true}], "photos": {"count": 0, "groups": []}}, "referralId": "e-0-4e5622917d8b60849c4ab83c-5"}]}]}}