{"meta": {"code": 200, "requestId": "5feddcec97e49419a43a9447"}, "response": {"headerLocation": "Brentford", "headerFullLocation": "Brentford, London", "headerLocationGranularity": "neighborhood", "query": "travel", "totalResults": 4, "suggestedBounds": {"ne": {"lat": 51.49407000360001, "lng": -0.2854790018542157}, "sw": {"lat": 51.486869996399996, "lng": -0.2970209981457843}}, "groups": [{"type": "Recommended Places", "name": "recommended", "items": [{"reasons": {"count": 0, "items": [{"summary": "This spot is popular", "type": "general", "reasonName": "globalInteractionReason"}]}, "venue": {"id": "524d6d8b93cd4f79b11b2ca7", "name": "Brompton Bike Hire- HQ", "location": {"address": "Kew Bridge DC, Lionel Road South", "lat": 51.49086976044979, "lng": -0.2925753593444824, "labeledLatLngs": [{"label": "display", "lat": 51.49086976044979, "lng": -0.2925753593444824}], "distance": 102, "postalCode": "TW8 9QR", "cc": "GB", "city": "London", "state": "Greater London", "country": "United Kingdom", "formattedAddress": ["Kew Bridge DC, Lionel Road South", "London", "Greater London", "TW8 9QR", "United Kingdom"]}, "categories": [{"id": "4e4c9077bd41f78e849722f9", "name": "Bike Rental / Bike Share", "pluralName": "Bike Rentals / Bike Shares", "shortName": "Bike", "icon": {"prefix": "https://ss3.4sqi.net/img/categories_v2/shops/bikeshop_", "suffix": ".png"}, "primary": true}], "photos": {"count": 0, "groups": []}}, "referralId": "e-0-524d6d8b93cd4f79b11b2ca7-0"}, {"reasons": {"count": 0, "items": [{"summary": "This spot is popular", "type": "general", "reasonName": "globalInteractionReason"}]}, "venue": {"id": "50f8656de4b024030c5d46f0", "name": "Platform 1", "location": {"address": "Kew Bridge Railway Station", "lat": 51.48965443751208, "lng": -0.28782010868966523, "labeledLatLngs": [{"label": "display", "lat": 51.48965443751208, "lng": -0.28782010868966523}], "distance": 254, "cc": "GB", "city": "Gunnersbury", "state": "Greater London", "country": "United Kingdom", "formattedAddress": ["Kew Bridge Railway Station", "Gunnersbury", "Greater London", "United Kingdom"]}, "categories": [{"id": "4f4531504b9074f6e4fb0102", "name": "Platform", "pluralName": "Platforms", "shortName": "Platform", "icon": {"prefix": "https://ss3.4sqi.net/img/categories_v2/travel/trainstation_", "suffix": ".png"}, "primary": true}], "photos": {"count": 0, "groups": []}}, "referralId": "e-0-50f8656de4b024030c5d46f0-1"}, {"reasons": {"count": 0, "items": [{"summary": "This spot is popular", "type": "general", "reasonName": "globalInteractionReason"}]}, "venue": {"id": "54d779aa498e017e3b5e7c2a", "name": "Kew Bridge Station Bus Stop T", "location": {"address": "Kew Bridge Rd", "lat": 51.48859843743772, "lng": -0.28844475746154785, "labeledLatLngs": [{"label": "display", "lat": 51.48859843743772, "lng": -0.28844475746154785}], "distance": 284, "cc": "GB", "neighborhood": "Brentford", "city": "Brentford", "state": "Greater London", "country": "United Kingdom", "formattedAddress": ["Kew Bridge Rd", "Brentford", "Greater London", "United Kingdom"]}, "categories": [{"id": "52f2ab2ebcbc57f1066b8b4f", "name": "Bus Stop", "pluralName": "Bus Stops", "shortName": "Bus Stop", "icon": {"prefix": "https://ss3.4sqi.net/img/categories_v2/travel/busstation_", "suffix": ".png"}, "primary": true}], "photos": {"count": 0, "groups": []}}, "referralId": "e-0-54d779aa498e017e3b5e7c2a-2"}, {"reasons": {"count": 0, "items": [{"summary": "This spot is popular", "type": "general", "reasonName": "globalInteractionReason"}]}, "venue": {"id": "4b8e37d8f964a520bb1b33e3", "name": "Kew Bridge Railway Station (KWB)", "location": {"address": "Kew Bridge Rd", "lat": 51.48980208449011, "lng": -0.28905098048851835, "labeledLatLngs": [{"label": "display", "lat": 51.48980208449011, "lng": -0.28905098048851835}], "distance": 169, "postalCode": "TW8 9QS", "cc": "GB", "city": "Brentford", "state": "Greater London", "country": "United Kingdom", "formattedAddress": ["Kew Bridge Rd", "Brentford", "Greater London", "TW8 9QS", "United Kingdom"]}, "categories": [{"id": "4bf58dd8d48988d129951735", "name": "Train Station", "pluralName": "Train Stations", "shortName": "Train Station", "icon": {"prefix": "https://ss3.4sqi.net/img/categories_v2/travel/trainstation_", "suffix": ".png"}, "primary": true}], "photos": {"count": 0, "groups": []}}, "referralId": "e-0-4b8e37d8f964a520bb1b33e3-3"}]}]}}