{"meta": {"code": 200, "requestId": "5feddce9ee40976c1145a394"}, "response": {"headerLocation": "Brentford", "headerFullLocation": "Brentford, London", "headerLocationGranularity": "neighborhood", "query": "food", "totalResults": 5, "suggestedBounds": {"ne": {"lat": 51.49407000360001, "lng": -0.2854790018542157}, "sw": {"lat": 51.486869996399996, "lng": -0.2970209981457843}}, "groups": [{"type": "Recommended Places", "name": "recommended", "items": [{"reasons": {"count": 0, "items": [{"summary": "This spot is popular", "type": "general", "reasonName": "globalInteractionReason"}]}, "venue": {"id": "57af3008498e129a628fdb56", "name": "The Stable", "location": {"address": "8 Kew Bridge Rd", "lat": 51.487905, "lng": -0.288039, "labeledLatLngs": [{"label": "display", "lat": 51.487905, "lng": -0.288039}], "distance": 362, "postalCode": "TW8 0FJ", "cc": "GB", "city": "Brentford", "state": "Greater London", "country": "United Kingdom", "formattedAddress": ["8 Kew Bridge Rd", "Brentford", "Greater London", "TW8 0FJ", "United Kingdom"]}, "categories": [{"id": "4bf58dd8d48988d1ca941735", "name": "Pizza Place", "pluralName": "Pizza Places", "shortName": "Pizza", "icon": {"prefix": "https://ss3.4sqi.net/img/categories_v2/food/pizza_", "suffix": ".png"}, "primary": true}], "photos": {"count": 0, "groups": []}}, "referralId": "e-0-57af3008498e129a628fdb56-0"}, {"reasons": {"count": 0, "items": [{"summary": "This spot is popular", "type": "general", "reasonName": "globalInteractionReason"}]}, "venue": {"id": "4c10a7d7ce640f47c3423a52", "name": "The Strand", "location": {"address": "109 Strand On The Green", "crossStreet": "Kew Bridge", "lat": 51.488368615678645, "lng": -0.2871636840250307, "labeledLatLngs": [{"label": "display", "lat": 51.488368615678645, "lng": -0.2871636840250307}], "distance": 367, "postalCode": "W4 3NQ", "cc": "GB", "city": "Chiswick", "state": "Greater London", "country": "United Kingdom", "formattedAddress": ["109 Strand On The Green (Kew Bridge)", "Chiswick", "Greater London", "W4 3NQ", "United Kingdom"]}, "categories": [{"id": "4bf58dd8d48988d149941735", "name": "Thai Restaurant", "pluralName": "Thai Restaurants", "shortName": "Thai", "icon": {"prefix": "https://ss3.4sqi.net/img/categories_v2/food/thai_", "suffix": ".png"}, "primary": true}], "photos": {"count": 0, "groups": []}}, "referralId": "e-0-4c10a7d7ce640f47c3423a52-1"}, {"reasons": {"count": 0, "items": [{"summary": "This spot is popular", "type": "general", "reasonName": "globalInteractionReason"}]}, "venue": {"id": "5347cc13498eddf7465a8aca", "name": "Hammonds", "location": {"lat": 51.48846757579901, "lng": -0.2876462069029408, "labeledLatLngs": [{"label": "display", "lat": 51.48846757579901, "lng": -0.2876462069029408}], "distance": 334, "cc": "GB", "country": "United Kingdom", "formattedAddress": ["United Kingdom"]}, "categories": [{"id": "4bf58dd8d48988d146941735", "name": "Deli / Bodega", "pluralName": "Delis / Bodegas", "shortName": "Deli / Bodega", "icon": {"prefix": "https://ss3.4sqi.net/img/categories_v2/food/deli_", "suffix": ".png"}, "primary": true}], "photos": {"count": 0, "groups": []}}, "referralId": "e-0-5347cc13498eddf7465a8aca-2"}, {"reasons": {"count": 0, "items": [{"summary": "This spot is popular", "type": "general", "reasonName": "globalInteractionReason"}]}, "venue": {"id": "4ff09a0be4b0d04a3bf300d1", "name": "Chickzie", "location": {"address": "7 Stile Hall Parade", "lat": 51.48989990671547, "lng": -0.2859765407317172, "labeledLatLngs": [{"label": "display", "lat": 51.48989990671547, "lng": -0.2859765407317172}], "distance": 370, "postalCode": "W4 3AG", "cc": "GB", "neighborhood": "Chiswick, Greater London", "city": "Chiswick", "state": "Greater London", "country": "United Kingdom", "formattedAddress": ["7 Stile Hall Parade", "Chiswick", "Greater London", "W4 3AG", "United Kingdom"]}, "categories": [{"id": "4bf58dd8d48988d16e941735", "name": "Fast Food Restaurant", "pluralName": "Fast Food Restaurants", "shortName": "Fast Food", "icon": {"prefix": "https://ss3.4sqi.net/img/categories_v2/food/fastfood_", "suffix": ".png"}, "primary": true}], "photos": {"count": 0, "groups": []}}, "referralId": "e-0-4ff09a0be4b0d04a3bf300d1-3"}, {"reasons": {"count": 0, "items": [{"summary": "This spot is popular", "type": "general", "reasonName": "globalInteractionReason"}]}, "venue": {"id": "4dbd1a1a5da3ff58ec5c151c", "name": "The Bridge Cafe", "location": {"lat": 51.489916, "lng": -0.28582, "labeledLatLngs": [{"label": "display", "lat": 51.489916, "lng": -0.28582}], "distance": 381, "cc": "GB", "city": "Hounslow", "state": "Greater London", "country": "United Kingdom", "formattedAddress": ["Hounslow", "Greater London", "United Kingdom"]}, "categories": [{"id": "4bf58dd8d48988d143941735", "name": "Breakfast Spot", "pluralName": "Breakfast Spots", "shortName": "Breakfast", "icon": {"prefix": "https://ss3.4sqi.net/img/categories_v2/food/breakfast_", "suffix": ".png"}, "primary": true}], "photos": {"count": 0, "groups": []}}, "referralId": "e-0-4dbd1a1a5da3ff58ec5c151c-4"}]}]}}