{"meta": {"code": 200, "requestId": "5fedd9c8fb7e627cbe94f1f4"}, "response": {"headerLocation": "Golders Green", "headerFullLocation": "Golders Green, London", "headerLocationGranularity": "neighborhood", "query": "food", "totalResults": 4, "suggestedBounds": {"ne": {"lat": 51.57896300360001, "lng": -0.19978222945565963}, "sw": {"lat": 51.5717629964, "lng": -0.21134577054434037}}, "groups": [{"type": "Recommended Places", "name": "recommended", "items": [{"reasons": {"count": 0, "items": [{"summary": "This spot is popular", "type": "general", "reasonName": "globalInteractionReason"}]}, "venue": {"id": "4fe70d7be4b03c981bb4a351", "name": "Spicy Grill", "location": {"address": "122 Golders Green Road", "crossStreet": "at The Riding", "lat": 51.573863818553605, "lng": -0.20079464882877185, "labeledLatLngs": [{"label": "display", "lat": 51.573863818553605, "lng": -0.20079464882877185}], "distance": 369, "cc": "GB", "city": "London", "state": "Greater London", "country": "United Kingdom", "formattedAddress": ["122 Golders Green Road (at The Riding)", "London", "Greater London", "United Kingdom"]}, "categories": [{"id": "4bf58dd8d48988d113941735", "name": "Korean Restaurant", "pluralName": "Korean Restaurants", "shortName": "Korean", "icon": {"prefix": "https://ss3.4sqi.net/img/categories_v2/food/korean_", "suffix": ".png"}, "primary": true}], "photos": {"count": 0, "groups": []}}, "referralId": "e-0-4fe70d7be4b03c981bb4a351-0"}, {"reasons": {"count": 0, "items": [{"summary": "This spot is popular", "type": "general", "reasonName": "globalInteractionReason"}]}, "venue": {"id": "4ed684f79a529c405bdbaa38", "name": "Sushi Mania", "location": {"address": "130 Golders Green Road", "lat": 51.573975205980645, "lng": -0.20106380406318292, "labeledLatLngs": [{"label": "display", "lat": 51.573975205980645, "lng": -0.20106380406318292}], "distance": 347, "cc": "GB", "city": "London", "state": "Greater London", "country": "United Kingdom", "formattedAddress": ["130 Golders Green Road", "London", "Greater London", "United Kingdom"]}, "categories": [{"id": "4bf58dd8d48988d1d2941735", "name": "Sushi Restaurant", "pluralName": "Sushi Restaurants", "shortName": "Sushi", "icon": {"prefix": "https://ss3.4sqi.net/img/categories_v2/food/sushi_", "suffix": ".png"}, "primary": true}], "photos": {"count": 0, "groups": []}}, "referralId": "e-0-4ed684f79a529c405bdbaa38-1"}, {"reasons": {"count": 0, "items": [{"summary": "This spot is popular", "type": "general", "reasonName": "globalInteractionReason"}]}, "venue": {"id": "4c1f1e5de923ef3b56ae4e54", "name": "La Fiesta", "location": {"address": "235 Golders Green Rd.", "lat": 51.578203, "lng": -0.207482, "labeledLatLngs": [{"label": "display", "lat": 51.578203, "lng": -0.207482}], "distance": 342, "postalCode": "NW11 9ES", "cc": "GB", "city": "London", "state": "Greater London", "country": "United Kingdom", "formattedAddress": ["235 Golders Green Rd.", "London", "Greater London", "NW11 9ES", "United Kingdom"]}, "categories": [{"id": "4bf58dd8d48988d107941735", "name": "Argentinian Restaurant", "pluralName": "Argentinian Restaurants", "shortName": "Argentinian", "icon": {"prefix": "https://ss3.4sqi.net/img/categories_v2/food/argentinian_", "suffix": ".png"}, "primary": true}], "photos": {"count": 0, "groups": []}}, "referralId": "e-0-4c1f1e5de923ef3b56ae4e54-2"}, {"reasons": {"count": 0, "items": [{"summary": "This spot is popular", "type": "general", "reasonName": "globalInteractionReason"}]}, "venue": {"id": "50e333b5e4b070c041f7c850", "name": "Sami's", "location": {"address": "Golders Green Road", "lat": 51.5738, "lng": -0.200801, "labeledLatLngs": [{"label": "display", "lat": 51.5738, "lng": -0.200801}], "distance": 372, "cc": "GB", "city": "London", "state": "Greater London", "country": "United Kingdom", "formattedAddress": ["Golders Green Road", "London", "Greater London", "United Kingdom"]}, "categories": [{"id": "4bf58dd8d48988d10b941735", "name": "Falafel Restaurant", "pluralName": "Falafel Restaurants", "shortName": "Falafel", "icon": {"prefix": "https://ss3.4sqi.net/img/categories_v2/food/falafel_", "suffix": ".png"}, "primary": true}], "photos": {"count": 0, "groups": []}}, "referralId": "e-0-50e333b5e4b070c041f7c850-3"}]}]}}