{"meta": {"code": 200, "requestId": "5fedda6379763a1bc494416d"}, "response": {"warning": {"text": "There aren't a lot of results near you. Try something more general, reset your filters, or expand the search area."}, "headerLocation": "Brentford", "headerFullLocation": "Brentford, London", "headerLocationGranularity": "neighborhood", "query": "arts entertainment", "totalResults": 2, "suggestedBounds": {"ne": {"lat": 51.49463000360001, "lng": -0.28041893096667836}, "sw": {"lat": 51.487429996399996, "lng": -0.29196106903332164}}, "groups": [{"type": "Recommended Places", "name": "recommended", "items": [{"reasons": {"count": 0, "items": [{"summary": "This spot is popular", "type": "general", "reasonName": "globalInteractionReason"}]}, "venue": {"id": "4ac518d3f964a5205ea720e3", "name": "London Museum of Water & Steam", "location": {"address": "Kew Bridge Rd", "crossStreet": "Green Dragon Ln", "lat": 51.48911302970329, "lng": -0.29059959974931404, "labeledLatLngs": [{"label": "display", "lat": 51.48911302970329, "lng": -0.29059959974931404}], "distance": 372, "postalCode": "TW8 0EN", "cc": "GB", "city": "London", "state": "Greater London", "country": "United Kingdom", "formattedAddress": ["Kew Bridge Rd (Green Dragon Ln)", "London", "Greater London", "TW8 0EN", "United Kingdom"]}, "categories": [{"id": "4bf58dd8d48988d181941735", "name": "Museum", "pluralName": "Museums", "shortName": "Museum", "icon": {"prefix": "https://ss3.4sqi.net/img/categories_v2/arts_entertainment/museum_", "suffix": ".png"}, "primary": true}], "photos": {"count": 0, "groups": []}}, "referralId": "e-0-4ac518d3f964a5205ea720e3-0"}, {"reasons": {"count": 0, "items": [{"summary": "This spot is popular", "type": "general", "reasonName": "globalInteractionReason"}]}, "venue": {"id": "4c8cdde0ed3ab60c34396b21", "name": "Chiswick Theatre Arts", "location": {"address": "2 Belmont Rd", "lat": 51.48952619602558, "lng": -0.28746286007205074, "labeledLatLngs": [{"label": "display", "lat": 51.48952619602558, "lng": -0.28746286007205074}], "distance": 189, "postalCode": "W4", "cc": "GB", "city": "Chiswick", "state": "Greater London", "country": "United Kingdom", "formattedAddress": ["2 Belmont Rd", "Chiswick", "Greater London", "W4", "United Kingdom"]}, "categories": [{"id": "4bf58dd8d48988d1f2931735", "name": "Performing Arts Venue", "pluralName": "Performing Arts Venues", "shortName": "Performing Arts", "icon": {"prefix": "https://ss3.4sqi.net/img/categories_v2/arts_entertainment/performingarts_", "suffix": ".png"}, "primary": true}], "photos": {"count": 0, "groups": []}}, "referralId": "e-0-4c8cdde0ed3ab60c34396b21-1"}]}]}}