{"meta": {"code": 200, "requestId": "5fedd9c82c123671c3ee44c2"}, "response": {"warning": {"text": "There aren't a lot of results near you. Try something more general, reset your filters, or expand the search area."}, "headerLocation": "Childs Hill", "headerFullLocation": "Childs Hill, London", "headerLocationGranularity": "neighborhood", "query": "arts entertainment", "totalResults": 0, "suggestedBounds": {"ne": {"lat": 51.568600003600004, "lng": -0.19521954729131616}, "sw": {"lat": 51.56139999639999, "lng": -0.20678045270868387}}, "groups": [{"type": "Recommended Places", "name": "recommended", "items": []}]}}