{"meta": {"code": 200, "requestId": "5fedd9c09d303e30fe86cb55"}, "response": {"warning": {"text": "There aren't a lot of results near you. Try something more general, reset your filters, or expand the search area."}, "headerLocation": "Royal Docks", "headerFullLocation": "Royal Docks, London", "headerLocationGranularity": "neighborhood", "query": "arts entertainment", "totalResults": 0, "suggestedBounds": {"ne": {"lat": 51.5038910036, "lng": 0.03344124166853213}, "sw": {"lat": 51.49669099639999, "lng": 0.02189675833146787}}, "groups": [{"type": "Recommended Places", "name": "recommended", "items": []}]}}