{"meta": {"code": 200, "requestId": "5fedd9f71539512b525b8223"}, "response": {"suggestedFilters": {"header": "Tap to show:", "filters": [{"name": "Open now", "key": "openNow"}]}, "headerLocation": "Stoke Newington Central", "headerFullLocation": "Stoke Newington Central, London", "headerLocationGranularity": "neighborhood", "query": "food", "totalResults": 37, "suggestedBounds": {"ne": {"lat": 51.565920003600006, "lng": -0.06924988797138645}, "sw": {"lat": 51.558719996399994, "lng": -0.08081011202861355}}, "groups": [{"type": "Recommended Places", "name": "recommended", "items": [{"reasons": {"count": 0, "items": [{"summary": "This spot is popular", "type": "general", "reasonName": "globalInteractionReason"}]}, "venue": {"id": "563d132bcd10e8b13dbed820", "name": "escocesa", "location": {"address": "67 Stoke Newington Church St", "lat": 51.56214592313799, "lng": -0.07691011762852484, "labeledLatLngs": [{"label": "display", "lat": 51.56214592313799, "lng": -0.07691011762852484}], "distance": 131, "postalCode": "N16 0AR", "cc": "GB", "neighborhood": "Stoke Newington Central", "city": "London", "state": "Greater London", "country": "United Kingdom", "formattedAddress": ["67 Stoke Newington Church St", "London", "Greater London", "N16 0AR", "United Kingdom"]}, "categories": [{"id": "4bf58dd8d48988d1db931735", "name": "Tapas Restaurant", "pluralName": "Tapas Restaurants", "shortName": "Tapas", "icon": {"prefix": "https://ss3.4sqi.net/img/categories_v2/food/tapas_", "suffix": ".png"}, "primary": true}], "photos": {"count": 0, "groups": []}}, "referralId": "e-0-563d132bcd10e8b13dbed820-0"}, {"reasons": {"count": 0, "items": [{"summary": "This spot is popular", "type": "general", "reasonName": "globalInteractionReason"}]}, "venue": {"id": "53a6c643498ef54d0297a4c0", "name": "Yellow Warbler", "location": {"address": "9 Northwold Rd", "lat": 51.563178262743556, "lng": -0.07244953741581871, "labeledLatLngs": [{"label": "display", "lat": 51.563178262743556, "lng": -0.07244953741581871}], "distance": 202, "postalCode": "N16 7HL", "cc": "GB", "neighborhood": "Hackney", "city": "London", "state": "Greater London", "country": "United Kingdom", "formattedAddress": ["9 Northwold Rd", "London", "Greater London", "N16 7HL", "United Kingdom"]}, "categories": [{"id": "4bf58dd8d48988d16d941735", "name": "Caf\u00e9", "pluralName": "Caf\u00e9s", "shortName": "Caf\u00e9", "icon": {"prefix": "https://ss3.4sqi.net/img/categories_v2/food/cafe_", "suffix": ".png"}, "primary": true}], "photos": {"count": 0, "groups": []}, "venuePage": {"id": "88739206"}}, "referralId": "e-0-53a6c643498ef54d0297a4c0-1"}, {"reasons": {"count": 0, "items": [{"summary": "This spot is popular", "type": "general", "reasonName": "globalInteractionReason"}]}, "venue": {"id": "4ac518e6f964a5201aab20e3", "name": "Rasa", "location": {"address": "55 Stoke Newington Church St", "lat": 51.56212684789389, "lng": -0.07640620919136316, "labeledLatLngs": [{"label": "display", "lat": 51.56212684789389, "lng": -0.07640620919136316}], "distance": 97, "postalCode": "N16 0AR", "cc": "GB", "neighborhood": "Hackney", "city": "Stoke Newington", "state": "Greater London", "country": "United Kingdom", "formattedAddress": ["55 Stoke Newington Church St", "Stoke Newington", "Greater London", "N16 0AR", "United Kingdom"]}, "categories": [{"id": "54135bf5e4b08f3d2429dfde", "name": "South Indian Restaurant", "pluralName": "South Indian Restaurants", "shortName": "South Indian", "icon": {"prefix": "https://ss3.4sqi.net/img/categories_v2/food/default_", "suffix": ".png"}, "primary": true}], "photos": {"count": 0, "groups": []}}, "referralId": "e-0-4ac518e6f964a5201aab20e3-2"}, {"reasons": {"count": 0, "items": [{"summary": "This spot is popular", "type": "general", "reasonName": "globalInteractionReason"}]}, "venue": {"id": "4bd0b3aa046076b0af847071", "name": "Jolly Butchers", "location": {"address": "204-208 Stoke Newington High St", "crossStreet": "cnr of Garnham St", "lat": 51.562464, "lng": -0.073433, "labeledLatLngs": [{"label": "display", "lat": 51.562464, "lng": -0.073433}], "distance": 111, "postalCode": "N16 7HU", "cc": "GB", "city": "Stoke Newington", "state": "Greater London", "country": "United Kingdom", "formattedAddress": ["204-208 Stoke Newington High St (cnr of Garnham St)", "Stoke Newington", "Greater London", "N16 7HU", "United Kingdom"]}, "categories": [{"id": "4bf58dd8d48988d155941735", "name": "Gastropub", "pluralName": "Gastropubs", "shortName": "Gastropub", "icon": {"prefix": "https://ss3.4sqi.net/img/categories_v2/food/gastropub_", "suffix": ".png"}, "primary": true}], "photos": {"count": 0, "groups": []}}, "referralId": "e-0-4bd0b3aa046076b0af847071-3"}, {"reasons": {"count": 0, "items": [{"summary": "This spot is popular", "type": "general", "reasonName": "globalInteractionReason"}]}, "venue": {"id": "5a21d9080d2be776c6089d9b", "name": "Wander", "location": {"address": "214 Stoke Newington High Street", "lat": 51.562786, "lng": -0.073338635, "labeledLatLngs": [{"label": "display", "lat": 51.562786, "lng": -0.073338635}], "distance": 128, "postalCode": "N16 7HU", "cc": "GB", "city": "London", "state": "Greater London", "country": "United Kingdom", "formattedAddress": ["214 Stoke Newington High Street", "London", "Greater London", "N16 7HU", "United Kingdom"]}, "categories": [{"id": "4bf58dd8d48988d169941735", "name": "Australian Restaurant", "pluralName": "Australian Restaurants", "shortName": "Australian", "icon": {"prefix": "https://ss3.4sqi.net/img/categories_v2/food/australian_", "suffix": ".png"}, "primary": true}], "photos": {"count": 0, "groups": []}}, "referralId": "e-0-5a21d9080d2be776c6089d9b-4"}, {"reasons": {"count": 0, "items": [{"summary": "This spot is popular", "type": "general", "reasonName": "globalInteractionReason"}]}, "venue": {"id": "5634b157498eaf29cf7e0020", "name": "The Good Egg", "location": {"address": "93 Church St", "lat": 51.56217905371119, "lng": -0.07880264536435025, "labeledLatLngs": [{"label": "display", "lat": 51.56217905371119, "lng": -0.07880264536435025}], "distance": 261, "postalCode": "N16 0AS", "cc": "GB", "neighborhood": "Hackney", "city": "Stoke Newington", "state": "Greater London", "country": "United Kingdom", "formattedAddress": ["93 Church St", "Stoke Newington", "Greater London", "N16 0AS", "United Kingdom"]}, "categories": [{"id": "4bf58dd8d48988d143941735", "name": "Breakfast Spot", "pluralName": "Breakfast Spots", "shortName": "Breakfast", "icon": {"prefix": "https://ss3.4sqi.net/img/categories_v2/food/breakfast_", "suffix": ".png"}, "primary": true}], "photos": {"count": 0, "groups": []}}, "referralId": "e-0-5634b157498eaf29cf7e0020-5"}, {"reasons": {"count": 0, "items": [{"summary": "This spot is popular", "type": "general", "reasonName": "globalInteractionReason"}]}, "venue": {"id": "52399af011d245042318e6f9", "name": "The Haberdashery", "location": {"address": "170 Stoke Newington High St", "lat": 51.56151108996404, "lng": -0.07376156498291114, "labeledLatLngs": [{"label": "display", "lat": 51.56151108996404, "lng": -0.07376156498291114}], "distance": 125, "postalCode": "N16 7JL", "cc": "GB", "neighborhood": "Stoke Newington Central", "city": "London", "state": "Greater London", "country": "United Kingdom", "formattedAddress": ["170 Stoke Newington High St", "London", "Greater London", "N16 7JL", "United Kingdom"]}, "categories": [{"id": "4bf58dd8d48988d16d941735", "name": "Caf\u00e9", "pluralName": "Caf\u00e9s", "shortName": "Caf\u00e9", "icon": {"prefix": "https://ss3.4sqi.net/img/categories_v2/food/cafe_", "suffix": ".png"}, "primary": true}], "photos": {"count": 0, "groups": []}}, "referralId": "e-0-52399af011d245042318e6f9-6"}, {"reasons": {"count": 0, "items": [{"summary": "This spot is popular", "type": "general", "reasonName": "globalInteractionReason"}]}, "venue": {"id": "56584a81498ef429a81e1fb8", "name": "Rubedo", "location": {"address": "34 Stoke Newington Church Street", "lat": 51.56224432070913, "lng": -0.07529445892949779, "labeledLatLngs": [{"label": "display", "lat": 51.56224432070913, "lng": -0.07529445892949779}], "distance": 20, "postalCode": "N16 0NX", "cc": "GB", "city": "London", "state": "Greater London", "country": "United Kingdom", "formattedAddress": ["34 Stoke Newington Church Street", "London", "Greater London", "N16 0NX", "United Kingdom"]}, "categories": [{"id": "4bf58dd8d48988d110941735", "name": "Italian Restaurant", "pluralName": "Italian Restaurants", "shortName": "Italian", "icon": {"prefix": "https://ss3.4sqi.net/img/categories_v2/food/italian_", "suffix": ".png"}, "primary": true}], "photos": {"count": 0, "groups": []}}, "referralId": "e-0-56584a81498ef429a81e1fb8-7"}, {"reasons": {"count": 0, "items": [{"summary": "This spot is popular", "type": "general", "reasonName": "globalInteractionReason"}]}, "venue": {"id": "52a311b6498e4992286fe0fb", "name": "Esters", "location": {"address": "55 Kynaston Rd", "lat": 51.56015180216371, "lng": -0.07804796464269707, "labeledLatLngs": [{"label": "display", "lat": 51.56015180216371, "lng": -0.07804796464269707}], "distance": 319, "postalCode": "N16 0EB", "cc": "GB", "neighborhood": "Hackney", "city": "Stoke Newington", "state": "Greater London", "country": "United Kingdom", "formattedAddress": ["55 Kynaston Rd", "Stoke Newington", "Greater London", "N16 0EB", "United Kingdom"]}, "categories": [{"id": "4bf58dd8d48988d16d941735", "name": "Caf\u00e9", "pluralName": "Caf\u00e9s", "shortName": "Caf\u00e9", "icon": {"prefix": "https://ss3.4sqi.net/img/categories_v2/food/cafe_", "suffix": ".png"}, "primary": true}], "photos": {"count": 0, "groups": []}}, "referralId": "e-0-52a311b6498e4992286fe0fb-8"}, {"reasons": {"count": 0, "items": [{"summary": "This spot is popular", "type": "general", "reasonName": "globalInteractionReason"}]}, "venue": {"id": "4bf43eacff90c9b630045528", "name": "Rasa Travancore", "location": {"address": "56 Stoke Newington Church St", "lat": 51.562256, "lng": -0.076198205, "labeledLatLngs": [{"label": "display", "lat": 51.562256, "lng": -0.076198205}], "distance": 81, "postalCode": "N16 ONB", "cc": "GB", "neighborhood": "Hackney", "city": "London", "state": "Greater London", "country": "United Kingdom", "formattedAddress": ["56 Stoke Newington Church St", "London", "Greater London", "N16 ONB", "United Kingdom"]}, "categories": [{"id": "4bf58dd8d48988d10f941735", "name": "Indian Restaurant", "pluralName": "Indian Restaurants", "shortName": "Indian", "icon": {"prefix": "https://ss3.4sqi.net/img/categories_v2/food/indian_", "suffix": ".png"}, "primary": true}], "photos": {"count": 0, "groups": []}}, "referralId": "e-0-4bf43eacff90c9b630045528-9"}, {"reasons": {"count": 0, "items": [{"summary": "This spot is popular", "type": "general", "reasonName": "globalInteractionReason"}]}, "venue": {"id": "559c29a3498e81423ad95e8c", "name": "Apollo Pizzeria", "location": {"address": "160 Stoke Newington High St", "lat": 51.561306339953816, "lng": -0.07377281090906675, "labeledLatLngs": [{"label": "display", "lat": 51.561306339953816, "lng": -0.07377281090906675}], "distance": 142, "cc": "GB", "city": "London", "state": "Greater London", "country": "United Kingdom", "formattedAddress": ["160 Stoke Newington High St", "London", "Greater London", "United Kingdom"]}, "categories": [{"id": "4bf58dd8d48988d1ca941735", "name": "Pizza Place", "pluralName": "Pizza Places", "shortName": "Pizza", "icon": {"prefix": "https://ss3.4sqi.net/img/categories_v2/food/pizza_", "suffix": ".png"}, "primary": true}], "photos": {"count": 0, "groups": []}}, "referralId": "e-0-559c29a3498e81423ad95e8c-10"}, {"reasons": {"count": 0, "items": [{"summary": "This spot is popular", "type": "general", "reasonName": "globalInteractionReason"}]}, "venue": {"id": "57c8a51e498e0875e9ac3b11", "name": "WOLF", "location": {"address": "110 Stoke Newington High Street", "lat": 51.560194442238185, "lng": -0.07395998541637544, "labeledLatLngs": [{"label": "display", "lat": 51.560194442238185, "lng": -0.07395998541637544}], "distance": 247, "postalCode": "N16 7NY", "cc": "GB", "city": "London", "state": "Greater London", "country": "United Kingdom", "formattedAddress": ["110 Stoke Newington High Street", "London", "Greater London", "N16 7NY", "United Kingdom"]}, "categories": [{"id": "4bf58dd8d48988d110941735", "name": "Italian Restaurant", "pluralName": "Italian Restaurants", "shortName": "Italian", "icon": {"prefix": "https://ss3.4sqi.net/img/categories_v2/food/italian_", "suffix": ".png"}, "primary": true}], "photos": {"count": 0, "groups": []}}, "referralId": "e-0-57c8a51e498e0875e9ac3b11-11"}, {"reasons": {"count": 0, "items": [{"summary": "This spot is popular", "type": "general", "reasonName": "globalInteractionReason"}]}, "venue": {"id": "4e5fd59fb0fb754192cffc44", "name": "Sutton & Sons", "location": {"address": "90 Stoke Newington High St", "lat": 51.55946607620635, "lng": -0.07411360722892116, "labeledLatLngs": [{"label": "display", "lat": 51.55946607620635, "lng": -0.07411360722892116}], "distance": 323, "postalCode": "N16 7NY", "cc": "GB", "city": "London", "state": "Greater London", "country": "United Kingdom", "formattedAddress": ["90 Stoke Newington High St", "London", "Greater London", "N16 7NY", "United Kingdom"]}, "categories": [{"id": "4edd64a0c7ddd24ca188df1a", "name": "Fish & Chips Shop", "pluralName": "Fish & Chips Shops", "shortName": "Fish & Chips", "icon": {"prefix": "https://ss3.4sqi.net/img/categories_v2/food/fishandchips_", "suffix": ".png"}, "primary": true}], "photos": {"count": 0, "groups": []}}, "referralId": "e-0-4e5fd59fb0fb754192cffc44-12"}, {"reasons": {"count": 0, "items": [{"summary": "This spot is popular", "type": "general", "reasonName": "globalInteractionReason"}]}, "venue": {"id": "4ac518e6f964a5200eab20e3", "name": "Yum Yum", "location": {"address": "187 Stoke Newington High St", "lat": 51.562403396584216, "lng": -0.07373816480601071, "labeledLatLngs": [{"label": "display", "lat": 51.562403396584216, "lng": -0.07373816480601071}], "distance": 89, "postalCode": "N16 0LH", "cc": "GB", "city": "Stoke Newington", "state": "Greater London", "country": "United Kingdom", "formattedAddress": ["187 Stoke Newington High St", "Stoke Newington", "Greater London", "N16 0LH", "United Kingdom"]}, "categories": [{"id": "4bf58dd8d48988d149941735", "name": "Thai Restaurant", "pluralName": "Thai Restaurants", "shortName": "Thai", "icon": {"prefix": "https://ss3.4sqi.net/img/categories_v2/food/thai_", "suffix": ".png"}, "primary": true}], "photos": {"count": 0, "groups": []}}, "referralId": "e-0-4ac518e6f964a5200eab20e3-13"}, {"reasons": {"count": 0, "items": [{"summary": "This spot is popular", "type": "general", "reasonName": "globalInteractionReason"}]}, "venue": {"id": "54677fcd498e524c16587352", "name": "BANH MI ETC", "location": {"address": "37A Stoke Newington Church Street", "lat": 51.56199752864156, "lng": -0.07558129809999714, "labeledLatLngs": [{"label": "display", "lat": 51.56199752864156, "lng": -0.07558129809999714}], "distance": 52, "cc": "GB", "neighborhood": "Stoke Newington Central", "city": "London", "state": "Greater London", "country": "United Kingdom", "formattedAddress": ["37A Stoke Newington Church Street", "London", "Greater London", "United Kingdom"]}, "categories": [{"id": "4bf58dd8d48988d14a941735", "name": "Vietnamese Restaurant", "pluralName": "Vietnamese Restaurants", "shortName": "Vietnamese", "icon": {"prefix": "https://ss3.4sqi.net/img/categories_v2/food/vietnamese_", "suffix": ".png"}, "primary": true}], "photos": {"count": 0, "groups": []}}, "referralId": "e-0-54677fcd498e524c16587352-14"}, {"reasons": {"count": 0, "items": [{"summary": "This spot is popular", "type": "general", "reasonName": "globalInteractionReason"}]}, "venue": {"id": "4bd496c26798ef3b2ff4618d", "name": "19 Numara Bos Cirrik 2", "location": {"address": "194 Stoke Newington High Street", "lat": 51.56221087677193, "lng": -0.07362900411648927, "labeledLatLngs": [{"label": "display", "lat": 51.56221087677193, "lng": -0.07362900411648927}], "distance": 97, "postalCode": "N16 7JD", "cc": "GB", "city": "Hackney", "state": "Greater London", "country": "United Kingdom", "formattedAddress": ["194 Stoke Newington High Street", "Hackney", "Greater London", "N16 7JD", "United Kingdom"]}, "categories": [{"id": "4f04af1f2fb6e1c99f3db0bb", "name": "Turkish Restaurant", "pluralName": "Turkish Restaurants", "shortName": "Turkish", "icon": {"prefix": "https://ss3.4sqi.net/img/categories_v2/food/turkish_", "suffix": ".png"}, "primary": true}], "photos": {"count": 0, "groups": []}}, "referralId": "e-0-4bd496c26798ef3b2ff4618d-15"}, {"reasons": {"count": 0, "items": [{"summary": "This spot is popular", "type": "general", "reasonName": "globalInteractionReason"}]}, "venue": {"id": "4c9e60ac03133704d16c68d5", "name": "Zaza", "location": {"address": "99 Stoke Newington High St.", "lat": 51.55980647029081, "lng": -0.07410956236463613, "labeledLatLngs": [{"label": "display", "lat": 51.55980647029081, "lng": -0.07410956236463613}], "distance": 286, "cc": "GB", "city": "Hackney", "state": "Greater London", "country": "United Kingdom", "formattedAddress": ["99 Stoke Newington High St.", "Hackney", "Greater London", "United Kingdom"]}, "categories": [{"id": "4bf58dd8d48988d1ca941735", "name": "Pizza Place", "pluralName": "Pizza Places", "shortName": "Pizza", "icon": {"prefix": "https://ss3.4sqi.net/img/categories_v2/food/pizza_", "suffix": ".png"}, "primary": true}], "photos": {"count": 0, "groups": []}}, "referralId": "e-0-4c9e60ac03133704d16c68d5-16"}, {"reasons": {"count": 0, "items": [{"summary": "This spot is popular", "type": "general", "reasonName": "globalInteractionReason"}]}, "venue": {"id": "5a0ecc1fb04056129dcfc17b", "name": "The Last Crumb", "location": {"lat": 51.56218356907453, "lng": -0.07733269903505866, "labeledLatLngs": [{"label": "display", "lat": 51.56218356907453, "lng": -0.07733269903505866}], "distance": 160, "postalCode": "N16 0AS", "cc": "GB", "city": "London", "state": "Greater London", "country": "United Kingdom", "formattedAddress": ["London", "Greater London", "N16 0AS", "United Kingdom"]}, "categories": [{"id": "4bf58dd8d48988d16d941735", "name": "Caf\u00e9", "pluralName": "Caf\u00e9s", "shortName": "Caf\u00e9", "icon": {"prefix": "https://ss3.4sqi.net/img/categories_v2/food/cafe_", "suffix": ".png"}, "primary": true}], "photos": {"count": 0, "groups": []}}, "referralId": "e-0-5a0ecc1fb04056129dcfc17b-17"}, {"reasons": {"count": 0, "items": [{"summary": "This spot is popular", "type": "general", "reasonName": "globalInteractionReason"}]}, "venue": {"id": "4ada442af964a520af2021e3", "name": "Il Bacio Express", "location": {"address": "90 Stoke Newington Church St", "lat": 51.56221795645813, "lng": -0.0782247700849068, "labeledLatLngs": [{"label": "display", "lat": 51.56221795645813, "lng": -0.0782247700849068}], "distance": 221, "postalCode": "N16 0AP", "cc": "GB", "city": "Hackney", "state": "Greater London", "country": "United Kingdom", "formattedAddress": ["90 Stoke Newington Church St", "Hackney", "Greater London", "N16 0AP", "United Kingdom"]}, "categories": [{"id": "4bf58dd8d48988d110941735", "name": "Italian Restaurant", "pluralName": "Italian Restaurants", "shortName": "Italian", "icon": {"prefix": "https://ss3.4sqi.net/img/categories_v2/food/italian_", "suffix": ".png"}, "primary": true}], "photos": {"count": 0, "groups": []}}, "referralId": "e-0-4ada442af964a520af2021e3-18"}, {"reasons": {"count": 0, "items": [{"summary": "This spot is popular", "type": "general", "reasonName": "globalInteractionReason"}]}, "venue": {"id": "4ad42d64f964a52063e720e3", "name": "Camia Italian Delicatessen", "location": {"address": "53 Stoke Newington Church Street", "lat": 51.56218085381969, "lng": -0.07627932194228433, "labeledLatLngs": [{"label": "display", "lat": 51.56218085381969, "lng": -0.07627932194228433}], "distance": 87, "postalCode": "N16", "cc": "GB", "neighborhood": "Stoke Newington Central", "city": "London", "state": "Greater London", "country": "United Kingdom", "formattedAddress": ["53 Stoke Newington Church Street", "London", "Greater London", " N16", "United Kingdom"]}, "categories": [{"id": "4bf58dd8d48988d16d941735", "name": "Caf\u00e9", "pluralName": "Caf\u00e9s", "shortName": "Caf\u00e9", "icon": {"prefix": "https://ss3.4sqi.net/img/categories_v2/food/cafe_", "suffix": ".png"}, "primary": true}], "photos": {"count": 0, "groups": []}}, "referralId": "e-0-4ad42d64f964a52063e720e3-19"}, {"reasons": {"count": 0, "items": [{"summary": "This spot is popular", "type": "general", "reasonName": "globalInteractionReason"}]}, "venue": {"id": "5ae852d486bc490039784c70", "name": "Acoustic Brasserie", "location": {"address": "97 Stoke Newington Church Street", "crossStreet": "Defoe Road", "lat": 51.562026, "lng": -0.079102, "labeledLatLngs": [{"label": "display", "lat": 51.562026, "lng": -0.079102}], "distance": 283, "postalCode": "N16 0UD", "cc": "GB", "city": "London", "state": "Greater London", "country": "United Kingdom", "formattedAddress": ["97 Stoke Newington Church Street (Defoe Road)", "London", "Greater London", "N16 0UD", "United Kingdom"]}, "categories": [{"id": "4bf58dd8d48988d16d941735", "name": "Caf\u00e9", "pluralName": "Caf\u00e9s", "shortName": "Caf\u00e9", "icon": {"prefix": "https://ss3.4sqi.net/img/categories_v2/food/cafe_", "suffix": ".png"}, "primary": true}], "photos": {"count": 0, "groups": []}}, "referralId": "e-0-5ae852d486bc490039784c70-20"}, {"reasons": {"count": 0, "items": [{"summary": "This spot is popular", "type": "general", "reasonName": "globalInteractionReason"}]}, "venue": {"id": "500ad499e4b05322f15c83a7", "name": "Black Pig With White Pearls", "location": {"address": "61 Stoke Newington Rd", "lat": 51.55882471888044, "lng": -0.07428076638636796, "labeledLatLngs": [{"label": "display", "lat": 51.55882471888044, "lng": -0.07428076638636796}], "distance": 392, "postalCode": "N16 8EL", "cc": "GB", "city": "Stoke Newington", "state": "Greater London", "country": "United Kingdom", "formattedAddress": ["61 Stoke Newington Rd", "Stoke Newington", "Greater London", "N16 8EL", "United Kingdom"]}, "categories": [{"id": "4bf58dd8d48988d150941735", "name": "Spanish Restaurant", "pluralName": "Spanish Restaurants", "shortName": "Spanish", "icon": {"prefix": "https://ss3.4sqi.net/img/categories_v2/food/spanish_", "suffix": ".png"}, "primary": true}], "photos": {"count": 0, "groups": []}}, "referralId": "e-0-500ad499e4b05322f15c83a7-21"}, {"reasons": {"count": 0, "items": [{"summary": "This spot is popular", "type": "general", "reasonName": "globalInteractionReason"}]}, "venue": {"id": "4b633ff0f964a5207f6d2ae3", "name": "Thai Cafe", "location": {"address": "3 Northwold road", "lat": 51.56324283786172, "lng": -0.0726666799375449, "labeledLatLngs": [{"label": "display", "lat": 51.56324283786172, "lng": -0.0726666799375449}], "distance": 193, "postalCode": "N16", "cc": "GB", "city": "Hackney", "state": "Greater London", "country": "United Kingdom", "formattedAddress": ["3 Northwold road", "Hackney", "Greater London", " N16", "United Kingdom"]}, "categories": [{"id": "4bf58dd8d48988d149941735", "name": "Thai Restaurant", "pluralName": "Thai Restaurants", "shortName": "Thai", "icon": {"prefix": "https://ss3.4sqi.net/img/categories_v2/food/thai_", "suffix": ".png"}, "primary": true}], "photos": {"count": 0, "groups": []}}, "referralId": "e-0-4b633ff0f964a5207f6d2ae3-22"}, {"reasons": {"count": 0, "items": [{"summary": "This spot is popular", "type": "general", "reasonName": "globalInteractionReason"}]}, "venue": {"id": "4b6f1242f964a52009db2ce3", "name": "Itto", "location": {"address": "226 Stoke Newington High St,", "lat": 51.563242827090185, "lng": -0.07315323024093306, "labeledLatLngs": [{"label": "display", "lat": 51.563242827090185, "lng": -0.07315323024093306}], "distance": 165, "postalCode": "N16 7HU", "cc": "GB", "city": "London", "state": "Greater London", "country": "United Kingdom", "formattedAddress": ["226 Stoke Newington High St,", "London", "Greater London", "N16 7HU", "United Kingdom"]}, "categories": [{"id": "4bf58dd8d48988d142941735", "name": "Asian Restaurant", "pluralName": "Asian Restaurants", "shortName": "Asian", "icon": {"prefix": "https://ss3.4sqi.net/img/categories_v2/food/asian_", "suffix": ".png"}, "primary": true}], "photos": {"count": 0, "groups": []}}, "referralId": "e-0-4b6f1242f964a52009db2ce3-23"}, {"reasons": {"count": 0, "items": [{"summary": "This spot is popular", "type": "general", "reasonName": "globalInteractionReason"}]}, "venue": {"id": "56bb8f67498e97b035dcccb4", "name": "Franco Manca", "location": {"address": "176 High St", "lat": 51.56161282781475, "lng": -0.07370450459615552, "labeledLatLngs": [{"label": "display", "lat": 51.56161282781475, "lng": -0.07370450459615552}], "distance": 120, "postalCode": "N16 7JL", "cc": "GB", "city": "Stoke Newington", "state": "Greater London", "country": "United Kingdom", "formattedAddress": ["176 High St", "Stoke Newington", "Greater London", "N16 7JL", "United Kingdom"]}, "categories": [{"id": "4bf58dd8d48988d1ca941735", "name": "Pizza Place", "pluralName": "Pizza Places", "shortName": "Pizza", "icon": {"prefix": "https://ss3.4sqi.net/img/categories_v2/food/pizza_", "suffix": ".png"}, "primary": true}], "photos": {"count": 0, "groups": []}}, "referralId": "e-0-56bb8f67498e97b035dcccb4-24"}, {"reasons": {"count": 0, "items": [{"summary": "This spot is popular", "type": "general", "reasonName": "globalInteractionReason"}]}, "venue": {"id": "5839986ff229952c8d01506c", "name": "Chumleys", "location": {"lat": 51.5598548272614, "lng": -0.07419624397629233, "labeledLatLngs": [{"label": "display", "lat": 51.5598548272614, "lng": -0.07419624397629233}], "distance": 280, "cc": "GB", "country": "United Kingdom", "formattedAddress": ["United Kingdom"]}, "categories": [{"id": "4bf58dd8d48988d143941735", "name": "Breakfast Spot", "pluralName": "Breakfast Spots", "shortName": "Breakfast", "icon": {"prefix": "https://ss3.4sqi.net/img/categories_v2/food/breakfast_", "suffix": ".png"}, "primary": true}], "photos": {"count": 0, "groups": []}}, "referralId": "e-0-5839986ff229952c8d01506c-25"}, {"reasons": {"count": 0, "items": [{"summary": "This spot is popular", "type": "general", "reasonName": "globalInteractionReason"}]}, "venue": {"id": "4bf6d1184a67c9280e7722cf", "name": "Trattoria Da Luigi", "location": {"address": "Church St.", "lat": 51.56223263095139, "lng": -0.07852148806264278, "labeledLatLngs": [{"label": "display", "lat": 51.56223263095139, "lng": -0.07852148806264278}], "distance": 241, "postalCode": "N16 0AP", "cc": "GB", "city": "Stoke Newington", "state": "Greater London", "country": "United Kingdom", "formattedAddress": ["Church St.", "Stoke Newington", "Greater London", "N16 0AP", "United Kingdom"]}, "categories": [{"id": "4bf58dd8d48988d110941735", "name": "Italian Restaurant", "pluralName": "Italian Restaurants", "shortName": "Italian", "icon": {"prefix": "https://ss3.4sqi.net/img/categories_v2/food/italian_", "suffix": ".png"}, "primary": true}], "photos": {"count": 0, "groups": []}}, "referralId": "e-0-4bf6d1184a67c9280e7722cf-26"}, {"reasons": {"count": 0, "items": [{"summary": "This spot is popular", "type": "general", "reasonName": "globalInteractionReason"}]}, "venue": {"id": "4c95d230533aa093e0a0cc45", "name": "Leo's Cafe", "location": {"address": "200 Stoke Newington High St", "crossStreet": "Garnham st", "lat": 51.562453, "lng": -0.07337, "labeledLatLngs": [{"label": "display", "lat": 51.562453, "lng": -0.07337}], "distance": 115, "postalCode": "N16 7jd", "cc": "GB", "city": "Hackney", "state": "Greater London", "country": "United Kingdom", "formattedAddress": ["200 Stoke Newington High St (Garnham st)", "Hackney", "Greater London", "N16 7jd", "United Kingdom"]}, "categories": [{"id": "4bf58dd8d48988d16d941735", "name": "Caf\u00e9", "pluralName": "Caf\u00e9s", "shortName": "Caf\u00e9", "icon": {"prefix": "https://ss3.4sqi.net/img/categories_v2/food/cafe_", "suffix": ".png"}, "primary": true}], "photos": {"count": 0, "groups": []}}, "referralId": "e-0-4c95d230533aa093e0a0cc45-27"}, {"reasons": {"count": 0, "items": [{"summary": "This spot is popular", "type": "general", "reasonName": "globalInteractionReason"}]}, "venue": {"id": "4b5aee75f964a520ddda28e3", "name": "Lydia Cafe", "location": {"address": "123 Stoke Newington Church St", "lat": 51.56200856629748, "lng": -0.0804409245244748, "labeledLatLngs": [{"label": "display", "lat": 51.56200856629748, "lng": -0.0804409245244748}], "distance": 376, "postalCode": "N16 0UH", "cc": "GB", "neighborhood": "Clissold", "city": "London", "state": "Greater London", "country": "United Kingdom", "formattedAddress": ["123 Stoke Newington Church St", "London", "Greater London", "N16 0UH", "United Kingdom"]}, "categories": [{"id": "4bf58dd8d48988d1c0941735", "name": "Mediterranean Restaurant", "pluralName": "Mediterranean Restaurants", "shortName": "Mediterranean", "icon": {"prefix": "https://ss3.4sqi.net/img/categories_v2/food/mediterranean_", "suffix": ".png"}, "primary": true}], "photos": {"count": 0, "groups": []}}, "referralId": "e-0-4b5aee75f964a520ddda28e3-28"}, {"reasons": {"count": 0, "items": [{"summary": "This spot is popular", "type": "general", "reasonName": "globalInteractionReason"}]}, "venue": {"id": "5c969185c21cb1003995a380", "name": "Vicoli Di Napoli", "location": {"address": "125 Stoke Newington", "crossStreet": "Church Street", "lat": 51.562044, "lng": -0.080393, "labeledLatLngs": [{"label": "display", "lat": 51.562044, "lng": -0.080393}], "distance": 372, "postalCode": "N16 0UH", "cc": "GB", "neighborhood": "Clissold", "city": "London", "state": "Greater London", "country": "United Kingdom", "formattedAddress": ["125 Stoke Newington (Church Street)", "London", "Greater London", "N16 0UH", "United Kingdom"]}, "categories": [{"id": "4bf58dd8d48988d110941735", "name": "Italian Restaurant", "pluralName": "Italian Restaurants", "shortName": "Italian", "icon": {"prefix": "https://ss3.4sqi.net/img/categories_v2/food/italian_", "suffix": ".png"}, "primary": true}], "photos": {"count": 0, "groups": []}}, "referralId": "e-0-5c969185c21cb1003995a380-29"}, {"reasons": {"count": 0, "items": [{"summary": "This spot is popular", "type": "general", "reasonName": "globalInteractionReason"}]}, "venue": {"id": "4ac518b9f964a520b8a120e3", "name": "The Blue Legume", "location": {"address": "101 Church St", "lat": 51.56210534539629, "lng": -0.07929027896952194, "labeledLatLngs": [{"label": "display", "lat": 51.56210534539629, "lng": -0.07929027896952194}], "distance": 295, "postalCode": "N16 0UD", "cc": "GB", "city": "Stoke Newington", "state": "Greater London", "country": "United Kingdom", "formattedAddress": ["101 Church St", "Stoke Newington", "Greater London", "N16 0UD", "United Kingdom"]}, "categories": [{"id": "4bf58dd8d48988d143941735", "name": "Breakfast Spot", "pluralName": "Breakfast Spots", "shortName": "Breakfast", "icon": {"prefix": "https://ss3.4sqi.net/img/categories_v2/food/breakfast_", "suffix": ".png"}, "primary": true}], "photos": {"count": 0, "groups": []}}, "referralId": "e-0-4ac518b9f964a520b8a120e3-30"}, {"reasons": {"count": 0, "items": [{"summary": "This spot is popular", "type": "general", "reasonName": "globalInteractionReason"}]}, "venue": {"id": "5187a1c9498ee4fb785c1dab", "name": "Cafe La Duchesse", "location": {"address": "Stoke Newington Church Street", "lat": 51.56207505882975, "lng": -0.0742307582072184, "labeledLatLngs": [{"label": "display", "lat": 51.56207505882975, "lng": -0.0742307582072184}], "distance": 61, "postalCode": "N16", "cc": "GB", "city": "London", "state": "Greater London", "country": "United Kingdom", "formattedAddress": ["Stoke Newington Church Street", "London", "Greater London", " N16", "United Kingdom"]}, "categories": [{"id": "4bf58dd8d48988d16d941735", "name": "Caf\u00e9", "pluralName": "Caf\u00e9s", "shortName": "Caf\u00e9", "icon": {"prefix": "https://ss3.4sqi.net/img/categories_v2/food/cafe_", "suffix": ".png"}, "primary": true}], "photos": {"count": 0, "groups": []}}, "referralId": "e-0-5187a1c9498ee4fb785c1dab-31"}, {"reasons": {"count": 0, "items": [{"summary": "This spot is popular", "type": "general", "reasonName": "globalInteractionReason"}]}, "venue": {"id": "52dbf6d8498e35e771e374b3", "name": "Green Room Cafe", "location": {"lat": 51.5620007572072, "lng": -0.07967311893293495, "labeledLatLngs": [{"label": "display", "lat": 51.5620007572072, "lng": -0.07967311893293495}], "distance": 323, "postalCode": "N16 0UD", "cc": "GB", "neighborhood": "Clissold", "city": "London", "country": "United Kingdom", "formattedAddress": ["London", "N16 0UD", "United Kingdom"]}, "categories": [{"id": "4bf58dd8d48988d16d941735", "name": "Caf\u00e9", "pluralName": "Caf\u00e9s", "shortName": "Caf\u00e9", "icon": {"prefix": "https://ss3.4sqi.net/img/categories_v2/food/cafe_", "suffix": ".png"}, "primary": true}], "photos": {"count": 0, "groups": []}}, "referralId": "e-0-52dbf6d8498e35e771e374b3-32"}, {"reasons": {"count": 0, "items": [{"summary": "This spot is popular", "type": "general", "reasonName": "globalInteractionReason"}]}, "venue": {"id": "4f35560fe4b058a108315bfb", "name": "KFC", "location": {"address": "192 Stoke Newington High Street", "lat": 51.5621859, "lng": -0.0734061, "labeledLatLngs": [{"label": "display", "lat": 51.5621859, "lng": -0.0734061}], "distance": 113, "postalCode": "N16 7JD", "cc": "GB", "city": "London", "state": "Greater London", "country": "United Kingdom", "formattedAddress": ["192 Stoke Newington High Street", "London", "Greater London", "N16 7JD", "United Kingdom"]}, "categories": [{"id": "4bf58dd8d48988d16e941735", "name": "Fast Food Restaurant", "pluralName": "Fast Food Restaurants", "shortName": "Fast Food", "icon": {"prefix": "https://ss3.4sqi.net/img/categories_v2/food/fastfood_", "suffix": ".png"}, "primary": true}], "photos": {"count": 0, "groups": []}, "venuePage": {"id": "583732315"}}, "referralId": "e-0-4f35560fe4b058a108315bfb-33"}, {"reasons": {"count": 0, "items": [{"summary": "This spot is popular", "type": "general", "reasonName": "globalInteractionReason"}]}, "venue": {"id": "5577296a498ec52dd29f519b", "name": "Fuji", "location": {"address": "15 Stoke Newington Church St", "lat": 51.562065, "lng": -0.074525, "labeledLatLngs": [{"label": "display", "lat": 51.562065, "lng": -0.074525}], "distance": 45, "postalCode": "N16 0NX", "cc": "GB", "country": "United Kingdom", "formattedAddress": ["15 Stoke Newington Church St", "N16 0NX", "United Kingdom"]}, "categories": [{"id": "4bf58dd8d48988d111941735", "name": "Japanese Restaurant", "pluralName": "Japanese Restaurants", "shortName": "Japanese", "icon": {"prefix": "https://ss3.4sqi.net/img/categories_v2/food/japanese_", "suffix": ".png"}, "primary": true}], "photos": {"count": 0, "groups": []}}, "referralId": "e-0-5577296a498ec52dd29f519b-34"}, {"reasons": {"count": 0, "items": [{"summary": "This spot is popular", "type": "general", "reasonName": "globalInteractionReason"}]}, "venue": {"id": "4ac518e2f964a520a1aa20e3", "name": "Royal India", "location": {"address": "47 Stoke Newington Church St. Stoke Newington", "lat": 51.561946130251656, "lng": -0.07616729063669389, "labeledLatLngs": [{"label": "display", "lat": 51.561946130251656, "lng": -0.07616729063669389}], "distance": 89, "postalCode": "N16 0NX", "cc": "GB", "city": "London", "state": "Greater London", "country": "United Kingdom", "formattedAddress": ["47 Stoke Newington Church St. Stoke Newington", "London", "Greater London", "N16 0NX", "United Kingdom"]}, "categories": [{"id": "4bf58dd8d48988d10f941735", "name": "Indian Restaurant", "pluralName": "Indian Restaurants", "shortName": "Indian", "icon": {"prefix": "https://ss3.4sqi.net/img/categories_v2/food/indian_", "suffix": ".png"}, "primary": true}], "photos": {"count": 0, "groups": []}}, "referralId": "e-0-4ac518e2f964a520a1aa20e3-35"}, {"reasons": {"count": 0, "items": [{"summary": "This spot is popular", "type": "general", "reasonName": "globalInteractionReason"}]}, "venue": {"id": "55f5e65a498e91426f87255c", "name": "Clicia", "location": {"address": "97 Stoke Newington Church Street", "crossStreet": "Defoe Road", "lat": 51.562144451257986, "lng": -0.07908660925680441, "labeledLatLngs": [{"label": "display", "lat": 51.562144451257986, "lng": -0.07908660925680441}], "distance": 281, "postalCode": "N16 0UD", "cc": "GB", "city": "London", "state": "Greater London", "country": "United Kingdom", "formattedAddress": ["97 Stoke Newington Church Street (Defoe Road)", "London", "Greater London", "N16 0UD", "United Kingdom"]}, "categories": [{"id": "4f04af1f2fb6e1c99f3db0bb", "name": "Turkish Restaurant", "pluralName": "Turkish Restaurants", "shortName": "Turkish", "icon": {"prefix": "https://ss3.4sqi.net/img/categories_v2/food/turkish_", "suffix": ".png"}, "primary": true}], "photos": {"count": 0, "groups": []}}, "referralId": "e-0-55f5e65a498e91426f87255c-36"}]}]}}