{"meta": {"code": 200, "requestId": "5fedda0fe763db0b99a6f57c"}, "response": {"suggestedFilters": {"header": "Tap to show:", "filters": [{"name": "Open now", "key": "openNow"}]}, "headerLocation": "Finsbury Park", "headerFullLocation": "Finsbury Park, London", "headerLocationGranularity": "neighborhood", "query": "college education", "totalResults": 21, "suggestedBounds": {"ne": {"lat": 51.56868000360001, "lng": -0.10188953712095013}, "sw": {"lat": 51.561479996399996, "lng": -0.11345046287904988}}, "groups": [{"type": "Recommended Places", "name": "recommended", "items": [{"reasons": {"count": 0, "items": [{"summary": "This spot is popular", "type": "general", "reasonName": "globalInteractionReason"}]}, "venue": {"id": "4c6948813bad2d7fbc62afee", "name": "The Arsenal Store", "location": {"address": "Unit 6/9, Station Pl, Finsbury Park", "lat": 51.5643060736164, "lng": -0.10552134181982151, "labeledLatLngs": [{"label": "display", "lat": 51.5643060736164, "lng": -0.10552134181982151}], "distance": 171, "postalCode": "N4 2DH", "cc": "GB", "city": "London", "state": "Greater London", "country": "United Kingdom", "formattedAddress": ["Unit 6/9, Station Pl, Finsbury Park", "London", "Greater London", "N4 2DH", "United Kingdom"]}, "categories": [{"id": "4bf58dd8d48988d1f2941735", "name": "Sporting Goods Shop", "pluralName": "Sporting Goods Shops", "shortName": "Sporting Goods", "icon": {"prefix": "https://ss3.4sqi.net/img/categories_v2/shops/sports_outdoors_", "suffix": ".png"}, "primary": true}], "photos": {"count": 0, "groups": []}}, "referralId": "e-0-4c6948813bad2d7fbc62afee-0"}, {"reasons": {"count": 0, "items": [{"summary": "This spot is popular", "type": "general", "reasonName": "globalInteractionReason"}]}, "venue": {"id": "4dbde411cda109aa6cbe7e86", "name": "Akdeniz Food Market", "location": {"address": "169 Seven Sisters Road", "lat": 51.56226128611049, "lng": -0.11041872127959249, "labeledLatLngs": [{"label": "display", "lat": 51.56226128611049, "lng": -0.11041872127959249}], "distance": 366, "cc": "GB", "city": "London", "state": "Greater London", "country": "United Kingdom", "formattedAddress": ["169 Seven Sisters Road", "London", "Greater London", "United Kingdom"]}, "categories": [{"id": "4bf58dd8d48988d118951735", "name": "Grocery Store", "pluralName": "Grocery Stores", "shortName": "Grocery Store", "icon": {"prefix": "https://ss3.4sqi.net/img/categories_v2/shops/food_grocery_", "suffix": ".png"}, "primary": true}], "photos": {"count": 0, "groups": []}}, "referralId": "e-0-4dbde411cda109aa6cbe7e86-1"}, {"reasons": {"count": 0, "items": [{"summary": "This spot is popular", "type": "general", "reasonName": "globalInteractionReason"}]}, "venue": {"id": "4bf23cc3324cc9b6d0eccc92", "name": "Lidl", "location": {"address": "269-271 Seven Sisters Road", "crossStreet": "Finsbury Park Rd", "lat": 51.5649922821384, "lng": -0.104305807276857, "labeledLatLngs": [{"label": "display", "lat": 51.5649922821384, "lng": -0.104305807276857}], "distance": 233, "postalCode": "N4 2DE", "cc": "GB", "city": "London", "state": "Greater London", "country": "United Kingdom", "formattedAddress": ["269-271 Seven Sisters Road (Finsbury Park Rd)", "London", "Greater London", "N4 2DE", "United Kingdom"]}, "categories": [{"id": "52f2ab2ebcbc57f1066b8b46", "name": "Supermarket", "pluralName": "Supermarkets", "shortName": "Supermarket", "icon": {"prefix": "https://ss3.4sqi.net/img/categories_v2/shops/food_grocery_", "suffix": ".png"}, "primary": true}], "photos": {"count": 0, "groups": []}, "venuePage": {"id": "541647156"}}, "referralId": "e-0-4bf23cc3324cc9b6d0eccc92-2"}, {"reasons": {"count": 0, "items": [{"summary": "This spot is popular", "type": "general", "reasonName": "globalInteractionReason"}]}, "venue": {"id": "4c5d86b96ebe2d7f9001d32e", "name": "Pak's Cosmetics Centre", "location": {"address": "25-27 Stroud Green Road", "lat": 51.567237354149604, "lng": -0.10842397925174756, "labeledLatLngs": [{"label": "display", "lat": 51.567237354149604, "lng": -0.10842397925174756}], "distance": 245, "postalCode": "N4", "cc": "GB", "city": "London", "state": "Greater London", "country": "United Kingdom", "formattedAddress": ["25-27 Stroud Green Road", "London", "Greater London", "N4", "United Kingdom"]}, "categories": [{"id": "4bf58dd8d48988d10c951735", "name": "Cosmetics Shop", "pluralName": "Cosmetics Shops", "shortName": "Cosmetics", "icon": {"prefix": "https://ss3.4sqi.net/img/categories_v2/shops/beauty_cosmetic_", "suffix": ".png"}, "primary": true}], "photos": {"count": 0, "groups": []}}, "referralId": "e-0-4c5d86b96ebe2d7f9001d32e-3"}, {"reasons": {"count": 0, "items": [{"summary": "This spot is popular", "type": "general", "reasonName": "globalInteractionReason"}]}, "venue": {"id": "4c45fe29342c1b8ddf44b589", "name": "Tesco Express", "location": {"address": "268-270 Seven Sisters Rd, Seven Sisters", "lat": 51.56430860361359, "lng": -0.10501744774273902, "labeledLatLngs": [{"label": "display", "lat": 51.56430860361359, "lng": -0.10501744774273902}], "distance": 202, "postalCode": "N4 2HY", "cc": "GB", "city": "London", "state": "Greater London", "country": "United Kingdom", "formattedAddress": ["268-270 Seven Sisters Rd, Seven Sisters", "London", "Greater London", "N4 2HY", "United Kingdom"]}, "categories": [{"id": "4bf58dd8d48988d118951735", "name": "Grocery Store", "pluralName": "Grocery Stores", "shortName": "Grocery Store", "icon": {"prefix": "https://ss3.4sqi.net/img/categories_v2/shops/food_grocery_", "suffix": ".png"}, "primary": true}], "photos": {"count": 0, "groups": []}}, "referralId": "e-0-4c45fe29342c1b8ddf44b589-4"}, {"reasons": {"count": 0, "items": [{"summary": "This spot is popular", "type": "general", "reasonName": "globalInteractionReason"}]}, "venue": {"id": "4f0f1fc2e4b09cff017f0bf0", "name": "Sainsbury's Local", "location": {"address": "29-31 Blackstock Rd", "lat": 51.56406603852847, "lng": -0.1030541098230775, "labeledLatLngs": [{"label": "display", "lat": 51.56406603852847, "lng": -0.1030541098230775}], "distance": 338, "postalCode": "N4 2JF", "cc": "GB", "city": "London", "state": "Greater London", "country": "United Kingdom", "formattedAddress": ["29-31 Blackstock Rd", "London", "Greater London", "N4 2JF", "United Kingdom"]}, "categories": [{"id": "4bf58dd8d48988d118951735", "name": "Grocery Store", "pluralName": "Grocery Stores", "shortName": "Grocery Store", "icon": {"prefix": "https://ss3.4sqi.net/img/categories_v2/shops/food_grocery_", "suffix": ".png"}, "primary": true}], "photos": {"count": 0, "groups": []}}, "referralId": "e-0-4f0f1fc2e4b09cff017f0bf0-5"}, {"reasons": {"count": 0, "items": [{"summary": "This spot is popular", "type": "general", "reasonName": "globalInteractionReason"}]}, "venue": {"id": "5d8c7607178c2100077260d2", "name": "Acorn Landscaping (Anglia) Ltd", "location": {"address": "Rowans Brook Farm Rd", "lat": 51.565337, "lng": -0.105117, "labeledLatLngs": [{"label": "display", "lat": 51.565337, "lng": -0.105117}], "distance": 178, "postalCode": "IP31 3EA", "cc": "GB", "city": "Langham", "state": "Essex", "country": "United Kingdom", "formattedAddress": ["Rowans Brook Farm Rd", "Langham", "Essex", "IP31 3EA", "United Kingdom"]}, "categories": [{"id": "5454144b498ec1f095bff2f2", "name": "Construction & Landscaping", "pluralName": "Construction & Landscaping", "shortName": "Construction", "icon": {"prefix": "https://ss3.4sqi.net/img/categories_v2/shops/realestate_", "suffix": ".png"}, "primary": true}], "photos": {"count": 0, "groups": []}}, "referralId": "e-0-5d8c7607178c2100077260d2-6"}, {"reasons": {"count": 0, "items": [{"summary": "This spot is popular", "type": "general", "reasonName": "globalInteractionReason"}]}, "venue": {"id": "56fa1c9a498e4239fbf3c2bc", "name": "Paddy Power", "location": {"address": "260 Seven Sisters Road", "lat": 51.56414597441918, "lng": -0.10533571243286133, "labeledLatLngs": [{"label": "display", "lat": 51.56414597441918, "lng": -0.10533571243286133}], "distance": 192, "postalCode": "N4 2HY", "cc": "GB", "city": "Finsbury Park", "state": "Greater London", "country": "United Kingdom", "formattedAddress": ["260 Seven Sisters Road", "Finsbury Park", "Greater London", "N4 2HY", "United Kingdom"]}, "categories": [{"id": "52f2ab2ebcbc57f1066b8b40", "name": "Betting Shop", "pluralName": "Betting Shops", "shortName": "Betting Shop", "icon": {"prefix": "https://ss3.4sqi.net/img/categories_v2/shops/financial_", "suffix": ".png"}, "primary": true}], "photos": {"count": 0, "groups": []}, "venuePage": {"id": "549355647"}}, "referralId": "e-0-56fa1c9a498e4239fbf3c2bc-7"}, {"reasons": {"count": 0, "items": [{"summary": "This spot is popular", "type": "general", "reasonName": "globalInteractionReason"}]}, "venue": {"id": "4c21cfa07e85c9280402bb21", "name": "John Jones", "location": {"address": "4", "crossStreet": "Morris Place", "lat": 51.56488671620002, "lng": -0.10622100148143351, "labeledLatLngs": [{"label": "display", "lat": 51.56488671620002, "lng": -0.10622100148143351}], "distance": 102, "postalCode": "N4 3JG", "cc": "GB", "city": "Islington", "state": "Greater London", "country": "United Kingdom", "formattedAddress": ["4 (Morris Place)", "Islington", "Greater London", "N4 3JG", "United Kingdom"]}, "categories": [{"id": "4bf58dd8d48988d127951735", "name": "Arts & Crafts Store", "pluralName": "Arts & Crafts Stores", "shortName": "Arts & Crafts", "icon": {"prefix": "https://ss3.4sqi.net/img/categories_v2/shops/artstore_", "suffix": ".png"}, "primary": true}], "photos": {"count": 0, "groups": []}}, "referralId": "e-0-4c21cfa07e85c9280402bb21-8"}, {"reasons": {"count": 0, "items": [{"summary": "This spot is popular", "type": "general", "reasonName": "globalInteractionReason"}]}, "venue": {"id": "4c46179ff9652d7f320e142b", "name": "Nisa", "location": {"address": "Unit 2-3 Clifton House, 42-43 Clifton Terrace Finsbury", "lat": 51.56566186308399, "lng": -0.10777356260371107, "labeledLatLngs": [{"label": "display", "lat": 51.56566186308399, "lng": -0.10777356260371107}], "distance": 65, "postalCode": "N4 3JP", "cc": "GB", "city": "London", "state": "Greater London", "country": "United Kingdom", "formattedAddress": ["Unit 2-3 Clifton House, 42-43 Clifton Terrace Finsbury", "London", "Greater London", "N4 3JP", "United Kingdom"]}, "categories": [{"id": "4d954b0ea243a5684a65b473", "name": "Convenience Store", "pluralName": "Convenience Stores", "shortName": "Convenience Store", "icon": {"prefix": "https://ss3.4sqi.net/img/categories_v2/shops/conveniencestore_", "suffix": ".png"}, "primary": true}], "photos": {"count": 0, "groups": []}}, "referralId": "e-0-4c46179ff9652d7f320e142b-9"}, {"reasons": {"count": 0, "items": [{"summary": "This spot is popular", "type": "general", "reasonName": "globalInteractionReason"}]}, "venue": {"id": "5ed620d1c1aaa20007823617", "name": "HandT Pawnbrokers", "location": {"address": "259-261 Seven Sisters Road", "lat": 51.56462098, "lng": -0.10510055, "labeledLatLngs": [{"label": "display", "lat": 51.56462098, "lng": -0.10510055}], "distance": 184, "postalCode": "N4 2DD", "cc": "GB", "city": "London", "state": "Greater London", "country": "United Kingdom", "formattedAddress": ["259-261 Seven Sisters Road", "London", "Greater London", "N4 2DD", "United Kingdom"]}, "categories": [{"id": "52f2ab2ebcbc57f1066b8b34", "name": "Pawn Shop", "pluralName": "Pawn Shops", "shortName": "Pawn Shop", "icon": {"prefix": "https://ss3.4sqi.net/img/categories_v2/shops/default_", "suffix": ".png"}, "primary": true}], "photos": {"count": 0, "groups": []}, "venuePage": {"id": "583531056"}}, "referralId": "e-0-5ed620d1c1aaa20007823617-10"}, {"reasons": {"count": 0, "items": [{"summary": "This spot is popular", "type": "general", "reasonName": "globalInteractionReason"}]}, "venue": {"id": "4cdeeca5f8cdb1f7ea558e12", "name": "Sunrise Food Stop", "location": {"address": "17 Wells Terr", "lat": 51.56542513992442, "lng": -0.1068585772885007, "labeledLatLngs": [{"label": "display", "lat": 51.56542513992442, "lng": -0.1068585772885007}], "distance": 68, "postalCode": "N4 3JU", "cc": "GB", "country": "United Kingdom", "formattedAddress": ["17 Wells Terr", "N4 3JU", "United Kingdom"]}, "categories": [{"id": "4bf58dd8d48988d118951735", "name": "Grocery Store", "pluralName": "Grocery Stores", "shortName": "Grocery Store", "icon": {"prefix": "https://ss3.4sqi.net/img/categories_v2/shops/food_grocery_", "suffix": ".png"}, "primary": true}], "photos": {"count": 0, "groups": []}}, "referralId": "e-0-4cdeeca5f8cdb1f7ea558e12-11"}, {"reasons": {"count": 0, "items": [{"summary": "This spot is popular", "type": "general", "reasonName": "globalInteractionReason"}]}, "venue": {"id": "5d029d91d41bb7002c9d8a6f", "name": "Green & Glory Ltd", "location": {"address": "55 Stroud Green Road", "lat": 51.566235, "lng": -0.107524395, "labeledLatLngs": [{"label": "display", "lat": 51.566235, "lng": -0.107524395}], "distance": 128, "postalCode": "N4 3EG", "cc": "GB", "neighborhood": "Finsbury Park", "city": "London", "state": "Greater London", "country": "United Kingdom", "formattedAddress": ["55 Stroud Green Road", "London", "Greater London", "N4 3EG", "United Kingdom"]}, "categories": [{"id": "52f2ab2ebcbc57f1066b8b45", "name": "Organic Grocery", "pluralName": "Organic Groceries", "shortName": "Organic Grocery", "icon": {"prefix": "https://ss3.4sqi.net/img/categories_v2/shops/food_grocery_", "suffix": ".png"}, "primary": true}], "photos": {"count": 0, "groups": []}}, "referralId": "e-0-5d029d91d41bb7002c9d8a6f-12"}, {"reasons": {"count": 0, "items": [{"summary": "This spot is popular", "type": "general", "reasonName": "globalInteractionReason"}]}, "venue": {"id": "577e2aa0498e6240c737c865", "name": "Poundland", "location": {"address": "276-280 Seven Sisters Road, Finsbury Park", "lat": 51.56444609881161, "lng": -0.10467857122421265, "labeledLatLngs": [{"label": "display", "lat": 51.56444609881161, "lng": -0.10467857122421265}], "distance": 218, "postalCode": "N4 2HY", "cc": "GB", "city": "London", "state": "Greater London", "country": "United Kingdom", "formattedAddress": ["276-280 Seven Sisters Road, Finsbury Park", "London", "Greater London", "N4 2HY", "United Kingdom"]}, "categories": [{"id": "52dea92d3cf9994f4e043dbb", "name": "Discount Store", "pluralName": "Discount Stores", "shortName": "Discount Store", "icon": {"prefix": "https://ss3.4sqi.net/img/categories_v2/shops/discountstore_", "suffix": ".png"}, "primary": true}], "photos": {"count": 0, "groups": []}}, "referralId": "e-0-577e2aa0498e6240c737c865-13"}, {"reasons": {"count": 0, "items": [{"summary": "This spot is popular", "type": "general", "reasonName": "globalInteractionReason"}]}, "venue": {"id": "50a3329945b026acd0e29f0f", "name": "Danger Money Records", "location": {"lat": 51.56380583104635, "lng": -0.10509967803955078, "labeledLatLngs": [{"label": "display", "lat": 51.56380583104635, "lng": -0.10509967803955078}], "distance": 227, "cc": "GB", "city": "Finsbury Park", "state": "Greater London", "country": "United Kingdom", "formattedAddress": ["Finsbury Park", "Greater London", "United Kingdom"]}, "categories": [{"id": "4bf58dd8d48988d10d951735", "name": "Record Shop", "pluralName": "Record Shops", "shortName": "Record Shop", "icon": {"prefix": "https://ss3.4sqi.net/img/categories_v2/shops/record_shop_", "suffix": ".png"}, "primary": true}], "photos": {"count": 0, "groups": []}}, "referralId": "e-0-50a3329945b026acd0e29f0f-14"}, {"reasons": {"count": 0, "items": [{"summary": "This spot is popular", "type": "general", "reasonName": "globalInteractionReason"}]}, "venue": {"id": "5af59dc55c6838002cf1d978", "name": "tripatricks for travel and more", "location": {"address": "11-13 Rock Street,", "crossStreet": "Flat 3", "lat": 51.56401258516446, "lng": -0.10458469390869139, "labeledLatLngs": [{"label": "display", "lat": 51.56401258516446, "lng": -0.10458469390869139}], "distance": 244, "postalCode": "N4 2DN", "cc": "GB", "city": "London", "state": "Greater London", "country": "United Kingdom", "formattedAddress": ["11-13 Rock Street, (Flat 3)", "London", "Greater London", "N4 2DN", "United Kingdom"]}, "categories": [{"id": "4bf58dd8d48988d102951735", "name": "Accessories Store", "pluralName": "Accessories Stores", "shortName": "Accessories", "icon": {"prefix": "https://ss3.4sqi.net/img/categories_v2/shops/apparel_accessories_", "suffix": ".png"}, "primary": true}], "photos": {"count": 0, "groups": []}, "venuePage": {"id": "491059158"}}, "referralId": "e-0-5af59dc55c6838002cf1d978-15"}, {"reasons": {"count": 0, "items": [{"summary": "This spot is popular", "type": "general", "reasonName": "globalInteractionReason"}]}, "venue": {"id": "56d1cbd3cd10ac3eba76782b", "name": "Glamour Hair and Beauty", "location": {"address": "228 Seven Sisters Road", "lat": 51.562896728515625, "lng": -0.10821506381034851, "labeledLatLngs": [{"label": "display", "lat": 51.562896728515625, "lng": -0.10821506381034851}], "distance": 245, "cc": "GB", "city": "London", "state": "Greater London", "country": "United Kingdom", "formattedAddress": ["228 Seven Sisters Road", "London", "Greater London", "United Kingdom"]}, "categories": [{"id": "54541900498ea6ccd0202697", "name": "Health & Beauty Service", "pluralName": "Health & Beauty Services", "shortName": "Health & Beauty", "icon": {"prefix": "https://ss3.4sqi.net/img/categories_v2/shops/salon_barber_", "suffix": ".png"}, "primary": true}], "photos": {"count": 0, "groups": []}}, "referralId": "e-0-56d1cbd3cd10ac3eba76782b-16"}, {"reasons": {"count": 0, "items": [{"summary": "This spot is popular", "type": "general", "reasonName": "globalInteractionReason"}]}, "venue": {"id": "57124f99498ee29738afc45a", "name": "Image", "location": {"address": "29 Fonthill Road", "lat": 51.5666, "lng": -0.1111838, "labeledLatLngs": [{"label": "display", "lat": 51.5666, "lng": -0.1111838}], "distance": 296, "postalCode": "N4 3HZ", "cc": "GB", "city": "London", "state": "Greater London", "country": "United Kingdom", "formattedAddress": ["29 Fonthill Road", "London", "Greater London", "N4 3HZ", "United Kingdom"]}, "categories": [{"id": "5032781d91d4c4b30a586d5b", "name": "Tailor Shop", "pluralName": "Tailor Shops", "shortName": "Tailor", "icon": {"prefix": "https://ss3.4sqi.net/img/categories_v2/shops/apparel_", "suffix": ".png"}, "primary": true}], "photos": {"count": 0, "groups": []}, "venuePage": {"id": "180621155"}}, "referralId": "e-0-57124f99498ee29738afc45a-17"}, {"reasons": {"count": 0, "items": [{"summary": "This spot is popular", "type": "general", "reasonName": "globalInteractionReason"}]}, "venue": {"id": "571a60cb498eacb710311834", "name": "School of Mobile Technology", "location": {"address": "15, Blackstock Rd", "lat": 51.56433120000001, "lng": -0.1034887, "labeledLatLngs": [{"label": "display", "lat": 51.56433120000001, "lng": -0.1034887}], "distance": 301, "postalCode": "N4 2JF", "cc": "GB", "city": "London", "state": "Greater London", "country": "United Kingdom", "formattedAddress": ["15, Blackstock Rd", "London", "Greater London", "N4 2JF", "United Kingdom"]}, "categories": [{"id": "4f04afc02fb6e1c99f3db0bc", "name": "Mobile Phone Shop", "pluralName": "Mobile Phone Shops", "shortName": "Mobile Phones", "icon": {"prefix": "https://ss3.4sqi.net/img/categories_v2/shops/mobilephoneshop_", "suffix": ".png"}, "primary": true}], "photos": {"count": 0, "groups": []}}, "referralId": "e-0-571a60cb498eacb710311834-18"}, {"reasons": {"count": 0, "items": [{"summary": "This spot is popular", "type": "general", "reasonName": "globalInteractionReason"}]}, "venue": {"id": "57ee8864498eef0ba823a10a", "name": "Pretty Shiny Shop", "location": {"lat": 51.568152, "lng": -0.11002, "labeledLatLngs": [{"label": "display", "lat": 51.568152, "lng": -0.11002}], "distance": 378, "cc": "GB", "country": "United Kingdom", "formattedAddress": ["United Kingdom"]}, "categories": [{"id": "4bf58dd8d48988d128951735", "name": "Gift Shop", "pluralName": "Gift Shops", "shortName": "Gift Shop", "icon": {"prefix": "https://ss3.4sqi.net/img/categories_v2/shops/giftshop_", "suffix": ".png"}, "primary": true}], "photos": {"count": 0, "groups": []}}, "referralId": "e-0-57ee8864498eef0ba823a10a-19"}, {"reasons": {"count": 0, "items": [{"summary": "This spot is popular", "type": "general", "reasonName": "globalInteractionReason"}]}, "venue": {"id": "4c9b8eaaceef236abfbe044c", "name": "Sainsbury's Local", "location": {"address": "Unit A, Vista House, 17 Stroud Green Road", "crossStreet": "Woodstock Rd", "lat": 51.56641299056303, "lng": -0.10764306375296906, "labeledLatLngs": [{"label": "display", "lat": 51.56641299056303, "lng": -0.10764306375296906}], "distance": 148, "postalCode": "N4 3FB", "cc": "GB", "city": "London", "state": "Greater London", "country": "United Kingdom", "formattedAddress": ["Unit A, Vista House, 17 Stroud Green Road (Woodstock Rd)", "London", "Greater London", "N4 3FB", "United Kingdom"]}, "categories": [{"id": "4bf58dd8d48988d118951735", "name": "Grocery Store", "pluralName": "Grocery Stores", "shortName": "Grocery Store", "icon": {"prefix": "https://ss3.4sqi.net/img/categories_v2/shops/food_grocery_", "suffix": ".png"}, "primary": true}], "photos": {"count": 0, "groups": []}}, "referralId": "e-0-4c9b8eaaceef236abfbe044c-20"}]}]}}