{"meta": {"code": 200, "requestId": "5fedd9fc54b55051514af2cd"}, "response": {"suggestedFilters": {"header": "Tap to show:", "filters": [{"name": "Open now", "key": "openNow"}]}, "headerLocation": "London Fields", "headerFullLocation": "London Fields, London", "headerLocationGranularity": "neighborhood", "query": "college education", "totalResults": 19, "suggestedBounds": {"ne": {"lat": 51.54303600360001, "lng": -0.05193279482325642}, "sw": {"lat": 51.535835996399996, "lng": -0.06348720517674358}}, "groups": [{"type": "Recommended Places", "name": "recommended", "items": [{"reasons": {"count": 0, "items": [{"summary": "This spot is popular", "type": "general", "reasonName": "globalInteractionReason"}]}, "venue": {"id": "4dea293e814d76ba540705f4", "name": "Netil Market", "location": {"address": "13-23 Westgate St", "lat": 51.53764123683916, "lng": -0.058590588199562754, "labeledLatLngs": [{"label": "display", "lat": 51.53764123683916, "lng": -0.058590588199562754}], "distance": 208, "postalCode": "E8 3RL", "cc": "GB", "city": "Hackney", "state": "Greater London", "country": "United Kingdom", "formattedAddress": ["13-23 Westgate St", "Hackney", "Greater London", "E8 3RL", "United Kingdom"]}, "categories": [{"id": "4bf58dd8d48988d1f7941735", "name": "Flea Market", "pluralName": "Flea Markets", "shortName": "Flea Market", "icon": {"prefix": "https://ss3.4sqi.net/img/categories_v2/shops/fleamarket_", "suffix": ".png"}, "primary": true}], "photos": {"count": 0, "groups": []}}, "referralId": "e-0-4dea293e814d76ba540705f4-0"}, {"reasons": {"count": 0, "items": [{"summary": "This spot is popular", "type": "general", "reasonName": "globalInteractionReason"}]}, "venue": {"id": "4b8eb366f964a520e93133e3", "name": "Donlon Books", "location": {"address": "77 Broadway Market", "lat": 51.53766321829613, "lng": -0.06103399982238975, "labeledLatLngs": [{"label": "display", "lat": 51.53766321829613, "lng": -0.06103399982238975}], "distance": 303, "postalCode": "E8 4PH", "cc": "GB", "city": "London", "state": "Greater London", "country": "United Kingdom", "formattedAddress": ["77 Broadway Market", "Dalston", "Greater London", "E8 4PH", "United Kingdom"]}, "categories": [{"id": "4bf58dd8d48988d114951735", "name": "Bookstore", "pluralName": "Bookstores", "shortName": "Bookstore", "icon": {"prefix": "https://ss3.4sqi.net/img/categories_v2/shops/bookstore_", "suffix": ".png"}, "primary": true}], "photos": {"count": 0, "groups": []}}, "referralId": "e-0-4b8eb366f964a520e93133e3-1"}, {"reasons": {"count": 0, "items": [{"summary": "This spot is popular", "type": "general", "reasonName": "globalInteractionReason"}]}, "venue": {"id": "4b6db778f964a52035892ce3", "name": "London Star Night", "location": {"address": "203-212 Mare street", "lat": 51.541344, "lng": -0.055312, "labeledLatLngs": [{"label": "display", "lat": 51.541344, "lng": -0.055312}], "distance": 269, "cc": "GB", "city": "Hackney", "state": "Greater London", "country": "United Kingdom", "formattedAddress": ["203-212 Mare street", "Hackney", "Greater London", "United Kingdom"]}, "categories": [{"id": "4bf58dd8d48988d118951735", "name": "Grocery Store", "pluralName": "Grocery Stores", "shortName": "Grocery Store", "icon": {"prefix": "https://ss3.4sqi.net/img/categories_v2/shops/food_grocery_", "suffix": ".png"}, "primary": true}], "photos": {"count": 0, "groups": []}}, "referralId": "e-0-4b6db778f964a52035892ce3-2"}, {"reasons": {"count": 0, "items": [{"summary": "This spot is popular", "type": "general", "reasonName": "globalInteractionReason"}]}, "venue": {"id": "4aeaae79f964a5200ebc21e3", "name": "Lidl", "location": {"address": "27 Well Street", "lat": 51.5401451474208, "lng": -0.0536319983599238, "labeledLatLngs": [{"label": "display", "lat": 51.5401451474208, "lng": -0.0536319983599238}], "distance": 293, "postalCode": "E9 7QX", "cc": "GB", "city": "London", "state": "Greater London", "country": "United Kingdom", "formattedAddress": ["27 Well Street", "London", "Greater London", "E9 7QX", "United Kingdom"]}, "categories": [{"id": "52f2ab2ebcbc57f1066b8b46", "name": "Supermarket", "pluralName": "Supermarkets", "shortName": "Supermarket", "icon": {"prefix": "https://ss3.4sqi.net/img/categories_v2/shops/food_grocery_", "suffix": ".png"}, "primary": true}], "photos": {"count": 0, "groups": []}, "venuePage": {"id": "543400539"}}, "referralId": "e-0-4aeaae79f964a5200ebc21e3-3"}, {"reasons": {"count": 0, "items": [{"summary": "This spot is popular", "type": "general", "reasonName": "globalInteractionReason"}]}, "venue": {"id": "4befba1251f2c9b6f6def092", "name": "London Fields Farmers' Market", "location": {"address": "London Fields Primary School, Westgate St", "lat": 51.537382752592194, "lng": -0.060392594907740405, "labeledLatLngs": [{"label": "display", "lat": 51.537382752592194, "lng": -0.060392594907740405}], "distance": 294, "postalCode": "E8 3RL", "cc": "GB", "city": "Hackney", "state": "Greater London", "country": "United Kingdom", "formattedAddress": ["London Fields Primary School, Westgate St", "Hackney", "Greater London", "E8 3RL", "United Kingdom"]}, "categories": [{"id": "4bf58dd8d48988d1fa941735", "name": "Farmers Market", "pluralName": "Farmers Markets", "shortName": "Farmer's Market", "icon": {"prefix": "https://ss3.4sqi.net/img/categories_v2/shops/food_farmersmarket_", "suffix": ".png"}, "primary": true}], "photos": {"count": 0, "groups": []}}, "referralId": "e-0-4befba1251f2c9b6f6def092-4"}, {"reasons": {"count": 0, "items": [{"summary": "This spot is popular", "type": "general", "reasonName": "globalInteractionReason"}]}, "venue": {"id": "4c4b19d542b4d13a30d8337e", "name": "Iceland", "location": {"address": "150 Mare St", "crossStreet": "Tudor Rd", "lat": 51.539666310125895, "lng": -0.05593763617012561, "labeledLatLngs": [{"label": "display", "lat": 51.539666310125895, "lng": -0.05593763617012561}], "distance": 125, "postalCode": "E8 3SG", "cc": "GB", "city": "Hackney", "state": "Greater London", "country": "United Kingdom", "formattedAddress": ["150 Mare St (Tudor Rd)", "Hackney", "Greater London", "E8 3SG", "United Kingdom"]}, "categories": [{"id": "4bf58dd8d48988d118951735", "name": "Grocery Store", "pluralName": "Grocery Stores", "shortName": "Grocery Store", "icon": {"prefix": "https://ss3.4sqi.net/img/categories_v2/shops/food_grocery_", "suffix": ".png"}, "primary": true}], "photos": {"count": 0, "groups": []}}, "referralId": "e-0-4c4b19d542b4d13a30d8337e-5"}, {"reasons": {"count": 0, "items": [{"summary": "This spot is popular", "type": "general", "reasonName": "globalInteractionReason"}]}, "venue": {"id": "59639d0058aa7f4a588d066b", "name": "Hex Digital", "location": {"address": "14 Triangle Road", "lat": 51.5379948, "lng": -0.05926146, "labeledLatLngs": [{"label": "display", "lat": 51.5379948, "lng": -0.05926146}], "distance": 193, "postalCode": "E8 3RP", "cc": "GB", "city": "London", "state": "Greater London", "country": "United Kingdom", "formattedAddress": ["14 Triangle Road", "London", "Greater London", "E8 3RP", "United Kingdom"]}, "categories": [{"id": "5453de49498eade8af355881", "name": "Business Service", "pluralName": "Business Services", "shortName": "Business Services", "icon": {"prefix": "https://ss3.4sqi.net/img/categories_v2/building/default_", "suffix": ".png"}, "primary": true}], "photos": {"count": 0, "groups": []}, "venuePage": {"id": "435180964"}}, "referralId": "e-0-59639d0058aa7f4a588d066b-6"}, {"reasons": {"count": 0, "items": [{"summary": "This spot is popular", "type": "general", "reasonName": "globalInteractionReason"}]}, "venue": {"id": "5def7fcbbb553000087ef06c", "name": "INSYNC", "location": {"address": "Second Home,\u00a0125\u2013127 Mare St,\u00a0London E8 3SJ", "lat": 51.5381984, "lng": -0.057499699999993936, "labeledLatLngs": [{"label": "display", "lat": 51.5381984, "lng": -0.057499699999993936}], "distance": 138, "postalCode": "E8 3SJ", "cc": "GB", "city": "London", "state": "Greater London", "country": "United Kingdom", "formattedAddress": ["Second Home,\u00a0125\u2013127 Mare St,\u00a0London E8 3SJ", "London", "Greater London", "E8 3SJ", "United Kingdom"]}, "categories": [{"id": "5454152e498ef71e2b9132c6", "name": "Event Service", "pluralName": "Event Services", "shortName": "Event Services", "icon": {"prefix": "https://ss3.4sqi.net/img/categories_v2/event/default_", "suffix": ".png"}, "primary": true}], "photos": {"count": 0, "groups": []}, "venuePage": {"id": "568815324"}}, "referralId": "e-0-5def7fcbbb553000087ef06c-7"}, {"reasons": {"count": 0, "items": [{"summary": "This spot is popular", "type": "general", "reasonName": "globalInteractionReason"}]}, "venue": {"id": "4db08959f7b1bd003acb0881", "name": "Best Off Licence", "location": {"address": "157 Mare Street", "lat": 51.539473, "lng": -0.056136, "labeledLatLngs": [{"label": "display", "lat": 51.539473, "lng": -0.056136}], "distance": 109, "postalCode": "E8 3RH", "cc": "GB", "country": "United Kingdom", "formattedAddress": ["157 Mare Street", "E8 3RH", "United Kingdom"]}, "categories": [{"id": "4d954b0ea243a5684a65b473", "name": "Convenience Store", "pluralName": "Convenience Stores", "shortName": "Convenience Store", "icon": {"prefix": "https://ss3.4sqi.net/img/categories_v2/shops/conveniencestore_", "suffix": ".png"}, "primary": true}], "photos": {"count": 0, "groups": []}}, "referralId": "e-0-4db08959f7b1bd003acb0881-8"}, {"reasons": {"count": 0, "items": [{"summary": "This spot is popular", "type": "general", "reasonName": "globalInteractionReason"}]}, "venue": {"id": "5ad37abd8496ca117548140b", "name": "Stranger Than Paradise Records", "location": {"lat": 51.537831, "lng": -0.057229, "labeledLatLngs": [{"label": "display", "lat": 51.537831, "lng": -0.057229}], "distance": 181, "postalCode": "E8", "cc": "GB", "city": "London", "state": "Greater London", "country": "United Kingdom", "formattedAddress": ["London", "Greater London", "E8", "United Kingdom"]}, "categories": [{"id": "4bf58dd8d48988d10d951735", "name": "Record Shop", "pluralName": "Record Shops", "shortName": "Record Shop", "icon": {"prefix": "https://ss3.4sqi.net/img/categories_v2/shops/record_shop_", "suffix": ".png"}, "primary": true}], "photos": {"count": 0, "groups": []}}, "referralId": "e-0-5ad37abd8496ca117548140b-9"}, {"reasons": {"count": 0, "items": [{"summary": "This spot is popular", "type": "general", "reasonName": "globalInteractionReason"}]}, "venue": {"id": "5670660e498ee66e9001059f", "name": "Heart Aflutter Bridal", "location": {"address": "Kreativ House", "crossStreet": "280 Mare street", "lat": 51.537792, "lng": -0.05767554, "labeledLatLngs": [{"label": "display", "lat": 51.537792, "lng": -0.05767554}], "distance": 183, "postalCode": "E8 1HE", "cc": "GB", "city": "London", "state": "Greater London", "country": "United Kingdom", "formattedAddress": ["Kreativ House (280 Mare street)", "London", "Greater London", "E8 1HE", "United Kingdom"]}, "categories": [{"id": "4bf58dd8d48988d11a951735", "name": "Bridal Shop", "pluralName": "Bridal Shops", "shortName": "Bridal", "icon": {"prefix": "https://ss3.4sqi.net/img/categories_v2/shops/bridal_", "suffix": ".png"}, "primary": true}], "photos": {"count": 0, "groups": []}, "venuePage": {"id": "487555749"}}, "referralId": "e-0-5670660e498ee66e9001059f-10"}, {"reasons": {"count": 0, "items": [{"summary": "This spot is popular", "type": "general", "reasonName": "globalInteractionReason"}]}, "venue": {"id": "57599579498e16b16cfd6efe", "name": "Jamie McGregor Smith Ltd", "location": {"address": "Emerald Apartments Homerton Road", "lat": 51.5375635, "lng": -0.05830979999996089, "labeledLatLngs": [{"label": "display", "lat": 51.5375635, "lng": -0.05830979999996089}], "distance": 212, "postalCode": "E9 5FF", "cc": "GB", "city": "London", "state": "Greater London", "country": "United Kingdom", "formattedAddress": ["Emerald Apartments Homerton Road", "London", "Greater London", "E9 5FF", "United Kingdom"]}, "categories": [{"id": "554a5e17498efabeda6cc559", "name": "Photography Studio", "pluralName": "Photography Studios", "shortName": "Photo Studio", "icon": {"prefix": "https://ss3.4sqi.net/img/categories_v2/shops/camerastore_", "suffix": ".png"}, "primary": true}], "photos": {"count": 0, "groups": []}, "venuePage": {"id": "200202613"}}, "referralId": "e-0-57599579498e16b16cfd6efe-11"}, {"reasons": {"count": 0, "items": [{"summary": "This spot is popular", "type": "general", "reasonName": "globalInteractionReason"}]}, "venue": {"id": "4b9267fbf964a52041f733e3", "name": "King Edwards Food Store", "location": {"address": "30B King Edward's Rd", "lat": 51.53797, "lng": -0.05479753017425537, "labeledLatLngs": [{"label": "display", "lat": 51.53797, "lng": -0.05479753017425537}], "distance": 259, "cc": "GB", "country": "United Kingdom", "formattedAddress": ["30B King Edward's Rd", "United Kingdom"]}, "categories": [{"id": "4bf58dd8d48988d1f9941735", "name": "Food & Drink Shop", "pluralName": "Food & Drink Shops", "shortName": "Food & Drink", "icon": {"prefix": "https://ss3.4sqi.net/img/categories_v2/shops/foodanddrink_", "suffix": ".png"}, "primary": true}], "photos": {"count": 0, "groups": []}}, "referralId": "e-0-4b9267fbf964a52041f733e3-12"}, {"reasons": {"count": 0, "items": [{"summary": "This spot is popular", "type": "general", "reasonName": "globalInteractionReason"}]}, "venue": {"id": "5acb5b7472475061c7456f35", "name": "Glassmint Studio", "location": {"address": "215 Mare St", "lat": 51.54145, "lng": -0.05557, "labeledLatLngs": [{"label": "display", "lat": 51.54145, "lng": -0.05557}], "distance": 268, "postalCode": "E8 3QE", "cc": "GB", "city": "London", "state": "Greater London", "country": "United Kingdom", "formattedAddress": ["215 Mare St", "London", "Greater London", "E8 3QE", "United Kingdom"]}, "categories": [{"id": "554a5e17498efabeda6cc559", "name": "Photography Studio", "pluralName": "Photography Studios", "shortName": "Photo Studio", "icon": {"prefix": "https://ss3.4sqi.net/img/categories_v2/shops/camerastore_", "suffix": ".png"}, "primary": true}], "photos": {"count": 0, "groups": []}, "venuePage": {"id": "488162448"}}, "referralId": "e-0-5acb5b7472475061c7456f35-13"}, {"reasons": {"count": 0, "items": [{"summary": "This spot is popular", "type": "general", "reasonName": "globalInteractionReason"}]}, "venue": {"id": "57b996be498e486946295d4a", "name": "Tower Scaffold Alarms", "location": {"address": "Well Street", "lat": 51.5399517, "lng": -0.05373780000002171, "labeledLatLngs": [{"label": "display", "lat": 51.5399517, "lng": -0.05373780000002171}], "distance": 280, "postalCode": "E9 7PX", "cc": "GB", "city": "London", "state": "Greater London", "country": "United Kingdom", "formattedAddress": ["Well Street", "London", "Greater London", "E9 7PX", "United Kingdom"]}, "categories": [{"id": "5454144b498ec1f095bff2f2", "name": "Construction & Landscaping", "pluralName": "Construction & Landscaping", "shortName": "Construction", "icon": {"prefix": "https://ss3.4sqi.net/img/categories_v2/shops/realestate_", "suffix": ".png"}, "primary": true}], "photos": {"count": 0, "groups": []}, "venuePage": {"id": "328316046"}}, "referralId": "e-0-57b996be498e486946295d4a-14"}, {"reasons": {"count": 0, "items": [{"summary": "This spot is popular", "type": "general", "reasonName": "globalInteractionReason"}]}, "venue": {"id": "4b745299f964a52033d52de3", "name": "Umut Supermarket & Off License", "location": {"address": "Broadway Market", "lat": 51.53765279923271, "lng": -0.06076984698478482, "labeledLatLngs": [{"label": "display", "lat": 51.53765279923271, "lng": -0.06076984698478482}], "distance": 290, "postalCode": "E 8 4", "cc": "GB", "city": "Hackney", "state": "Greater London", "country": "United Kingdom", "formattedAddress": ["Broadway Market", "Hackney", "Greater London", "E 8 4", "United Kingdom"]}, "categories": [{"id": "4bf58dd8d48988d118951735", "name": "Grocery Store", "pluralName": "Grocery Stores", "shortName": "Grocery Store", "icon": {"prefix": "https://ss3.4sqi.net/img/categories_v2/shops/food_grocery_", "suffix": ".png"}, "primary": true}], "photos": {"count": 0, "groups": []}}, "referralId": "e-0-4b745299f964a52033d52de3-15"}, {"reasons": {"count": 0, "items": [{"summary": "This spot is popular", "type": "general", "reasonName": "globalInteractionReason"}]}, "venue": {"id": "56ed74ec498eaa1cd679b937", "name": "Broadway Market's Schoolyard", "location": {"lat": 51.53744615811021, "lng": -0.06060711992009093, "labeledLatLngs": [{"label": "display", "lat": 51.53744615811021, "lng": -0.06060711992009093}], "distance": 298, "cc": "GB", "country": "United Kingdom", "formattedAddress": ["United Kingdom"]}, "categories": [{"id": "50be8ee891d4fa8dcc7199a7", "name": "Market", "pluralName": "Markets", "shortName": "Market", "icon": {"prefix": "https://ss3.4sqi.net/img/categories_v2/shops/market_", "suffix": ".png"}, "primary": true}], "photos": {"count": 0, "groups": []}}, "referralId": "e-0-56ed74ec498eaa1cd679b937-16"}, {"reasons": {"count": 0, "items": [{"summary": "This spot is popular", "type": "general", "reasonName": "globalInteractionReason"}]}, "venue": {"id": "53f4a6b1498e2a569444fe62", "name": "Green Island Whole Foods", "location": {"address": "47 Broadway Market", "lat": 51.53696823120117, "lng": -0.061547499150037766, "labeledLatLngs": [{"label": "display", "lat": 51.53696823120117, "lng": -0.061547499150037766}], "distance": 382, "cc": "GB", "country": "United Kingdom", "formattedAddress": ["47 Broadway Market", "United Kingdom"]}, "categories": [{"id": "52f2ab2ebcbc57f1066b8b1c", "name": "Fruit & Vegetable Store", "pluralName": "Fruit & Vegetable Stores", "shortName": "Fruit & Vegetable Store", "icon": {"prefix": "https://ss3.4sqi.net/img/categories_v2/shops/food_grocery_", "suffix": ".png"}, "primary": true}], "photos": {"count": 0, "groups": []}}, "referralId": "e-0-53f4a6b1498e2a569444fe62-17"}, {"reasons": {"count": 0, "items": [{"summary": "This spot is popular", "type": "general", "reasonName": "globalInteractionReason"}]}, "venue": {"id": "4e69b6c51495acb0c66e9b4e", "name": "Sultan Food and Wine Centre", "location": {"address": "83-85 Broadway Market", "lat": 51.537542649405005, "lng": -0.06246054040631834, "labeledLatLngs": [{"label": "display", "lat": 51.537542649405005, "lng": -0.06246054040631834}], "distance": 390, "postalCode": "E8 4PH", "cc": "GB", "city": "Hackney", "state": "Greater London", "country": "United Kingdom", "formattedAddress": ["83-85 Broadway Market", "Hackney", "Greater London", "E8 4PH", "United Kingdom"]}, "categories": [{"id": "4d954b0ea243a5684a65b473", "name": "Convenience Store", "pluralName": "Convenience Stores", "shortName": "Convenience Store", "icon": {"prefix": "https://ss3.4sqi.net/img/categories_v2/shops/conveniencestore_", "suffix": ".png"}, "primary": true}], "photos": {"count": 0, "groups": []}}, "referralId": "e-0-4e69b6c51495acb0c66e9b4e-18"}]}]}}