{"meta": {"code": 200, "requestId": "5fedd9cd79763a1bc492277a"}, "response": {"warning": {"text": "There aren't a lot of results near you. Try something more general, reset your filters, or expand the search area."}, "headerLocation": "Childs Hill", "headerFullLocation": "Childs Hill, London", "headerLocationGranularity": "neighborhood", "query": "arts entertainment", "totalResults": 0, "suggestedBounds": {"ne": {"lat": 51.5665150036, "lng": -0.19140481233988632}, "sw": {"lat": 51.55931499639999, "lng": -0.20296518766011368}}, "groups": [{"type": "Recommended Places", "name": "recommended", "items": []}]}}