{"meta": {"code": 200, "requestId": "5fedda5be2c947606ef05406"}, "response": {"warning": {"text": "There aren't a lot of results near you. Try something more general, reset your filters, or expand the search area."}, "headerLocation": "Lambeth", "headerFullLocation": "Lambeth, London", "headerLocationGranularity": "neighborhood", "query": "college education", "totalResults": 3, "suggestedBounds": {"ne": {"lat": 51.4956760036, "lng": -0.11518979855274436}, "sw": {"lat": 51.48847599639999, "lng": -0.12673220144725564}}, "groups": [{"type": "Recommended Places", "name": "recommended", "items": [{"reasons": {"count": 0, "items": [{"summary": "This spot is popular", "type": "general", "reasonName": "globalInteractionReason"}]}, "venue": {"id": "4dda49d6c65bee535af55c1a", "name": "Prince Food & Wine", "location": {"address": "57-59 Black Prince Rd", "lat": 51.49217425632163, "lng": -0.11782357139361271, "labeledLatLngs": [{"label": "display", "lat": 51.49217425632163, "lng": -0.11782357139361271}], "distance": 217, "postalCode": "SE11 6AB", "cc": "GB", "city": "London", "state": "Greater London", "country": "United Kingdom", "formattedAddress": ["57-59 Black Prince Rd", "London", "Greater London", "SE11 6AB", "United Kingdom"]}, "categories": [{"id": "4d954b0ea243a5684a65b473", "name": "Convenience Store", "pluralName": "Convenience Stores", "shortName": "Convenience Store", "icon": {"prefix": "https://ss3.4sqi.net/img/categories_v2/shops/conveniencestore_", "suffix": ".png"}, "primary": true}], "photos": {"count": 0, "groups": []}}, "referralId": "e-0-4dda49d6c65bee535af55c1a-0"}, {"reasons": {"count": 0, "items": [{"summary": "This spot is popular", "type": "general", "reasonName": "globalInteractionReason"}]}, "venue": {"id": "5ea1d59e6613510008775e30", "name": "Cobbler & Shoe Repair", "location": {"address": "10 Black Prince Road", "lat": 51.49097739999999, "lng": -0.1167739, "labeledLatLngs": [{"label": "display", "lat": 51.49097739999999, "lng": -0.1167739}], "distance": 314, "postalCode": "WN1 1HH", "cc": "GB", "city": "London", "state": "Greater London", "country": "United Kingdom", "formattedAddress": ["10 Black Prince Road", "London", "Greater London", "WN1 1HH", "United Kingdom"]}, "categories": [{"id": "52f2ab2ebcbc57f1066b8b39", "name": "Shoe Repair", "pluralName": "Shoe Repair Shops", "shortName": "Shoe Repair", "icon": {"prefix": "https://ss3.4sqi.net/img/categories_v2/shops/apparel_shoestore_", "suffix": ".png"}, "primary": true}], "photos": {"count": 0, "groups": []}, "venuePage": {"id": "586973069"}}, "referralId": "e-0-5ea1d59e6613510008775e30-1"}, {"reasons": {"count": 0, "items": [{"summary": "This spot is popular", "type": "general", "reasonName": "globalInteractionReason"}]}, "venue": {"id": "5c3ef8b4d3cce8002cc1099b", "name": "danielebanzato.com", "location": {"address": "30 Millbank", "lat": 51.4923168, "lng": -0.12593149999997877, "labeledLatLngs": [{"label": "display", "lat": 51.4923168, "lng": -0.12593149999997877}], "distance": 345, "postalCode": "SW1P 4DU", "cc": "GB", "city": "London", "state": "Greater London", "country": "United Kingdom", "formattedAddress": ["30 Millbank", "London", "Greater London", "SW1P 4DU", "United Kingdom"]}, "categories": [{"id": "5453de49498eade8af355881", "name": "Business Service", "pluralName": "Business Services", "shortName": "Business Services", "icon": {"prefix": "https://ss3.4sqi.net/img/categories_v2/building/default_", "suffix": ".png"}, "primary": true}], "photos": {"count": 0, "groups": []}, "venuePage": {"id": "531920210"}}, "referralId": "e-0-5c3ef8b4d3cce8002cc1099b-2"}]}]}}