{"meta": {"code": 200, "requestId": "5fedda64c94739757d644fb3"}, "response": {"headerLocation": "Brentford", "headerFullLocation": "Brentford, London", "headerLocationGranularity": "neighborhood", "query": "college education", "totalResults": 5, "suggestedBounds": {"ne": {"lat": 51.49463000360001, "lng": -0.28041893096667836}, "sw": {"lat": 51.487429996399996, "lng": -0.29196106903332164}}, "groups": [{"type": "Recommended Places", "name": "recommended", "items": [{"reasons": {"count": 0, "items": [{"summary": "This spot is popular", "type": "general", "reasonName": "globalInteractionReason"}]}, "venue": {"id": "50894ed2e4b01b583fe20a13", "name": "Sainsbury's Local", "location": {"address": "Unit 8, Kew Bridge Road", "lat": 51.48808336661817, "lng": -0.2884122059072558, "labeledLatLngs": [{"label": "display", "lat": 51.48808336661817, "lng": -0.2884122059072558}], "distance": 362, "postalCode": "TW8 0FJ", "cc": "GB", "city": "Brentford", "country": "United Kingdom", "formattedAddress": ["Unit 8, Kew Bridge Road", "Brentford", "TW8 0FJ", "United Kingdom"]}, "categories": [{"id": "4bf58dd8d48988d118951735", "name": "Grocery Store", "pluralName": "Grocery Stores", "shortName": "Grocery Store", "icon": {"prefix": "https://ss3.4sqi.net/img/categories_v2/shops/food_grocery_", "suffix": ".png"}, "primary": true}], "photos": {"count": 0, "groups": []}}, "referralId": "e-0-50894ed2e4b01b583fe20a13-0"}, {"reasons": {"count": 0, "items": [{"summary": "This spot is popular", "type": "general", "reasonName": "globalInteractionReason"}]}, "venue": {"id": "57eb7d5d498e00b7cbb31a5e", "name": "Home Staging London", "location": {"address": "106 Wellesley Road,chiswick", "lat": 51.48986772012825, "lng": -0.282822847366333, "labeledLatLngs": [{"label": "display", "lat": 51.48986772012825, "lng": -0.282822847366333}], "distance": 266, "postalCode": "W4 3AP", "cc": "GB", "city": "London", "country": "United Kingdom", "formattedAddress": ["106 Wellesley Road,chiswick", "London", "W4 3AP", "United Kingdom"]}, "categories": [{"id": "4bf58dd8d48988d1f8941735", "name": "Furniture / Home Store", "pluralName": "Furniture / Home Stores", "shortName": "Furniture / Home", "icon": {"prefix": "https://ss3.4sqi.net/img/categories_v2/shops/furniture_", "suffix": ".png"}, "primary": true}], "photos": {"count": 0, "groups": []}, "venuePage": {"id": "343360345"}}, "referralId": "e-0-57eb7d5d498e00b7cbb31a5e-1"}, {"reasons": {"count": 0, "items": [{"summary": "This spot is popular", "type": "general", "reasonName": "globalInteractionReason"}]}, "venue": {"id": "5ceffed07b4669002b33d987", "name": "Radanks", "location": {"address": "Vantage West Great West Rd", "lat": 51.4932227, "lng": -0.2877456, "labeledLatLngs": [{"label": "display", "lat": 51.4932227, "lng": -0.2877456}], "distance": 266, "postalCode": "TW8 9AG", "cc": "GB", "city": "Brentford", "state": "Greater London", "country": "United Kingdom", "formattedAddress": ["Vantage West Great West Rd", "Brentford", "Greater London", "TW8 9AG", "United Kingdom"]}, "categories": [{"id": "52f2ab2ebcbc57f1066b8b3f", "name": "Lawyer", "pluralName": "Lawyers", "shortName": "Lawyer", "icon": {"prefix": "https://ss3.4sqi.net/img/categories_v2/education/lawschool_", "suffix": ".png"}, "primary": true}], "photos": {"count": 0, "groups": []}}, "referralId": "e-0-5ceffed07b4669002b33d987-2"}, {"reasons": {"count": 0, "items": [{"summary": "This spot is popular", "type": "general", "reasonName": "globalInteractionReason"}]}, "venue": {"id": "56f95e96cd10983013ce3e30", "name": "Astral Property", "location": {"address": "101A Qwest", "lat": 51.491604576021594, "lng": -0.29047250747680664, "labeledLatLngs": [{"label": "display", "lat": 51.491604576021594, "lng": -0.29047250747680664}], "distance": 303, "postalCode": "TW8 0GP", "cc": "GB", "city": "Brentford", "country": "United Kingdom", "formattedAddress": ["101A Qwest", "Brentford", "TW8 0GP", "United Kingdom"]}, "categories": [{"id": "5453de49498eade8af355881", "name": "Business Service", "pluralName": "Business Services", "shortName": "Business Services", "icon": {"prefix": "https://ss3.4sqi.net/img/categories_v2/building/default_", "suffix": ".png"}, "primary": true}], "photos": {"count": 0, "groups": []}, "venuePage": {"id": "410186761"}}, "referralId": "e-0-56f95e96cd10983013ce3e30-3"}, {"reasons": {"count": 0, "items": [{"summary": "This spot is popular", "type": "general", "reasonName": "globalInteractionReason"}]}, "venue": {"id": "581ce6dfafe1017268f06cf8", "name": "Chiswick Decoration", "location": {"address": "38 Pyrmont Rd", "lat": 51.4880874, "lng": -0.28290870000000723, "labeledLatLngs": [{"label": "display", "lat": 51.4880874, "lng": -0.28290870000000723}], "distance": 398, "postalCode": "W4 3NR", "cc": "GB", "city": "London", "state": "Greater London", "country": "United Kingdom", "formattedAddress": ["38 Pyrmont Rd", "London", "Greater London", "W4 3NR", "United Kingdom"]}, "categories": [{"id": "545419b1498ea6ccd0202f58", "name": "Home Service", "pluralName": "Home Services & Repairs", "shortName": "Home Services", "icon": {"prefix": "https://ss3.4sqi.net/img/categories_v2/shops/hardware_", "suffix": ".png"}, "primary": true}], "photos": {"count": 0, "groups": []}, "venuePage": {"id": "357577220"}}, "referralId": "e-0-581ce6dfafe1017268f06cf8-4"}]}]}}