{"meta": {"code": 200, "requestId": "5fedd9ecc94739757d629e1f"}, "response": {"warning": {"text": "There aren't a lot of results near you. Try something more general, reset your filters, or expand the search area."}, "headerLocation": "Barnet", "headerFullLocation": "Barnet, London", "headerLocationGranularity": "neighborhood", "query": "arts entertainment", "totalResults": 0, "suggestedBounds": {"ne": {"lat": 51.6056000036, "lng": -0.19521483847021717}, "sw": {"lat": 51.59839999639999, "lng": -0.20678516152978285}}, "groups": [{"type": "Recommended Places", "name": "recommended", "items": []}]}}