{"meta": {"code": 200, "requestId": "5fedda5cb1fef738c4b01229"}, "response": {"suggestedFilters": {"header": "Tap to show:", "filters": [{"name": "Open now", "key": "openNow"}]}, "headerLocation": "Lambeth", "headerFullLocation": "Lambeth, London", "headerLocationGranularity": "neighborhood", "query": "travel", "totalResults": 6, "suggestedBounds": {"ne": {"lat": 51.4956760036, "lng": -0.11518979855274436}, "sw": {"lat": 51.48847599639999, "lng": -0.12673220144725564}}, "groups": [{"type": "Recommended Places", "name": "recommended", "items": [{"reasons": {"count": 0, "items": [{"summary": "This spot is popular", "type": "general", "reasonName": "globalInteractionReason"}]}, "venue": {"id": "52bcbd6711d2d18d121a7aa8", "name": "Plaza On The River Club And Residence", "location": {"address": "18 Albert Embankment", "lat": 51.491529242107795, "lng": -0.12137142849725611, "labeledLatLngs": [{"label": "display", "lat": 51.491529242107795, "lng": -0.12137142849725611}], "distance": 67, "postalCode": "SE1 7TJ", "cc": "GB", "city": "London", "state": "Greater London", "country": "United Kingdom", "formattedAddress": ["18 Albert Embankment", "London", "Greater London", "SE1 7TJ", "United Kingdom"]}, "categories": [{"id": "4bf58dd8d48988d1fa931735", "name": "Hotel", "pluralName": "Hotels", "shortName": "Hotel", "icon": {"prefix": "https://ss3.4sqi.net/img/categories_v2/travel/hotel_", "suffix": ".png"}, "primary": true}], "photos": {"count": 0, "groups": []}}, "referralId": "e-0-52bcbd6711d2d18d121a7aa8-0"}, {"reasons": {"count": 0, "items": [{"summary": "This spot is popular", "type": "general", "reasonName": "globalInteractionReason"}]}, "venue": {"id": "4bafa216f964a52006123ce3", "name": "Park Plaza London Riverbank", "location": {"address": "18 Albert Embankment, Vauxhall", "lat": 51.491478, "lng": -0.122177, "labeledLatLngs": [{"label": "display", "lat": 51.491478, "lng": -0.122177}], "distance": 107, "postalCode": "SE1 7TJ", "cc": "GB", "city": "London", "state": "Greater London", "country": "United Kingdom", "formattedAddress": ["18 Albert Embankment, Vauxhall", "London", "Greater London", "SE1 7TJ", "United Kingdom"]}, "categories": [{"id": "4bf58dd8d48988d1fa931735", "name": "Hotel", "pluralName": "Hotels", "shortName": "Hotel", "icon": {"prefix": "https://ss3.4sqi.net/img/categories_v2/travel/hotel_", "suffix": ".png"}, "primary": true}], "photos": {"count": 0, "groups": []}}, "referralId": "e-0-4bafa216f964a52006123ce3-1"}, {"reasons": {"count": 0, "items": [{"summary": "This spot is popular", "type": "general", "reasonName": "globalInteractionReason"}]}, "venue": {"id": "537bab8e11d2e93a7774a9eb", "name": "Staybridge Suites London - Vauxhall", "location": {"address": "100 Vauxhall Walk", "lat": 51.48915998308972, "lng": -0.12070252106593671, "labeledLatLngs": [{"label": "display", "lat": 51.48915998308972, "lng": -0.12070252106593671}], "distance": 325, "postalCode": "SE11 5EL", "cc": "GB", "city": "London", "country": "United Kingdom", "formattedAddress": ["100 Vauxhall Walk", "London", "SE11 5EL", "United Kingdom"]}, "categories": [{"id": "4bf58dd8d48988d1fa931735", "name": "Hotel", "pluralName": "Hotels", "shortName": "Hotel", "icon": {"prefix": "https://ss3.4sqi.net/img/categories_v2/travel/hotel_", "suffix": ".png"}, "primary": true}], "photos": {"count": 0, "groups": []}}, "referralId": "e-0-537bab8e11d2e93a7774a9eb-2"}, {"reasons": {"count": 0, "items": [{"summary": "This spot is popular", "type": "general", "reasonName": "globalInteractionReason"}]}, "venue": {"id": "5bab1713d807ee003967a4ca", "name": "Crowne Plaza London - Albert Embankment", "location": {"address": "10-11 Albert Embankment", "lat": 51.4917962, "lng": -0.1214779, "labeledLatLngs": [{"label": "display", "lat": 51.4917962, "lng": -0.1214779}], "distance": 47, "postalCode": "SE1 7SP", "cc": "GB", "city": "London", "state": "Greater London", "country": "United Kingdom", "formattedAddress": ["10-11 Albert Embankment", "London", "Greater London", "SE1 7SP", "United Kingdom"]}, "categories": [{"id": "4bf58dd8d48988d1fa931735", "name": "Hotel", "pluralName": "Hotels", "shortName": "Hotel", "icon": {"prefix": "https://ss3.4sqi.net/img/categories_v2/travel/hotel_", "suffix": ".png"}, "primary": true}], "photos": {"count": 0, "groups": []}}, "referralId": "e-0-5bab1713d807ee003967a4ca-3"}, {"reasons": {"count": 0, "items": [{"summary": "This spot is popular", "type": "general", "reasonName": "globalInteractionReason"}]}, "venue": {"id": "4ac518b4f964a5207da020e3", "name": "Novotel London Waterloo", "location": {"address": "113 Lambeth  road", "lat": 51.494665009729744, "lng": -0.11868486871719597, "labeledLatLngs": [{"label": "display", "lat": 51.494665009729744, "lng": -0.11868486871719597}], "distance": 328, "postalCode": "SE1 7LS", "cc": "GB", "city": "London", "state": "Greater London", "country": "United Kingdom", "formattedAddress": ["113 Lambeth  road", "London", "Greater London", "SE1 7LS", "United Kingdom"]}, "categories": [{"id": "4bf58dd8d48988d1fa931735", "name": "Hotel", "pluralName": "Hotels", "shortName": "Hotel", "icon": {"prefix": "https://ss3.4sqi.net/img/categories_v2/travel/hotel_", "suffix": ".png"}, "primary": true}], "photos": {"count": 0, "groups": []}}, "referralId": "e-0-4ac518b4f964a5207da020e3-4"}, {"reasons": {"count": 0, "items": [{"summary": "This spot is popular", "type": "general", "reasonName": "globalInteractionReason"}]}, "venue": {"id": "4c0669d1191f20a14c75e414", "name": "Lambeth Pier", "location": {"lat": 51.4949444975325, "lng": -0.12122511863708496, "labeledLatLngs": [{"label": "display", "lat": 51.4949444975325, "lng": -0.12122511863708496}], "distance": 319, "cc": "GB", "country": "United Kingdom", "formattedAddress": ["United Kingdom"]}, "categories": [{"id": "4e74f6cabd41c4836eac4c31", "name": "Pier", "pluralName": "Piers", "shortName": "Piers", "icon": {"prefix": "https://ss3.4sqi.net/img/categories_v2/travel/ferry_pier_", "suffix": ".png"}, "primary": true}], "photos": {"count": 0, "groups": []}}, "referralId": "e-0-4c0669d1191f20a14c75e414-5"}]}]}}