{"meta": {"code": 200, "requestId": "5fedd9c11539512b525abf02"}, "response": {"warning": {"text": "There aren't a lot of results near you. Try something more general, reset your filters, or expand the search area."}, "headerLocation": "Royal Docks", "headerFullLocation": "Royal Docks, London", "headerLocationGranularity": "neighborhood", "query": "travel", "totalResults": 1, "suggestedBounds": {"ne": {"lat": 51.5038910036, "lng": 0.03344124166853213}, "sw": {"lat": 51.49669099639999, "lng": 0.02189675833146787}}, "groups": [{"type": "Recommended Places", "name": "recommended", "items": [{"reasons": {"count": 0, "items": [{"summary": "This spot is popular", "type": "general", "reasonName": "globalInteractionReason"}]}, "venue": {"id": "5db4181c3a8ef10008e035f1", "name": "Royal Wharf Pier", "location": {"address": "Royal wharf", "lat": 51.497408, "lng": 0.025022, "labeledLatLngs": [{"label": "display", "lat": 51.497408, "lng": 0.025022}], "distance": 369, "postalCode": "SE7", "cc": "GB", "city": "London", "state": "Greater London", "country": "United Kingdom", "formattedAddress": ["Royal wharf", "London", "Greater London", "SE7", "United Kingdom"]}, "categories": [{"id": "4e74f6cabd41c4836eac4c31", "name": "Pier", "pluralName": "Piers", "shortName": "Piers", "icon": {"prefix": "https://ss3.4sqi.net/img/categories_v2/travel/ferry_pier_", "suffix": ".png"}, "primary": true}], "photos": {"count": 0, "groups": []}}, "referralId": "e-0-5db4181c3a8ef10008e035f1-0"}]}]}}