{"meta": {"code": 200, "requestId": "5fedd9ef02573325d42dc6b3"}, "response": {"headerLocation": "Vauxhall", "headerFullLocation": "Vauxhall, London", "headerLocationGranularity": "neighborhood", "query": "arts entertainment", "totalResults": 8, "suggestedBounds": {"ne": {"lat": 51.4859500036, "lng": -0.11901002946591227}, "sw": {"lat": 51.47874999639999, "lng": -0.13054997053408773}}, "groups": [{"type": "Recommended Places", "name": "recommended", "items": [{"reasons": {"count": 0, "items": [{"summary": "This spot is popular", "type": "general", "reasonName": "globalInteractionReason"}]}, "venue": {"id": "523c489611d29473949e7855", "name": "Turpentine Tattoos", "location": {"lat": 51.47986354780314, "lng": -0.12393594305775033, "labeledLatLngs": [{"label": "display", "lat": 51.47986354780314, "lng": -0.12393594305775033}], "distance": 282, "cc": "GB", "country": "United Kingdom", "formattedAddress": ["United Kingdom"]}, "categories": [{"id": "4bf58dd8d48988d1e2931735", "name": "Art Gallery", "pluralName": "Art Galleries", "shortName": "Art Gallery", "icon": {"prefix": "https://ss3.4sqi.net/img/categories_v2/arts_entertainment/artgallery_", "suffix": ".png"}, "primary": true}], "photos": {"count": 0, "groups": []}}, "referralId": "e-0-523c489611d29473949e7855-0"}, {"reasons": {"count": 0, "items": [{"summary": "This spot is popular", "type": "general", "reasonName": "globalInteractionReason"}]}, "venue": {"id": "5bb00b7a7c891c002d1c4161", "name": "The Maureen O\u2019Hara Cinema", "location": {"address": "Embassy Gardens Ambassador Building", "crossStreet": "off Ponton Road", "lat": 51.484268, "lng": -0.127784, "labeledLatLngs": [{"label": "display", "lat": 51.484268, "lng": -0.127784}], "distance": 298, "postalCode": "SW8 5DN", "cc": "GB", "city": "London", "state": "Greater London", "country": "United Kingdom", "formattedAddress": ["Embassy Gardens Ambassador Building (off Ponton Road)", "London", "Greater London", "SW8 5DN", "United Kingdom"]}, "categories": [{"id": "4bf58dd8d48988d180941735", "name": "Multiplex", "pluralName": "Multiplexes", "shortName": "Cineplex", "icon": {"prefix": "https://ss3.4sqi.net/img/categories_v2/arts_entertainment/movietheater_", "suffix": ".png"}, "primary": true}], "photos": {"count": 0, "groups": []}}, "referralId": "e-0-5bb00b7a7c891c002d1c4161-1"}, {"reasons": {"count": 0, "items": [{"summary": "This spot is popular", "type": "general", "reasonName": "globalInteractionReason"}]}, "venue": {"id": "5b9ff14d018cbb002cb11553", "name": "New Motion", "location": {"lat": 51.485027, "lng": -0.12373164, "labeledLatLngs": [{"label": "display", "lat": 51.485027, "lng": -0.12373164}], "distance": 306, "postalCode": "SW8 1SP", "cc": "GB", "country": "United Kingdom", "formattedAddress": ["SW8 1SP", "United Kingdom"]}, "categories": [{"id": "4bf58dd8d48988d134941735", "name": "Dance Studio", "pluralName": "Dance Studios", "shortName": "Dance Studio", "icon": {"prefix": "https://ss3.4sqi.net/img/categories_v2/arts_entertainment/performingarts_dancestudio_", "suffix": ".png"}, "primary": true}], "photos": {"count": 0, "groups": []}}, "referralId": "e-0-5b9ff14d018cbb002cb11553-2"}, {"reasons": {"count": 0, "items": [{"summary": "This spot is popular", "type": "general", "reasonName": "globalInteractionReason"}]}, "venue": {"id": "55b75635498ebd38fcf5c7d4", "name": "omarobaid.com", "location": {"lat": 51.48487055030911, "lng": -0.12767314910888672, "labeledLatLngs": [{"label": "display", "lat": 51.48487055030911, "lng": -0.12767314910888672}], "distance": 344, "cc": "GB", "city": "London", "state": "Greater London", "country": "United Kingdom", "formattedAddress": ["London", "Greater London", "United Kingdom"]}, "categories": [{"id": "4bf58dd8d48988d1e2931735", "name": "Art Gallery", "pluralName": "Art Galleries", "shortName": "Art Gallery", "icon": {"prefix": "https://ss3.4sqi.net/img/categories_v2/arts_entertainment/artgallery_", "suffix": ".png"}, "primary": true}], "photos": {"count": 0, "groups": []}}, "referralId": "e-0-55b75635498ebd38fcf5c7d4-3"}, {"reasons": {"count": 0, "items": [{"summary": "This spot is popular", "type": "general", "reasonName": "globalInteractionReason"}]}, "venue": {"id": "522dc40d2fc62009cd05233b", "name": "Amstel Art Gallery London", "location": {"address": "Unit 7 St.George Wharf", "crossStreet": "8, Wandsworth Road", "lat": 51.485565376754025, "lng": -0.12488365173339842, "labeledLatLngs": [{"label": "display", "lat": 51.485565376754025, "lng": -0.12488365173339842}], "distance": 358, "postalCode": "SW8 2JW", "cc": "GB", "city": "London", "state": "Greater London", "country": "United Kingdom", "formattedAddress": ["Unit 7 St.George Wharf (8, Wandsworth Road)", "London", "Greater London", "SW8 2JW", "United Kingdom"]}, "categories": [{"id": "4bf58dd8d48988d1e2931735", "name": "Art Gallery", "pluralName": "Art Galleries", "shortName": "Art Gallery", "icon": {"prefix": "https://ss3.4sqi.net/img/categories_v2/arts_entertainment/artgallery_", "suffix": ".png"}, "primary": true}], "photos": {"count": 0, "groups": []}}, "referralId": "e-0-522dc40d2fc62009cd05233b-4"}, {"reasons": {"count": 0, "items": [{"summary": "This spot is popular", "type": "general", "reasonName": "globalInteractionReason"}]}, "venue": {"id": "566b49b6498ef67908fab38e", "name": "The Tower's Private Cinema", "location": {"lat": 51.48514914377556, "lng": -0.12771474709751293, "labeledLatLngs": [{"label": "display", "lat": 51.48514914377556, "lng": -0.12771474709751293}], "distance": 372, "cc": "GB", "country": "United Kingdom", "formattedAddress": ["United Kingdom"]}, "categories": [{"id": "4bf58dd8d48988d17f941735", "name": "Movie Theater", "pluralName": "Movie Theaters", "shortName": "Movie Theater", "icon": {"prefix": "https://ss3.4sqi.net/img/categories_v2/arts_entertainment/movietheater_", "suffix": ".png"}, "primary": true}], "photos": {"count": 0, "groups": []}}, "referralId": "e-0-566b49b6498ef67908fab38e-5"}, {"reasons": {"count": 0, "items": [{"summary": "This spot is popular", "type": "general", "reasonName": "globalInteractionReason"}]}, "venue": {"id": "5231b67a11d27f9f70c5dea3", "name": "The London Vocal Coach", "location": {"lat": 51.48545787471713, "lng": -0.1269072886606193, "labeledLatLngs": [{"label": "display", "lat": 51.48545787471713, "lng": -0.1269072886606193}], "distance": 376, "cc": "GB", "country": "United Kingdom", "formattedAddress": ["United Kingdom"]}, "categories": [{"id": "4bf58dd8d48988d1f2931735", "name": "Performing Arts Venue", "pluralName": "Performing Arts Venues", "shortName": "Performing Arts", "icon": {"prefix": "https://ss3.4sqi.net/img/categories_v2/arts_entertainment/performingarts_", "suffix": ".png"}, "primary": true}], "photos": {"count": 0, "groups": []}}, "referralId": "e-0-5231b67a11d27f9f70c5dea3-6"}, {"reasons": {"count": 0, "items": [{"summary": "This spot is popular", "type": "general", "reasonName": "globalInteractionReason"}]}, "venue": {"id": "5606c12f498e07e15da44982", "name": "a mile in my shoes", "location": {"lat": 51.485018, "lng": -0.128481, "labeledLatLngs": [{"label": "display", "lat": 51.485018, "lng": -0.128481}], "distance": 392, "cc": "GB", "country": "United Kingdom", "formattedAddress": ["United Kingdom"]}, "categories": [{"id": "52e81612bcbc57f1066b79ee", "name": "Street Art", "pluralName": "Street Art Installations", "shortName": "Street Art", "icon": {"prefix": "https://ss3.4sqi.net/img/categories_v2/arts_entertainment/default_", "suffix": ".png"}, "primary": true}], "photos": {"count": 0, "groups": []}}, "referralId": "e-0-5606c12f498e07e15da44982-7"}]}]}}