{"meta": {"code": 200, "requestId": "5fedda3754a4277f8f3ef6e0"}, "response": {"headerLocation": "London Fields", "headerFullLocation": "London Fields, London", "headerLocationGranularity": "neighborhood", "query": "travel", "totalResults": 9, "suggestedBounds": {"ne": {"lat": 51.53801000360001, "lng": -0.054193432738560185}, "sw": {"lat": 51.530809996399995, "lng": -0.06574656726143982}}, "groups": [{"type": "Recommended Places", "name": "recommended", "items": [{"reasons": {"count": 0, "items": [{"summary": "This spot is popular", "type": "general", "reasonName": "globalInteractionReason"}]}, "venue": {"id": "5d37274116ff16000896f36d", "name": "Mama Shelter London", "location": {"address": "437 Hackney Road", "lat": 51.53203011674128, "lng": -0.06159787834292274, "labeledLatLngs": [{"label": "display", "lat": 51.53203011674128, "lng": -0.06159787834292274}], "distance": 287, "postalCode": "E2 8PP", "cc": "GB", "city": "London", "state": "Greater London", "country": "United Kingdom", "formattedAddress": ["437 Hackney Road", "East London", "Greater London", "E2 8PP", "United Kingdom"]}, "categories": [{"id": "4bf58dd8d48988d1fa931735", "name": "Hotel", "pluralName": "Hotels", "shortName": "Hotel", "icon": {"prefix": "https://ss3.4sqi.net/img/categories_v2/travel/hotel_", "suffix": ".png"}, "primary": true}], "photos": {"count": 0, "groups": []}}, "referralId": "e-0-5d37274116ff16000896f36d-0"}, {"reasons": {"count": 0, "items": [{"summary": "This spot is popular", "type": "general", "reasonName": "globalInteractionReason"}]}, "venue": {"id": "4dd270398877261f70fb3e29", "name": "Mare Street Bus Stop", "location": {"lat": 51.534898195439226, "lng": -0.05720061252130066, "labeledLatLngs": [{"label": "display", "lat": 51.534898195439226, "lng": -0.05720061252130066}], "distance": 199, "cc": "GB", "country": "United Kingdom", "formattedAddress": ["United Kingdom"]}, "categories": [{"id": "52f2ab2ebcbc57f1066b8b4f", "name": "Bus Stop", "pluralName": "Bus Stops", "shortName": "Bus Stop", "icon": {"prefix": "https://ss3.4sqi.net/img/categories_v2/travel/busstation_", "suffix": ".png"}, "primary": true}], "photos": {"count": 0, "groups": []}}, "referralId": "e-0-4dd270398877261f70fb3e29-1"}, {"reasons": {"count": 0, "items": [{"summary": "This spot is popular", "type": "general", "reasonName": "globalInteractionReason"}]}, "venue": {"id": "4e1ed62414959804e9e516ec", "name": "St Joseph's Hospice Bus Stop", "location": {"lat": 51.535769115049234, "lng": -0.05716994464650571, "labeledLatLngs": [{"label": "display", "lat": 51.535769115049234, "lng": -0.05716994464650571}], "distance": 245, "cc": "GB", "city": "Hackney", "state": "Greater London", "country": "United Kingdom", "formattedAddress": ["Hackney", "Greater London", "United Kingdom"]}, "categories": [{"id": "52f2ab2ebcbc57f1066b8b4f", "name": "Bus Stop", "pluralName": "Bus Stops", "shortName": "Bus Stop", "icon": {"prefix": "https://ss3.4sqi.net/img/categories_v2/travel/busstation_", "suffix": ".png"}, "primary": true}], "photos": {"count": 0, "groups": []}}, "referralId": "e-0-4e1ed62414959804e9e516ec-2"}, {"reasons": {"count": 0, "items": [{"summary": "This spot is popular", "type": "general", "reasonName": "globalInteractionReason"}]}, "venue": {"id": "4d41e54aaed776eb35666897", "name": "Waytostay", "location": {"address": "Hackney Road, Hackney", "lat": 51.53208, "lng": -0.06169, "labeledLatLngs": [{"label": "display", "lat": 51.53208, "lng": -0.06169}], "distance": 285, "postalCode": "E2 8PR", "cc": "GB", "city": "London", "state": "Greater London", "country": "United Kingdom", "formattedAddress": ["Hackney Road, Hackney", "London", "Greater London", "E2 8PR", "United Kingdom"]}, "categories": [{"id": "4bf58dd8d48988d1fa931735", "name": "Hotel", "pluralName": "Hotels", "shortName": "Hotel", "icon": {"prefix": "https://ss3.4sqi.net/img/categories_v2/travel/hotel_", "suffix": ".png"}, "primary": true}], "photos": {"count": 0, "groups": []}}, "referralId": "e-0-4d41e54aaed776eb35666897-3"}, {"reasons": {"count": 0, "items": [{"summary": "This spot is popular", "type": "general", "reasonName": "globalInteractionReason"}]}, "venue": {"id": "4bd7218a304fce72cf1e33ab", "name": "Days Hotel", "location": {"address": "419-437 Hackney Rd.", "lat": 51.531911666843804, "lng": -0.061546369633331946, "labeledLatLngs": [{"label": "display", "lat": 51.531911666843804, "lng": -0.061546369633331946}], "distance": 298, "cc": "GB", "city": "London", "state": "Greater London", "country": "United Kingdom", "formattedAddress": ["419-437 Hackney Rd.", "London", "Greater London", "United Kingdom"]}, "categories": [{"id": "4bf58dd8d48988d1fa931735", "name": "Hotel", "pluralName": "Hotels", "shortName": "Hotel", "icon": {"prefix": "https://ss3.4sqi.net/img/categories_v2/travel/hotel_", "suffix": ".png"}, "primary": true}], "photos": {"count": 0, "groups": []}}, "referralId": "e-0-4bd7218a304fce72cf1e33ab-4"}, {"reasons": {"count": 0, "items": [{"summary": "This spot is popular", "type": "general", "reasonName": "globalInteractionReason"}]}, "venue": {"id": "5139e077e4b06e0131127354", "name": "Cambridge Heath Station Bus Stop", "location": {"lat": 51.532271629762036, "lng": -0.057176813395207755, "labeledLatLngs": [{"label": "display", "lat": 51.532271629762036, "lng": -0.057176813395207755}], "distance": 306, "cc": "GB", "country": "United Kingdom", "formattedAddress": ["United Kingdom"]}, "categories": [{"id": "52f2ab2ebcbc57f1066b8b4f", "name": "Bus Stop", "pluralName": "Bus Stops", "shortName": "Bus Stop", "icon": {"prefix": "https://ss3.4sqi.net/img/categories_v2/travel/busstation_", "suffix": ".png"}, "primary": true}], "photos": {"count": 0, "groups": []}}, "referralId": "e-0-5139e077e4b06e0131127354-5"}, {"reasons": {"count": 0, "items": [{"summary": "This spot is popular", "type": "general", "reasonName": "globalInteractionReason"}]}, "venue": {"id": "585ae9d41e1de53813b73f70", "name": "PCO CAR RENTALS", "location": {"address": "295 Clare Street", "lat": 51.5319961, "lng": -0.0576079, "labeledLatLngs": [{"label": "display", "lat": 51.5319961, "lng": -0.0576079}], "distance": 314, "postalCode": "E2 9HD", "cc": "GB", "city": "London", "state": "Greater London", "country": "United Kingdom", "formattedAddress": ["295 Clare Street", "London", "Greater London", "E2 9HD", "United Kingdom"]}, "categories": [{"id": "4bf58dd8d48988d1ef941735", "name": "Rental Car Location", "pluralName": "Rental Car Locations", "shortName": "Rental Car", "icon": {"prefix": "https://ss3.4sqi.net/img/categories_v2/shops/airport_rentalcar_", "suffix": ".png"}, "primary": true}], "photos": {"count": 0, "groups": []}}, "referralId": "e-0-585ae9d41e1de53813b73f70-6"}, {"reasons": {"count": 0, "items": [{"summary": "This spot is popular", "type": "general", "reasonName": "globalInteractionReason"}]}, "venue": {"id": "50a2840fe4b0018d3bbc98ce", "name": "Bus Stop G Cambridge Heath Road", "location": {"address": "Bethnal Green", "lat": 51.532107788686254, "lng": -0.05708976382170726, "labeledLatLngs": [{"label": "display", "lat": 51.532107788686254, "lng": -0.05708976382170726}], "distance": 324, "cc": "GB", "country": "United Kingdom", "formattedAddress": ["Bethnal Green", "United Kingdom"]}, "categories": [{"id": "52f2ab2ebcbc57f1066b8b4f", "name": "Bus Stop", "pluralName": "Bus Stops", "shortName": "Bus Stop", "icon": {"prefix": "https://ss3.4sqi.net/img/categories_v2/travel/busstation_", "suffix": ".png"}, "primary": true}], "photos": {"count": 0, "groups": []}}, "referralId": "e-0-50a2840fe4b0018d3bbc98ce-7"}, {"reasons": {"count": 0, "items": [{"summary": "This spot is popular", "type": "general", "reasonName": "globalInteractionReason"}]}, "venue": {"id": "4ad9d9f2f964a520481b21e3", "name": "Cambridge Heath London Overground Station (CBH)", "location": {"address": "Hackney Road", "lat": 51.53206289371764, "lng": -0.057467911730300636, "labeledLatLngs": [{"label": "display", "lat": 51.53206289371764, "lng": -0.057467911730300636}], "distance": 313, "postalCode": "E2 9EG", "cc": "GB", "city": "London", "state": "Greater London", "country": "United Kingdom", "formattedAddress": ["Hackney Road", "London", "Greater London", "E2 9EG", "United Kingdom"]}, "categories": [{"id": "4bf58dd8d48988d129951735", "name": "Train Station", "pluralName": "Train Stations", "shortName": "Train Station", "icon": {"prefix": "https://ss3.4sqi.net/img/categories_v2/travel/trainstation_", "suffix": ".png"}, "primary": true}], "photos": {"count": 0, "groups": []}}, "referralId": "e-0-4ad9d9f2f964a520481b21e3-8"}]}]}}