{"meta": {"code": 200, "requestId": "5fedda3a87013231d6ba3080"}, "response": {"warning": {"text": "There aren't a lot of results near you. Try something more general, reset your filters, or expand the search area."}, "headerLocation": "Barnet", "headerFullLocation": "Barnet, London", "headerLocationGranularity": "neighborhood", "query": "college education", "totalResults": 1, "suggestedBounds": {"ne": {"lat": 51.6056000036, "lng": -0.19521483847021717}, "sw": {"lat": 51.59839999639999, "lng": -0.20678516152978285}}, "groups": [{"type": "Recommended Places", "name": "recommended", "items": [{"reasons": {"count": 0, "items": [{"summary": "This spot is popular", "type": "general", "reasonName": "globalInteractionReason"}]}, "venue": {"id": "5f5a269ec2a1032f4a6f5597", "name": "FSC1", "location": {"address": "36 Dollis Avenue", "lat": 51.6019704, "lng": -0.2006582, "labeledLatLngs": [{"label": "display", "lat": 51.6019704, "lng": -0.2006582}], "distance": 23, "postalCode": "N3 1DD", "cc": "GB", "city": "London", "state": "Greater London", "country": "United Kingdom", "formattedAddress": ["36 Dollis Avenue", "London", "Greater London", "N3 1DD", "United Kingdom"]}, "categories": [{"id": "5454144b498ec1f095bff2f2", "name": "Construction & Landscaping", "pluralName": "Construction & Landscaping", "shortName": "Construction", "icon": {"prefix": "https://ss3.4sqi.net/img/categories_v2/shops/realestate_", "suffix": ".png"}, "primary": true}], "photos": {"count": 0, "groups": []}, "venuePage": {"id": "589750722"}}, "referralId": "e-0-5f5a269ec2a1032f4a6f5597-0"}]}]}}