{"meta": {"code": 200, "requestId": "5fedda59ee40976c113c9664"}, "response": {"warning": {"text": "There aren't a lot of results near you. Try something more general, reset your filters, or expand the search area."}, "headerLocation": "Hackney", "headerFullLocation": "Hackney, London", "headerLocationGranularity": "neighborhood", "query": "arts entertainment", "totalResults": 3, "suggestedBounds": {"ne": {"lat": 51.53486000360001, "lng": -0.06292383245173602}, "sw": {"lat": 51.5276599964, "lng": -0.07447616754826397}}, "groups": [{"type": "Recommended Places", "name": "recommended", "items": [{"reasons": {"count": 0, "items": [{"summary": "This spot is popular", "type": "general", "reasonName": "globalInteractionReason"}]}, "venue": {"id": "58bb22fe13c223126f6dfc0f", "name": "Unit 5 Gallery", "location": {"address": "Yorkton St", "crossStreet": "at Dunloe St", "lat": 51.53176092431681, "lng": -0.06911516189575195, "labeledLatLngs": [{"label": "display", "lat": 51.53176092431681, "lng": -0.06911516189575195}], "distance": 62, "postalCode": "E2 8NH", "cc": "GB", "city": "London", "state": "Greater London", "country": "United Kingdom", "formattedAddress": ["Yorkton St (at Dunloe St)", "London", "Greater London", "E2 8NH", "United Kingdom"]}, "categories": [{"id": "4bf58dd8d48988d1e2931735", "name": "Art Gallery", "pluralName": "Art Galleries", "shortName": "Art Gallery", "icon": {"prefix": "https://ss3.4sqi.net/img/categories_v2/arts_entertainment/artgallery_", "suffix": ".png"}, "primary": true}], "photos": {"count": 0, "groups": []}}, "referralId": "e-0-58bb22fe13c223126f6dfc0f-0"}, {"reasons": {"count": 0, "items": [{"summary": "This spot is popular", "type": "general", "reasonName": "globalInteractionReason"}]}, "venue": {"id": "5529b73c498effc3907667d4", "name": "the premises music studio", "location": {"address": "200 Hackney Road", "lat": 51.53113001009331, "lng": -0.07150135220084812, "labeledLatLngs": [{"label": "display", "lat": 51.53113001009331, "lng": -0.07150135220084812}], "distance": 194, "postalCode": "E2 8JL", "cc": "GB", "city": "London", "state": "Greater London", "country": "United Kingdom", "formattedAddress": ["200 Hackney Road", "London", "Greater London", "E2 8JL", "United Kingdom"]}, "categories": [{"id": "4bf58dd8d48988d1e5931735", "name": "Music Venue", "pluralName": "Music Venues", "shortName": "Music Venue", "icon": {"prefix": "https://ss3.4sqi.net/img/categories_v2/arts_entertainment/musicvenue_", "suffix": ".png"}, "primary": true}], "photos": {"count": 0, "groups": []}}, "referralId": "e-0-5529b73c498effc3907667d4-1"}, {"reasons": {"count": 0, "items": [{"summary": "This spot is popular", "type": "general", "reasonName": "globalInteractionReason"}]}, "venue": {"id": "5648362f498eec47a552c27d", "name": "Coate Studios", "location": {"lat": 51.532091, "lng": -0.0634234, "labeledLatLngs": [{"label": "display", "lat": 51.532091, "lng": -0.0634234}], "distance": 376, "cc": "GB", "city": "London", "state": "Greater London", "country": "United Kingdom", "formattedAddress": ["London", "Greater London", "United Kingdom"]}, "categories": [{"id": "4bf58dd8d48988d1e5931735", "name": "Music Venue", "pluralName": "Music Venues", "shortName": "Music Venue", "icon": {"prefix": "https://ss3.4sqi.net/img/categories_v2/arts_entertainment/musicvenue_", "suffix": ".png"}, "primary": true}], "photos": {"count": 0, "groups": []}}, "referralId": "e-0-5648362f498eec47a552c27d-2"}]}]}}