{"meta": {"code": 200, "requestId": "5fedda0bd358eb7aca166b88"}, "response": {"suggestedFilters": {"header": "Tap to show:", "filters": [{"name": "Open now", "key": "openNow"}]}, "headerLocation": "Waterloo", "headerFullLocation": "Waterloo, London", "headerLocationGranularity": "neighborhood", "query": "college education", "totalResults": 33, "suggestedBounds": {"ne": {"lat": 51.506600003600006, "lng": -0.11152741519712162}, "sw": {"lat": 51.499399996399994, "lng": -0.12307258480287839}}, "groups": [{"type": "Recommended Places", "name": "recommended", "items": [{"reasons": {"count": 0, "items": [{"summary": "This spot is popular", "type": "general", "reasonName": "globalInteractionReason"}]}, "venue": {"id": "502e722de4b01882f85160f3", "name": "Southbank Centre Food Market", "location": {"address": "Southbank Centre Square", "crossStreet": "Belvedere Rd", "lat": 51.50540105577519, "lng": -0.11619218373672709, "labeledLatLngs": [{"label": "display", "lat": 51.50540105577519, "lng": -0.11619218373672709}], "distance": 278, "postalCode": "SE1 8XX", "cc": "GB", "city": "London", "state": "Greater London", "country": "United Kingdom", "formattedAddress": ["Southbank Centre Square (Belvedere Rd)", "London", "Greater London", "SE1 8XX", "United Kingdom"]}, "categories": [{"id": "53e0feef498e5aac066fd8a9", "name": "Street Food Gathering", "pluralName": "Street Food Gatherings", "shortName": "Street Food Gathering", "icon": {"prefix": "https://ss3.4sqi.net/img/categories_v2/food/streetfood_", "suffix": ".png"}, "primary": true}], "photos": {"count": 0, "groups": []}}, "referralId": "e-0-502e722de4b01882f85160f3-0"}, {"reasons": {"count": 0, "items": [{"summary": "This spot is popular", "type": "general", "reasonName": "globalInteractionReason"}]}, "venue": {"id": "4b102946f964a5204c6a23e3", "name": "Foyles", "location": {"address": "Southbank Centre", "lat": 51.506139672007535, "lng": -0.11751867922781248, "labeledLatLngs": [{"label": "display", "lat": 51.506139672007535, "lng": -0.11751867922781248}], "distance": 349, "postalCode": "SE1 8XX", "cc": "GB", "city": "South Bank", "state": "Greater London", "country": "United Kingdom", "formattedAddress": ["Southbank Centre", "South Bank", "Greater London", "SE1 8XX", "United Kingdom"]}, "categories": [{"id": "4bf58dd8d48988d114951735", "name": "Bookstore", "pluralName": "Bookstores", "shortName": "Bookstore", "icon": {"prefix": "https://ss3.4sqi.net/img/categories_v2/shops/bookstore_", "suffix": ".png"}, "primary": true}], "photos": {"count": 0, "groups": []}}, "referralId": "e-0-4b102946f964a5204c6a23e3-1"}, {"reasons": {"count": 0, "items": [{"summary": "This spot is popular", "type": "general", "reasonName": "globalInteractionReason"}]}, "venue": {"id": "4d08f02305216dcbdbe81db6", "name": "Festival Terrace Shop", "location": {"address": "Belvedere Rd", "lat": 51.50552021401533, "lng": -0.11703851254424079, "labeledLatLngs": [{"label": "display", "lat": 51.50552021401533, "lng": -0.11703851254424079}], "distance": 281, "postalCode": "SE1 8XX", "cc": "GB", "city": "London", "state": "Greater London", "country": "United Kingdom", "formattedAddress": ["Belvedere Rd", "London", "Greater London", "SE1 8XX", "United Kingdom"]}, "categories": [{"id": "4bf58dd8d48988d128951735", "name": "Gift Shop", "pluralName": "Gift Shops", "shortName": "Gift Shop", "icon": {"prefix": "https://ss3.4sqi.net/img/categories_v2/shops/giftshop_", "suffix": ".png"}, "primary": true}], "photos": {"count": 0, "groups": []}}, "referralId": "e-0-4d08f02305216dcbdbe81db6-2"}, {"reasons": {"count": 0, "items": [{"summary": "This spot is popular", "type": "general", "reasonName": "globalInteractionReason"}]}, "venue": {"id": "52f8c8e6498ea024d3f6b401", "name": "Foyles", "location": {"address": "22 Lower Concourse", "crossStreet": "Waterloo Railway Station", "lat": 51.50318588905854, "lng": -0.11307596028235291, "labeledLatLngs": [{"label": "display", "lat": 51.50318588905854, "lng": -0.11307596028235291}], "distance": 293, "postalCode": "SE1 8SW", "cc": "GB", "city": "Waterloo", "state": "Greater London", "country": "United Kingdom", "formattedAddress": ["22 Lower Concourse (Waterloo Railway Station)", "Waterloo", "Greater London", "SE1 8SW", "United Kingdom"]}, "categories": [{"id": "4bf58dd8d48988d114951735", "name": "Bookstore", "pluralName": "Bookstores", "shortName": "Bookstore", "icon": {"prefix": "https://ss3.4sqi.net/img/categories_v2/shops/bookstore_", "suffix": ".png"}, "primary": true}], "photos": {"count": 0, "groups": []}}, "referralId": "e-0-52f8c8e6498ea024d3f6b401-3"}, {"reasons": {"count": 0, "items": [{"summary": "This spot is popular", "type": "general", "reasonName": "globalInteractionReason"}]}, "venue": {"id": "5cf57f6d66f3cd002c4d2d6d", "name": "M&S Foodhall", "location": {"address": "York Rd", "crossStreet": "Southbank Place", "lat": 51.502765, "lng": -0.115758, "labeledLatLngs": [{"label": "display", "lat": 51.502765, "lng": -0.115758}], "distance": 110, "postalCode": "SE1 7ND", "cc": "GB", "city": "Waterloo", "state": "Greater London", "country": "United Kingdom", "formattedAddress": ["York Rd (Southbank Place)", "Waterloo", "Greater London", "SE1 7ND", "United Kingdom"]}, "categories": [{"id": "4bf58dd8d48988d118951735", "name": "Grocery Store", "pluralName": "Grocery Stores", "shortName": "Grocery Store", "icon": {"prefix": "https://ss3.4sqi.net/img/categories_v2/shops/food_grocery_", "suffix": ".png"}, "primary": true}], "photos": {"count": 0, "groups": []}}, "referralId": "e-0-5cf57f6d66f3cd002c4d2d6d-4"}, {"reasons": {"count": 0, "items": [{"summary": "This spot is popular", "type": "general", "reasonName": "globalInteractionReason"}]}, "venue": {"id": "50a3e147e4b060efac47866f", "name": "Lush", "location": {"address": "Unit 2 Waterloo Station", "crossStreet": "Station Concourse", "lat": 51.50278825889569, "lng": -0.11184941903196896, "labeledLatLngs": [{"label": "display", "lat": 51.50278825889569, "lng": -0.11184941903196896}], "distance": 378, "postalCode": "SE1 8SE", "cc": "GB", "city": "Waterloo", "state": "Greater London", "country": "United Kingdom", "formattedAddress": ["Unit 2 Waterloo Station (Station Concourse)", "Waterloo", "Greater London", "SE1 8SE", "United Kingdom"]}, "categories": [{"id": "4bf58dd8d48988d10c951735", "name": "Cosmetics Shop", "pluralName": "Cosmetics Shops", "shortName": "Cosmetics", "icon": {"prefix": "https://ss3.4sqi.net/img/categories_v2/shops/beauty_cosmetic_", "suffix": ".png"}, "primary": true}], "photos": {"count": 0, "groups": []}}, "referralId": "e-0-50a3e147e4b060efac47866f-5"}, {"reasons": {"count": 0, "items": [{"summary": "This spot is popular", "type": "general", "reasonName": "globalInteractionReason"}]}, "venue": {"id": "500bd9a4e4b0c2a4e07fa4ba", "name": "Hotel Chocolat", "location": {"address": "London Waterloo Station", "crossStreet": "Unit 4 The Balcony", "lat": 51.50330199088668, "lng": -0.11308745498904023, "labeledLatLngs": [{"label": "display", "lat": 51.50330199088668, "lng": -0.11308745498904023}], "distance": 293, "postalCode": "SE1 7LY", "cc": "GB", "city": "Waterloo", "state": "Greater London", "country": "United Kingdom", "formattedAddress": ["London Waterloo Station (Unit 4 The Balcony)", "Waterloo", "Greater London", "SE1 7LY", "United Kingdom"]}, "categories": [{"id": "52f2ab2ebcbc57f1066b8b31", "name": "Chocolate Shop", "pluralName": "Chocolate Shops", "shortName": "Chocolate Shop", "icon": {"prefix": "https://ss3.4sqi.net/img/categories_v2/shops/candystore_", "suffix": ".png"}, "primary": true}], "photos": {"count": 0, "groups": []}}, "referralId": "e-0-500bd9a4e4b0c2a4e07fa4ba-6"}, {"reasons": {"count": 0, "items": [{"summary": "This spot is popular", "type": "general", "reasonName": "globalInteractionReason"}]}, "venue": {"id": "50c05e5fe4b0a80fdbe39af3", "name": "Paperchase", "location": {"address": "Unit 10 The Balcony", "crossStreet": "Waterloo Station", "lat": 51.503178842316885, "lng": -0.11283368797493531, "labeledLatLngs": [{"label": "display", "lat": 51.503178842316885, "lng": -0.11283368797493531}], "distance": 310, "postalCode": "SE1 8SW", "cc": "GB", "city": "Waterloo", "state": "Greater London", "country": "United Kingdom", "formattedAddress": ["Unit 10 The Balcony (Waterloo Station)", "Waterloo", "Greater London", "SE1 8SW", "United Kingdom"]}, "categories": [{"id": "52f2ab2ebcbc57f1066b8b21", "name": "Stationery Store", "pluralName": "Stationery Stores", "shortName": "Stationery Store", "icon": {"prefix": "https://ss3.4sqi.net/img/categories_v2/shops/default_", "suffix": ".png"}, "primary": true}], "photos": {"count": 0, "groups": []}}, "referralId": "e-0-50c05e5fe4b0a80fdbe39af3-7"}, {"reasons": {"count": 0, "items": [{"summary": "This spot is popular", "type": "general", "reasonName": "globalInteractionReason"}]}, "venue": {"id": "508bd7a3e4b0ca23f5d88f32", "name": "Oliver Bonas", "location": {"address": "Waterloo Station, Unit 9, The Balcony", "lat": 51.5035591, "lng": -0.1125973, "labeledLatLngs": [{"label": "display", "lat": 51.5035591, "lng": -0.1125973}], "distance": 331, "postalCode": "SE1 7LY", "cc": "GB", "city": "London", "state": "Greater London", "country": "United Kingdom", "formattedAddress": ["Waterloo Station, Unit 9, The Balcony", "London", "Greater London", "SE1 7LY", "United Kingdom"]}, "categories": [{"id": "4bf58dd8d48988d103951735", "name": "Clothing Store", "pluralName": "Clothing Stores", "shortName": "Apparel", "icon": {"prefix": "https://ss3.4sqi.net/img/categories_v2/shops/apparel_", "suffix": ".png"}, "primary": true}], "photos": {"count": 0, "groups": []}}, "referralId": "e-0-508bd7a3e4b0ca23f5d88f32-8"}, {"reasons": {"count": 0, "items": [{"summary": "This spot is popular", "type": "general", "reasonName": "globalInteractionReason"}]}, "venue": {"id": "5e5bc0d46e4c950007287c3a", "name": "M&S", "location": {"address": "Waterloo Rd", "crossStreet": "Opposite Platform 9", "lat": 51.50302033, "lng": -0.11288834, "labeledLatLngs": [{"label": "display", "lat": 51.50302033, "lng": -0.11288834}], "distance": 305, "postalCode": "SE1 7LY", "cc": "GB", "city": "Greater London", "state": "Greater London", "country": "United Kingdom", "formattedAddress": ["Waterloo Rd (Opposite Platform 9)", "Greater London", "SE1 7LY", "United Kingdom"]}, "categories": [{"id": "4bf58dd8d48988d118951735", "name": "Grocery Store", "pluralName": "Grocery Stores", "shortName": "Grocery Store", "icon": {"prefix": "https://ss3.4sqi.net/img/categories_v2/shops/food_grocery_", "suffix": ".png"}, "primary": true}], "photos": {"count": 0, "groups": []}}, "referralId": "e-0-5e5bc0d46e4c950007287c3a-9"}, {"reasons": {"count": 0, "items": [{"summary": "This spot is popular", "type": "general", "reasonName": "globalInteractionReason"}]}, "venue": {"id": "5714bc22498eb520fa908abf", "name": "WHSmith", "location": {"address": "Waterloo Station", "crossStreet": "Next to Natwest cash Point", "lat": 51.50314, "lng": -0.112782, "labeledLatLngs": [{"label": "display", "lat": 51.50314, "lng": -0.112782}], "distance": 313, "cc": "GB", "country": "United Kingdom", "formattedAddress": ["Waterloo Station (Next to Natwest cash Point)", "United Kingdom"]}, "categories": [{"id": "52f2ab2ebcbc57f1066b8b21", "name": "Stationery Store", "pluralName": "Stationery Stores", "shortName": "Stationery Store", "icon": {"prefix": "https://ss3.4sqi.net/img/categories_v2/shops/default_", "suffix": ".png"}, "primary": true}], "photos": {"count": 0, "groups": []}}, "referralId": "e-0-5714bc22498eb520fa908abf-10"}, {"reasons": {"count": 0, "items": [{"summary": "This spot is popular", "type": "general", "reasonName": "globalInteractionReason"}]}, "venue": {"id": "547c6133498ec0beb5eafdc1", "name": "Legion City Magic Singles and Comic Store", "location": {"address": "186 Hercules Rd", "lat": 51.50261870990815, "lng": -0.11598944664001465, "labeledLatLngs": [{"label": "display", "lat": 51.50261870990815, "lng": -0.11598944664001465}], "distance": 100, "postalCode": "SE1 7LD", "cc": "GB", "city": "London", "state": "Greater London", "country": "United Kingdom", "formattedAddress": ["186 Hercules Rd", "London", "Greater London", "SE1 7LD", "United Kingdom"]}, "categories": [{"id": "52f2ab2ebcbc57f1066b8b18", "name": "Comic Shop", "pluralName": "Comic Shops", "shortName": "Comic Shop", "icon": {"prefix": "https://ss3.4sqi.net/img/categories_v2/shops/comic_", "suffix": ".png"}, "primary": true}], "photos": {"count": 0, "groups": []}, "venuePage": {"id": "103736975"}}, "referralId": "e-0-547c6133498ec0beb5eafdc1-11"}, {"reasons": {"count": 0, "items": [{"summary": "This spot is popular", "type": "general", "reasonName": "globalInteractionReason"}]}, "venue": {"id": "5d6fe7f2228cfc0008f1b4d7", "name": "Sunstar Group Ltd", "location": {"address": "17-19 York Rd, Waterloo Lambeth", "lat": 51.50378339802273, "lng": -0.11480021030320131, "labeledLatLngs": [{"label": "display", "lat": 51.50378339802273, "lng": -0.11480021030320131}], "distance": 193, "postalCode": "SE1 7NJ", "cc": "GB", "city": "London", "state": "Greater London", "country": "United Kingdom", "formattedAddress": ["17-19 York Rd, Waterloo Lambeth", "London", "Greater London", "SE1 7NJ", "United Kingdom"]}, "categories": [{"id": "4d954b0ea243a5684a65b473", "name": "Convenience Store", "pluralName": "Convenience Stores", "shortName": "Convenience Store", "icon": {"prefix": "https://ss3.4sqi.net/img/categories_v2/shops/conveniencestore_", "suffix": ".png"}, "primary": true}], "photos": {"count": 0, "groups": []}}, "referralId": "e-0-5d6fe7f2228cfc0008f1b4d7-12"}, {"reasons": {"count": 0, "items": [{"summary": "This spot is popular", "type": "general", "reasonName": "globalInteractionReason"}]}, "venue": {"id": "4e99e2dab63497cda99b0c4a", "name": "County Hall Shop", "location": {"lat": 51.50328250455293, "lng": -0.11969321495524471, "labeledLatLngs": [{"label": "display", "lat": 51.50328250455293, "lng": -0.11969321495524471}], "distance": 168, "cc": "GB", "city": "London", "state": "Greater London", "country": "United Kingdom", "formattedAddress": ["London", "Greater London", "United Kingdom"]}, "categories": [{"id": "4bf58dd8d48988d128951735", "name": "Gift Shop", "pluralName": "Gift Shops", "shortName": "Gift Shop", "icon": {"prefix": "https://ss3.4sqi.net/img/categories_v2/shops/giftshop_", "suffix": ".png"}, "primary": true}], "photos": {"count": 0, "groups": []}}, "referralId": "e-0-4e99e2dab63497cda99b0c4a-13"}, {"reasons": {"count": 0, "items": [{"summary": "This spot is popular", "type": "general", "reasonName": "globalInteractionReason"}]}, "venue": {"id": "5ebe7e516adc400008f03854", "name": "Puckett's Pickles Ltd", "location": {"address": "21 Shires Bridge Mill", "lat": 51.5037599, "lng": -0.11486500000000888, "labeledLatLngs": [{"label": "display", "lat": 51.5037599, "lng": -0.11486500000000888}], "distance": 188, "postalCode": "YO61 3EQ", "cc": "GB", "city": "Easingwold", "country": "United Kingdom", "formattedAddress": ["21 Shires Bridge Mill", "Easingwold", "YO61 3EQ", "United Kingdom"]}, "categories": [{"id": "4bf58dd8d48988d1f9941735", "name": "Food & Drink Shop", "pluralName": "Food & Drink Shops", "shortName": "Food & Drink", "icon": {"prefix": "https://ss3.4sqi.net/img/categories_v2/shops/foodanddrink_", "suffix": ".png"}, "primary": true}], "photos": {"count": 0, "groups": []}, "venuePage": {"id": "583501584"}}, "referralId": "e-0-5ebe7e516adc400008f03854-14"}, {"reasons": {"count": 0, "items": [{"summary": "This spot is popular", "type": "general", "reasonName": "globalInteractionReason"}]}, "venue": {"id": "4c18a48bfe5a76b0d4490215", "name": "Red Bus Shop", "location": {"address": "59-61 York Rd", "lat": 51.502778992995374, "lng": -0.11610209941864014, "labeledLatLngs": [{"label": "display", "lat": 51.502778992995374, "lng": -0.11610209941864014}], "distance": 86, "postalCode": "SE1 7NJ", "cc": "GB", "city": "London", "state": "Greater London", "country": "United Kingdom", "formattedAddress": ["59-61 York Rd", "London", "Greater London", "SE1 7NJ", "United Kingdom"]}, "categories": [{"id": "4bf58dd8d48988d128951735", "name": "Gift Shop", "pluralName": "Gift Shops", "shortName": "Gift Shop", "icon": {"prefix": "https://ss3.4sqi.net/img/categories_v2/shops/giftshop_", "suffix": ".png"}, "primary": true}], "photos": {"count": 0, "groups": []}}, "referralId": "e-0-4c18a48bfe5a76b0d4490215-15"}, {"reasons": {"count": 0, "items": [{"summary": "This spot is popular", "type": "general", "reasonName": "globalInteractionReason"}]}, "venue": {"id": "5820b449855189757a7a9e4b", "name": "Exclusive-Webcam-Models", "location": {"address": "1 Addington Street", "lat": 51.501403, "lng": -0.11603890000003503, "labeledLatLngs": [{"label": "display", "lat": 51.501403, "lng": -0.11603890000003503}], "distance": 198, "postalCode": "SE1 7RY", "cc": "GB", "city": "London", "state": "Greater London", "country": "United Kingdom", "formattedAddress": ["1 Addington Street", "London", "Greater London", "SE1 7RY", "United Kingdom"]}, "categories": [{"id": "554a5e17498efabeda6cc559", "name": "Photography Studio", "pluralName": "Photography Studios", "shortName": "Photo Studio", "icon": {"prefix": "https://ss3.4sqi.net/img/categories_v2/shops/camerastore_", "suffix": ".png"}, "primary": true}], "photos": {"count": 0, "groups": []}, "venuePage": {"id": "358114685"}}, "referralId": "e-0-5820b449855189757a7a9e4b-16"}, {"reasons": {"count": 0, "items": [{"summary": "This spot is popular", "type": "general", "reasonName": "globalInteractionReason"}]}, "venue": {"id": "5124b874e4b0d9d85249d5aa", "name": "Iconic Images", "location": {"lat": 51.50305697461422, "lng": -0.1194280172424479, "labeledLatLngs": [{"label": "display", "lat": 51.50305697461422, "lng": -0.1194280172424479}], "distance": 147, "cc": "GB", "country": "United Kingdom", "formattedAddress": ["United Kingdom"]}, "categories": [{"id": "4bf58dd8d48988d128951735", "name": "Gift Shop", "pluralName": "Gift Shops", "shortName": "Gift Shop", "icon": {"prefix": "https://ss3.4sqi.net/img/categories_v2/shops/giftshop_", "suffix": ".png"}, "primary": true}], "photos": {"count": 0, "groups": []}}, "referralId": "e-0-5124b874e4b0d9d85249d5aa-17"}, {"reasons": {"count": 0, "items": [{"summary": "This spot is popular", "type": "general", "reasonName": "globalInteractionReason"}]}, "venue": {"id": "506c6bcee4b01c5d0455be27", "name": "The Jubiloo", "location": {"address": "30 The Queens Walk", "lat": 51.5047972205668, "lng": -0.11862008582063283, "labeledLatLngs": [{"label": "display", "lat": 51.5047972205668, "lng": -0.11862008582063283}], "distance": 219, "postalCode": "SE1 7NA", "cc": "GB", "city": "South Bank", "state": "Greater London", "country": "United Kingdom", "formattedAddress": ["30 The Queens Walk", "South Bank", "Greater London", "SE1 7NA", "United Kingdom"]}, "categories": [{"id": "5744ccdfe4b0c0459246b4c4", "name": "Public Bathroom", "pluralName": "Public Bathrooms", "shortName": "Public Bathroom", "icon": {"prefix": "https://ss3.4sqi.net/img/categories_v2/parks_outdoors/neighborhood_", "suffix": ".png"}, "primary": true}], "photos": {"count": 0, "groups": []}}, "referralId": "e-0-506c6bcee4b01c5d0455be27-18"}, {"reasons": {"count": 0, "items": [{"summary": "This spot is popular", "type": "general", "reasonName": "globalInteractionReason"}]}, "venue": {"id": "4debf42d45dd3993a8b36453", "name": "A. P. Food Express", "location": {"address": "244-246 Westminster Bridge Rd", "lat": 51.50072882363885, "lng": -0.11701849921226037, "labeledLatLngs": [{"label": "display", "lat": 51.50072882363885, "lng": -0.11701849921226037}], "distance": 253, "cc": "GB", "city": "London", "state": "Greater London", "country": "United Kingdom", "formattedAddress": ["244-246 Westminster Bridge Rd", "London", "Greater London", "United Kingdom"]}, "categories": [{"id": "4bf58dd8d48988d118951735", "name": "Grocery Store", "pluralName": "Grocery Stores", "shortName": "Grocery Store", "icon": {"prefix": "https://ss3.4sqi.net/img/categories_v2/shops/food_grocery_", "suffix": ".png"}, "primary": true}], "photos": {"count": 0, "groups": []}}, "referralId": "e-0-4debf42d45dd3993a8b36453-19"}, {"reasons": {"count": 0, "items": [{"summary": "This spot is popular", "type": "general", "reasonName": "globalInteractionReason"}]}, "venue": {"id": "50d70fdde4b0cc0bcf318d41", "name": "Kiehl's", "location": {"address": "Waterloo Railway Station", "crossStreet": "Unit 6 The Balcony", "lat": 51.50320191493048, "lng": -0.11326964279069972, "labeledLatLngs": [{"label": "display", "lat": 51.50320191493048, "lng": -0.11326964279069972}], "distance": 280, "postalCode": "SE8 8SW", "cc": "GB", "city": "Waterloo", "state": "Greater London", "country": "United Kingdom", "formattedAddress": ["Waterloo Railway Station (Unit 6 The Balcony)", "Waterloo", "Greater London", "SE8 8SW", "United Kingdom"]}, "categories": [{"id": "4bf58dd8d48988d10c951735", "name": "Cosmetics Shop", "pluralName": "Cosmetics Shops", "shortName": "Cosmetics", "icon": {"prefix": "https://ss3.4sqi.net/img/categories_v2/shops/beauty_cosmetic_", "suffix": ".png"}, "primary": true}], "photos": {"count": 0, "groups": []}}, "referralId": "e-0-50d70fdde4b0cc0bcf318d41-20"}, {"reasons": {"count": 0, "items": [{"summary": "This spot is popular", "type": "general", "reasonName": "globalInteractionReason"}]}, "venue": {"id": "4b5db46bf964a520ab6729e3", "name": "Accessorize", "location": {"address": "London Waterloo Station (WAT)", "crossStreet": "Unit 4", "lat": 51.50323830873307, "lng": -0.11311709367455763, "labeledLatLngs": [{"label": "display", "lat": 51.50323830873307, "lng": -0.11311709367455763}], "distance": 291, "postalCode": "SE1 8SW", "cc": "GB", "city": "London", "state": "Greater London", "country": "United Kingdom", "formattedAddress": ["London Waterloo Station (WAT) (Unit 4)", "London", "Greater London", "SE1 8SW", "United Kingdom"]}, "categories": [{"id": "4bf58dd8d48988d102951735", "name": "Accessories Store", "pluralName": "Accessories Stores", "shortName": "Accessories", "icon": {"prefix": "https://ss3.4sqi.net/img/categories_v2/shops/apparel_accessories_", "suffix": ".png"}, "primary": true}], "photos": {"count": 0, "groups": []}}, "referralId": "e-0-4b5db46bf964a520ab6729e3-21"}, {"reasons": {"count": 0, "items": [{"summary": "This spot is popular", "type": "general", "reasonName": "globalInteractionReason"}]}, "venue": {"id": "50b63cfae4b05cbf7237d0f3", "name": "Royal Festival Hall Shop", "location": {"address": "Belvedere Rd", "lat": 51.505724094371274, "lng": -0.11699023278197274, "labeledLatLngs": [{"label": "display", "lat": 51.505724094371274, "lng": -0.11699023278197274}], "distance": 304, "postalCode": "SE1 8XX", "cc": "GB", "city": "Southwark", "state": "Greater London", "country": "United Kingdom", "formattedAddress": ["Belvedere Rd", "Southwark", "Greater London", "SE1 8XX", "United Kingdom"]}, "categories": [{"id": "4bf58dd8d48988d128951735", "name": "Gift Shop", "pluralName": "Gift Shops", "shortName": "Gift Shop", "icon": {"prefix": "https://ss3.4sqi.net/img/categories_v2/shops/giftshop_", "suffix": ".png"}, "primary": true}], "photos": {"count": 0, "groups": []}}, "referralId": "e-0-50b63cfae4b05cbf7237d0f3-22"}, {"reasons": {"count": 0, "items": [{"summary": "This spot is popular", "type": "general", "reasonName": "globalInteractionReason"}]}, "venue": {"id": "513dccd7e4b099af4ca2b9b7", "name": "Whistlestop", "location": {"address": "London Waterloo Station", "lat": 51.50262103620777, "lng": -0.11284367960432626, "labeledLatLngs": [{"label": "display", "lat": 51.50262103620777, "lng": -0.11284367960432626}], "distance": 311, "postalCode": "SE1 8SE", "cc": "GB", "country": "United Kingdom", "formattedAddress": ["London Waterloo Station", "SE1 8SE", "United Kingdom"]}, "categories": [{"id": "4d954b0ea243a5684a65b473", "name": "Convenience Store", "pluralName": "Convenience Stores", "shortName": "Convenience Store", "icon": {"prefix": "https://ss3.4sqi.net/img/categories_v2/shops/conveniencestore_", "suffix": ".png"}, "primary": true}], "photos": {"count": 0, "groups": []}}, "referralId": "e-0-513dccd7e4b099af4ca2b9b7-23"}, {"reasons": {"count": 0, "items": [{"summary": "This spot is popular", "type": "general", "reasonName": "globalInteractionReason"}]}, "venue": {"id": "5644d297498ef8f2798666cd", "name": "Pomegranate Massage", "location": {"lat": 51.504922725092044, "lng": -0.11346817016601562, "labeledLatLngs": [{"label": "display", "lat": 51.504922725092044, "lng": -0.11346817016601562}], "distance": 341, "postalCode": "SW1P 4DX", "cc": "GB", "city": "London", "state": "Greater London", "country": "United Kingdom", "formattedAddress": ["London", "Greater London", "SW1P 4DX", "United Kingdom"]}, "categories": [{"id": "52f2ab2ebcbc57f1066b8b3c", "name": "Massage Studio", "pluralName": "Massage Studios", "shortName": "Massage Studio", "icon": {"prefix": "https://ss3.4sqi.net/img/categories_v2/shops/spa_", "suffix": ".png"}, "primary": true}], "photos": {"count": 0, "groups": []}, "venuePage": {"id": "146317245"}}, "referralId": "e-0-5644d297498ef8f2798666cd-24"}, {"reasons": {"count": 0, "items": [{"summary": "This spot is popular", "type": "general", "reasonName": "globalInteractionReason"}]}, "venue": {"id": "4c77977507818cfaa6dcd4e3", "name": "International Currency Exchange", "location": {"address": "Waterloo Rd", "lat": 51.50297266764028, "lng": -0.11228799819946289, "labeledLatLngs": [{"label": "display", "lat": 51.50297266764028, "lng": -0.11228799819946289}], "distance": 347, "postalCode": "SE 1 8", "cc": "GB", "city": "London", "state": "Greater London", "country": "United Kingdom", "formattedAddress": ["Waterloo Rd", "London", "Greater London", "SE 1 8", "United Kingdom"]}, "categories": [{"id": "5744ccdfe4b0c0459246b4be", "name": "Currency Exchange", "pluralName": "Currency Exchanges", "shortName": "Currency Exchange", "icon": {"prefix": "https://ss3.4sqi.net/img/categories_v2/shops/financial_", "suffix": ".png"}, "primary": true}], "photos": {"count": 0, "groups": []}}, "referralId": "e-0-4c77977507818cfaa6dcd4e3-25"}, {"reasons": {"count": 0, "items": [{"summary": "This spot is popular", "type": "general", "reasonName": "globalInteractionReason"}]}, "venue": {"id": "4bfa8d35b182c9b64d747a5a", "name": "Iceland", "location": {"address": "112-113 Lower Marsh", "lat": 51.500973897432, "lng": -0.11268056156237098, "labeledLatLngs": [{"label": "display", "lat": 51.500973897432, "lng": -0.11268056156237098}], "distance": 391, "postalCode": "SE1 7AE", "cc": "GB", "city": "Waterloo", "state": "Greater London", "country": "United Kingdom", "formattedAddress": ["112-113 Lower Marsh", "Waterloo", "Greater London", "SE1 7AE", "United Kingdom"]}, "categories": [{"id": "4bf58dd8d48988d118951735", "name": "Grocery Store", "pluralName": "Grocery Stores", "shortName": "Grocery Store", "icon": {"prefix": "https://ss3.4sqi.net/img/categories_v2/shops/food_grocery_", "suffix": ".png"}, "primary": true}], "photos": {"count": 0, "groups": []}}, "referralId": "e-0-4bfa8d35b182c9b64d747a5a-26"}, {"reasons": {"count": 0, "items": [{"summary": "This spot is popular", "type": "general", "reasonName": "globalInteractionReason"}]}, "venue": {"id": "5a0451c0646e3852fbe25aad", "name": "Westminster Bridge Farmers' Market", "location": {"address": "Westminstert Bridge Rd", "lat": 51.500084, "lng": -0.11929359, "labeledLatLngs": [{"label": "display", "lat": 51.500084, "lng": -0.11929359}], "distance": 352, "postalCode": "SE1 7EP", "cc": "GB", "neighborhood": "London", "city": "London", "state": "Greater London", "country": "United Kingdom", "formattedAddress": ["Westminstert Bridge Rd", "London", "Greater London", "SE1 7EP", "United Kingdom"]}, "categories": [{"id": "4bf58dd8d48988d1fa941735", "name": "Farmers Market", "pluralName": "Farmers Markets", "shortName": "Farmer's Market", "icon": {"prefix": "https://ss3.4sqi.net/img/categories_v2/shops/food_farmersmarket_", "suffix": ".png"}, "primary": true}], "photos": {"count": 0, "groups": []}}, "referralId": "e-0-5a0451c0646e3852fbe25aad-27"}, {"reasons": {"count": 0, "items": [{"summary": "This spot is popular", "type": "general", "reasonName": "globalInteractionReason"}]}, "venue": {"id": "5061f1c6e4b0b594d0f53472", "name": "Fat Face", "location": {"address": "Waterloo Station", "lat": 51.502978837546806, "lng": -0.11214464618950803, "labeledLatLngs": [{"label": "display", "lat": 51.502978837546806, "lng": -0.11214464618950803}], "distance": 357, "cc": "GB", "city": "London", "state": "Greater London", "country": "United Kingdom", "formattedAddress": ["Waterloo Station", "London", "Greater London", "United Kingdom"]}, "categories": [{"id": "4bf58dd8d48988d103951735", "name": "Clothing Store", "pluralName": "Clothing Stores", "shortName": "Apparel", "icon": {"prefix": "https://ss3.4sqi.net/img/categories_v2/shops/apparel_", "suffix": ".png"}, "primary": true}], "photos": {"count": 0, "groups": []}}, "referralId": "e-0-5061f1c6e4b0b594d0f53472-28"}, {"reasons": {"count": 0, "items": [{"summary": "This spot is popular", "type": "general", "reasonName": "globalInteractionReason"}]}, "venue": {"id": "5ed6d7515d29f30008deb525", "name": "H and T pawnbrokers", "location": {"address": "111 Lower Marsh", "lat": 51.50100235, "lng": -0.11269484, "labeledLatLngs": [{"label": "display", "lat": 51.50100235, "lng": -0.11269484}], "distance": 388, "postalCode": "SE1 7AE", "cc": "GB", "city": "Waterloo", "state": "Greater London", "country": "United Kingdom", "formattedAddress": ["111 Lower Marsh", "Waterloo", "Greater London", "SE1 7AE", "United Kingdom"]}, "categories": [{"id": "52f2ab2ebcbc57f1066b8b34", "name": "Pawn Shop", "pluralName": "Pawn Shops", "shortName": "Pawn Shop", "icon": {"prefix": "https://ss3.4sqi.net/img/categories_v2/shops/default_", "suffix": ".png"}, "primary": true}], "photos": {"count": 0, "groups": []}, "venuePage": {"id": "586283035"}}, "referralId": "e-0-5ed6d7515d29f30008deb525-29"}, {"reasons": {"count": 0, "items": [{"summary": "This spot is popular", "type": "general", "reasonName": "globalInteractionReason"}]}, "venue": {"id": "4b6b37c1f964a5203efa2be3", "name": "M&S Simply Food", "location": {"address": "York Road", "crossStreet": "Unit 16 Station Concourse", "lat": 51.50269218, "lng": -0.11319046, "labeledLatLngs": [{"label": "display", "lat": 51.50269218, "lng": -0.11319046}], "distance": 286, "postalCode": "SE1 7LY", "cc": "GB", "city": "London", "state": "Greater London", "country": "United Kingdom", "formattedAddress": ["York Road (Unit 16 Station Concourse)", "London", "Greater London", "SE1 7LY", "United Kingdom"]}, "categories": [{"id": "4bf58dd8d48988d118951735", "name": "Grocery Store", "pluralName": "Grocery Stores", "shortName": "Grocery Store", "icon": {"prefix": "https://ss3.4sqi.net/img/categories_v2/shops/food_grocery_", "suffix": ".png"}, "primary": true}], "photos": {"count": 0, "groups": []}, "venuePage": {"id": "566304916"}}, "referralId": "e-0-4b6b37c1f964a5203efa2be3-30"}, {"reasons": {"count": 0, "items": [{"summary": "This spot is popular", "type": "general", "reasonName": "globalInteractionReason"}]}, "venue": {"id": "4b16ddd5f964a520a5be23e3", "name": "Boots", "location": {"address": "London Waterloo Station (WAT)", "lat": 51.50313679033087, "lng": -0.11259082930668558, "labeledLatLngs": [{"label": "display", "lat": 51.50313679033087, "lng": -0.11259082930668558}], "distance": 326, "postalCode": "SE1 8SW", "cc": "GB", "city": "London", "state": "Greater London", "country": "United Kingdom", "formattedAddress": ["London Waterloo Station (WAT)", "London", "Greater London", "SE1 8SW", "United Kingdom"]}, "categories": [{"id": "4bf58dd8d48988d10f951735", "name": "Pharmacy", "pluralName": "Pharmacies", "shortName": "Pharmacy", "icon": {"prefix": "https://ss3.4sqi.net/img/categories_v2/shops/pharmacy_", "suffix": ".png"}, "primary": true}], "photos": {"count": 0, "groups": []}}, "referralId": "e-0-4b16ddd5f964a520a5be23e3-31"}, {"reasons": {"count": 0, "items": [{"summary": "This spot is popular", "type": "general", "reasonName": "globalInteractionReason"}]}, "venue": {"id": "4bdd867bb0f5c928ba834ce3", "name": "WHSmith", "location": {"address": "Waterloo Station", "crossStreet": "Below Pret a manger", "lat": 51.50355366958419, "lng": -0.11264800000003561, "labeledLatLngs": [{"label": "display", "lat": 51.50355366958419, "lng": -0.11264800000003561}], "distance": 328, "postalCode": "SE1 7NQ", "cc": "GB", "city": "London", "state": "Greater London", "country": "United Kingdom", "formattedAddress": ["Waterloo Station (Below Pret a manger)", "London", "Greater London", "SE1 7NQ", "United Kingdom"]}, "categories": [{"id": "4bf58dd8d48988d114951735", "name": "Bookstore", "pluralName": "Bookstores", "shortName": "Bookstore", "icon": {"prefix": "https://ss3.4sqi.net/img/categories_v2/shops/bookstore_", "suffix": ".png"}, "primary": true}], "photos": {"count": 0, "groups": []}, "venuePage": {"id": "588636362"}}, "referralId": "e-0-4bdd867bb0f5c928ba834ce3-32"}]}]}}