{"meta": {"code": 200, "requestId": "5feddcec8549cf75f71c1f1c"}, "response": {"headerLocation": "Hammersmith and Fulham", "headerFullLocation": "Hammersmith and Fulham, London", "headerLocationGranularity": "neighborhood", "query": "arts entertainment", "totalResults": 6, "suggestedBounds": {"ne": {"lat": 51.4908890036, "lng": -0.22041440447724686}, "sw": {"lat": 51.48368899639999, "lng": -0.23195559552275313}}, "groups": [{"type": "Recommended Places", "name": "recommended", "items": [{"reasons": {"count": 0, "items": [{"summary": "This spot is popular", "type": "general", "reasonName": "globalInteractionReason"}]}, "venue": {"id": "5b02e021838e59002c24b732", "name": "\u201cCapability\u201d Brown Statue", "location": {"lat": 51.487389, "lng": -0.227424, "labeledLatLngs": [{"label": "display", "lat": 51.487389, "lng": -0.227424}], "distance": 86, "postalCode": "W6", "cc": "GB", "city": "London", "state": "Greater London", "country": "United Kingdom", "formattedAddress": ["London", "Greater London", "W6", "United Kingdom"]}, "categories": [{"id": "52e81612bcbc57f1066b79ed", "name": "Outdoor Sculpture", "pluralName": "Outdoor Sculptures", "shortName": "Outdoor Sculpture", "icon": {"prefix": "https://ss3.4sqi.net/img/categories_v2/parks_outdoors/sculpture_", "suffix": ".png"}, "primary": true}], "photos": {"count": 0, "groups": []}}, "referralId": "e-0-5b02e021838e59002c24b732-0"}, {"reasons": {"count": 0, "items": [{"summary": "This spot is popular", "type": "general", "reasonName": "globalInteractionReason"}]}, "venue": {"id": "507994c4e4b0ef94ac706fbd", "name": "Off Cut", "location": {"lat": 51.488493, "lng": -0.227635, "labeledLatLngs": [{"label": "display", "lat": 51.488493, "lng": -0.227635}], "distance": 167, "cc": "GB", "country": "United Kingdom", "formattedAddress": ["United Kingdom"]}, "categories": [{"id": "4bf58dd8d48988d137941735", "name": "Theater", "pluralName": "Theaters", "shortName": "Theater", "icon": {"prefix": "https://ss3.4sqi.net/img/categories_v2/arts_entertainment/performingarts_theater_", "suffix": ".png"}, "primary": true}], "photos": {"count": 0, "groups": []}}, "referralId": "e-0-507994c4e4b0ef94ac706fbd-1"}, {"reasons": {"count": 0, "items": [{"summary": "This spot is popular", "type": "general", "reasonName": "globalInteractionReason"}]}, "venue": {"id": "5a4cf05c8ad62e547b9c2ae4", "name": "Six Pins and Half a Dozen Needles", "location": {"address": "Assembly London, 77 Fulham Palace Road", "lat": 51.48946288960238, "lng": -0.22273868322372437, "labeledLatLngs": [{"label": "display", "lat": 51.48946288960238, "lng": -0.22273868322372437}], "distance": 340, "postalCode": "W6", "cc": "GB", "city": "London", "state": "Greater London", "country": "United Kingdom", "formattedAddress": ["Assembly London, 77 Fulham Palace Road", "London", "Greater London", "W6", "United Kingdom"]}, "categories": [{"id": "52e81612bcbc57f1066b79ee", "name": "Street Art", "pluralName": "Street Art Installations", "shortName": "Street Art", "icon": {"prefix": "https://ss3.4sqi.net/img/categories_v2/arts_entertainment/default_", "suffix": ".png"}, "primary": true}], "photos": {"count": 0, "groups": []}}, "referralId": "e-0-5a4cf05c8ad62e547b9c2ae4-2"}, {"reasons": {"count": 0, "items": [{"summary": "This spot is popular", "type": "general", "reasonName": "globalInteractionReason"}]}, "venue": {"id": "4be5b89fcf200f47099e133c", "name": "Jongleurs Hammersmith", "location": {"address": "Rutland Grove", "lat": 51.489772, "lng": -0.229856, "labeledLatLngs": [{"label": "display", "lat": 51.489772, "lng": -0.229856}], "distance": 375, "postalCode": "W6 9DJ", "cc": "GB", "city": "Hammersmith", "state": "Greater London", "country": "United Kingdom", "formattedAddress": ["Rutland Grove", "Hammersmith", "Greater London", "W6 9DJ", "United Kingdom"]}, "categories": [{"id": "4bf58dd8d48988d18e941735", "name": "Comedy Club", "pluralName": "Comedy Clubs", "shortName": "Comedy Club", "icon": {"prefix": "https://ss3.4sqi.net/img/categories_v2/arts_entertainment/comedyclub_", "suffix": ".png"}, "primary": true}], "photos": {"count": 0, "groups": []}}, "referralId": "e-0-4be5b89fcf200f47099e133c-3"}, {"reasons": {"count": 0, "items": [{"summary": "This spot is popular", "type": "general", "reasonName": "globalInteractionReason"}]}, "venue": {"id": "5f8463db5b0fab160d41eb39", "name": "DNA VR Hammersmith", "location": {"address": "77 Fulham Palace road", "lat": 51.49010487166038, "lng": -0.2230900526046753, "labeledLatLngs": [{"label": "display", "lat": 51.49010487166038, "lng": -0.2230900526046753}], "distance": 379, "postalCode": "W6 8JA", "cc": "GB", "city": "London", "state": "Greater London", "country": "United Kingdom", "formattedAddress": ["77 Fulham Palace road", "London", "Greater London", "W6 8JA", "United Kingdom"]}, "categories": [{"id": "5f2c14a5b6d05514c7042eb7", "name": "VR Cafe", "pluralName": "VR Cafe", "shortName": "VR Cafe", "icon": {"prefix": "https://ss3.4sqi.net/img/categories_v2/shops/gamingcafe_", "suffix": ".png"}, "primary": true}], "photos": {"count": 0, "groups": []}}, "referralId": "e-0-5f8463db5b0fab160d41eb39-4"}, {"reasons": {"count": 0, "items": [{"summary": "This spot is popular", "type": "general", "reasonName": "globalInteractionReason"}]}, "venue": {"id": "5becaa26a795bd0039594992", "name": "Hammersmith Salsa & Bachata Club", "location": {"lat": 51.489723, "lng": -0.2300819, "labeledLatLngs": [{"label": "display", "lat": 51.489723, "lng": -0.2300819}], "distance": 382, "postalCode": "W6 9DH", "cc": "GB", "city": "London", "state": "Greater London", "country": "United Kingdom", "formattedAddress": ["London", "Greater London", "W6 9DH", "United Kingdom"]}, "categories": [{"id": "52e81612bcbc57f1066b79ec", "name": "Salsa Club", "pluralName": "Salsa Clubs", "shortName": "Salsa Club", "icon": {"prefix": "https://ss3.4sqi.net/img/categories_v2/arts_entertainment/performingarts_dancestudio_", "suffix": ".png"}, "primary": true}], "photos": {"count": 0, "groups": []}}, "referralId": "e-0-5becaa26a795bd0039594992-5"}]}]}}