{"meta": {"code": 200, "requestId": "5fedd9cb8ed5f550e57ed027"}, "response": {"headerLocation": "Childs Hill", "headerFullLocation": "Childs Hill, London", "headerLocationGranularity": "neighborhood", "query": "food", "totalResults": 4, "suggestedBounds": {"ne": {"lat": 51.568600003600004, "lng": -0.19521954729131616}, "sw": {"lat": 51.56139999639999, "lng": -0.20678045270868387}}, "groups": [{"type": "Recommended Places", "name": "recommended", "items": [{"reasons": {"count": 0, "items": [{"summary": "This spot is popular", "type": "general", "reasonName": "globalInteractionReason"}]}, "venue": {"id": "51b07673498e70adc4fdaec9", "name": "The Frenchie", "location": {"address": "Whitecross Street", "lat": 51.56508754425789, "lng": -0.1973406449258422, "labeledLatLngs": [{"label": "display", "lat": 51.56508754425789, "lng": -0.1973406449258422}], "distance": 253, "cc": "GB", "city": "London", "state": "Greater London", "country": "United Kingdom", "formattedAddress": ["Whitecross Street", "London", "Greater London", "United Kingdom"]}, "categories": [{"id": "4bf58dd8d48988d1cb941735", "name": "Food Truck", "pluralName": "Food Trucks", "shortName": "Food Truck", "icon": {"prefix": "https://ss3.4sqi.net/img/categories_v2/food/streetfood_", "suffix": ".png"}, "primary": true}], "photos": {"count": 0, "groups": []}}, "referralId": "e-0-51b07673498e70adc4fdaec9-0"}, {"reasons": {"count": 0, "items": [{"summary": "This spot is popular", "type": "general", "reasonName": "globalInteractionReason"}]}, "venue": {"id": "4ea99806e3005b03feada035", "name": "Spice Villa", "location": {"lat": 51.56302607347855, "lng": -0.19814306674574048, "labeledLatLngs": [{"label": "display", "lat": 51.56302607347855, "lng": -0.19814306674574048}], "distance": 295, "cc": "GB", "city": "Barnet", "state": "Greater London", "country": "United Kingdom", "formattedAddress": ["Barnet", "Greater London", "United Kingdom"]}, "categories": [{"id": "4bf58dd8d48988d10f941735", "name": "Indian Restaurant", "pluralName": "Indian Restaurants", "shortName": "Indian", "icon": {"prefix": "https://ss3.4sqi.net/img/categories_v2/food/indian_", "suffix": ".png"}, "primary": true}], "photos": {"count": 0, "groups": []}}, "referralId": "e-0-4ea99806e3005b03feada035-1"}, {"reasons": {"count": 0, "items": [{"summary": "This spot is popular", "type": "general", "reasonName": "globalInteractionReason"}]}, "venue": {"id": "576f8674498e38f2bc19444e", "name": "Koyama", "location": {"address": "757 Finchley Rd", "lat": 51.56411, "lng": -0.19693348, "labeledLatLngs": [{"label": "display", "lat": 51.56411, "lng": -0.19693348}], "distance": 298, "postalCode": "NW11 8DL", "cc": "GB", "country": "United Kingdom", "formattedAddress": ["757 Finchley Rd", "NW11 8DL", "United Kingdom"]}, "categories": [{"id": "4bf58dd8d48988d1d2941735", "name": "Sushi Restaurant", "pluralName": "Sushi Restaurants", "shortName": "Sushi", "icon": {"prefix": "https://ss3.4sqi.net/img/categories_v2/food/sushi_", "suffix": ".png"}, "primary": true}], "photos": {"count": 0, "groups": []}}, "referralId": "e-0-576f8674498e38f2bc19444e-2"}, {"reasons": {"count": 0, "items": [{"summary": "This spot is popular", "type": "general", "reasonName": "globalInteractionReason"}]}, "venue": {"id": "4ee862190e019eee5dfedf4b", "name": "Jels Cafe", "location": {"lat": 51.56320571899414, "lng": -0.1977979838848114, "labeledLatLngs": [{"label": "display", "lat": 51.56320571899414, "lng": -0.1977979838848114}], "distance": 298, "cc": "GB", "country": "United Kingdom", "formattedAddress": ["United Kingdom"]}, "categories": [{"id": "4bf58dd8d48988d16d941735", "name": "Caf\u00e9", "pluralName": "Caf\u00e9s", "shortName": "Caf\u00e9", "icon": {"prefix": "https://ss3.4sqi.net/img/categories_v2/food/cafe_", "suffix": ".png"}, "primary": true}], "photos": {"count": 0, "groups": []}}, "referralId": "e-0-4ee862190e019eee5dfedf4b-3"}]}]}}