{"meta": {"code": 200, "requestId": "5fedd9beba978f6427085ce8"}, "response": {"headerLocation": "Vauxhall", "headerFullLocation": "Vauxhall, London", "headerLocationGranularity": "neighborhood", "query": "arts entertainment", "totalResults": 4, "suggestedBounds": {"ne": {"lat": 51.485220003600006, "lng": -0.1182231218261164}, "sw": {"lat": 51.47801999639999, "lng": -0.12976287817388363}}, "groups": [{"type": "Recommended Places", "name": "recommended", "items": [{"reasons": {"count": 0, "items": [{"summary": "This spot is popular", "type": "general", "reasonName": "globalInteractionReason"}]}, "venue": {"id": "523c489611d29473949e7855", "name": "Turpentine Tattoos", "location": {"lat": 51.47986354780314, "lng": -0.12393594305775033, "labeledLatLngs": [{"label": "display", "lat": 51.47986354780314, "lng": -0.12393594305775033}], "distance": 195, "cc": "GB", "country": "United Kingdom", "formattedAddress": ["United Kingdom"]}, "categories": [{"id": "4bf58dd8d48988d1e2931735", "name": "Art Gallery", "pluralName": "Art Galleries", "shortName": "Art Gallery", "icon": {"prefix": "https://ss3.4sqi.net/img/categories_v2/arts_entertainment/artgallery_", "suffix": ".png"}, "primary": true}], "photos": {"count": 0, "groups": []}}, "referralId": "e-0-523c489611d29473949e7855-0"}, {"reasons": {"count": 0, "items": [{"summary": "This spot is popular", "type": "general", "reasonName": "globalInteractionReason"}]}, "venue": {"id": "5a37f4162be4255325c654a2", "name": "Kaieteur Art & Designs Ltd", "location": {"address": "Suite LP36825", "lat": 51.47867129999999, "lng": -0.12327770000001692, "labeledLatLngs": [{"label": "display", "lat": 51.47867129999999, "lng": -0.12327770000001692}], "distance": 331, "postalCode": "N1 7GU", "cc": "GB", "city": "London", "state": "Greater London", "country": "United Kingdom", "formattedAddress": ["Suite LP36825", "London", "Greater London", "N1 7GU", "United Kingdom"]}, "categories": [{"id": "4bf58dd8d48988d1e2931735", "name": "Art Gallery", "pluralName": "Art Galleries", "shortName": "Art Gallery", "icon": {"prefix": "https://ss3.4sqi.net/img/categories_v2/arts_entertainment/artgallery_", "suffix": ".png"}, "primary": true}], "photos": {"count": 0, "groups": []}}, "referralId": "e-0-5a37f4162be4255325c654a2-1"}, {"reasons": {"count": 0, "items": [{"summary": "This spot is popular", "type": "general", "reasonName": "globalInteractionReason"}]}, "venue": {"id": "5b9ff14d018cbb002cb11553", "name": "New Motion", "location": {"lat": 51.485027, "lng": -0.12373164, "labeledLatLngs": [{"label": "display", "lat": 51.485027, "lng": -0.12373164}], "distance": 379, "postalCode": "SW8 1SP", "cc": "GB", "country": "United Kingdom", "formattedAddress": ["SW8 1SP", "United Kingdom"]}, "categories": [{"id": "4bf58dd8d48988d134941735", "name": "Dance Studio", "pluralName": "Dance Studios", "shortName": "Dance Studio", "icon": {"prefix": "https://ss3.4sqi.net/img/categories_v2/arts_entertainment/performingarts_dancestudio_", "suffix": ".png"}, "primary": true}], "photos": {"count": 0, "groups": []}}, "referralId": "e-0-5b9ff14d018cbb002cb11553-2"}, {"reasons": {"count": 0, "items": [{"summary": "This spot is popular", "type": "general", "reasonName": "globalInteractionReason"}]}, "venue": {"id": "5bb00b7a7c891c002d1c4161", "name": "The Maureen O\u2019Hara Cinema", "location": {"address": "Embassy Gardens Ambassador Building", "crossStreet": "off Ponton Road", "lat": 51.484268, "lng": -0.127784, "labeledLatLngs": [{"label": "display", "lat": 51.484268, "lng": -0.127784}], "distance": 394, "postalCode": "SW8 5DN", "cc": "GB", "city": "London", "state": "Greater London", "country": "United Kingdom", "formattedAddress": ["Embassy Gardens Ambassador Building (off Ponton Road)", "London", "Greater London", "SW8 5DN", "United Kingdom"]}, "categories": [{"id": "4bf58dd8d48988d180941735", "name": "Multiplex", "pluralName": "Multiplexes", "shortName": "Cineplex", "icon": {"prefix": "https://ss3.4sqi.net/img/categories_v2/arts_entertainment/movietheater_", "suffix": ".png"}, "primary": true}], "photos": {"count": 0, "groups": []}}, "referralId": "e-0-5bb00b7a7c891c002d1c4161-3"}]}]}}