{"meta": {"code": 200, "requestId": "5fedd9b9c94739757d61e5de"}, "response": {"headerLocation": "Upton Park", "headerFullLocation": "Upton Park, London", "headerLocationGranularity": "neighborhood", "query": "food", "totalResults": 6, "suggestedBounds": {"ne": {"lat": 51.536860003600005, "lng": 0.04241642132597241}, "sw": {"lat": 51.52965999639999, "lng": 0.030863578674027583}}, "groups": [{"type": "Recommended Places", "name": "recommended", "items": [{"reasons": {"count": 0, "items": [{"summary": "This spot is popular", "type": "general", "reasonName": "globalInteractionReason"}]}, "venue": {"id": "4cda582e930af04da7578497", "name": "Greggs", "location": {"address": "380 Green St", "lat": 51.53556751172075, "lng": 0.035283788510596, "labeledLatLngs": [{"label": "display", "lat": 51.53556751172075, "lng": 0.035283788510596}], "distance": 273, "postalCode": "E13 9AP", "cc": "GB", "city": "Upton Park", "state": "Greater London", "country": "United Kingdom", "formattedAddress": ["380 Green St", "Upton Park", "Greater London", "E13 9AP", "United Kingdom"]}, "categories": [{"id": "4bf58dd8d48988d16a941735", "name": "Bakery", "pluralName": "Bakeries", "shortName": "Bakery", "icon": {"prefix": "https://ss3.4sqi.net/img/categories_v2/food/bakery_", "suffix": ".png"}, "primary": true}], "photos": {"count": 0, "groups": []}}, "referralId": "e-0-4cda582e930af04da7578497-0"}, {"reasons": {"count": 0, "items": [{"summary": "This spot is popular", "type": "general", "reasonName": "globalInteractionReason"}]}, "venue": {"id": "4d2c9ed3888af04d2f01eaaf", "name": "Ercan Fish Bar", "location": {"address": "59 Barking Road", "lat": 51.530834, "lng": 0.040715, "labeledLatLngs": [{"label": "display", "lat": 51.530834, "lng": 0.040715}], "distance": 390, "postalCode": "E6 1PY", "cc": "GB", "city": "Upton Park", "state": "Greater London", "country": "United Kingdom", "formattedAddress": ["59 Barking Road", "Upton Park", "Greater London", "E6 1PY", "United Kingdom"]}, "categories": [{"id": "4edd64a0c7ddd24ca188df1a", "name": "Fish & Chips Shop", "pluralName": "Fish & Chips Shops", "shortName": "Fish & Chips", "icon": {"prefix": "https://ss3.4sqi.net/img/categories_v2/food/fishandchips_", "suffix": ".png"}, "primary": true}], "photos": {"count": 0, "groups": []}}, "referralId": "e-0-4d2c9ed3888af04d2f01eaaf-1"}, {"reasons": {"count": 0, "items": [{"summary": "This spot is popular", "type": "general", "reasonName": "globalInteractionReason"}]}, "venue": {"id": "4bac8e13f964a520f2fa3ae3", "name": "Subway", "location": {"address": "3 Station Parade", "crossStreet": "400 Green St", "lat": 51.53542452099902, "lng": 0.035557030373979615, "labeledLatLngs": [{"label": "display", "lat": 51.53542452099902, "lng": 0.035557030373979615}], "distance": 252, "postalCode": "E13 9AT", "cc": "GB", "city": "London", "country": "United Kingdom", "formattedAddress": ["3 Station Parade (400 Green St)", "London", "E13 9AT", "United Kingdom"]}, "categories": [{"id": "4bf58dd8d48988d1c5941735", "name": "Sandwich Place", "pluralName": "Sandwich Places", "shortName": "Sandwiches", "icon": {"prefix": "https://ss3.4sqi.net/img/categories_v2/food/deli_", "suffix": ".png"}, "primary": true}], "photos": {"count": 0, "groups": []}}, "referralId": "e-0-4bac8e13f964a520f2fa3ae3-2"}, {"reasons": {"count": 0, "items": [{"summary": "This spot is popular", "type": "general", "reasonName": "globalInteractionReason"}]}, "venue": {"id": "4bac8392f964a520a8f83ae3", "name": "Green Street Cafe", "location": {"address": "570 Green Street", "lat": 51.53063964456957, "lng": 0.037636756896972656, "labeledLatLngs": [{"label": "display", "lat": 51.53063964456957, "lng": 0.037636756896972656}], "distance": 299, "postalCode": "E13 9DA", "cc": "GB", "city": "London", "state": "Greater London", "country": "United Kingdom", "formattedAddress": ["570 Green Street", "London", "Greater London", "E13 9DA", "United Kingdom"]}, "categories": [{"id": "4bf58dd8d48988d16d941735", "name": "Caf\u00e9", "pluralName": "Caf\u00e9s", "shortName": "Caf\u00e9", "icon": {"prefix": "https://ss3.4sqi.net/img/categories_v2/food/cafe_", "suffix": ".png"}, "primary": true}], "photos": {"count": 0, "groups": []}}, "referralId": "e-0-4bac8392f964a520a8f83ae3-3"}, {"reasons": {"count": 0, "items": [{"summary": "This spot is popular", "type": "general", "reasonName": "globalInteractionReason"}]}, "venue": {"id": "4bddcb90587b2d7f361c5509", "name": "KFC", "location": {"address": "357 Green Street", "lat": 51.5358877, "lng": 0.0354818, "labeledLatLngs": [{"label": "display", "lat": 51.5358877, "lng": 0.0354818}], "distance": 303, "postalCode": "E13 9AS", "cc": "GB", "city": "Upton Park", "state": "Greater London", "country": "United Kingdom", "formattedAddress": ["357 Green Street", "Upton Park", "Greater London", "E13 9AS", "United Kingdom"]}, "categories": [{"id": "4bf58dd8d48988d16e941735", "name": "Fast Food Restaurant", "pluralName": "Fast Food Restaurants", "shortName": "Fast Food", "icon": {"prefix": "https://ss3.4sqi.net/img/categories_v2/food/fastfood_", "suffix": ".png"}, "primary": true}], "photos": {"count": 0, "groups": []}, "venuePage": {"id": "582981156"}}, "referralId": "e-0-4bddcb90587b2d7f361c5509-4"}, {"reasons": {"count": 0, "items": [{"summary": "This spot is popular", "type": "general", "reasonName": "globalInteractionReason"}]}, "venue": {"id": "4d61a996d7206ea851ec02f2", "name": "Friends Coffee House", "location": {"address": "749 Barking Road", "lat": 51.53028616893825, "lng": 0.037814345132614446, "labeledLatLngs": [{"label": "display", "lat": 51.53028616893825, "lng": 0.037814345132614446}], "distance": 340, "postalCode": "E13 9ER", "cc": "GB", "city": "Plaistow", "state": "Greater London", "country": "United Kingdom", "formattedAddress": ["749 Barking Road", "Plaistow", "Greater London", "E13 9ER", "United Kingdom"]}, "categories": [{"id": "4bf58dd8d48988d16d941735", "name": "Caf\u00e9", "pluralName": "Caf\u00e9s", "shortName": "Caf\u00e9", "icon": {"prefix": "https://ss3.4sqi.net/img/categories_v2/food/cafe_", "suffix": ".png"}, "primary": true}], "photos": {"count": 0, "groups": []}}, "referralId": "e-0-4d61a996d7206ea851ec02f2-5"}]}]}}