{"meta": {"code": 200, "requestId": "5fedd9e9c932c558be9a9754"}, "response": {"warning": {"text": "There aren't a lot of results near you. Try something more general, reset your filters, or expand the search area."}, "headerLocation": "Colindale", "headerFullLocation": "Colindale, London", "headerLocationGranularity": "neighborhood", "query": "arts entertainment", "totalResults": 0, "suggestedBounds": {"ne": {"lat": 51.5968700036, "lng": -0.25230595040629367}, "sw": {"lat": 51.58966999639999, "lng": -0.2638740495937063}}, "groups": [{"type": "Recommended Places", "name": "recommended", "items": []}]}}