{"meta": {"code": 200, "requestId": "5fedd9edafd2f83d5fc05632"}, "response": {"warning": {"text": "There aren't a lot of results near you. Try something more general, reset your filters, or expand the search area."}, "headerLocation": "Barnet", "headerFullLocation": "Barnet, London", "headerLocationGranularity": "neighborhood", "query": "food", "totalResults": 2, "suggestedBounds": {"ne": {"lat": 51.6056000036, "lng": -0.19521483847021717}, "sw": {"lat": 51.59839999639999, "lng": -0.20678516152978285}}, "groups": [{"type": "Recommended Places", "name": "recommended", "items": [{"reasons": {"count": 0, "items": [{"summary": "This spot is popular", "type": "general", "reasonName": "globalInteractionReason"}]}, "venue": {"id": "4b2fdba4f964a52061f124e3", "name": "Sun and Sand", "location": {"address": "Hendon Lane", "lat": 51.5998150277759, "lng": -0.19665803686852454, "labeledLatLngs": [{"label": "display", "lat": 51.5998150277759, "lng": -0.19665803686852454}], "distance": 386, "postalCode": "N3 1TR", "cc": "GB", "city": "London", "state": "Greater London", "country": "United Kingdom", "formattedAddress": ["Hendon Lane", "London", "Greater London", "N3 1TR", "United Kingdom"]}, "categories": [{"id": "4bf58dd8d48988d10f941735", "name": "Indian Restaurant", "pluralName": "Indian Restaurants", "shortName": "Indian", "icon": {"prefix": "https://ss3.4sqi.net/img/categories_v2/food/indian_", "suffix": ".png"}, "primary": true}], "photos": {"count": 0, "groups": []}}, "referralId": "e-0-4b2fdba4f964a52061f124e3-0"}, {"reasons": {"count": 0, "items": [{"summary": "This spot is popular", "type": "general", "reasonName": "globalInteractionReason"}]}, "venue": {"id": "4e81c6b15503eadc0f4ef065", "name": "Kings Cafe", "location": {"address": "8 Hendon Lane", "lat": 51.59994965458165, "lng": -0.19624739242565137, "labeledLatLngs": [{"label": "display", "lat": 51.59994965458165, "lng": -0.19624739242565137}], "distance": 400, "postalCode": "N3 1TR", "cc": "GB", "city": "Finchley", "state": "Greater London", "country": "United Kingdom", "formattedAddress": ["8 Hendon Lane", "Finchley", "Greater London", "N3 1TR", "United Kingdom"]}, "categories": [{"id": "4bf58dd8d48988d16d941735", "name": "Caf\u00e9", "pluralName": "Caf\u00e9s", "shortName": "Caf\u00e9", "icon": {"prefix": "https://ss3.4sqi.net/img/categories_v2/food/cafe_", "suffix": ".png"}, "primary": true}], "photos": {"count": 0, "groups": []}}, "referralId": "e-0-4e81c6b15503eadc0f4ef065-1"}]}]}}