{"meta": {"code": 200, "requestId": "5fedda2135102e558005cefd"}, "response": {"suggestedFilters": {"header": "Tap to show:", "filters": [{"name": "Open now", "key": "openNow"}]}, "headerLocation": "Canning Town South", "headerFullLocation": "Canning Town South, London", "headerLocationGranularity": "neighborhood", "query": "travel", "totalResults": 10, "suggestedBounds": {"ne": {"lat": 51.51189000360001, "lng": 0.02501325501334355}, "sw": {"lat": 51.504689996399996, "lng": 0.01346674498665645}}, "groups": [{"type": "Recommended Places", "name": "recommended", "items": [{"reasons": {"count": 0, "items": [{"summary": "This spot is popular", "type": "general", "reasonName": "globalInteractionReason"}]}, "venue": {"id": "4bc78b3593bdeee1927f37ae", "name": "Sunborn Yacht Hotel London", "location": {"address": "Royal Victoria Dock", "lat": 51.507236044832794, "lng": 0.02416585527052706, "labeledLatLngs": [{"label": "display", "lat": 51.507236044832794, "lng": 0.02416585527052706}], "distance": 360, "postalCode": "E16 1AA", "cc": "GB", "city": "London", "state": "Greater London", "country": "United Kingdom", "formattedAddress": ["Royal Victoria Dock", "London", "Greater London", "E16 1AA", "United Kingdom"]}, "categories": [{"id": "4bf58dd8d48988d1fa931735", "name": "Hotel", "pluralName": "Hotels", "shortName": "Hotel", "icon": {"prefix": "https://ss3.4sqi.net/img/categories_v2/travel/hotel_", "suffix": ".png"}, "primary": true}], "photos": {"count": 0, "groups": []}}, "referralId": "e-0-4bc78b3593bdeee1927f37ae-0"}, {"reasons": {"count": 0, "items": [{"summary": "This spot is popular", "type": "general", "reasonName": "globalInteractionReason"}]}, "venue": {"id": "4b55971af964a5204ee827e3", "name": "Crowne Plaza London Docklands", "location": {"address": "Western Gateway, Royal Victoria Dock", "lat": 51.50826834842422, "lng": 0.020320415496826172, "labeledLatLngs": [{"label": "display", "lat": 51.50826834842422, "lng": 0.020320415496826172}], "distance": 74, "postalCode": "E16 1AL", "cc": "GB", "city": "City of London", "state": "Greater London", "country": "United Kingdom", "formattedAddress": ["Western Gateway, Royal Victoria Dock", "City of London", "Greater London", "E16 1AL", "United Kingdom"]}, "categories": [{"id": "4bf58dd8d48988d1fa931735", "name": "Hotel", "pluralName": "Hotels", "shortName": "Hotel", "icon": {"prefix": "https://ss3.4sqi.net/img/categories_v2/travel/hotel_", "suffix": ".png"}, "primary": true}], "photos": {"count": 0, "groups": []}}, "referralId": "e-0-4b55971af964a5204ee827e3-1"}, {"reasons": {"count": 0, "items": [{"summary": "This spot is popular", "type": "general", "reasonName": "globalInteractionReason"}]}, "venue": {"id": "584abd4b5804ea0f94ff0cdd", "name": "Good Hotel London", "location": {"address": "Western Gateway", "lat": 51.50769859025688, "lng": 0.019599577116951056, "labeledLatLngs": [{"label": "display", "lat": 51.50769859025688, "lng": 0.019599577116951056}], "distance": 70, "postalCode": "E16 1FA", "cc": "GB", "city": "London", "state": "Greater London", "country": "United Kingdom", "formattedAddress": ["Western Gateway", "London", "Greater London", "E16 1FA", "United Kingdom"]}, "categories": [{"id": "4bf58dd8d48988d1fa931735", "name": "Hotel", "pluralName": "Hotels", "shortName": "Hotel", "icon": {"prefix": "https://ss3.4sqi.net/img/categories_v2/travel/hotel_", "suffix": ".png"}, "primary": true}], "photos": {"count": 0, "groups": []}}, "referralId": "e-0-584abd4b5804ea0f94ff0cdd-2"}, {"reasons": {"count": 0, "items": [{"summary": "This spot is popular", "type": "general", "reasonName": "globalInteractionReason"}]}, "venue": {"id": "4ace56a8f964a520fccf20e3", "name": "Novotel London Excel", "location": {"address": "7 Western Gateway, Royal Victoria Dock", "crossStreet": "Royal Victoria Dock", "lat": 51.50786724523994, "lng": 0.023212837034861877, "labeledLatLngs": [{"label": "display", "lat": 51.50786724523994, "lng": 0.023212837034861877}], "distance": 279, "postalCode": "E16 1AA", "cc": "GB", "city": "London", "state": "Greater London", "country": "United Kingdom", "formattedAddress": ["7 Western Gateway, Royal Victoria Dock (Royal Victoria Dock)", "London", "Greater London", "E16 1AA", "United Kingdom"]}, "categories": [{"id": "4bf58dd8d48988d1fa931735", "name": "Hotel", "pluralName": "Hotels", "shortName": "Hotel", "icon": {"prefix": "https://ss3.4sqi.net/img/categories_v2/travel/hotel_", "suffix": ".png"}, "primary": true}], "photos": {"count": 0, "groups": []}}, "referralId": "e-0-4ace56a8f964a520fccf20e3-3"}, {"reasons": {"count": 0, "items": [{"summary": "This spot is popular", "type": "general", "reasonName": "globalInteractionReason"}]}, "venue": {"id": "512a29d6e4b0e22f0436265c", "name": "Platform 2", "location": {"address": "Royal Victoria DLR Station", "lat": 51.50915143334411, "lng": 0.017546766051780537, "labeledLatLngs": [{"label": "display", "lat": 51.50915143334411, "lng": 0.017546766051780537}], "distance": 151, "cc": "GB", "city": "London", "state": "Greater London", "country": "United Kingdom", "formattedAddress": ["Royal Victoria DLR Station", "London", "Greater London", "United Kingdom"]}, "categories": [{"id": "4f4531504b9074f6e4fb0102", "name": "Platform", "pluralName": "Platforms", "shortName": "Platform", "icon": {"prefix": "https://ss3.4sqi.net/img/categories_v2/travel/trainstation_", "suffix": ".png"}, "primary": true}], "photos": {"count": 0, "groups": []}}, "referralId": "e-0-512a29d6e4b0e22f0436265c-4"}, {"reasons": {"count": 0, "items": [{"summary": "This spot is popular", "type": "general", "reasonName": "globalInteractionReason"}]}, "venue": {"id": "5995e2a18a6f171cde4b35f7", "name": "Platform 1", "location": {"address": "Royal Victoria DLR", "lat": 51.509177, "lng": 0.017785, "labeledLatLngs": [{"label": "display", "lat": 51.509177, "lng": 0.017785}], "distance": 141, "postalCode": "E16", "cc": "GB", "city": "London", "state": "Greater London", "country": "United Kingdom", "formattedAddress": ["Royal Victoria DLR", "London", "Greater London", "E16", "United Kingdom"]}, "categories": [{"id": "4f4531504b9074f6e4fb0102", "name": "Platform", "pluralName": "Platforms", "shortName": "Platform", "icon": {"prefix": "https://ss3.4sqi.net/img/categories_v2/travel/trainstation_", "suffix": ".png"}, "primary": true}], "photos": {"count": 0, "groups": []}}, "referralId": "e-0-5995e2a18a6f171cde4b35f7-5"}, {"reasons": {"count": 0, "items": [{"summary": "This spot is popular", "type": "general", "reasonName": "globalInteractionReason"}]}, "venue": {"id": "4efe28af29c201c6fbc3563d", "name": "Emirates Air Line Royal Docks Terminal", "location": {"address": "27 Western Gateway", "lat": 51.50774030436701, "lng": 0.01805106052600894, "labeledLatLngs": [{"label": "display", "lat": 51.50774030436701, "lng": 0.01805106052600894}], "distance": 102, "postalCode": "E16 4FA", "cc": "GB", "city": "Royal Docks", "state": "Greater London", "country": "United Kingdom", "formattedAddress": ["27 Western Gateway", "Royal Docks", "Greater London", "E16 4FA", "United Kingdom"]}, "categories": [{"id": "52f2ab2ebcbc57f1066b8b50", "name": "Cable Car", "pluralName": "Cable Cars", "shortName": "Cable Car", "icon": {"prefix": "https://ss3.4sqi.net/img/categories_v2/travel/trainstation_", "suffix": ".png"}, "primary": true}], "photos": {"count": 0, "groups": []}}, "referralId": "e-0-4efe28af29c201c6fbc3563d-6"}, {"reasons": {"count": 0, "items": [{"summary": "This spot is popular", "type": "general", "reasonName": "globalInteractionReason"}]}, "venue": {"id": "4b629f1bf964a520194d2ae3", "name": "Royal Victoria DLR Station", "location": {"address": "Victoria Dock Rd", "lat": 51.50914538632219, "lng": 0.01796032113369958, "labeledLatLngs": [{"label": "display", "lat": 51.50914538632219, "lng": 0.01796032113369958}], "distance": 130, "postalCode": "E16 3BT", "cc": "GB", "city": "Greater London", "state": "Greater London", "country": "United Kingdom", "formattedAddress": ["Victoria Dock Rd", "Greater London", "E16 3BT", "United Kingdom"]}, "categories": [{"id": "4bf58dd8d48988d1fc931735", "name": "Light Rail Station", "pluralName": "Light Rail Stations", "shortName": "Light Rail", "icon": {"prefix": "https://ss3.4sqi.net/img/categories_v2/travel/lightrail_", "suffix": ".png"}, "primary": true}], "photos": {"count": 0, "groups": []}}, "referralId": "e-0-4b629f1bf964a520194d2ae3-7"}, {"reasons": {"count": 0, "items": [{"summary": "This spot is popular", "type": "general", "reasonName": "globalInteractionReason"}]}, "venue": {"id": "4ace5729f964a52001d020e3", "name": "Ibis Hotel", "location": {"address": "9 Western Gateway, Royal Victoria Dock", "crossStreet": "Royal Victoria Dock", "lat": 51.50785787870945, "lng": 0.022604370749832015, "labeledLatLngs": [{"label": "display", "lat": 51.50785787870945, "lng": 0.022604370749832015}], "distance": 238, "postalCode": "E16 1AB", "cc": "GB", "city": "London", "state": "Greater London", "country": "United Kingdom", "formattedAddress": ["9 Western Gateway, Royal Victoria Dock (Royal Victoria Dock)", "London", "Greater London", "E16 1AB", "United Kingdom"]}, "categories": [{"id": "4bf58dd8d48988d1fa931735", "name": "Hotel", "pluralName": "Hotels", "shortName": "Hotel", "icon": {"prefix": "https://ss3.4sqi.net/img/categories_v2/travel/hotel_", "suffix": ".png"}, "primary": true}], "photos": {"count": 0, "groups": []}}, "referralId": "e-0-4ace5729f964a52001d020e3-8"}, {"reasons": {"count": 0, "items": [{"summary": "This spot is popular", "type": "general", "reasonName": "globalInteractionReason"}]}, "venue": {"id": "4ef37faef7909b0d2d37c70b", "name": "Charrington Steps", "location": {"address": "A1020", "lat": 51.50825446138627, "lng": 0.013684352499553602, "labeledLatLngs": [{"label": "display", "lat": 51.50825446138627, "lng": 0.013684352499553602}], "distance": 384, "cc": "GB", "country": "United Kingdom", "formattedAddress": ["A1020", "United Kingdom"]}, "categories": [{"id": "4bf58dd8d48988d1fe931735", "name": "Bus Station", "pluralName": "Bus Stations", "shortName": "Bus Station", "icon": {"prefix": "https://ss3.4sqi.net/img/categories_v2/travel/busstation_", "suffix": ".png"}, "primary": true}], "photos": {"count": 0, "groups": []}}, "referralId": "e-0-4ef37faef7909b0d2d37c70b-9"}]}]}}