{"meta": {"code": 200, "requestId": "5fedd9b676cf540ef154fbc7"}, "response": {"suggestedFilters": {"header": "Tap to show:", "filters": [{"name": "Open now", "key": "openNow"}]}, "headerLocation": "Lambeth", "headerFullLocation": "Lambeth, London", "headerLocationGranularity": "neighborhood", "query": "travel", "totalResults": 64, "suggestedBounds": {"ne": {"lat": 51.50835000360001, "lng": -0.10799719350555599}, "sw": {"lat": 51.501149996399995, "lng": -0.119542806494444}}, "groups": [{"type": "Recommended Places", "name": "recommended", "items": [{"reasons": {"count": 0, "items": [{"summary": "This spot is popular", "type": "general", "reasonName": "globalInteractionReason"}]}, "venue": {"id": "4bb716892ea19521498aac2f", "name": "Union Jack Club", "location": {"address": "Sandell St", "crossStreet": "Waterloo Rd", "lat": 51.50326651044798, "lng": -0.11077718711151946, "labeledLatLngs": [{"label": "display", "lat": 51.50326651044798, "lng": -0.11077718711151946}], "distance": 265, "postalCode": "SE1 8UJ", "cc": "GB", "city": "Waterloo", "state": "Greater London", "country": "United Kingdom", "formattedAddress": ["Sandell St (Waterloo Rd)", "Waterloo", "Greater London", "SE1 8UJ", "United Kingdom"]}, "categories": [{"id": "4bf58dd8d48988d1fa931735", "name": "Hotel", "pluralName": "Hotels", "shortName": "Hotel", "icon": {"prefix": "https://ss3.4sqi.net/img/categories_v2/travel/hotel_", "suffix": ".png"}, "primary": true}], "photos": {"count": 0, "groups": []}}, "referralId": "e-0-4bb716892ea19521498aac2f-0"}, {"reasons": {"count": 0, "items": [{"summary": "This spot is popular", "type": "general", "reasonName": "globalInteractionReason"}]}, "venue": {"id": "4acd8e7df964a52044cc20e3", "name": "London Waterloo Railway Station (WAT) (London Waterloo Railway Station)", "location": {"address": "Station Approach", "lat": 51.50311479785434, "lng": -0.11265849974122291, "distance": 197, "postalCode": "SE1 8SW", "cc": "GB", "city": "South Bank", "state": "Greater London", "country": "United Kingdom", "formattedAddress": ["Station Approach", "South Bank", "Greater London", "SE1 8SW", "United Kingdom"]}, "categories": [{"id": "4bf58dd8d48988d129951735", "name": "Train Station", "pluralName": "Train Stations", "shortName": "Train Station", "icon": {"prefix": "https://ss3.4sqi.net/img/categories_v2/travel/trainstation_", "suffix": ".png"}, "primary": true}], "photos": {"count": 0, "groups": []}}, "referralId": "e-0-4acd8e7df964a52044cc20e3-1"}, {"reasons": {"count": 0, "items": [{"summary": "This spot is popular", "type": "general", "reasonName": "globalInteractionReason"}]}, "venue": {"id": "568ae5c5498e46fe02064157", "name": "Premier Inn London County Hall", "location": {"address": "Belvedere Rd", "crossStreet": "County Hall", "lat": 51.5024997, "lng": -0.1180709, "labeledLatLngs": [{"label": "display", "lat": 51.5024997, "lng": -0.1180709}], "distance": 389, "postalCode": "SE1 7PB", "cc": "GB", "city": "Waterloo", "state": "Greater London", "country": "United Kingdom", "formattedAddress": ["Belvedere Rd (County Hall)", "Waterloo", "Greater London", "SE1 7PB", "United Kingdom"]}, "categories": [{"id": "4bf58dd8d48988d1fa931735", "name": "Hotel", "pluralName": "Hotels", "shortName": "Hotel", "icon": {"prefix": "https://ss3.4sqi.net/img/categories_v2/travel/hotel_", "suffix": ".png"}, "primary": true}], "photos": {"count": 0, "groups": []}}, "referralId": "e-0-568ae5c5498e46fe02064157-2"}, {"reasons": {"count": 0, "items": [{"summary": "This spot is popular", "type": "general", "reasonName": "globalInteractionReason"}]}, "venue": {"id": "4b8240dff964a5203cce30e3", "name": "Platform 14", "location": {"address": "London Waterloo Station (WAT)", "lat": 51.50307047311123, "lng": -0.1129383520812481, "labeledLatLngs": [{"label": "display", "lat": 51.50307047311123, "lng": -0.1129383520812481}], "distance": 195, "postalCode": "SE1 8SW", "cc": "GB", "city": "London", "state": "Greater London", "country": "United Kingdom", "formattedAddress": ["London Waterloo Station (WAT)", "London", "Greater London", "SE1 8SW", "United Kingdom"]}, "categories": [{"id": "4f4531504b9074f6e4fb0102", "name": "Platform", "pluralName": "Platforms", "shortName": "Platform", "icon": {"prefix": "https://ss3.4sqi.net/img/categories_v2/travel/trainstation_", "suffix": ".png"}, "primary": true}], "photos": {"count": 0, "groups": []}}, "referralId": "e-0-4b8240dff964a5203cce30e3-3"}, {"reasons": {"count": 0, "items": [{"summary": "This spot is popular", "type": "general", "reasonName": "globalInteractionReason"}]}, "venue": {"id": "4b61bd63f964a520bf1f2ae3", "name": "Platform 13", "location": {"address": "London Waterloo Station (WAT)", "lat": 51.5030707753047, "lng": -0.1129159514596189, "labeledLatLngs": [{"label": "display", "lat": 51.5030707753047, "lng": -0.1129159514596189}], "distance": 196, "postalCode": "SE1 8SW", "cc": "GB", "city": "London", "state": "Greater London", "country": "United Kingdom", "formattedAddress": ["London Waterloo Station (WAT)", "London", "Greater London", "SE1 8SW", "United Kingdom"]}, "categories": [{"id": "4f4531504b9074f6e4fb0102", "name": "Platform", "pluralName": "Platforms", "shortName": "Platform", "icon": {"prefix": "https://ss3.4sqi.net/img/categories_v2/travel/trainstation_", "suffix": ".png"}, "primary": true}], "photos": {"count": 0, "groups": []}}, "referralId": "e-0-4b61bd63f964a520bf1f2ae3-4"}, {"reasons": {"count": 0, "items": [{"summary": "This spot is popular", "type": "general", "reasonName": "globalInteractionReason"}]}, "venue": {"id": "4b5f4e44f964a5200bb329e3", "name": "Platform 18", "location": {"address": "London Waterloo Station (WAT)", "lat": 51.50325983887452, "lng": -0.11337161064147948, "labeledLatLngs": [{"label": "display", "lat": 51.50325983887452, "lng": -0.11337161064147948}], "distance": 168, "postalCode": "SE1 8SW", "cc": "GB", "city": "London", "state": "Greater London", "country": "United Kingdom", "formattedAddress": ["London Waterloo Station (WAT)", "London", "Greater London", "SE1 8SW", "United Kingdom"]}, "categories": [{"id": "4f4531504b9074f6e4fb0102", "name": "Platform", "pluralName": "Platforms", "shortName": "Platform", "icon": {"prefix": "https://ss3.4sqi.net/img/categories_v2/travel/trainstation_", "suffix": ".png"}, "primary": true}], "photos": {"count": 0, "groups": []}}, "referralId": "e-0-4b5f4e44f964a5200bb329e3-5"}, {"reasons": {"count": 0, "items": [{"summary": "This spot is popular", "type": "general", "reasonName": "globalInteractionReason"}]}, "venue": {"id": "4f782c16e4b03b459e14c392", "name": "Bus Stop J", "location": {"address": "Waterloo Station", "lat": 51.5042733797366, "lng": -0.11326381903354267, "labeledLatLngs": [{"label": "display", "lat": 51.5042733797366, "lng": -0.11326381903354267}], "distance": 63, "cc": "GB", "country": "United Kingdom", "formattedAddress": ["Waterloo Station", "United Kingdom"]}, "categories": [{"id": "52f2ab2ebcbc57f1066b8b4f", "name": "Bus Stop", "pluralName": "Bus Stops", "shortName": "Bus Stop", "icon": {"prefix": "https://ss3.4sqi.net/img/categories_v2/travel/busstation_", "suffix": ".png"}, "primary": true}], "photos": {"count": 0, "groups": []}}, "referralId": "e-0-4f782c16e4b03b459e14c392-6"}, {"reasons": {"count": 0, "items": [{"summary": "This spot is popular", "type": "general", "reasonName": "globalInteractionReason"}]}, "venue": {"id": "4f1b9386e4b0918979f47191", "name": "Waterloo Station/York Road Bus Stop V", "location": {"address": "York Rd", "crossStreet": "Sutton Walk", "lat": 51.50425717178278, "lng": -0.11478878380869953, "labeledLatLngs": [{"label": "display", "lat": 51.50425717178278, "lng": -0.11478878380869953}], "distance": 89, "cc": "GB", "city": "London", "state": "Greater London", "country": "United Kingdom", "formattedAddress": ["York Rd (Sutton Walk)", "London", "Greater London", "United Kingdom"]}, "categories": [{"id": "52f2ab2ebcbc57f1066b8b4f", "name": "Bus Stop", "pluralName": "Bus Stops", "shortName": "Bus Stop", "icon": {"prefix": "https://ss3.4sqi.net/img/categories_v2/travel/busstation_", "suffix": ".png"}, "primary": true}], "photos": {"count": 0, "groups": []}}, "referralId": "e-0-4f1b9386e4b0918979f47191-7"}, {"reasons": {"count": 0, "items": [{"summary": "This spot is popular", "type": "general", "reasonName": "globalInteractionReason"}]}, "venue": {"id": "4b596121f964a520908628e3", "name": "Bus Stop H (59337)", "location": {"address": "Waterloo Station", "crossStreet": "at Tenison Way", "lat": 51.50375139974813, "lng": -0.1128795364146301, "labeledLatLngs": [{"label": "display", "lat": 51.50375139974813, "lng": -0.1128795364146301}], "distance": 127, "postalCode": "SE1", "cc": "GB", "city": "Waterloo", "state": "Greater London", "country": "United Kingdom", "formattedAddress": ["Waterloo Station (at Tenison Way)", "Waterloo", "Greater London", " SE1", "United Kingdom"]}, "categories": [{"id": "52f2ab2ebcbc57f1066b8b4f", "name": "Bus Stop", "pluralName": "Bus Stops", "shortName": "Bus Stop", "icon": {"prefix": "https://ss3.4sqi.net/img/categories_v2/travel/busstation_", "suffix": ".png"}, "primary": true}], "photos": {"count": 0, "groups": []}}, "referralId": "e-0-4b596121f964a520908628e3-8"}, {"reasons": {"count": 0, "items": [{"summary": "This spot is popular", "type": "general", "reasonName": "globalInteractionReason"}]}, "venue": {"id": "4b8422f7f964a520fc2231e3", "name": "Platform 17", "location": {"address": "London Waterloo Station (WAT)", "lat": 51.50310930152896, "lng": -0.11365006113830792, "labeledLatLngs": [{"label": "display", "lat": 51.50310930152896, "lng": -0.11365006113830792}], "distance": 182, "postalCode": "SE1 8SW", "cc": "GB", "city": "London", "state": "Greater London", "country": "United Kingdom", "formattedAddress": ["London Waterloo Station (WAT)", "London", "Greater London", "SE1 8SW", "United Kingdom"]}, "categories": [{"id": "4f4531504b9074f6e4fb0102", "name": "Platform", "pluralName": "Platforms", "shortName": "Platform", "icon": {"prefix": "https://ss3.4sqi.net/img/categories_v2/travel/trainstation_", "suffix": ".png"}, "primary": true}], "photos": {"count": 0, "groups": []}}, "referralId": "e-0-4b8422f7f964a520fc2231e3-9"}, {"reasons": {"count": 0, "items": [{"summary": "This spot is popular", "type": "general", "reasonName": "globalInteractionReason"}]}, "venue": {"id": "5da6ddae7bc9390007eb99f0", "name": "LuggageHero", "location": {"address": "21 York Rd", "lat": 51.5037599, "lng": -0.114865, "labeledLatLngs": [{"label": "display", "lat": 51.5037599, "lng": -0.114865}], "distance": 133, "postalCode": "SE1 7NJ", "cc": "GB", "city": "South Bank", "state": "Greater London", "country": "United Kingdom", "formattedAddress": ["21 York Rd", "South Bank", "Greater London", "SE1 7NJ", "United Kingdom"]}, "categories": [{"id": "5744ccdfe4b0c0459246b4e8", "name": "Baggage Locker", "pluralName": "Baggage Lockers", "shortName": "Baggage Locker", "icon": {"prefix": "https://ss3.4sqi.net/img/categories_v2/travel/default_", "suffix": ".png"}, "primary": true}], "photos": {"count": 0, "groups": []}}, "referralId": "e-0-5da6ddae7bc9390007eb99f0-10"}, {"reasons": {"count": 0, "items": [{"summary": "This spot is popular", "type": "general", "reasonName": "globalInteractionReason"}]}, "venue": {"id": "57f37cc6498e6d20a1437ae5", "name": "Bus Stop H: Waterloo Station, Tenison Way (59337)", "location": {"lat": 51.50425, "lng": -0.112817, "labeledLatLngs": [{"label": "display", "lat": 51.50425, "lng": -0.112817}], "distance": 86, "postalCode": "SE1", "cc": "GB", "city": "London", "state": "Greater London", "country": "United Kingdom", "formattedAddress": ["London", "Greater London", "SE1", "United Kingdom"]}, "categories": [{"id": "52f2ab2ebcbc57f1066b8b4f", "name": "Bus Stop", "pluralName": "Bus Stops", "shortName": "Bus Stop", "icon": {"prefix": "https://ss3.4sqi.net/img/categories_v2/travel/busstation_", "suffix": ".png"}, "primary": true}], "photos": {"count": 0, "groups": []}}, "referralId": "e-0-57f37cc6498e6d20a1437ae5-11"}, {"reasons": {"count": 0, "items": [{"summary": "This spot is popular", "type": "general", "reasonName": "globalInteractionReason"}]}, "venue": {"id": "5723a007498e7db35ce33b59", "name": "Bus Stop K: Tenison Way/Waterloo Station", "location": {"lat": 51.504448, "lng": -0.113761, "labeledLatLngs": [{"label": "display", "lat": 51.504448, "lng": -0.113761}], "distance": 33, "cc": "GB", "country": "United Kingdom", "formattedAddress": ["United Kingdom"]}, "categories": [{"id": "52f2ab2ebcbc57f1066b8b4f", "name": "Bus Stop", "pluralName": "Bus Stops", "shortName": "Bus Stop", "icon": {"prefix": "https://ss3.4sqi.net/img/categories_v2/travel/busstation_", "suffix": ".png"}, "primary": true}], "photos": {"count": 0, "groups": []}}, "referralId": "e-0-5723a007498e7db35ce33b59-12"}, {"reasons": {"count": 0, "items": [{"summary": "This spot is popular", "type": "general", "reasonName": "globalInteractionReason"}]}, "venue": {"id": "55b10d12498e00b2aa41d064", "name": "Platform 22", "location": {"address": "London Waterloo Station (WAT)", "lat": 51.502994537353516, "lng": -0.11343497782945633, "labeledLatLngs": [{"label": "display", "lat": 51.502994537353516, "lng": -0.11343497782945633}], "distance": 196, "cc": "GB", "city": "London", "state": "Greater London", "country": "United Kingdom", "formattedAddress": ["London Waterloo Station (WAT)", "London", "Greater London", "United Kingdom"]}, "categories": [{"id": "4f4531504b9074f6e4fb0102", "name": "Platform", "pluralName": "Platforms", "shortName": "Platform", "icon": {"prefix": "https://ss3.4sqi.net/img/categories_v2/travel/trainstation_", "suffix": ".png"}, "primary": true}], "photos": {"count": 0, "groups": []}}, "referralId": "e-0-55b10d12498e00b2aa41d064-13"}, {"reasons": {"count": 0, "items": [{"summary": "This spot is popular", "type": "general", "reasonName": "globalInteractionReason"}]}, "venue": {"id": "4f1d212fe4b095bc476aa464", "name": "Aldwych Kingsway (Stop F)", "location": {"address": "55 Aldwych", "lat": 51.50626930398229, "lng": -0.11486145831313599, "labeledLatLngs": [{"label": "display", "lat": 51.50626930398229, "lng": -0.11486145831313599}], "distance": 185, "cc": "GB", "city": "London", "state": "Greater London", "country": "United Kingdom", "formattedAddress": ["55 Aldwych", "London", "Greater London", "United Kingdom"]}, "categories": [{"id": "52f2ab2ebcbc57f1066b8b4f", "name": "Bus Stop", "pluralName": "Bus Stops", "shortName": "Bus Stop", "icon": {"prefix": "https://ss3.4sqi.net/img/categories_v2/travel/busstation_", "suffix": ".png"}, "primary": true}], "photos": {"count": 0, "groups": []}}, "referralId": "e-0-4f1d212fe4b095bc476aa464-14"}, {"reasons": {"count": 0, "items": [{"summary": "This spot is popular", "type": "general", "reasonName": "globalInteractionReason"}]}, "venue": {"id": "4b4cbbe8f964a5205cbc26e3", "name": "Platform 16", "location": {"address": "London Waterloo Station (WAT)", "lat": 51.50308848604817, "lng": -0.11291191832782219, "labeledLatLngs": [{"label": "display", "lat": 51.50308848604817, "lng": -0.11291191832782219}], "distance": 194, "postalCode": "SE1 8SW", "cc": "GB", "city": "Waterloo", "state": "Greater London", "country": "United Kingdom", "formattedAddress": ["London Waterloo Station (WAT)", "Waterloo", "Greater London", "SE1 8SW", "United Kingdom"]}, "categories": [{"id": "4f4531504b9074f6e4fb0102", "name": "Platform", "pluralName": "Platforms", "shortName": "Platform", "icon": {"prefix": "https://ss3.4sqi.net/img/categories_v2/travel/trainstation_", "suffix": ".png"}, "primary": true}], "photos": {"count": 0, "groups": []}}, "referralId": "e-0-4b4cbbe8f964a5205cbc26e3-15"}, {"reasons": {"count": 0, "items": [{"summary": "This spot is popular", "type": "general", "reasonName": "globalInteractionReason"}]}, "venue": {"id": "578fc518498e5b4b67f4685c", "name": "Waterloo Station/Mepham Street Bus Stop", "location": {"address": "Mepham St", "lat": 51.50393, "lng": -0.11308193, "labeledLatLngs": [{"label": "display", "lat": 51.50393, "lng": -0.11308193}], "distance": 102, "postalCode": "SE1 8SQ", "cc": "GB", "city": "London", "state": "Greater London", "country": "United Kingdom", "formattedAddress": ["Mepham St", "London", "Greater London", "SE1 8SQ", "United Kingdom"]}, "categories": [{"id": "52f2ab2ebcbc57f1066b8b4f", "name": "Bus Stop", "pluralName": "Bus Stops", "shortName": "Bus Stop", "icon": {"prefix": "https://ss3.4sqi.net/img/categories_v2/travel/busstation_", "suffix": ".png"}, "primary": true}], "photos": {"count": 0, "groups": []}}, "referralId": "e-0-578fc518498e5b4b67f4685c-16"}, {"reasons": {"count": 0, "items": [{"summary": "This spot is popular", "type": "general", "reasonName": "globalInteractionReason"}]}, "venue": {"id": "4bea5c29a9900f4751731640", "name": "Waterloo Bus Interchange", "location": {"address": "Tenison Way", "lat": 51.5042549065934, "lng": -0.11324286460876465, "labeledLatLngs": [{"label": "display", "lat": 51.5042549065934, "lng": -0.11324286460876465}], "distance": 66, "postalCode": "SE1 8LN", "cc": "GB", "city": "London", "state": "Greater London", "country": "United Kingdom", "formattedAddress": ["Tenison Way", "London", "Greater London", "SE1 8LN", "United Kingdom"]}, "categories": [{"id": "4bf58dd8d48988d1fe931735", "name": "Bus Station", "pluralName": "Bus Stations", "shortName": "Bus Station", "icon": {"prefix": "https://ss3.4sqi.net/img/categories_v2/travel/busstation_", "suffix": ".png"}, "primary": true}], "photos": {"count": 0, "groups": []}}, "referralId": "e-0-4bea5c29a9900f4751731640-17"}, {"reasons": {"count": 0, "items": [{"summary": "This spot is popular", "type": "general", "reasonName": "globalInteractionReason"}]}, "venue": {"id": "4b2f38c5f964a52048ea24e3", "name": "Platform 19", "location": {"address": "London Waterloo Station (WAT)", "lat": 51.502964687244706, "lng": -0.11400363939453897, "labeledLatLngs": [{"label": "display", "lat": 51.502964687244706, "lng": -0.11400363939453897}], "distance": 199, "postalCode": "SE1 8SW", "cc": "GB", "city": "Waterloo", "state": "Greater London", "country": "United Kingdom", "formattedAddress": ["London Waterloo Station (WAT)", "Waterloo", "Greater London", "SE1 8SW", "United Kingdom"]}, "categories": [{"id": "4f4531504b9074f6e4fb0102", "name": "Platform", "pluralName": "Platforms", "shortName": "Platform", "icon": {"prefix": "https://ss3.4sqi.net/img/categories_v2/travel/trainstation_", "suffix": ".png"}, "primary": true}], "photos": {"count": 0, "groups": []}}, "referralId": "e-0-4b2f38c5f964a52048ea24e3-18"}, {"reasons": {"count": 0, "items": [{"summary": "This spot is popular", "type": "general", "reasonName": "globalInteractionReason"}]}, "venue": {"id": "4c9117f5ae96a093f797a046", "name": "TfL Santander Cycle Hire", "location": {"address": "Belvedere Rd", "crossStreet": "under Waterloo Br", "lat": 51.506071350015446, "lng": -0.1146697998046875, "labeledLatLngs": [{"label": "display", "lat": 51.506071350015446, "lng": -0.1146697998046875}], "distance": 159, "cc": "GB", "city": "South Bank", "state": "Greater London", "country": "United Kingdom", "formattedAddress": ["Belvedere Rd (under Waterloo Br)", "South Bank", "Greater London", "United Kingdom"]}, "categories": [{"id": "4e4c9077bd41f78e849722f9", "name": "Bike Rental / Bike Share", "pluralName": "Bike Rentals / Bike Shares", "shortName": "Bike", "icon": {"prefix": "https://ss3.4sqi.net/img/categories_v2/shops/bikeshop_", "suffix": ".png"}, "primary": true}], "photos": {"count": 0, "groups": []}}, "referralId": "e-0-4c9117f5ae96a093f797a046-19"}, {"reasons": {"count": 0, "items": [{"summary": "This spot is popular", "type": "general", "reasonName": "globalInteractionReason"}]}, "venue": {"id": "4d9f10a8884dd7cee0ce9cc5", "name": "TfL Santander Cycle Hire", "location": {"address": "London Waterloo Railway Station (WAT)", "crossStreet": "Mepham St", "lat": 51.50390095882086, "lng": -0.11326968669891357, "labeledLatLngs": [{"label": "display", "lat": 51.50390095882086, "lng": -0.11326968669891357}], "distance": 100, "postalCode": "SE1 8SW", "cc": "GB", "city": "Waterloo", "state": "Greater London", "country": "United Kingdom", "formattedAddress": ["London Waterloo Railway Station (WAT) (Mepham St)", "Waterloo", "Greater London", "SE1 8SW", "United Kingdom"]}, "categories": [{"id": "4e4c9077bd41f78e849722f9", "name": "Bike Rental / Bike Share", "pluralName": "Bike Rentals / Bike Shares", "shortName": "Bike", "icon": {"prefix": "https://ss3.4sqi.net/img/categories_v2/shops/bikeshop_", "suffix": ".png"}, "primary": true}], "photos": {"count": 0, "groups": []}}, "referralId": "e-0-4d9f10a8884dd7cee0ce9cc5-20"}, {"reasons": {"count": 0, "items": [{"summary": "This spot is popular", "type": "general", "reasonName": "globalInteractionReason"}]}, "venue": {"id": "4b1fe70df964a520872a24e3", "name": "Platform 12", "location": {"address": "London Waterloo Station (WAT)", "lat": 51.503015183829355, "lng": -0.11303324382584984, "labeledLatLngs": [{"label": "display", "lat": 51.503015183829355, "lng": -0.11303324382584984}], "distance": 199, "postalCode": "SE1 8SW", "cc": "GB", "city": "London", "state": "Greater London", "country": "United Kingdom", "formattedAddress": ["London Waterloo Station (WAT)", "London", "Greater London", "SE1 8SW", "United Kingdom"]}, "categories": [{"id": "4f4531504b9074f6e4fb0102", "name": "Platform", "pluralName": "Platforms", "shortName": "Platform", "icon": {"prefix": "https://ss3.4sqi.net/img/categories_v2/travel/trainstation_", "suffix": ".png"}, "primary": true}], "photos": {"count": 0, "groups": []}}, "referralId": "e-0-4b1fe70df964a520872a24e3-21"}, {"reasons": {"count": 0, "items": [{"summary": "This spot is popular", "type": "general", "reasonName": "globalInteractionReason"}]}, "venue": {"id": "4c3c2298933b0f47bfa9e321", "name": "Bus Stop K", "location": {"address": "Tenison Way", "lat": 51.504458528871275, "lng": -0.11358742132262531, "labeledLatLngs": [{"label": "display", "lat": 51.504458528871275, "lng": -0.11358742132262531}], "distance": 34, "cc": "GB", "city": "London", "state": "Greater London", "country": "United Kingdom", "formattedAddress": ["Tenison Way", "London", "Greater London", "United Kingdom"]}, "categories": [{"id": "52f2ab2ebcbc57f1066b8b4f", "name": "Bus Stop", "pluralName": "Bus Stops", "shortName": "Bus Stop", "icon": {"prefix": "https://ss3.4sqi.net/img/categories_v2/travel/busstation_", "suffix": ".png"}, "primary": true}], "photos": {"count": 0, "groups": []}}, "referralId": "e-0-4c3c2298933b0f47bfa9e321-22"}, {"reasons": {"count": 0, "items": [{"summary": "This spot is popular", "type": "general", "reasonName": "globalInteractionReason"}]}, "venue": {"id": "515ef5df498ef2a22a090bab", "name": "Waterloo Station, York Road (W)", "location": {"address": "York Rd", "crossStreet": "Station Approach", "lat": 51.50357846574546, "lng": -0.11527085073437557, "labeledLatLngs": [{"label": "display", "lat": 51.50357846574546, "lng": -0.11527085073437557}], "distance": 166, "cc": "GB", "city": "London", "state": "Greater London", "country": "United Kingdom", "formattedAddress": ["York Rd (Station Approach)", "London", "Greater London", "United Kingdom"]}, "categories": [{"id": "52f2ab2ebcbc57f1066b8b4f", "name": "Bus Stop", "pluralName": "Bus Stops", "shortName": "Bus Stop", "icon": {"prefix": "https://ss3.4sqi.net/img/categories_v2/travel/busstation_", "suffix": ".png"}, "primary": true}], "photos": {"count": 0, "groups": []}}, "referralId": "e-0-515ef5df498ef2a22a090bab-23"}, {"reasons": {"count": 0, "items": [{"summary": "This spot is popular", "type": "general", "reasonName": "globalInteractionReason"}]}, "venue": {"id": "4f808a92e4b0ef209840bf59", "name": "Waterloo Bridge / South Bank (P)", "location": {"address": "Waterloo Bridge", "lat": 51.506170268164624, "lng": -0.11489833028195162, "labeledLatLngs": [{"label": "display", "lat": 51.506170268164624, "lng": -0.11489833028195162}], "distance": 176, "cc": "GB", "city": "Waterloo", "state": "Greater London", "country": "United Kingdom", "formattedAddress": ["Waterloo Bridge", "Waterloo", "Greater London", "United Kingdom"]}, "categories": [{"id": "52f2ab2ebcbc57f1066b8b4f", "name": "Bus Stop", "pluralName": "Bus Stops", "shortName": "Bus Stop", "icon": {"prefix": "https://ss3.4sqi.net/img/categories_v2/travel/busstation_", "suffix": ".png"}, "primary": true}], "photos": {"count": 0, "groups": []}}, "referralId": "e-0-4f808a92e4b0ef209840bf59-24"}, {"reasons": {"count": 0, "items": [{"summary": "This spot is popular", "type": "general", "reasonName": "globalInteractionReason"}]}, "venue": {"id": "4b47a837f964a5204b3926e3", "name": "Platform 9", "location": {"address": "London Waterloo Station (WAT)", "lat": 51.50302476469332, "lng": -0.11257860941604976, "labeledLatLngs": [{"label": "display", "lat": 51.50302476469332, "lng": -0.11257860941604976}], "distance": 209, "postalCode": "SE1 8SW", "cc": "GB", "city": "London", "state": "Greater London", "country": "United Kingdom", "formattedAddress": ["London Waterloo Station (WAT)", "London", "Greater London", "SE1 8SW", "United Kingdom"]}, "categories": [{"id": "4f4531504b9074f6e4fb0102", "name": "Platform", "pluralName": "Platforms", "shortName": "Platform", "icon": {"prefix": "https://ss3.4sqi.net/img/categories_v2/travel/trainstation_", "suffix": ".png"}, "primary": true}], "photos": {"count": 0, "groups": []}}, "referralId": "e-0-4b47a837f964a5204b3926e3-25"}, {"reasons": {"count": 0, "items": [{"summary": "This spot is popular", "type": "general", "reasonName": "globalInteractionReason"}]}, "venue": {"id": "537ef6a7498eb6fba386e3ad", "name": "Platform 21", "location": {"address": "London Waterloo Station (WAT)", "lat": 51.50311371881761, "lng": -0.112288257426638, "labeledLatLngs": [{"label": "display", "lat": 51.50311371881761, "lng": -0.112288257426638}], "distance": 209, "cc": "GB", "city": "Waterloo", "state": "Greater London", "country": "United Kingdom", "formattedAddress": ["London Waterloo Station (WAT)", "Waterloo", "Greater London", "United Kingdom"]}, "categories": [{"id": "4f4531504b9074f6e4fb0102", "name": "Platform", "pluralName": "Platforms", "shortName": "Platform", "icon": {"prefix": "https://ss3.4sqi.net/img/categories_v2/travel/trainstation_", "suffix": ".png"}, "primary": true}], "photos": {"count": 0, "groups": []}}, "referralId": "e-0-537ef6a7498eb6fba386e3ad-26"}, {"reasons": {"count": 0, "items": [{"summary": "This spot is popular", "type": "general", "reasonName": "globalInteractionReason"}]}, "venue": {"id": "598cce0cdd12f8153a7c4a6e", "name": "Platform 23", "location": {"address": "London Waterloo Station (WAT)", "lat": 51.50286581276557, "lng": -0.11376857757568358, "labeledLatLngs": [{"label": "display", "lat": 51.50286581276557, "lng": -0.11376857757568358}], "distance": 209, "postalCode": "SE1", "cc": "GB", "city": "London", "state": "Greater London", "country": "United Kingdom", "formattedAddress": ["London Waterloo Station (WAT)", "London", "Greater London", "SE1", "United Kingdom"]}, "categories": [{"id": "4f4531504b9074f6e4fb0102", "name": "Platform", "pluralName": "Platforms", "shortName": "Platform", "icon": {"prefix": "https://ss3.4sqi.net/img/categories_v2/travel/trainstation_", "suffix": ".png"}, "primary": true}], "photos": {"count": 0, "groups": []}}, "referralId": "e-0-598cce0cdd12f8153a7c4a6e-27"}, {"reasons": {"count": 0, "items": [{"summary": "This spot is popular", "type": "general", "reasonName": "globalInteractionReason"}]}, "venue": {"id": "4e6522552271573ad8c56d91", "name": "Waterloo Station/Waterloo Road Bus Stop F", "location": {"address": "Waterloo Rd", "lat": 51.50356207326791, "lng": -0.11128253405621909, "labeledLatLngs": [{"label": "display", "lat": 51.50356207326791, "lng": -0.11128253405621909}], "distance": 217, "cc": "GB", "city": "London", "state": "Greater London", "country": "United Kingdom", "formattedAddress": ["Waterloo Rd", "London", "Greater London", "United Kingdom"]}, "categories": [{"id": "52f2ab2ebcbc57f1066b8b4f", "name": "Bus Stop", "pluralName": "Bus Stops", "shortName": "Bus Stop", "icon": {"prefix": "https://ss3.4sqi.net/img/categories_v2/travel/busstation_", "suffix": ".png"}, "primary": true}], "photos": {"count": 0, "groups": []}}, "referralId": "e-0-4e6522552271573ad8c56d91-28"}, {"reasons": {"count": 0, "items": [{"summary": "This spot is popular", "type": "general", "reasonName": "globalInteractionReason"}]}, "venue": {"id": "4c2a3596b1ddc9b6e7bc52fb", "name": "Platform 15", "location": {"address": "London Waterloo Station (WAT)", "lat": 51.502821533207104, "lng": -0.11334372315685416, "labeledLatLngs": [{"label": "display", "lat": 51.502821533207104, "lng": -0.11334372315685416}], "distance": 216, "postalCode": "SE1 8SW", "cc": "GB", "city": "London", "state": "Greater London", "country": "United Kingdom", "formattedAddress": ["London Waterloo Station (WAT)", "London", "Greater London", "SE1 8SW", "United Kingdom"]}, "categories": [{"id": "4f4531504b9074f6e4fb0102", "name": "Platform", "pluralName": "Platforms", "shortName": "Platform", "icon": {"prefix": "https://ss3.4sqi.net/img/categories_v2/travel/trainstation_", "suffix": ".png"}, "primary": true}], "photos": {"count": 0, "groups": []}}, "referralId": "e-0-4c2a3596b1ddc9b6e7bc52fb-29"}, {"reasons": {"count": 0, "items": [{"summary": "This spot is popular", "type": "general", "reasonName": "globalInteractionReason"}]}, "venue": {"id": "4b61d754f964a52053262ae3", "name": "Platform 10", "location": {"address": "London Waterloo Station (WAT)", "lat": 51.5028626347945, "lng": -0.11290386515602445, "labeledLatLngs": [{"label": "display", "lat": 51.5028626347945, "lng": -0.11290386515602445}], "distance": 218, "postalCode": "SE1 8SW", "cc": "GB", "city": "London", "state": "Greater London", "country": "United Kingdom", "formattedAddress": ["London Waterloo Station (WAT)", "London", "Greater London", "SE1 8SW", "United Kingdom"]}, "categories": [{"id": "4f4531504b9074f6e4fb0102", "name": "Platform", "pluralName": "Platforms", "shortName": "Platform", "icon": {"prefix": "https://ss3.4sqi.net/img/categories_v2/travel/trainstation_", "suffix": ".png"}, "primary": true}], "photos": {"count": 0, "groups": []}}, "referralId": "e-0-4b61d754f964a52053262ae3-30"}, {"reasons": {"count": 0, "items": [{"summary": "This spot is popular", "type": "general", "reasonName": "globalInteractionReason"}]}, "venue": {"id": "4d172481bb64224b5c5fbe65", "name": "Waterloo Station Upper Taxi Road Bus Stop", "location": {"address": "Waterloo Rd", "lat": 51.50308091137004, "lng": -0.11209089330284627, "labeledLatLngs": [{"label": "display", "lat": 51.50308091137004, "lng": -0.11209089330284627}], "distance": 219, "postalCode": "SE 1 8", "cc": "GB", "city": "London", "state": "Greater London", "country": "United Kingdom", "formattedAddress": ["Waterloo Rd", "London", "Greater London", "SE 1 8", "United Kingdom"]}, "categories": [{"id": "52f2ab2ebcbc57f1066b8b4f", "name": "Bus Stop", "pluralName": "Bus Stops", "shortName": "Bus Stop", "icon": {"prefix": "https://ss3.4sqi.net/img/categories_v2/travel/busstation_", "suffix": ".png"}, "primary": true}], "photos": {"count": 0, "groups": []}}, "referralId": "e-0-4d172481bb64224b5c5fbe65-31"}, {"reasons": {"count": 0, "items": [{"summary": "This spot is popular", "type": "general", "reasonName": "globalInteractionReason"}]}, "venue": {"id": "4b4cc64ef964a52050be26e3", "name": "Platform 8", "location": {"address": "London Waterloo Station (WAT)", "lat": 51.502976777841006, "lng": -0.11241333349418522, "labeledLatLngs": [{"label": "display", "lat": 51.502976777841006, "lng": -0.11241333349418522}], "distance": 218, "postalCode": "SE1 8SW", "cc": "GB", "city": "London", "state": "Greater London", "country": "United Kingdom", "formattedAddress": ["London Waterloo Station (WAT)", "London", "Greater London", "SE1 8SW", "United Kingdom"]}, "categories": [{"id": "4f4531504b9074f6e4fb0102", "name": "Platform", "pluralName": "Platforms", "shortName": "Platform", "icon": {"prefix": "https://ss3.4sqi.net/img/categories_v2/travel/trainstation_", "suffix": ".png"}, "primary": true}], "photos": {"count": 0, "groups": []}}, "referralId": "e-0-4b4cc64ef964a52050be26e3-32"}, {"reasons": {"count": 0, "items": [{"summary": "This spot is popular", "type": "general", "reasonName": "globalInteractionReason"}]}, "venue": {"id": "4bcc5c18b6c49c74808b9391", "name": "Platform 11", "location": {"address": "London Waterloo Station (WAT)", "lat": 51.502800193833984, "lng": -0.11300109036030624, "labeledLatLngs": [{"label": "display", "lat": 51.502800193833984, "lng": -0.11300109036030624}], "distance": 223, "postalCode": "SE1 8SW", "cc": "GB", "city": "London", "state": "Greater London", "country": "United Kingdom", "formattedAddress": ["London Waterloo Station (WAT)", "London", "Greater London", "SE1 8SW", "United Kingdom"]}, "categories": [{"id": "4f4531504b9074f6e4fb0102", "name": "Platform", "pluralName": "Platforms", "shortName": "Platform", "icon": {"prefix": "https://ss3.4sqi.net/img/categories_v2/travel/trainstation_", "suffix": ".png"}, "primary": true}], "photos": {"count": 0, "groups": []}}, "referralId": "e-0-4bcc5c18b6c49c74808b9391-33"}, {"reasons": {"count": 0, "items": [{"summary": "This spot is popular", "type": "general", "reasonName": "globalInteractionReason"}]}, "venue": {"id": "505a0516e4b09d25166da4c4", "name": "Waterloo Underground Walkway", "location": {"address": "York Rd", "lat": 51.503374, "lng": -0.111062, "distance": 242, "postalCode": "SE1 7ND", "cc": "GB", "city": "London", "state": "Greater London", "country": "United Kingdom", "formattedAddress": ["York Rd", "London", "Greater London", "SE1 7ND", "United Kingdom"]}, "categories": [{"id": "4f2a23984b9023bd5841ed2c", "name": "Moving Target", "pluralName": "Moving Targets", "shortName": "Moving Target", "icon": {"prefix": "https://ss3.4sqi.net/img/categories_v2/travel/movingtarget_", "suffix": ".png"}, "primary": true}], "photos": {"count": 0, "groups": []}}, "referralId": "e-0-505a0516e4b09d25166da4c4-34"}, {"reasons": {"count": 0, "items": [{"summary": "This spot is popular", "type": "general", "reasonName": "globalInteractionReason"}]}, "venue": {"id": "4b703685f964a520f00b2de3", "name": "Waterloo London Underground Station", "location": {"address": "York Rd", "crossStreet": "at Station App", "lat": 51.50332146968501, "lng": -0.11103804774731067, "labeledLatLngs": [{"label": "display", "lat": 51.50332146968501, "lng": -0.11103804774731067}], "distance": 247, "postalCode": "SE1 7ND", "cc": "GB", "city": "London", "state": "Greater London", "country": "United Kingdom", "formattedAddress": ["York Rd (at Station App)", "London", "Greater London", "SE1 7ND", "United Kingdom"]}, "categories": [{"id": "4bf58dd8d48988d1fd931735", "name": "Metro Station", "pluralName": "Metro Stations", "shortName": "Metro", "icon": {"prefix": "https://ss3.4sqi.net/img/categories_v2/travel/subway_", "suffix": ".png"}, "primary": true}], "photos": {"count": 0, "groups": []}}, "referralId": "e-0-4b703685f964a520f00b2de3-35"}, {"reasons": {"count": 0, "items": [{"summary": "This spot is popular", "type": "general", "reasonName": "globalInteractionReason"}]}, "venue": {"id": "59894a326fd626071dff10bb", "name": "Platform 24", "location": {"address": "London Waterloo Railway Station", "lat": 51.502584, "lng": -0.115206, "labeledLatLngs": [{"label": "display", "lat": 51.502584, "lng": -0.115206}], "distance": 260, "postalCode": "SE1", "cc": "GB", "city": "London", "state": "Greater London", "country": "United Kingdom", "formattedAddress": ["London Waterloo Railway Station", "London", "Greater London", "SE1", "United Kingdom"]}, "categories": [{"id": "4f4531504b9074f6e4fb0102", "name": "Platform", "pluralName": "Platforms", "shortName": "Platform", "icon": {"prefix": "https://ss3.4sqi.net/img/categories_v2/travel/trainstation_", "suffix": ".png"}, "primary": true}], "photos": {"count": 0, "groups": []}}, "referralId": "e-0-59894a326fd626071dff10bb-36"}, {"reasons": {"count": 0, "items": [{"summary": "This spot is popular", "type": "general", "reasonName": "globalInteractionReason"}]}, "venue": {"id": "4b437a82f964a52057e125e3", "name": "Platform 6", "location": {"address": "London Waterloo Station (WAT)", "lat": 51.502612031433955, "lng": -0.11215925216674805, "labeledLatLngs": [{"label": "display", "lat": 51.502612031433955, "lng": -0.11215925216674805}], "distance": 262, "postalCode": "SE1 8SW", "cc": "GB", "city": "London", "state": "Greater London", "country": "United Kingdom", "formattedAddress": ["London Waterloo Station (WAT)", "London", "Greater London", "SE1 8SW", "United Kingdom"]}, "categories": [{"id": "4f4531504b9074f6e4fb0102", "name": "Platform", "pluralName": "Platforms", "shortName": "Platform", "icon": {"prefix": "https://ss3.4sqi.net/img/categories_v2/travel/trainstation_", "suffix": ".png"}, "primary": true}], "photos": {"count": 0, "groups": []}}, "referralId": "e-0-4b437a82f964a52057e125e3-37"}, {"reasons": {"count": 0, "items": [{"summary": "This spot is popular", "type": "general", "reasonName": "globalInteractionReason"}]}, "venue": {"id": "4b6ea92af964a520a8c52ce3", "name": "Platform 7", "location": {"address": "London Waterloo Station (WAT)", "lat": 51.502447546022125, "lng": -0.11290036256128513, "labeledLatLngs": [{"label": "display", "lat": 51.502447546022125, "lng": -0.11290036256128513}], "distance": 263, "postalCode": "SE1 8SW", "cc": "GB", "city": "London", "state": "Greater London", "country": "United Kingdom", "formattedAddress": ["London Waterloo Station (WAT)", "London", "Greater London", "SE1 8SW", "United Kingdom"]}, "categories": [{"id": "4f4531504b9074f6e4fb0102", "name": "Platform", "pluralName": "Platforms", "shortName": "Platform", "icon": {"prefix": "https://ss3.4sqi.net/img/categories_v2/travel/trainstation_", "suffix": ".png"}, "primary": true}], "photos": {"count": 0, "groups": []}}, "referralId": "e-0-4b6ea92af964a520a8c52ce3-38"}, {"reasons": {"count": 0, "items": [{"summary": "This spot is popular", "type": "general", "reasonName": "globalInteractionReason"}]}, "venue": {"id": "4bb28b49a32876b0aec300fe", "name": "Waterloo Station Taxi Rank", "location": {"address": "Cab Rd", "lat": 51.50271100214978, "lng": -0.11173027379776307, "labeledLatLngs": [{"label": "display", "lat": 51.50271100214978, "lng": -0.11173027379776307}], "distance": 267, "postalCode": "SE1 8SW", "cc": "GB", "city": "London", "state": "Greater London", "country": "United Kingdom", "formattedAddress": ["Cab Rd", "London", "Greater London", "SE1 8SW", "United Kingdom"]}, "categories": [{"id": "53fca564498e1a175f32528b", "name": "Taxi Stand", "pluralName": "Taxi Stands", "shortName": "Taxi Stand", "icon": {"prefix": "https://ss3.4sqi.net/img/categories_v2/travel/taxi_", "suffix": ".png"}, "primary": true}], "photos": {"count": 0, "groups": []}}, "referralId": "e-0-4bb28b49a32876b0aec300fe-39"}, {"reasons": {"count": 0, "items": [{"summary": "This spot is popular", "type": "general", "reasonName": "globalInteractionReason"}]}, "venue": {"id": "4c47646519fde21ef8230876", "name": "Platform 1", "location": {"address": "London Waterloo Station (WAT)", "lat": 51.502550639649584, "lng": -0.11196263413780104, "labeledLatLngs": [{"label": "display", "lat": 51.502550639649584, "lng": -0.11196263413780104}], "distance": 275, "postalCode": "SE1 8SW", "cc": "GB", "city": "London", "state": "Greater London", "country": "United Kingdom", "formattedAddress": ["London Waterloo Station (WAT)", "London", "Greater London", "SE1 8SW", "United Kingdom"]}, "categories": [{"id": "4f4531504b9074f6e4fb0102", "name": "Platform", "pluralName": "Platforms", "shortName": "Platform", "icon": {"prefix": "https://ss3.4sqi.net/img/categories_v2/travel/trainstation_", "suffix": ".png"}, "primary": true}], "photos": {"count": 0, "groups": []}}, "referralId": "e-0-4c47646519fde21ef8230876-40"}, {"reasons": {"count": 0, "items": [{"summary": "This spot is popular", "type": "general", "reasonName": "globalInteractionReason"}]}, "venue": {"id": "4f569f9ee4b03aa91d35a242", "name": "Waterloo Bridge Bus Stop N", "location": {"address": "Waterloo Bridge", "lat": 51.507043874737555, "lng": -0.1153238172685633, "labeledLatLngs": [{"label": "display", "lat": 51.507043874737555, "lng": -0.1153238172685633}], "distance": 277, "cc": "GB", "city": "Waterloo", "state": "Greater London", "country": "United Kingdom", "formattedAddress": ["Waterloo Bridge", "Waterloo", "Greater London", "United Kingdom"]}, "categories": [{"id": "52f2ab2ebcbc57f1066b8b4f", "name": "Bus Stop", "pluralName": "Bus Stops", "shortName": "Bus Stop", "icon": {"prefix": "https://ss3.4sqi.net/img/categories_v2/travel/busstation_", "suffix": ".png"}, "primary": true}], "photos": {"count": 0, "groups": []}}, "referralId": "e-0-4f569f9ee4b03aa91d35a242-41"}, {"reasons": {"count": 0, "items": [{"summary": "This spot is popular", "type": "general", "reasonName": "globalInteractionReason"}]}, "venue": {"id": "4c1d0b11eac020a11d8247c2", "name": "Bus Stop D (76884)", "location": {"address": "Waterloo Station", "crossStreet": "at  Waterloo Rd.", "lat": 51.50303000492842, "lng": -0.11080676887998474, "labeledLatLngs": [{"label": "display", "lat": 51.50303000492842, "lng": -0.11080676887998474}], "distance": 280, "cc": "GB", "city": "Waterloo", "state": "Greater London", "country": "United Kingdom", "formattedAddress": ["Waterloo Station (at  Waterloo Rd.)", "Waterloo", "Greater London", "United Kingdom"]}, "categories": [{"id": "52f2ab2ebcbc57f1066b8b4f", "name": "Bus Stop", "pluralName": "Bus Stops", "shortName": "Bus Stop", "icon": {"prefix": "https://ss3.4sqi.net/img/categories_v2/travel/busstation_", "suffix": ".png"}, "primary": true}], "photos": {"count": 0, "groups": []}}, "referralId": "e-0-4c1d0b11eac020a11d8247c2-42"}, {"reasons": {"count": 0, "items": [{"summary": "This spot is popular", "type": "general", "reasonName": "globalInteractionReason"}]}, "venue": {"id": "4b1ba7cbf964a52075fc23e3", "name": "Platform 2", "location": {"address": "London Waterloo Station (WAT)", "lat": 51.50250693419107, "lng": -0.111922097380477, "labeledLatLngs": [{"label": "display", "lat": 51.50250693419107, "lng": -0.111922097380477}], "distance": 280, "postalCode": "SE1 8SW", "cc": "GB", "city": "London", "state": "Greater London", "country": "United Kingdom", "formattedAddress": ["London Waterloo Station (WAT)", "London", "Greater London", "SE1 8SW", "United Kingdom"]}, "categories": [{"id": "4f4531504b9074f6e4fb0102", "name": "Platform", "pluralName": "Platforms", "shortName": "Platform", "icon": {"prefix": "https://ss3.4sqi.net/img/categories_v2/travel/trainstation_", "suffix": ".png"}, "primary": true}], "photos": {"count": 0, "groups": []}}, "referralId": "e-0-4b1ba7cbf964a52075fc23e3-43"}, {"reasons": {"count": 0, "items": [{"summary": "This spot is popular", "type": "general", "reasonName": "globalInteractionReason"}]}, "venue": {"id": "4d8b030f1508a143cb59311e", "name": "Bus Stop C (54221)", "location": {"address": "Waterloo Station", "crossStreet": "at Waterloo Rd.", "lat": 51.50304216851793, "lng": -0.11074604049662155, "labeledLatLngs": [{"label": "display", "lat": 51.50304216851793, "lng": -0.11074604049662155}], "distance": 282, "postalCode": "SE1", "cc": "GB", "city": "Waterloo", "state": "Greater London", "country": "United Kingdom", "formattedAddress": ["Waterloo Station (at Waterloo Rd.)", "Waterloo", "Greater London", " SE1", "United Kingdom"]}, "categories": [{"id": "52f2ab2ebcbc57f1066b8b4f", "name": "Bus Stop", "pluralName": "Bus Stops", "shortName": "Bus Stop", "icon": {"prefix": "https://ss3.4sqi.net/img/categories_v2/travel/busstation_", "suffix": ".png"}, "primary": true}], "photos": {"count": 0, "groups": []}}, "referralId": "e-0-4d8b030f1508a143cb59311e-44"}, {"reasons": {"count": 0, "items": [{"summary": "This spot is popular", "type": "general", "reasonName": "globalInteractionReason"}]}, "venue": {"id": "4c0fdbf3ce640f47c9003952", "name": "Platform 5", "location": {"address": "London Waterloo Station (WAT)", "lat": 51.50239706420834, "lng": -0.11218087171213639, "labeledLatLngs": [{"label": "display", "lat": 51.50239706420834, "lng": -0.11218087171213639}], "distance": 284, "postalCode": "SE1 8SW", "cc": "GB", "city": "London", "state": "Greater London", "country": "United Kingdom", "formattedAddress": ["London Waterloo Station (WAT)", "London", "Greater London", "SE1 8SW", "United Kingdom"]}, "categories": [{"id": "4f4531504b9074f6e4fb0102", "name": "Platform", "pluralName": "Platforms", "shortName": "Platform", "icon": {"prefix": "https://ss3.4sqi.net/img/categories_v2/travel/trainstation_", "suffix": ".png"}, "primary": true}], "photos": {"count": 0, "groups": []}}, "referralId": "e-0-4c0fdbf3ce640f47c9003952-45"}, {"reasons": {"count": 0, "items": [{"summary": "This spot is popular", "type": "general", "reasonName": "globalInteractionReason"}]}, "venue": {"id": "5346c93f498e2b82dbcf7919", "name": "London Eye (Z)", "location": {"address": "Chicheley St", "crossStreet": "York Rd", "lat": 51.502849452213795, "lng": -0.11653460942747342, "labeledLatLngs": [{"label": "display", "lat": 51.502849452213795, "lng": -0.11653460942747342}], "distance": 285, "cc": "GB", "city": "London", "state": "Greater London", "country": "United Kingdom", "formattedAddress": ["Chicheley St (York Rd)", "London", "Greater London", "United Kingdom"]}, "categories": [{"id": "52f2ab2ebcbc57f1066b8b4f", "name": "Bus Stop", "pluralName": "Bus Stops", "shortName": "Bus Stop", "icon": {"prefix": "https://ss3.4sqi.net/img/categories_v2/travel/busstation_", "suffix": ".png"}, "primary": true}], "photos": {"count": 0, "groups": []}}, "referralId": "e-0-5346c93f498e2b82dbcf7919-46"}, {"reasons": {"count": 0, "items": [{"summary": "This spot is popular", "type": "general", "reasonName": "globalInteractionReason"}]}, "venue": {"id": "4b5c90b9f964a520e43629e3", "name": "Platform 3", "location": {"address": "London Waterloo Station (WAT)", "lat": 51.50242053059251, "lng": -0.11200864219892871, "labeledLatLngs": [{"label": "display", "lat": 51.50242053059251, "lng": -0.11200864219892871}], "distance": 286, "postalCode": "SE1 8SW", "cc": "GB", "city": "London", "state": "Greater London", "country": "United Kingdom", "formattedAddress": ["London Waterloo Station (WAT)", "London", "Greater London", "SE1 8SW", "United Kingdom"]}, "categories": [{"id": "4f4531504b9074f6e4fb0102", "name": "Platform", "pluralName": "Platforms", "shortName": "Platform", "icon": {"prefix": "https://ss3.4sqi.net/img/categories_v2/travel/trainstation_", "suffix": ".png"}, "primary": true}], "photos": {"count": 0, "groups": []}}, "referralId": "e-0-4b5c90b9f964a520e43629e3-47"}, {"reasons": {"count": 0, "items": [{"summary": "This spot is popular", "type": "general", "reasonName": "globalInteractionReason"}]}, "venue": {"id": "4b6cb221f964a520f04c2ce3", "name": "Platform 4", "location": {"address": "London Waterloo Station (WAT)", "lat": 51.50232646794983, "lng": -0.11224967528720016, "labeledLatLngs": [{"label": "display", "lat": 51.50232646794983, "lng": -0.11224967528720016}], "distance": 289, "postalCode": "SE1 8SW", "cc": "GB", "city": "London", "state": "Greater London", "country": "United Kingdom", "formattedAddress": ["London Waterloo Station (WAT)", "London", "Greater London", "SE1 8SW", "United Kingdom"]}, "categories": [{"id": "4f4531504b9074f6e4fb0102", "name": "Platform", "pluralName": "Platforms", "shortName": "Platform", "icon": {"prefix": "https://ss3.4sqi.net/img/categories_v2/travel/trainstation_", "suffix": ".png"}, "primary": true}], "photos": {"count": 0, "groups": []}}, "referralId": "e-0-4b6cb221f964a520f04c2ce3-48"}, {"reasons": {"count": 0, "items": [{"summary": "This spot is popular", "type": "general", "reasonName": "globalInteractionReason"}]}, "venue": {"id": "4b68aba5f964a52035862be3", "name": "Premier Inn London Waterloo", "location": {"address": "85 York Rd", "lat": 51.5018864, "lng": -0.1165677, "labeledLatLngs": [{"label": "display", "lat": 51.5018864, "lng": -0.1165677}], "distance": 373, "postalCode": "SE1 7NJ", "cc": "GB", "city": "Waterloo", "state": "Greater London", "country": "United Kingdom", "formattedAddress": ["85 York Rd", "Waterloo", "Greater London", "SE1 7NJ", "United Kingdom"]}, "categories": [{"id": "4bf58dd8d48988d1fa931735", "name": "Hotel", "pluralName": "Hotels", "shortName": "Hotel", "icon": {"prefix": "https://ss3.4sqi.net/img/categories_v2/travel/hotel_", "suffix": ".png"}, "primary": true}], "photos": {"count": 0, "groups": []}}, "referralId": "e-0-4b68aba5f964a52035862be3-49"}, {"reasons": {"count": 0, "items": [{"summary": "This spot is popular", "type": "general", "reasonName": "globalInteractionReason"}]}, "venue": {"id": "5232cab611d2af47f515e34c", "name": "Platform 20", "location": {"address": "London Waterloo Station (WAT)", "lat": 51.502080361765366, "lng": -0.1150044993926714, "labeledLatLngs": [{"label": "display", "lat": 51.502080361765366, "lng": -0.1150044993926714}], "distance": 309, "cc": "GB", "city": "London", "state": "Greater London", "country": "United Kingdom", "formattedAddress": ["London Waterloo Station (WAT)", "London", "Greater London", "United Kingdom"]}, "categories": [{"id": "4f4531504b9074f6e4fb0102", "name": "Platform", "pluralName": "Platforms", "shortName": "Platform", "icon": {"prefix": "https://ss3.4sqi.net/img/categories_v2/travel/trainstation_", "suffix": ".png"}, "primary": true}], "photos": {"count": 0, "groups": []}}, "referralId": "e-0-5232cab611d2af47f515e34c-50"}, {"reasons": {"count": 0, "items": [{"summary": "This spot is popular", "type": "general", "reasonName": "globalInteractionReason"}]}, "venue": {"id": "4cc412104fcfbfb72c7ebe24", "name": "Platform B", "location": {"address": "Waterloo East Station (WAE)", "lat": 51.504014489537944, "lng": -0.1093912124633789, "labeledLatLngs": [{"label": "display", "lat": 51.504014489537944, "lng": -0.1093912124633789}], "distance": 314, "postalCode": "SE1 8NH", "cc": "GB", "city": "London", "state": "Greater London", "country": "United Kingdom", "formattedAddress": ["Waterloo East Station (WAE)", "London", "Greater London", "SE1 8NH", "United Kingdom"]}, "categories": [{"id": "4f4531504b9074f6e4fb0102", "name": "Platform", "pluralName": "Platforms", "shortName": "Platform", "icon": {"prefix": "https://ss3.4sqi.net/img/categories_v2/travel/trainstation_", "suffix": ".png"}, "primary": true}], "photos": {"count": 0, "groups": []}}, "referralId": "e-0-4cc412104fcfbfb72c7ebe24-51"}, {"reasons": {"count": 0, "items": [{"summary": "This spot is popular", "type": "general", "reasonName": "globalInteractionReason"}]}, "venue": {"id": "56097a1a498e043e7f7f4961", "name": "London Eye (Y)", "location": {"address": "Chicheley St", "crossStreet": "York Rd", "lat": 51.502787180393554, "lng": -0.11702233493538021, "labeledLatLngs": [{"label": "display", "lat": 51.502787180393554, "lng": -0.11702233493538021}], "distance": 313, "cc": "GB", "city": "London", "state": "Greater London", "country": "United Kingdom", "formattedAddress": ["Chicheley St (York Rd)", "London", "Greater London", "United Kingdom"]}, "categories": [{"id": "52f2ab2ebcbc57f1066b8b4f", "name": "Bus Stop", "pluralName": "Bus Stops", "shortName": "Bus Stop", "icon": {"prefix": "https://ss3.4sqi.net/img/categories_v2/travel/busstation_", "suffix": ".png"}, "primary": true}], "photos": {"count": 0, "groups": []}}, "referralId": "e-0-56097a1a498e043e7f7f4961-52"}, {"reasons": {"count": 0, "items": [{"summary": "This spot is popular", "type": "general", "reasonName": "globalInteractionReason"}]}, "venue": {"id": "4de28ee8d164df8574fe0790", "name": "Clipper Meteor", "location": {"lat": 51.507279372573635, "lng": -0.11585428729699744, "labeledLatLngs": [{"label": "display", "lat": 51.507279372573635, "lng": -0.11585428729699744}], "distance": 316, "postalCode": "EC4V 4DZ", "cc": "GB", "city": "London", "state": "Greater London", "country": "United Kingdom", "formattedAddress": ["London", "Greater London", "EC4V 4DZ", "United Kingdom"]}, "categories": [{"id": "4bf58dd8d48988d12d951735", "name": "Boat or Ferry", "pluralName": "Boats or Ferries", "shortName": "Boat / Ferry", "icon": {"prefix": "https://ss3.4sqi.net/img/categories_v2/travel/boat_", "suffix": ".png"}, "primary": true}], "photos": {"count": 0, "groups": []}}, "referralId": "e-0-4de28ee8d164df8574fe0790-53"}, {"reasons": {"count": 0, "items": [{"summary": "This spot is popular", "type": "general", "reasonName": "globalInteractionReason"}]}, "venue": {"id": "4bfd6276bf6576b07632adb8", "name": "Festival Pier", "location": {"address": "Riverside Walk", "lat": 51.50665967521336, "lng": -0.11722186798579058, "labeledLatLngs": [{"label": "display", "lat": 51.50665967521336, "lng": -0.11722186798579058}], "distance": 319, "postalCode": "SE1 8XZ", "cc": "GB", "city": "London", "state": "Greater London", "country": "United Kingdom", "formattedAddress": ["Riverside Walk", "London", "Greater London", "SE1 8XZ", "United Kingdom"]}, "categories": [{"id": "4e74f6cabd41c4836eac4c31", "name": "Pier", "pluralName": "Piers", "shortName": "Piers", "icon": {"prefix": "https://ss3.4sqi.net/img/categories_v2/travel/ferry_pier_", "suffix": ".png"}, "primary": true}], "photos": {"count": 0, "groups": []}}, "referralId": "e-0-4bfd6276bf6576b07632adb8-54"}, {"reasons": {"count": 0, "items": [{"summary": "This spot is popular", "type": "general", "reasonName": "globalInteractionReason"}]}, "venue": {"id": "5113918ce4b0b646140a7de0", "name": "Waterloo Station Waterloo Road bus stop", "location": {"address": "Waterloo Rd", "lat": 51.503604888916016, "lng": -0.10936959832906723, "labeledLatLngs": [{"label": "display", "lat": 51.503604888916016, "lng": -0.10936959832906723}], "distance": 330, "cc": "GB", "neighborhood": "London", "country": "United Kingdom", "formattedAddress": ["Waterloo Rd", "United Kingdom"]}, "categories": [{"id": "52f2ab2ebcbc57f1066b8b4f", "name": "Bus Stop", "pluralName": "Bus Stops", "shortName": "Bus Stop", "icon": {"prefix": "https://ss3.4sqi.net/img/categories_v2/travel/busstation_", "suffix": ".png"}, "primary": true}], "photos": {"count": 0, "groups": []}}, "referralId": "e-0-5113918ce4b0b646140a7de0-55"}, {"reasons": {"count": 0, "items": [{"summary": "This spot is popular", "type": "general", "reasonName": "globalInteractionReason"}]}, "venue": {"id": "4c62401a86b6be9a82c98b34", "name": "Platform C", "location": {"address": "Waterloo East Station (WAE)", "lat": 51.50402878609898, "lng": -0.10903641271229186, "labeledLatLngs": [{"label": "display", "lat": 51.50402878609898, "lng": -0.10903641271229186}], "distance": 337, "postalCode": "SE1 8NH", "cc": "GB", "city": "London", "state": "Greater London", "country": "United Kingdom", "formattedAddress": ["Waterloo East Station (WAE)", "London", "Greater London", "SE1 8NH", "United Kingdom"]}, "categories": [{"id": "4f4531504b9074f6e4fb0102", "name": "Platform", "pluralName": "Platforms", "shortName": "Platform", "icon": {"prefix": "https://ss3.4sqi.net/img/categories_v2/travel/trainstation_", "suffix": ".png"}, "primary": true}], "photos": {"count": 0, "groups": []}}, "referralId": "e-0-4c62401a86b6be9a82c98b34-56"}, {"reasons": {"count": 0, "items": [{"summary": "This spot is popular", "type": "general", "reasonName": "globalInteractionReason"}]}, "venue": {"id": "4c51ee68250dd13a88e3067e", "name": "Platform A", "location": {"address": "Waterloo East Station (WAE)", "lat": 51.5041517190267, "lng": -0.10893216048018922, "labeledLatLngs": [{"label": "display", "lat": 51.5041517190267, "lng": -0.10893216048018922}], "distance": 341, "postalCode": "SE1 8NH", "cc": "GB", "city": "London", "state": "Greater London", "country": "United Kingdom", "formattedAddress": ["Waterloo East Station (WAE)", "London", "Greater London", "SE1 8NH", "United Kingdom"]}, "categories": [{"id": "4f4531504b9074f6e4fb0102", "name": "Platform", "pluralName": "Platforms", "shortName": "Platform", "icon": {"prefix": "https://ss3.4sqi.net/img/categories_v2/travel/trainstation_", "suffix": ".png"}, "primary": true}], "photos": {"count": 0, "groups": []}}, "referralId": "e-0-4c51ee68250dd13a88e3067e-57"}, {"reasons": {"count": 0, "items": [{"summary": "This spot is popular", "type": "general", "reasonName": "globalInteractionReason"}]}, "venue": {"id": "4c5569f91b46c9b63d712fd0", "name": "Platform D", "location": {"address": "Waterloo East Station (WAE)", "lat": 51.50404120260676, "lng": -0.10891914367675781, "labeledLatLngs": [{"label": "display", "lat": 51.50404120260676, "lng": -0.10891914367675781}], "distance": 345, "postalCode": "SE1 8NH", "cc": "GB", "city": "London", "state": "Greater London", "country": "United Kingdom", "formattedAddress": ["Waterloo East Station (WAE)", "London", "Greater London", "SE1 8NH", "United Kingdom"]}, "categories": [{"id": "4f4531504b9074f6e4fb0102", "name": "Platform", "pluralName": "Platforms", "shortName": "Platform", "icon": {"prefix": "https://ss3.4sqi.net/img/categories_v2/travel/trainstation_", "suffix": ".png"}, "primary": true}], "photos": {"count": 0, "groups": []}}, "referralId": "e-0-4c5569f91b46c9b63d712fd0-58"}, {"reasons": {"count": 0, "items": [{"summary": "This spot is popular", "type": "general", "reasonName": "globalInteractionReason"}]}, "venue": {"id": "4f46fb610cd65dc686d12099", "name": "Trafalgar London Reception Centre", "location": {"address": "79 York Rd", "lat": 51.50209507852353, "lng": -0.11646259448021429, "labeledLatLngs": [{"label": "display", "lat": 51.50209507852353, "lng": -0.11646259448021429}], "distance": 349, "postalCode": "SE1 7NJ", "cc": "GB", "city": "London", "state": "Greater London", "country": "United Kingdom", "formattedAddress": ["79 York Rd", "London", "Greater London", "SE1 7NJ", "United Kingdom"]}, "categories": [{"id": "4f4530164b9074f6e4fb00ff", "name": "Tourist Information Center", "pluralName": "Tourist Information Centers", "shortName": "Tourist Information", "icon": {"prefix": "https://ss3.4sqi.net/img/categories_v2/travel/touristinformation_", "suffix": ".png"}, "primary": true}], "photos": {"count": 0, "groups": []}}, "referralId": "e-0-4f46fb610cd65dc686d12099-59"}, {"reasons": {"count": 0, "items": [{"summary": "This spot is popular", "type": "general", "reasonName": "globalInteractionReason"}]}, "venue": {"id": "56058760498ecd0d64efe6a2", "name": "Bus Stop F: County Hall", "location": {"lat": 51.50209539065822, "lng": -0.11660113976935518, "labeledLatLngs": [{"label": "display", "lat": 51.50209539065822, "lng": -0.11660113976935518}], "distance": 354, "cc": "GB", "country": "United Kingdom", "formattedAddress": ["United Kingdom"]}, "categories": [{"id": "52f2ab2ebcbc57f1066b8b4f", "name": "Bus Stop", "pluralName": "Bus Stops", "shortName": "Bus Stop", "icon": {"prefix": "https://ss3.4sqi.net/img/categories_v2/travel/busstation_", "suffix": ".png"}, "primary": true}], "photos": {"count": 0, "groups": []}}, "referralId": "e-0-56058760498ecd0d64efe6a2-60"}, {"reasons": {"count": 0, "items": [{"summary": "This spot is popular", "type": "general", "reasonName": "globalInteractionReason"}]}, "venue": {"id": "4ec40a85e30095d119148355", "name": "London Belle", "location": {"address": "Westminster Pier, Victoria Embankment, London SW1A 2JH", "lat": 51.506961, "lng": -0.117675, "labeledLatLngs": [{"label": "display", "lat": 51.506961, "lng": -0.117675}], "distance": 365, "postalCode": "SW1A 2JH", "cc": "GB", "city": "London", "state": "Greater London", "country": "United Kingdom", "formattedAddress": ["Westminster Pier, Victoria Embankment, London SW1A 2JH", "London", "Greater London", "SW1A 2JH", "United Kingdom"]}, "categories": [{"id": "4bf58dd8d48988d12d951735", "name": "Boat or Ferry", "pluralName": "Boats or Ferries", "shortName": "Boat / Ferry", "icon": {"prefix": "https://ss3.4sqi.net/img/categories_v2/travel/boat_", "suffix": ".png"}, "primary": true}], "photos": {"count": 0, "groups": []}}, "referralId": "e-0-4ec40a85e30095d119148355-61"}, {"reasons": {"count": 0, "items": [{"summary": "This spot is popular", "type": "general", "reasonName": "globalInteractionReason"}]}, "venue": {"id": "4f7ec0080039ef8a138e2b9c", "name": "Baja Bikes London", "location": {"address": "Gabriels Wharf 56", "lat": 51.50738021288773, "lng": -0.10994911193847656, "labeledLatLngs": [{"label": "display", "lat": 51.50738021288773, "lng": -0.10994911193847656}], "distance": 394, "postalCode": "SE1 9PP", "cc": "GB", "city": "London", "state": "Greater London", "country": "United Kingdom", "formattedAddress": ["Gabriels Wharf 56", "London", "Greater London", "SE1 9PP", "United Kingdom"]}, "categories": [{"id": "4e4c9077bd41f78e849722f9", "name": "Bike Rental / Bike Share", "pluralName": "Bike Rentals / Bike Shares", "shortName": "Bike", "icon": {"prefix": "https://ss3.4sqi.net/img/categories_v2/shops/bikeshop_", "suffix": ".png"}, "primary": true}], "photos": {"count": 0, "groups": []}}, "referralId": "e-0-4f7ec0080039ef8a138e2b9c-62"}, {"reasons": {"count": 0, "items": [{"summary": "This spot is popular", "type": "general", "reasonName": "globalInteractionReason"}]}, "venue": {"id": "4b2f71d7f964a52070eb24e3", "name": "London Waterloo East Railway Station (WAE)", "location": {"address": "Sandell St", "lat": 51.504026053515965, "lng": -0.10919965109885756, "distance": 326, "postalCode": "SE1 8NH", "cc": "GB", "city": "London", "state": "Greater London", "country": "United Kingdom", "formattedAddress": ["Sandell St", "London", "Greater London", "SE1 8NH", "United Kingdom"]}, "categories": [{"id": "4bf58dd8d48988d129951735", "name": "Train Station", "pluralName": "Train Stations", "shortName": "Train Station", "icon": {"prefix": "https://ss3.4sqi.net/img/categories_v2/travel/trainstation_", "suffix": ".png"}, "primary": true}], "photos": {"count": 0, "groups": []}}, "referralId": "e-0-4b2f71d7f964a52070eb24e3-63"}]}]}}