{"meta": {"code": 200, "requestId": "5fedd9fdc932c558be9adc9e"}, "response": {"headerLocation": "London Fields", "headerFullLocation": "London Fields, London", "headerLocationGranularity": "neighborhood", "query": "travel", "totalResults": 6, "suggestedBounds": {"ne": {"lat": 51.54303600360001, "lng": -0.05193279482325642}, "sw": {"lat": 51.535835996399996, "lng": -0.06348720517674358}}, "groups": [{"type": "Recommended Places", "name": "recommended", "items": [{"reasons": {"count": 0, "items": [{"summary": "This spot is popular", "type": "general", "reasonName": "globalInteractionReason"}]}, "venue": {"id": "4bac67f0f964a520b6f33ae3", "name": "London Fields Overground Station (LOF)", "location": {"address": "Mentmore Terrace", "lat": 51.54111142133778, "lng": -0.05783719623852789, "labeledLatLngs": [{"label": "display", "lat": 51.54111142133778, "lng": -0.05783719623852789}], "distance": 186, "postalCode": "E8 3PH", "cc": "GB", "city": "Hackney", "state": "Greater London", "country": "United Kingdom", "formattedAddress": ["Mentmore Terrace", "Hackney", "Greater London", "E8 3PH", "United Kingdom"]}, "categories": [{"id": "4bf58dd8d48988d129951735", "name": "Train Station", "pluralName": "Train Stations", "shortName": "Train Station", "icon": {"prefix": "https://ss3.4sqi.net/img/categories_v2/travel/trainstation_", "suffix": ".png"}, "primary": true}], "photos": {"count": 0, "groups": []}}, "referralId": "e-0-4bac67f0f964a520b6f33ae3-0"}, {"reasons": {"count": 0, "items": [{"summary": "This spot is popular", "type": "general", "reasonName": "globalInteractionReason"}]}, "venue": {"id": "5207c4ef11d2a646bff88e26", "name": "Bus Stop LE @ King Edwards Road", "location": {"address": "Mare Street", "crossStreet": "Westgate Street", "lat": 51.538308, "lng": -0.057047, "labeledLatLngs": [{"label": "display", "lat": 51.538308, "lng": -0.057047}], "distance": 133, "cc": "GB", "city": "London", "state": "Greater London", "country": "United Kingdom", "formattedAddress": ["Mare Street (Westgate Street)", "London", "Greater London", "United Kingdom"]}, "categories": [{"id": "52f2ab2ebcbc57f1066b8b4f", "name": "Bus Stop", "pluralName": "Bus Stops", "shortName": "Bus Stop", "icon": {"prefix": "https://ss3.4sqi.net/img/categories_v2/travel/busstation_", "suffix": ".png"}, "primary": true}], "photos": {"count": 0, "groups": []}}, "referralId": "e-0-5207c4ef11d2a646bff88e26-1"}, {"reasons": {"count": 0, "items": [{"summary": "This spot is popular", "type": "general", "reasonName": "globalInteractionReason"}]}, "venue": {"id": "4cbd485243ec6dcbb610b631", "name": "Well Street Bus Stop", "location": {"lat": 51.538958092774614, "lng": -0.05690793394251885, "labeledLatLngs": [{"label": "display", "lat": 51.538958092774614, "lng": -0.05690793394251885}], "distance": 76, "cc": "GB", "country": "United Kingdom", "formattedAddress": ["United Kingdom"]}, "categories": [{"id": "52f2ab2ebcbc57f1066b8b4f", "name": "Bus Stop", "pluralName": "Bus Stops", "shortName": "Bus Stop", "icon": {"prefix": "https://ss3.4sqi.net/img/categories_v2/travel/busstation_", "suffix": ".png"}, "primary": true}], "photos": {"count": 0, "groups": []}}, "referralId": "e-0-4cbd485243ec6dcbb610b631-2"}, {"reasons": {"count": 0, "items": [{"summary": "This spot is popular", "type": "general", "reasonName": "globalInteractionReason"}]}, "venue": {"id": "4b6d8575f964a520017a2ce3", "name": "city inn express hotel", "location": {"address": "144A Mare Street", "crossStreet": "(Tudor Road)", "lat": 51.53908139275003, "lng": -0.056041806351603364, "labeledLatLngs": [{"label": "display", "lat": 51.53908139275003, "lng": -0.056041806351603364}], "distance": 122, "postalCode": "E8 3SG", "cc": "GB", "neighborhood": "Hackney", "city": "London", "state": "Greater London", "country": "United Kingdom", "formattedAddress": ["144A Mare Street ((Tudor Road))", "London", "Greater London", "E8 3SG", "United Kingdom"]}, "categories": [{"id": "4bf58dd8d48988d1fa931735", "name": "Hotel", "pluralName": "Hotels", "shortName": "Hotel", "icon": {"prefix": "https://ss3.4sqi.net/img/categories_v2/travel/hotel_", "suffix": ".png"}, "primary": true}], "photos": {"count": 0, "groups": []}}, "referralId": "e-0-4b6d8575f964a520017a2ce3-3"}, {"reasons": {"count": 0, "items": [{"summary": "This spot is popular", "type": "general", "reasonName": "globalInteractionReason"}]}, "venue": {"id": "4f9428b2e4b0f0f87def04b7", "name": "Bus Stop LP", "location": {"lat": 51.53762, "lng": -0.056842, "labeledLatLngs": [{"label": "display", "lat": 51.53762, "lng": -0.056842}], "distance": 210, "cc": "GB", "country": "United Kingdom", "formattedAddress": ["United Kingdom"]}, "categories": [{"id": "52f2ab2ebcbc57f1066b8b4f", "name": "Bus Stop", "pluralName": "Bus Stops", "shortName": "Bus Stop", "icon": {"prefix": "https://ss3.4sqi.net/img/categories_v2/travel/busstation_", "suffix": ".png"}, "primary": true}], "photos": {"count": 0, "groups": []}}, "referralId": "e-0-4f9428b2e4b0f0f87def04b7-4"}, {"reasons": {"count": 0, "items": [{"summary": "This spot is popular", "type": "general", "reasonName": "globalInteractionReason"}]}, "venue": {"id": "4e767ae97d8b917603880339", "name": "St Thomas's Square", "location": {"address": "Mare St", "lat": 51.542328123408744, "lng": -0.0551395448288794, "labeledLatLngs": [{"label": "display", "lat": 51.542328123408744, "lng": -0.0551395448288794}], "distance": 367, "cc": "GB", "city": "Hackney", "state": "Greater London", "country": "United Kingdom", "formattedAddress": ["Mare St", "Hackney", "Greater London", "United Kingdom"]}, "categories": [{"id": "4bf58dd8d48988d1fe931735", "name": "Bus Station", "pluralName": "Bus Stations", "shortName": "Bus Station", "icon": {"prefix": "https://ss3.4sqi.net/img/categories_v2/travel/busstation_", "suffix": ".png"}, "primary": true}], "photos": {"count": 0, "groups": []}}, "referralId": "e-0-4e767ae97d8b917603880339-5"}]}]}}