{"meta": {"code": 200, "requestId": "5fedda1b76cf540ef15665d5"}, "response": {"suggestedFilters": {"header": "Tap to show:", "filters": [{"name": "Open now", "key": "openNow"}]}, "headerLocation": "Vauxhall", "headerFullLocation": "Vauxhall, London", "headerLocationGranularity": "neighborhood", "query": "travel", "totalResults": 19, "suggestedBounds": {"ne": {"lat": 51.4881000036, "lng": -0.11848975742351146}, "sw": {"lat": 51.48089999639999, "lng": -0.13003024257648854}}, "groups": [{"type": "Recommended Places", "name": "recommended", "items": [{"reasons": {"count": 0, "items": [{"summary": "This spot is popular", "type": "general", "reasonName": "globalInteractionReason"}]}, "venue": {"id": "5190fd33498e9443b3f287d3", "name": "Travelodge", "location": {"address": "3 Bondway", "lat": 51.48552283904317, "lng": -0.12390203667364413, "labeledLatLngs": [{"label": "display", "lat": 51.48552283904317, "lng": -0.12390203667364413}], "distance": 116, "postalCode": "SW8 1SJ", "cc": "GB", "city": "Vauxhall", "state": "Greater London", "country": "United Kingdom", "formattedAddress": ["3 Bondway", "Vauxhall", "Greater London", "SW8 1SJ", "United Kingdom"]}, "categories": [{"id": "4bf58dd8d48988d1fa931735", "name": "Hotel", "pluralName": "Hotels", "shortName": "Hotel", "icon": {"prefix": "https://ss3.4sqi.net/img/categories_v2/travel/hotel_", "suffix": ".png"}, "primary": true}], "photos": {"count": 0, "groups": []}}, "referralId": "e-0-5190fd33498e9443b3f287d3-0"}, {"reasons": {"count": 0, "items": [{"summary": "This spot is popular", "type": "general", "reasonName": "globalInteractionReason"}]}, "venue": {"id": "55a220ba498e1d7b3785e3a7", "name": "Holiday Inn Express London - Vauxhall Nine Elms", "location": {"address": "87 South Lambeth Rd", "lat": 51.48108536208466, "lng": -0.12430176493319323, "labeledLatLngs": [{"label": "display", "lat": 51.48108536208466, "lng": -0.12430176493319323}], "distance": 380, "postalCode": "SW8 1RN", "cc": "GB", "city": "London", "state": "Greater London", "country": "United Kingdom", "formattedAddress": ["87 South Lambeth Rd", "London", "Greater London", "SW8 1RN", "United Kingdom"]}, "categories": [{"id": "4bf58dd8d48988d1fa931735", "name": "Hotel", "pluralName": "Hotels", "shortName": "Hotel", "icon": {"prefix": "https://ss3.4sqi.net/img/categories_v2/travel/hotel_", "suffix": ".png"}, "primary": true}], "photos": {"count": 0, "groups": []}}, "referralId": "e-0-55a220ba498e1d7b3785e3a7-1"}, {"reasons": {"count": 0, "items": [{"summary": "This spot is popular", "type": "general", "reasonName": "globalInteractionReason"}]}, "venue": {"id": "4bc41b56b492d13a4ea8a960", "name": "Platform 4", "location": {"address": "Vauxhall Railway Station (VXH)", "lat": 51.48603155338452, "lng": -0.1227932590166744, "labeledLatLngs": [{"label": "display", "lat": 51.48603155338452, "lng": -0.1227932590166744}], "distance": 198, "postalCode": "SW8 1SS", "cc": "GB", "city": "London", "state": "Greater London", "country": "United Kingdom", "formattedAddress": ["Vauxhall Railway Station (VXH)", "London", "Greater London", "SW8 1SS", "United Kingdom"]}, "categories": [{"id": "4f4531504b9074f6e4fb0102", "name": "Platform", "pluralName": "Platforms", "shortName": "Platform", "icon": {"prefix": "https://ss3.4sqi.net/img/categories_v2/travel/trainstation_", "suffix": ".png"}, "primary": true}], "photos": {"count": 0, "groups": []}}, "referralId": "e-0-4bc41b56b492d13a4ea8a960-2"}, {"reasons": {"count": 0, "items": [{"summary": "This spot is popular", "type": "general", "reasonName": "globalInteractionReason"}]}, "venue": {"id": "4ecf6c177ee5be8449f9db71", "name": "Bus Stop J", "location": {"lat": 51.48465422276966, "lng": -0.12489116845119577, "labeledLatLngs": [{"label": "display", "lat": 51.48465422276966, "lng": -0.12489116845119577}], "distance": 47, "cc": "GB", "country": "United Kingdom", "formattedAddress": ["United Kingdom"]}, "categories": [{"id": "52f2ab2ebcbc57f1066b8b4f", "name": "Bus Stop", "pluralName": "Bus Stops", "shortName": "Bus Stop", "icon": {"prefix": "https://ss3.4sqi.net/img/categories_v2/travel/busstation_", "suffix": ".png"}, "primary": true}], "photos": {"count": 0, "groups": []}}, "referralId": "e-0-4ecf6c177ee5be8449f9db71-3"}, {"reasons": {"count": 0, "items": [{"summary": "This spot is popular", "type": "general", "reasonName": "globalInteractionReason"}]}, "venue": {"id": "4e656a0eb61cd78089d64e24", "name": "Bus Stop G (77, 87, 196 & N87)", "location": {"lat": 51.48501797119744, "lng": -0.12504756396049688, "labeledLatLngs": [{"label": "display", "lat": 51.48501797119744, "lng": -0.12504756396049688}], "distance": 79, "cc": "GB", "country": "United Kingdom", "formattedAddress": ["United Kingdom"]}, "categories": [{"id": "52f2ab2ebcbc57f1066b8b4f", "name": "Bus Stop", "pluralName": "Bus Stops", "shortName": "Bus Stop", "icon": {"prefix": "https://ss3.4sqi.net/img/categories_v2/travel/busstation_", "suffix": ".png"}, "primary": true}], "photos": {"count": 0, "groups": []}}, "referralId": "e-0-4e656a0eb61cd78089d64e24-4"}, {"reasons": {"count": 0, "items": [{"summary": "This spot is popular", "type": "general", "reasonName": "globalInteractionReason"}]}, "venue": {"id": "4bc488822a89ef3bb863f688", "name": "Platform 3", "location": {"address": "Vauxhall Railway Station (VXH)", "lat": 51.48604208387534, "lng": -0.1228900392143207, "labeledLatLngs": [{"label": "display", "lat": 51.48604208387534, "lng": -0.1228900392143207}], "distance": 196, "postalCode": "SW8 1SS", "cc": "GB", "city": "London", "state": "Greater London", "country": "United Kingdom", "formattedAddress": ["Vauxhall Railway Station (VXH)", "London", "Greater London", "SW8 1SS", "United Kingdom"]}, "categories": [{"id": "4f4531504b9074f6e4fb0102", "name": "Platform", "pluralName": "Platforms", "shortName": "Platform", "icon": {"prefix": "https://ss3.4sqi.net/img/categories_v2/travel/trainstation_", "suffix": ".png"}, "primary": true}], "photos": {"count": 0, "groups": []}}, "referralId": "e-0-4bc488822a89ef3bb863f688-5"}, {"reasons": {"count": 0, "items": [{"summary": "This spot is popular", "type": "general", "reasonName": "globalInteractionReason"}]}, "venue": {"id": "4b6145b5f964a520a70e2ae3", "name": "Vauxhall London Underground Station", "location": {"address": "Vauxhall Cross", "lat": 51.48590378588932, "lng": -0.12373755983661565, "labeledLatLngs": [{"label": "display", "lat": 51.48590378588932, "lng": -0.12373755983661565}], "distance": 160, "postalCode": "SW8 1SR", "cc": "GB", "city": "London", "state": "Greater London", "country": "United Kingdom", "formattedAddress": ["Vauxhall Cross", "London", "Greater London", "SW8 1SR", "United Kingdom"]}, "categories": [{"id": "4bf58dd8d48988d1fd931735", "name": "Metro Station", "pluralName": "Metro Stations", "shortName": "Metro", "icon": {"prefix": "https://ss3.4sqi.net/img/categories_v2/travel/subway_", "suffix": ".png"}, "primary": true}], "photos": {"count": 0, "groups": []}}, "referralId": "e-0-4b6145b5f964a520a70e2ae3-6"}, {"reasons": {"count": 0, "items": [{"summary": "This spot is popular", "type": "general", "reasonName": "globalInteractionReason"}]}, "venue": {"id": "4ae1eb62f964a520be8821e3", "name": "Vauxhall Bus Station", "location": {"address": "Vauxhall Underground Station", "crossStreet": "Vauxhall Cross", "lat": 51.485670976621314, "lng": -0.12447096663485664, "labeledLatLngs": [{"label": "display", "lat": 51.485670976621314, "lng": -0.12447096663485664}], "distance": 131, "postalCode": "SE1", "cc": "GB", "neighborhood": "Vauxhall, London, Greater London", "city": "Vauxhall", "state": "Greater London", "country": "United Kingdom", "formattedAddress": ["Vauxhall Underground Station (Vauxhall Cross)", "Vauxhall", "Greater London", "SE1", "United Kingdom"]}, "categories": [{"id": "4bf58dd8d48988d1fe931735", "name": "Bus Station", "pluralName": "Bus Stations", "shortName": "Bus Station", "icon": {"prefix": "https://ss3.4sqi.net/img/categories_v2/travel/busstation_", "suffix": ".png"}, "primary": true}], "photos": {"count": 0, "groups": []}}, "referralId": "e-0-4ae1eb62f964a520be8821e3-7"}, {"reasons": {"count": 0, "items": [{"summary": "This spot is popular", "type": "general", "reasonName": "globalInteractionReason"}]}, "venue": {"id": "4cacaae976d3a0936cce336b", "name": "Bus Stop E", "location": {"address": "Bondway", "lat": 51.485897452641254, "lng": -0.12397841483182587, "labeledLatLngs": [{"label": "display", "lat": 51.485897452641254, "lng": -0.12397841483182587}], "distance": 156, "postalCode": "SW 8 2", "cc": "GB", "city": "London", "state": "Greater London", "country": "United Kingdom", "formattedAddress": ["Bondway", "London", "Greater London", "SW 8 2", "United Kingdom"]}, "categories": [{"id": "52f2ab2ebcbc57f1066b8b4f", "name": "Bus Stop", "pluralName": "Bus Stops", "shortName": "Bus Stop", "icon": {"prefix": "https://ss3.4sqi.net/img/categories_v2/travel/busstation_", "suffix": ".png"}, "primary": true}], "photos": {"count": 0, "groups": []}}, "referralId": "e-0-4cacaae976d3a0936cce336b-8"}, {"reasons": {"count": 0, "items": [{"summary": "This spot is popular", "type": "general", "reasonName": "globalInteractionReason"}]}, "venue": {"id": "4caf11b7c5e6a1cdd18ac9f6", "name": "Bus Stop C", "location": {"address": "Lambeth, London SW8 2LJ", "lat": 51.4856082, "lng": -0.12442783, "labeledLatLngs": [{"label": "display", "lat": 51.4856082, "lng": -0.12442783}], "distance": 123, "postalCode": "SW8 2LJ", "cc": "GB", "city": "London", "state": "Greater London", "country": "United Kingdom", "formattedAddress": ["Lambeth, London SW8 2LJ", "London", "Greater London", "SW8 2LJ", "United Kingdom"]}, "categories": [{"id": "4bf58dd8d48988d1fe931735", "name": "Bus Station", "pluralName": "Bus Stations", "shortName": "Bus Station", "icon": {"prefix": "https://ss3.4sqi.net/img/categories_v2/travel/busstation_", "suffix": ".png"}, "primary": true}], "photos": {"count": 0, "groups": []}}, "referralId": "e-0-4caf11b7c5e6a1cdd18ac9f6-9"}, {"reasons": {"count": 0, "items": [{"summary": "This spot is popular", "type": "general", "reasonName": "globalInteractionReason"}]}, "venue": {"id": "4ec445f38b812a206483c63b", "name": "Platform 1", "location": {"address": "Vauxhall Railway Station (VXH)", "lat": 51.48617668164991, "lng": -0.12308120727539062, "labeledLatLngs": [{"label": "display", "lat": 51.48617668164991, "lng": -0.12308120727539062}], "distance": 203, "postalCode": "SW8 1SS", "cc": "GB", "city": "London", "state": "Greater London", "country": "United Kingdom", "formattedAddress": ["Vauxhall Railway Station (VXH)", "London", "Greater London", "SW8 1SS", "United Kingdom"]}, "categories": [{"id": "4f4531504b9074f6e4fb0102", "name": "Platform", "pluralName": "Platforms", "shortName": "Platform", "icon": {"prefix": "https://ss3.4sqi.net/img/categories_v2/travel/trainstation_", "suffix": ".png"}, "primary": true}], "photos": {"count": 0, "groups": []}}, "referralId": "e-0-4ec445f38b812a206483c63b-10"}, {"reasons": {"count": 0, "items": [{"summary": "This spot is popular", "type": "general", "reasonName": "globalInteractionReason"}]}, "venue": {"id": "4bdd169ff219c9b69ef61110", "name": "Platform 6", "location": {"address": "Vauxhall Railway Station (VXH)", "lat": 51.485999, "lng": -0.122507, "labeledLatLngs": [{"label": "display", "lat": 51.485999, "lng": -0.122507}], "distance": 206, "postalCode": "SW8 1SS", "cc": "GB", "city": "London", "state": "Greater London", "country": "United Kingdom", "formattedAddress": ["Vauxhall Railway Station (VXH)", "London", "Greater London", "SW8 1SS", "United Kingdom"]}, "categories": [{"id": "4f4531504b9074f6e4fb0102", "name": "Platform", "pluralName": "Platforms", "shortName": "Platform", "icon": {"prefix": "https://ss3.4sqi.net/img/categories_v2/travel/trainstation_", "suffix": ".png"}, "primary": true}], "photos": {"count": 0, "groups": []}}, "referralId": "e-0-4bdd169ff219c9b69ef61110-11"}, {"reasons": {"count": 0, "items": [{"summary": "This spot is popular", "type": "general", "reasonName": "globalInteractionReason"}]}, "venue": {"id": "4b73caa6f964a520fdbb2de3", "name": "Platform 8", "location": {"address": "Vauxhall Railway Station (VXH)", "lat": 51.48594676341967, "lng": -0.12231481723393636, "labeledLatLngs": [{"label": "display", "lat": 51.48594676341967, "lng": -0.12231481723393636}], "distance": 210, "postalCode": "SW8 1SS", "cc": "GB", "city": "London", "state": "Greater London", "country": "United Kingdom", "formattedAddress": ["Vauxhall Railway Station (VXH)", "London", "Greater London", "SW8 1SS", "United Kingdom"]}, "categories": [{"id": "4f4531504b9074f6e4fb0102", "name": "Platform", "pluralName": "Platforms", "shortName": "Platform", "icon": {"prefix": "https://ss3.4sqi.net/img/categories_v2/travel/trainstation_", "suffix": ".png"}, "primary": true}], "photos": {"count": 0, "groups": []}}, "referralId": "e-0-4b73caa6f964a520fdbb2de3-12"}, {"reasons": {"count": 0, "items": [{"summary": "This spot is popular", "type": "general", "reasonName": "globalInteractionReason"}]}, "venue": {"id": "4cbb5fbcdd41a35d89d2eda0", "name": "Platform 2", "location": {"address": "Vauxhall Railway Station (VXH)", "lat": 51.48622567911364, "lng": -0.12297351213660503, "labeledLatLngs": [{"label": "display", "lat": 51.48622567911364, "lng": -0.12297351213660503}], "distance": 211, "postalCode": "SW8 1SS", "cc": "GB", "city": "London", "state": "Greater London", "country": "United Kingdom", "formattedAddress": ["Vauxhall Railway Station (VXH)", "London", "Greater London", "SW8 1SS", "United Kingdom"]}, "categories": [{"id": "4f4531504b9074f6e4fb0102", "name": "Platform", "pluralName": "Platforms", "shortName": "Platform", "icon": {"prefix": "https://ss3.4sqi.net/img/categories_v2/travel/trainstation_", "suffix": ".png"}, "primary": true}], "photos": {"count": 0, "groups": []}}, "referralId": "e-0-4cbb5fbcdd41a35d89d2eda0-13"}, {"reasons": {"count": 0, "items": [{"summary": "This spot is popular", "type": "general", "reasonName": "globalInteractionReason"}]}, "venue": {"id": "4bfff22d92a6c928235a43e2", "name": "Platform 7", "location": {"address": "Vauxhall Railway Station (VXH)", "lat": 51.486048852263586, "lng": -0.12240343926486437, "labeledLatLngs": [{"label": "display", "lat": 51.486048852263586, "lng": -0.12240343926486437}], "distance": 215, "postalCode": "SW8 1SS", "cc": "GB", "neighborhood": "Vauxhall, London, Greater London", "city": "London", "state": "Greater London", "country": "United Kingdom", "formattedAddress": ["Vauxhall Railway Station (VXH)", "London", "Greater London", "SW8 1SS", "United Kingdom"]}, "categories": [{"id": "4f4531504b9074f6e4fb0102", "name": "Platform", "pluralName": "Platforms", "shortName": "Platform", "icon": {"prefix": "https://ss3.4sqi.net/img/categories_v2/travel/trainstation_", "suffix": ".png"}, "primary": true}], "photos": {"count": 0, "groups": []}}, "referralId": "e-0-4bfff22d92a6c928235a43e2-14"}, {"reasons": {"count": 0, "items": [{"summary": "This spot is popular", "type": "general", "reasonName": "globalInteractionReason"}]}, "venue": {"id": "4e5e73b118a8c46e0835d07b", "name": "St George Wharf Pier", "location": {"address": "Riverside Walk", "crossStreet": "St George Wharf", "lat": 51.48606285175553, "lng": -0.12646075861676337, "labeledLatLngs": [{"label": "display", "lat": 51.48606285175553, "lng": -0.12646075861676337}], "distance": 231, "postalCode": "SW8 2LU", "cc": "GB", "neighborhood": "Vauxhall, London, Greater London", "city": "Vauxhall", "state": "Greater London", "country": "United Kingdom", "formattedAddress": ["Riverside Walk (St George Wharf)", "Vauxhall", "Greater London", "SW8 2LU", "United Kingdom"]}, "categories": [{"id": "4e74f6cabd41c4836eac4c31", "name": "Pier", "pluralName": "Piers", "shortName": "Piers", "icon": {"prefix": "https://ss3.4sqi.net/img/categories_v2/travel/ferry_pier_", "suffix": ".png"}, "primary": true}], "photos": {"count": 0, "groups": []}}, "referralId": "e-0-4e5e73b118a8c46e0835d07b-15"}, {"reasons": {"count": 0, "items": [{"summary": "This spot is popular", "type": "general", "reasonName": "globalInteractionReason"}]}, "venue": {"id": "4cd9341b6e8b5941928264d2", "name": "Bus Stop A", "location": {"address": "Bondway", "lat": 51.48706899602099, "lng": -0.12350828515061366, "labeledLatLngs": [{"label": "display", "lat": 51.48706899602099, "lng": -0.12350828515061366}], "distance": 290, "postalCode": "SW8", "cc": "GB", "city": "London", "state": "Greater London", "country": "United Kingdom", "formattedAddress": ["Bondway", "London", "Greater London", " SW8", "United Kingdom"]}, "categories": [{"id": "52f2ab2ebcbc57f1066b8b4f", "name": "Bus Stop", "pluralName": "Bus Stops", "shortName": "Bus Stop", "icon": {"prefix": "https://ss3.4sqi.net/img/categories_v2/travel/busstation_", "suffix": ".png"}, "primary": true}], "photos": {"count": 0, "groups": []}}, "referralId": "e-0-4cd9341b6e8b5941928264d2-16"}, {"reasons": {"count": 0, "items": [{"summary": "This spot is popular", "type": "general", "reasonName": "globalInteractionReason"}]}, "venue": {"id": "4acdeba7f964a5208bcd20e3", "name": "Vauxhall Railway Station (VXH)", "location": {"address": "S Lambeth Rd.", "lat": 51.48587236366753, "lng": -0.12313456593362981, "distance": 171, "postalCode": "SW8 1SS", "cc": "GB", "city": "London", "state": "Greater London", "country": "United Kingdom", "formattedAddress": ["S Lambeth Rd.", "London", "Greater London", "SW8 1SS", "United Kingdom"]}, "categories": [{"id": "4bf58dd8d48988d129951735", "name": "Train Station", "pluralName": "Train Stations", "shortName": "Train Station", "icon": {"prefix": "https://ss3.4sqi.net/img/categories_v2/travel/trainstation_", "suffix": ".png"}, "primary": true}], "photos": {"count": 0, "groups": []}}, "referralId": "e-0-4acdeba7f964a5208bcd20e3-17"}, {"reasons": {"count": 0, "items": [{"summary": "This spot is popular", "type": "general", "reasonName": "globalInteractionReason"}]}, "venue": {"id": "51901c97498eb8a7bb2ec6ed", "name": "St anne's Church Bus Stop", "location": {"lat": 51.486364, "lng": -0.120291, "labeledLatLngs": [{"label": "display", "lat": 51.486364, "lng": -0.120291}], "distance": 344, "cc": "GB", "country": "United Kingdom", "formattedAddress": ["United Kingdom"]}, "categories": [{"id": "52f2ab2ebcbc57f1066b8b4f", "name": "Bus Stop", "pluralName": "Bus Stops", "shortName": "Bus Stop", "icon": {"prefix": "https://ss3.4sqi.net/img/categories_v2/travel/busstation_", "suffix": ".png"}, "primary": true}], "photos": {"count": 0, "groups": []}}, "referralId": "e-0-51901c97498eb8a7bb2ec6ed-18"}]}]}}