{"meta": {"code": 200, "requestId": "5fedda30499ac81c6060dce3"}, "response": {"suggestedFilters": {"header": "Tap to show:", "filters": [{"name": "Open now", "key": "openNow"}]}, "headerLocation": "Hackney", "headerFullLocation": "Hackney, London", "headerLocationGranularity": "neighborhood", "query": "college education", "totalResults": 68, "suggestedBounds": {"ne": {"lat": 51.525698003600006, "lng": -0.07307199463248787}, "sw": {"lat": 51.518497996399994, "lng": -0.08462200536751213}}, "groups": [{"type": "Recommended Places", "name": "recommended", "items": [{"reasons": {"count": 0, "items": [{"summary": "This spot is popular", "type": "general", "reasonName": "globalInteractionReason"}]}, "venue": {"id": "4f6afe9ee4b0a6e622e30385", "name": "We Admire", "location": {"address": "13-15 Great Eastern St", "lat": 51.52305693293332, "lng": -0.07840633392333984, "labeledLatLngs": [{"label": "display", "lat": 51.52305693293332, "lng": -0.07840633392333984}], "distance": 111, "postalCode": "EC2 3EJ", "cc": "GB", "city": "London", "state": "Greater London", "country": "United Kingdom", "formattedAddress": ["13-15 Great Eastern St", "London", "Greater London", "EC2 3EJ", "United Kingdom"]}, "categories": [{"id": "4bf58dd8d48988d103951735", "name": "Clothing Store", "pluralName": "Clothing Stores", "shortName": "Apparel", "icon": {"prefix": "https://ss3.4sqi.net/img/categories_v2/shops/apparel_", "suffix": ".png"}, "primary": true}], "photos": {"count": 0, "groups": []}}, "referralId": "e-0-4f6afe9ee4b0a6e622e30385-0"}, {"reasons": {"count": 0, "items": [{"summary": "This spot is popular", "type": "general", "reasonName": "globalInteractionReason"}]}, "venue": {"id": "536e6aca498ea76ff20de569", "name": "As Nature Intended", "location": {"address": "132 Commercial St", "crossStreet": "Exchange Building", "lat": 51.52130694361251, "lng": -0.07541653178451528, "labeledLatLngs": [{"label": "display", "lat": 51.52130694361251, "lng": -0.07541653178451528}], "distance": 253, "postalCode": "E1 6NG", "cc": "GB", "country": "United Kingdom", "formattedAddress": ["132 Commercial St (Exchange Building)", "E1 6NG", "United Kingdom"]}, "categories": [{"id": "52f2ab2ebcbc57f1066b8b45", "name": "Organic Grocery", "pluralName": "Organic Groceries", "shortName": "Organic Grocery", "icon": {"prefix": "https://ss3.4sqi.net/img/categories_v2/shops/food_grocery_", "suffix": ".png"}, "primary": true}], "photos": {"count": 0, "groups": []}}, "referralId": "e-0-536e6aca498ea76ff20de569-1"}, {"reasons": {"count": 0, "items": [{"summary": "This spot is popular", "type": "general", "reasonName": "globalInteractionReason"}]}, "venue": {"id": "4eb28c766da1df5f01d3db7d", "name": "BOXPARK Shoreditch", "location": {"address": "2-10 Bethnal Green Rd", "lat": 51.523594926665496, "lng": -0.07645713354605768, "labeledLatLngs": [{"label": "display", "lat": 51.523594926665496, "lng": -0.07645713354605768}], "distance": 234, "postalCode": "E1 6GY", "cc": "GB", "city": "London", "state": "Greater London", "country": "United Kingdom", "formattedAddress": ["2-10 Bethnal Green Rd", "London", "Greater London", "E1 6GY", "United Kingdom"]}, "categories": [{"id": "4bf58dd8d48988d1fd941735", "name": "Shopping Mall", "pluralName": "Shopping Malls", "shortName": "Mall", "icon": {"prefix": "https://ss3.4sqi.net/img/categories_v2/shops/mall_", "suffix": ".png"}, "primary": true}], "photos": {"count": 0, "groups": []}, "venuePage": {"id": "76781065"}}, "referralId": "e-0-4eb28c766da1df5f01d3db7d-2"}, {"reasons": {"count": 0, "items": [{"summary": "This spot is popular", "type": "general", "reasonName": "globalInteractionReason"}]}, "venue": {"id": "5318a44e498e8757b5f4b4da", "name": "The Brokedown Palace", "location": {"address": "Boxpark, Bethnal Green Rd", "crossStreet": "Shoreditch High Street", "lat": 51.52355946557822, "lng": -0.0753624384248611, "labeledLatLngs": [{"label": "display", "lat": 51.52355946557822, "lng": -0.0753624384248611}], "distance": 291, "postalCode": "E1 6GY", "cc": "GB", "city": "London", "state": "Greater London", "country": "United Kingdom", "formattedAddress": ["Boxpark, Bethnal Green Rd (Shoreditch High Street)", "London", "Greater London", "E1 6GY", "United Kingdom"]}, "categories": [{"id": "4bf58dd8d48988d104951735", "name": "Boutique", "pluralName": "Boutiques", "shortName": "Boutique", "icon": {"prefix": "https://ss3.4sqi.net/img/categories_v2/shops/apparel_boutique_", "suffix": ".png"}, "primary": true}], "photos": {"count": 0, "groups": []}}, "referralId": "e-0-5318a44e498e8757b5f4b4da-3"}, {"reasons": {"count": 0, "items": [{"summary": "This spot is popular", "type": "general", "reasonName": "globalInteractionReason"}]}, "venue": {"id": "4bd2fa6641b9ef3becf7fee5", "name": "Old Spitalfields Market", "location": {"address": "16 Horner Sq", "crossStreet": "Brushfield St", "lat": 51.519667890407966, "lng": -0.07537465371780935, "distance": 361, "postalCode": "E1 6EW", "cc": "GB", "neighborhood": "Spitalfields and Banglatown", "city": "London", "state": "Greater London", "country": "United Kingdom", "formattedAddress": ["16 Horner Sq (Brushfield St)", "London", "Greater London", "E1 6EW", "United Kingdom"]}, "categories": [{"id": "4bf58dd8d48988d1f7941735", "name": "Flea Market", "pluralName": "Flea Markets", "shortName": "Flea Market", "icon": {"prefix": "https://ss3.4sqi.net/img/categories_v2/shops/fleamarket_", "suffix": ".png"}, "primary": true}], "photos": {"count": 0, "groups": []}, "venuePage": {"id": "39223713"}}, "referralId": "e-0-4bd2fa6641b9ef3becf7fee5-4"}, {"reasons": {"count": 0, "items": [{"summary": "This spot is popular", "type": "general", "reasonName": "globalInteractionReason"}]}, "venue": {"id": "4cb99ea1f50e224b4a82eefb", "name": "InSpitalfields", "location": {"address": "13 Lamb St", "crossStreet": "Old Spitalfields Market", "lat": 51.52003280617128, "lng": -0.07532535216204769, "labeledLatLngs": [{"label": "display", "lat": 51.52003280617128, "lng": -0.07532535216204769}], "distance": 335, "postalCode": "E1 6EA", "cc": "GB", "neighborhood": "Spitalfields", "city": "London", "state": "Greater London", "country": "United Kingdom", "formattedAddress": ["13 Lamb St (Old Spitalfields Market)", "London", "Greater London", "E1 6EA", "United Kingdom"]}, "categories": [{"id": "4bf58dd8d48988d128951735", "name": "Gift Shop", "pluralName": "Gift Shops", "shortName": "Gift Shop", "icon": {"prefix": "https://ss3.4sqi.net/img/categories_v2/shops/giftshop_", "suffix": ".png"}, "primary": true}], "photos": {"count": 0, "groups": []}}, "referralId": "e-0-4cb99ea1f50e224b4a82eefb-5"}, {"reasons": {"count": 0, "items": [{"summary": "This spot is popular", "type": "general", "reasonName": "globalInteractionReason"}]}, "venue": {"id": "55d85409498e1d9947d10ce4", "name": "Nudie Jeans Shoreditch", "location": {"address": "19-29 Redchurch Street", "lat": 51.524461300823994, "lng": -0.07580134319141509, "labeledLatLngs": [{"label": "display", "lat": 51.524461300823994, "lng": -0.07580134319141509}], "distance": 337, "postalCode": "E2 7DJ", "cc": "GB", "neighborhood": "Tower Hamlets, London, Greater London", "city": "London", "state": "Greater London", "country": "United Kingdom", "formattedAddress": ["19-29 Redchurch Street", "London", "Greater London", "E2 7DJ", "United Kingdom"]}, "categories": [{"id": "4bf58dd8d48988d103951735", "name": "Clothing Store", "pluralName": "Clothing Stores", "shortName": "Apparel", "icon": {"prefix": "https://ss3.4sqi.net/img/categories_v2/shops/apparel_", "suffix": ".png"}, "primary": true}], "photos": {"count": 0, "groups": []}}, "referralId": "e-0-55d85409498e1d9947d10ce4-6"}, {"reasons": {"count": 0, "items": [{"summary": "This spot is popular", "type": "general", "reasonName": "globalInteractionReason"}]}, "venue": {"id": "4c88fe4ff53b236a822aaba6", "name": "A\u0113sop", "location": {"address": "44 Redchurch St, London", "crossStreet": "Chance St", "lat": 51.52436514203216, "lng": -0.07495163435859986, "labeledLatLngs": [{"label": "display", "lat": 51.52436514203216, "lng": -0.07495163435859986}], "distance": 369, "postalCode": "E2 7DP", "cc": "GB", "city": "London", "state": "Greater London", "country": "United Kingdom", "formattedAddress": ["44 Redchurch St, London (Chance St)", "London", "Greater London", "E2 7DP", "United Kingdom"]}, "categories": [{"id": "4bf58dd8d48988d10c951735", "name": "Cosmetics Shop", "pluralName": "Cosmetics Shops", "shortName": "Cosmetics", "icon": {"prefix": "https://ss3.4sqi.net/img/categories_v2/shops/beauty_cosmetic_", "suffix": ".png"}, "primary": true}], "photos": {"count": 0, "groups": []}}, "referralId": "e-0-4c88fe4ff53b236a822aaba6-7"}, {"reasons": {"count": 0, "items": [{"summary": "This spot is popular", "type": "general", "reasonName": "globalInteractionReason"}]}, "venue": {"id": "53ea3f58498e162013b2aa5d", "name": "Passione Vino", "location": {"address": "85 Leonard St", "lat": 51.524712364549906, "lng": -0.08235379083403986, "labeledLatLngs": [{"label": "display", "lat": 51.524712364549906, "lng": -0.08235379083403986}], "distance": 379, "postalCode": "EC2A 4QS", "cc": "GB", "city": "London", "state": "Greater London", "country": "United Kingdom", "formattedAddress": ["85 Leonard St", "London", "Greater London", "EC2A 4QS", "United Kingdom"]}, "categories": [{"id": "4bf58dd8d48988d119951735", "name": "Wine Shop", "pluralName": "Wine Shops", "shortName": "Wine Shop", "icon": {"prefix": "https://ss3.4sqi.net/img/categories_v2/shops/food_wineshop_", "suffix": ".png"}, "primary": true}], "photos": {"count": 0, "groups": []}}, "referralId": "e-0-53ea3f58498e162013b2aa5d-8"}, {"reasons": {"count": 0, "items": [{"summary": "This spot is popular", "type": "general", "reasonName": "globalInteractionReason"}]}, "venue": {"id": "52d161ac498e92b3fc70e64b", "name": "London Marathon Store", "location": {"address": "1-3 Norton Folgate", "lat": 51.52053131625524, "lng": -0.07893018037770773, "labeledLatLngs": [{"label": "display", "lat": 51.52053131625524, "lng": -0.07893018037770773}], "distance": 174, "postalCode": "E1 6DB", "cc": "GB", "country": "United Kingdom", "formattedAddress": ["1-3 Norton Folgate", "E1 6DB", "United Kingdom"]}, "categories": [{"id": "4bf58dd8d48988d1f2941735", "name": "Sporting Goods Shop", "pluralName": "Sporting Goods Shops", "shortName": "Sporting Goods", "icon": {"prefix": "https://ss3.4sqi.net/img/categories_v2/shops/sports_outdoors_", "suffix": ".png"}, "primary": true}], "photos": {"count": 0, "groups": []}}, "referralId": "e-0-52d161ac498e92b3fc70e64b-9"}, {"reasons": {"count": 0, "items": [{"summary": "This spot is popular", "type": "general", "reasonName": "globalInteractionReason"}]}, "venue": {"id": "546a3d9b498e6755a15f537e", "name": "Sweaty Betty", "location": {"address": "3 Redchurch Street,Shoreditch", "lat": 51.524394, "lng": -0.0768357, "labeledLatLngs": [{"label": "display", "lat": 51.524394, "lng": -0.0768357}], "distance": 291, "postalCode": "E2 7DJ", "cc": "GB", "city": "London", "state": "Greater London", "country": "United Kingdom", "formattedAddress": ["3 Redchurch Street,Shoreditch", "London", "Greater London", "E2 7DJ", "United Kingdom"]}, "categories": [{"id": "4bf58dd8d48988d108951735", "name": "Women's Store", "pluralName": "Women's Stores", "shortName": "Women's Store", "icon": {"prefix": "https://ss3.4sqi.net/img/categories_v2/shops/apparel_women_", "suffix": ".png"}, "primary": true}], "photos": {"count": 0, "groups": []}}, "referralId": "e-0-546a3d9b498e6755a15f537e-10"}, {"reasons": {"count": 0, "items": [{"summary": "This spot is popular", "type": "general", "reasonName": "globalInteractionReason"}]}, "venue": {"id": "4c4c33f5959220a1f15da910", "name": "Benefit Cosmetics", "location": {"address": "49 Brushfield St.", "lat": 51.519271825234036, "lng": -0.07629728630129412, "labeledLatLngs": [{"label": "display", "lat": 51.519271825234036, "lng": -0.07629728630129412}], "distance": 360, "postalCode": "E1 6AA", "cc": "GB", "city": "London", "state": "Greater London", "country": "United Kingdom", "formattedAddress": ["49 Brushfield St.", "London", "Greater London", "E1 6AA", "United Kingdom"]}, "categories": [{"id": "4bf58dd8d48988d10c951735", "name": "Cosmetics Shop", "pluralName": "Cosmetics Shops", "shortName": "Cosmetics", "icon": {"prefix": "https://ss3.4sqi.net/img/categories_v2/shops/beauty_cosmetic_", "suffix": ".png"}, "primary": true}], "photos": {"count": 0, "groups": []}}, "referralId": "e-0-4c4c33f5959220a1f15da910-11"}, {"reasons": {"count": 0, "items": [{"summary": "This spot is popular", "type": "general", "reasonName": "globalInteractionReason"}]}, "venue": {"id": "53e37471498eea60fee44f86", "name": "Sister Ray Ace", "location": {"address": "100 Shoreditch High St", "lat": 51.52545228717892, "lng": -0.07746026762091782, "labeledLatLngs": [{"label": "display", "lat": 51.52545228717892, "lng": -0.07746026762091782}], "distance": 385, "cc": "GB", "city": "London", "state": "Greater London", "country": "United Kingdom", "formattedAddress": ["100 Shoreditch High St", "London", "Greater London", "United Kingdom"]}, "categories": [{"id": "4bf58dd8d48988d10d951735", "name": "Record Shop", "pluralName": "Record Shops", "shortName": "Record Shop", "icon": {"prefix": "https://ss3.4sqi.net/img/categories_v2/shops/record_shop_", "suffix": ".png"}, "primary": true}], "photos": {"count": 0, "groups": []}}, "referralId": "e-0-53e37471498eea60fee44f86-12"}, {"reasons": {"count": 0, "items": [{"summary": "This spot is popular", "type": "general", "reasonName": "globalInteractionReason"}]}, "venue": {"id": "568d1197498e6b03cec1cb32", "name": "Whatever It Takes", "location": {"address": "178 Shoreditch High Street", "lat": 51.524501, "lng": -0.077278, "labeledLatLngs": [{"label": "display", "lat": 51.524501, "lng": -0.077278}], "distance": 288, "cc": "GB", "city": "London", "state": "Greater London", "country": "United Kingdom", "formattedAddress": ["178 Shoreditch High Street", "London", "Greater London", "United Kingdom"]}, "categories": [{"id": "4bf58dd8d48988d1f2941735", "name": "Sporting Goods Shop", "pluralName": "Sporting Goods Shops", "shortName": "Sporting Goods", "icon": {"prefix": "https://ss3.4sqi.net/img/categories_v2/shops/sports_outdoors_", "suffix": ".png"}, "primary": true}], "photos": {"count": 0, "groups": []}}, "referralId": "e-0-568d1197498e6b03cec1cb32-13"}, {"reasons": {"count": 0, "items": [{"summary": "This spot is popular", "type": "general", "reasonName": "globalInteractionReason"}]}, "venue": {"id": "55746553498eb53db28ed6e7", "name": "Anthropologie", "location": {"address": "18-28 Brushfield St", "lat": 51.5191759341331, "lng": -0.07797516112761899, "labeledLatLngs": [{"label": "display", "lat": 51.5191759341331, "lng": -0.07797516112761899}], "distance": 330, "cc": "GB", "city": "London", "state": "Greater London", "country": "United Kingdom", "formattedAddress": ["18-28 Brushfield St", "London", "Greater London", "United Kingdom"]}, "categories": [{"id": "4bf58dd8d48988d108951735", "name": "Women's Store", "pluralName": "Women's Stores", "shortName": "Women's Store", "icon": {"prefix": "https://ss3.4sqi.net/img/categories_v2/shops/apparel_women_", "suffix": ".png"}, "primary": true}], "photos": {"count": 0, "groups": []}}, "referralId": "e-0-55746553498eb53db28ed6e7-14"}, {"reasons": {"count": 0, "items": [{"summary": "This spot is popular", "type": "general", "reasonName": "globalInteractionReason"}]}, "venue": {"id": "534fce3a498e8489d9f9132a", "name": "T2 Tea", "location": {"address": "48-50 Redchurch St", "lat": 51.52445946082605, "lng": -0.0747805269049665, "labeledLatLngs": [{"label": "display", "lat": 51.52445946082605, "lng": -0.0747805269049665}], "distance": 385, "postalCode": "E2 7DP", "cc": "GB", "neighborhood": "Tower Hamlets, London, Greater London", "city": "Shoreditch", "state": "Greater London", "country": "United Kingdom", "formattedAddress": ["48-50 Redchurch St", "Shoreditch", "Greater London", "E2 7DP", "United Kingdom"]}, "categories": [{"id": "4bf58dd8d48988d1f5941735", "name": "Gourmet Shop", "pluralName": "Gourmet Shops", "shortName": "Gourmet", "icon": {"prefix": "https://ss3.4sqi.net/img/categories_v2/shops/food_gourmet_", "suffix": ".png"}, "primary": true}], "photos": {"count": 0, "groups": []}}, "referralId": "e-0-534fce3a498e8489d9f9132a-15"}, {"reasons": {"count": 0, "items": [{"summary": "This spot is popular", "type": "general", "reasonName": "globalInteractionReason"}]}, "venue": {"id": "4b5b2229f964a5207ce528e3", "name": "AllSaints", "location": {"address": "114 Commercial St", "crossStreet": "Commercial St.", "lat": 51.520367402241725, "lng": -0.0743035576079328, "labeledLatLngs": [{"label": "display", "lat": 51.520367402241725, "lng": -0.0743035576079328}], "distance": 368, "postalCode": "E1 6NF", "cc": "GB", "city": "Spitalfields", "state": "Greater London", "country": "United Kingdom", "formattedAddress": ["114 Commercial St (Commercial St.)", "Spitalfields", "Greater London", "E1 6NF", "United Kingdom"]}, "categories": [{"id": "4bf58dd8d48988d103951735", "name": "Clothing Store", "pluralName": "Clothing Stores", "shortName": "Apparel", "icon": {"prefix": "https://ss3.4sqi.net/img/categories_v2/shops/apparel_", "suffix": ".png"}, "primary": true}], "photos": {"count": 0, "groups": []}}, "referralId": "e-0-4b5b2229f964a5207ce528e3-16"}, {"reasons": {"count": 0, "items": [{"summary": "This spot is popular", "type": "general", "reasonName": "globalInteractionReason"}]}, "venue": {"id": "552aa1cc498eab85774431ca", "name": "Flying Tiger", "location": {"address": "16 Horner Sq", "crossStreet": "Old Spitalfields Market", "lat": 51.51992668381335, "lng": -0.07572126592413267, "labeledLatLngs": [{"label": "display", "lat": 51.51992668381335, "lng": -0.07572126592413267}], "distance": 324, "postalCode": "E1 6EA", "cc": "GB", "city": "London", "state": "Greater London", "country": "United Kingdom", "formattedAddress": ["16 Horner Sq (Old Spitalfields Market)", "London", "Greater London", "E1 6EA", "United Kingdom"]}, "categories": [{"id": "4bf58dd8d48988d128951735", "name": "Gift Shop", "pluralName": "Gift Shops", "shortName": "Gift Shop", "icon": {"prefix": "https://ss3.4sqi.net/img/categories_v2/shops/giftshop_", "suffix": ".png"}, "primary": true}], "photos": {"count": 0, "groups": []}}, "referralId": "e-0-552aa1cc498eab85774431ca-17"}, {"reasons": {"count": 0, "items": [{"summary": "This spot is popular", "type": "general", "reasonName": "globalInteractionReason"}]}, "venue": {"id": "5637583b498efb2f4f8d435c", "name": "COS", "location": {"address": "28 Brushfield Street", "lat": 51.51894882534754, "lng": -0.07767140865325928, "labeledLatLngs": [{"label": "display", "lat": 51.51894882534754, "lng": -0.07767140865325928}], "distance": 359, "postalCode": "E1 6AG", "cc": "GB", "city": "London", "state": "Greater London", "country": "United Kingdom", "formattedAddress": ["28 Brushfield Street", "London", "Greater London", "E1 6AG", "United Kingdom"]}, "categories": [{"id": "4bf58dd8d48988d103951735", "name": "Clothing Store", "pluralName": "Clothing Stores", "shortName": "Apparel", "icon": {"prefix": "https://ss3.4sqi.net/img/categories_v2/shops/apparel_", "suffix": ".png"}, "primary": true}], "photos": {"count": 0, "groups": []}}, "referralId": "e-0-5637583b498efb2f4f8d435c-18"}, {"reasons": {"count": 0, "items": [{"summary": "This spot is popular", "type": "general", "reasonName": "globalInteractionReason"}]}, "venue": {"id": "4ac518f4f964a52008af20e3", "name": "Montezuma's Chocolate", "location": {"address": "51 Brushfield St", "lat": 51.51931253289529, "lng": -0.0760376466816184, "labeledLatLngs": [{"label": "display", "lat": 51.51931253289529, "lng": -0.0760376466816184}], "distance": 366, "postalCode": "E1 6AA", "cc": "GB", "city": "London", "state": "Greater London", "country": "United Kingdom", "formattedAddress": ["51 Brushfield St", "London", "Greater London", "E1 6AA", "United Kingdom"]}, "categories": [{"id": "4bf58dd8d48988d117951735", "name": "Candy Store", "pluralName": "Candy Stores", "shortName": "Candy Store", "icon": {"prefix": "https://ss3.4sqi.net/img/categories_v2/shops/candystore_", "suffix": ".png"}, "primary": true}], "photos": {"count": 0, "groups": []}}, "referralId": "e-0-4ac518f4f964a52008af20e3-19"}, {"reasons": {"count": 0, "items": [{"summary": "This spot is popular", "type": "general", "reasonName": "globalInteractionReason"}]}, "venue": {"id": "5624e263498eccd9fd5d8fe4", "name": "Modern Society", "location": {"address": "33 Redchurch Street", "lat": 51.52441508020866, "lng": -0.07548558981410677, "labeledLatLngs": [{"label": "display", "lat": 51.52441508020866, "lng": -0.07548558981410677}], "distance": 347, "postalCode": "E2 7DJ", "cc": "GB", "city": "London", "state": "Greater London", "country": "United Kingdom", "formattedAddress": ["33 Redchurch Street", "London", "Greater London", "E2 7DJ", "United Kingdom"]}, "categories": [{"id": "4bf58dd8d48988d104951735", "name": "Boutique", "pluralName": "Boutiques", "shortName": "Boutique", "icon": {"prefix": "https://ss3.4sqi.net/img/categories_v2/shops/apparel_boutique_", "suffix": ".png"}, "primary": true}], "photos": {"count": 0, "groups": []}, "venuePage": {"id": "143372403"}}, "referralId": "e-0-5624e263498eccd9fd5d8fe4-20"}, {"reasons": {"count": 0, "items": [{"summary": "This spot is popular", "type": "general", "reasonName": "globalInteractionReason"}]}, "venue": {"id": "567e87db498e0948d6c9c278", "name": "APC", "location": {"address": "15 Redchurch St", "lat": 51.524342019545486, "lng": -0.07614280276607559, "labeledLatLngs": [{"label": "display", "lat": 51.524342019545486, "lng": -0.07614280276607559}], "distance": 312, "postalCode": "E2 7DY", "cc": "GB", "city": "London", "state": "Greater London", "country": "United Kingdom", "formattedAddress": ["15 Redchurch St", "London", "Greater London", "E2 7DY", "United Kingdom"]}, "categories": [{"id": "4bf58dd8d48988d104951735", "name": "Boutique", "pluralName": "Boutiques", "shortName": "Boutique", "icon": {"prefix": "https://ss3.4sqi.net/img/categories_v2/shops/apparel_boutique_", "suffix": ".png"}, "primary": true}], "photos": {"count": 0, "groups": []}}, "referralId": "e-0-567e87db498e0948d6c9c278-21"}, {"reasons": {"count": 0, "items": [{"summary": "This spot is popular", "type": "general", "reasonName": "globalInteractionReason"}]}, "venue": {"id": "5322157c498e72496f789834", "name": "House of Vapes - London", "location": {"address": "232 Shoreditch High St", "lat": 51.522255219154275, "lng": -0.07811571367676878, "labeledLatLngs": [{"label": "display", "lat": 51.522255219154275, "lng": -0.07811571367676878}], "distance": 53, "postalCode": "E1 6PJ", "cc": "GB", "city": "London", "state": "Greater London", "country": "United Kingdom", "formattedAddress": ["232 Shoreditch High St", "London", "Greater London", "E1 6PJ", "United Kingdom"]}, "categories": [{"id": "56aa371be4b08b9a8d57355c", "name": "Vape Store", "pluralName": "Vape Stores", "shortName": "Vape Store", "icon": {"prefix": "https://ss3.4sqi.net/img/categories_v2/shops/tobacco_", "suffix": ".png"}, "primary": true}], "photos": {"count": 0, "groups": []}, "venuePage": {"id": "143381603"}}, "referralId": "e-0-5322157c498e72496f789834-22"}, {"reasons": {"count": 0, "items": [{"summary": "This spot is popular", "type": "general", "reasonName": "globalInteractionReason"}]}, "venue": {"id": "4c23897d497cb713122a6dd8", "name": "Hostem", "location": {"address": "41-43 Redchurch St", "crossStreet": "Chance St.", "lat": 51.52441353488704, "lng": -0.0752149229542867, "labeledLatLngs": [{"label": "display", "lat": 51.52441353488704, "lng": -0.0752149229542867}], "distance": 360, "postalCode": "E2 7DJ", "cc": "GB", "city": "London", "state": "Greater London", "country": "United Kingdom", "formattedAddress": ["41-43 Redchurch St (Chance St.)", "London", "Greater London", "E2 7DJ", "United Kingdom"]}, "categories": [{"id": "4bf58dd8d48988d104951735", "name": "Boutique", "pluralName": "Boutiques", "shortName": "Boutique", "icon": {"prefix": "https://ss3.4sqi.net/img/categories_v2/shops/apparel_boutique_", "suffix": ".png"}, "primary": true}], "photos": {"count": 0, "groups": []}}, "referralId": "e-0-4c23897d497cb713122a6dd8-23"}, {"reasons": {"count": 0, "items": [{"summary": "This spot is popular", "type": "general", "reasonName": "globalInteractionReason"}]}, "venue": {"id": "4def85ac183822e7cf3aa7ae", "name": "Shoreditch Plus", "location": {"address": "53 Great Eastern St", "lat": 51.52462191722405, "lng": -0.08074913240599939, "labeledLatLngs": [{"label": "display", "lat": 51.52462191722405, "lng": -0.08074913240599939}], "distance": 310, "postalCode": "EC2A 3QD", "cc": "GB", "city": "Hackney", "state": "Greater London", "country": "United Kingdom", "formattedAddress": ["53 Great Eastern St", "Hackney", "Greater London", "EC2A 3QD", "United Kingdom"]}, "categories": [{"id": "4d954b0ea243a5684a65b473", "name": "Convenience Store", "pluralName": "Convenience Stores", "shortName": "Convenience Store", "icon": {"prefix": "https://ss3.4sqi.net/img/categories_v2/shops/conveniencestore_", "suffix": ".png"}, "primary": true}], "photos": {"count": 0, "groups": []}}, "referralId": "e-0-4def85ac183822e7cf3aa7ae-24"}, {"reasons": {"count": 0, "items": [{"summary": "This spot is popular", "type": "general", "reasonName": "globalInteractionReason"}]}, "venue": {"id": "550ab21c498ee9f23e3a48e5", "name": "Hotel Chocolat", "location": {"address": "27-33 Brushfield St", "lat": 51.51891127238071, "lng": -0.07785916328430176, "labeledLatLngs": [{"label": "display", "lat": 51.51891127238071, "lng": -0.07785916328430176}], "distance": 361, "postalCode": "E1 6AN", "cc": "GB", "city": "London", "state": "Greater London", "country": "United Kingdom", "formattedAddress": ["27-33 Brushfield St", "London", "Greater London", "E1 6AN", "United Kingdom"]}, "categories": [{"id": "52f2ab2ebcbc57f1066b8b31", "name": "Chocolate Shop", "pluralName": "Chocolate Shops", "shortName": "Chocolate Shop", "icon": {"prefix": "https://ss3.4sqi.net/img/categories_v2/shops/candystore_", "suffix": ".png"}, "primary": true}], "photos": {"count": 0, "groups": []}}, "referralId": "e-0-550ab21c498ee9f23e3a48e5-25"}, {"reasons": {"count": 0, "items": [{"summary": "This spot is popular", "type": "general", "reasonName": "globalInteractionReason"}]}, "venue": {"id": "4dda665e81dcd5bca5b0083e", "name": "Sunspel", "location": {"address": "7 Redchurch St", "crossStreet": "Boundary St", "lat": 51.52442237965467, "lng": -0.07652183253361426, "labeledLatLngs": [{"label": "display", "lat": 51.52442237965467, "lng": -0.07652183253361426}], "distance": 304, "postalCode": "E2 7DJ", "cc": "GB", "city": "London", "state": "Greater London", "country": "United Kingdom", "formattedAddress": ["7 Redchurch St (Boundary St)", "London", "Greater London", "E2 7DJ", "United Kingdom"]}, "categories": [{"id": "4bf58dd8d48988d103951735", "name": "Clothing Store", "pluralName": "Clothing Stores", "shortName": "Apparel", "icon": {"prefix": "https://ss3.4sqi.net/img/categories_v2/shops/apparel_", "suffix": ".png"}, "primary": true}], "photos": {"count": 0, "groups": []}}, "referralId": "e-0-4dda665e81dcd5bca5b0083e-26"}, {"reasons": {"count": 0, "items": [{"summary": "This spot is popular", "type": "general", "reasonName": "globalInteractionReason"}]}, "venue": {"id": "4b7c0172f964a5201d782fe3", "name": "Albam Clothing", "location": {"address": "111a Commercial St", "crossStreet": "Old Spitalfields Market", "lat": 51.51974577545329, "lng": -0.07454395294189453, "labeledLatLngs": [{"label": "display", "lat": 51.51974577545329, "lng": -0.07454395294189453}], "distance": 396, "postalCode": "E1 6BG", "cc": "GB", "city": "London", "state": "Greater London", "country": "United Kingdom", "formattedAddress": ["111a Commercial St (Old Spitalfields Market)", "London", "Greater London", "E1 6BG", "United Kingdom"]}, "categories": [{"id": "4bf58dd8d48988d106951735", "name": "Men's Store", "pluralName": "Men's Stores", "shortName": "Men's Store", "icon": {"prefix": "https://ss3.4sqi.net/img/categories_v2/shops/apparel_men_", "suffix": ".png"}, "primary": true}], "photos": {"count": 0, "groups": []}}, "referralId": "e-0-4b7c0172f964a5201d782fe3-27"}, {"reasons": {"count": 0, "items": [{"summary": "This spot is popular", "type": "general", "reasonName": "globalInteractionReason"}]}, "venue": {"id": "4fa01f4ce4b0d2f1098ad58b", "name": "Dr. Martens", "location": {"address": "15 Lamb St", "lat": 51.52022575258589, "lng": -0.0750087936151858, "labeledLatLngs": [{"label": "display", "lat": 51.52022575258589, "lng": -0.0750087936151858}], "distance": 337, "postalCode": "E1 6EA", "cc": "GB", "city": "London", "state": "Greater London", "country": "United Kingdom", "formattedAddress": ["15 Lamb St", "London", "Greater London", "E1 6EA", "United Kingdom"]}, "categories": [{"id": "4bf58dd8d48988d107951735", "name": "Shoe Store", "pluralName": "Shoe Stores", "shortName": "Shoes", "icon": {"prefix": "https://ss3.4sqi.net/img/categories_v2/shops/apparel_shoestore_", "suffix": ".png"}, "primary": true}], "photos": {"count": 0, "groups": []}}, "referralId": "e-0-4fa01f4ce4b0d2f1098ad58b-28"}, {"reasons": {"count": 0, "items": [{"summary": "This spot is popular", "type": "general", "reasonName": "globalInteractionReason"}]}, "venue": {"id": "4dda682781dcd5bca5b0143b", "name": "A.P.C.", "location": {"address": "5 Redchurch St.", "crossStreet": "Boundary St.", "lat": 51.52435825655629, "lng": -0.07610567596221401, "labeledLatLngs": [{"label": "display", "lat": 51.52435825655629, "lng": -0.07610567596221401}], "distance": 315, "postalCode": "E2 7DJ", "cc": "GB", "city": "Hackney", "state": "Greater London", "country": "United Kingdom", "formattedAddress": ["5 Redchurch St. (Boundary St.)", "Hackney", "Greater London", "E2 7DJ", "United Kingdom"]}, "categories": [{"id": "4bf58dd8d48988d103951735", "name": "Clothing Store", "pluralName": "Clothing Stores", "shortName": "Apparel", "icon": {"prefix": "https://ss3.4sqi.net/img/categories_v2/shops/apparel_", "suffix": ".png"}, "primary": true}], "photos": {"count": 0, "groups": []}}, "referralId": "e-0-4dda682781dcd5bca5b0143b-29"}, {"reasons": {"count": 0, "items": [{"summary": "This spot is popular", "type": "general", "reasonName": "globalInteractionReason"}]}, "venue": {"id": "54ca0f26498ee72119682c23", "name": "DICE", "location": {"address": "Unit 11, 92-96 De Beauvoir Road", "lat": 51.52379122959692, "lng": -0.07692575454711914, "labeledLatLngs": [{"label": "display", "lat": 51.52379122959692, "lng": -0.07692575454711914}], "distance": 230, "postalCode": "N1 4EN", "cc": "GB", "neighborhood": "De Beauvoir Town", "city": "London", "state": "Greater London", "country": "United Kingdom", "formattedAddress": ["Unit 11, 92-96 De Beauvoir Road", "London", "Greater London", "N1 4EN", "United Kingdom"]}, "categories": [{"id": "4bf58dd8d48988d1fe941735", "name": "Music Store", "pluralName": "Music Stores", "shortName": "Music Store", "icon": {"prefix": "https://ss3.4sqi.net/img/categories_v2/shops/music_instruments_", "suffix": ".png"}, "primary": true}], "photos": {"count": 0, "groups": []}, "venuePage": {"id": "139034529"}}, "referralId": "e-0-54ca0f26498ee72119682c23-30"}, {"reasons": {"count": 0, "items": [{"summary": "This spot is popular", "type": "general", "reasonName": "globalInteractionReason"}]}, "venue": {"id": "4d90eb4a9b3841bdffa4445f", "name": "Majestic Wine", "location": {"address": "201-207 High St", "lat": 51.523293026440996, "lng": -0.0776703175897195, "labeledLatLngs": [{"label": "display", "lat": 51.523293026440996, "lng": -0.0776703175897195}], "distance": 156, "postalCode": "E1 6LG", "cc": "GB", "city": "Shoreditch", "state": "Greater London", "country": "United Kingdom", "formattedAddress": ["201-207 High St", "Shoreditch", "Greater London", "E1 6LG", "United Kingdom"]}, "categories": [{"id": "4bf58dd8d48988d119951735", "name": "Wine Shop", "pluralName": "Wine Shops", "shortName": "Wine Shop", "icon": {"prefix": "https://ss3.4sqi.net/img/categories_v2/shops/food_wineshop_", "suffix": ".png"}, "primary": true}], "photos": {"count": 0, "groups": []}}, "referralId": "e-0-4d90eb4a9b3841bdffa4445f-31"}, {"reasons": {"count": 0, "items": [{"summary": "This spot is popular", "type": "general", "reasonName": "globalInteractionReason"}]}, "venue": {"id": "4ced8e42ed62721e4b8856fd", "name": "Urban Outfitters", "location": {"address": "128 Commercial St", "lat": 51.52097364053139, "lng": -0.07499526910858147, "labeledLatLngs": [{"label": "display", "lat": 51.52097364053139, "lng": -0.07499526910858147}], "distance": 294, "postalCode": "E1 6AZ", "cc": "GB", "city": "London", "state": "Greater London", "country": "United Kingdom", "formattedAddress": ["128 Commercial St", "London", "Greater London", "E1 6AZ", "United Kingdom"]}, "categories": [{"id": "4bf58dd8d48988d103951735", "name": "Clothing Store", "pluralName": "Clothing Stores", "shortName": "Apparel", "icon": {"prefix": "https://ss3.4sqi.net/img/categories_v2/shops/apparel_", "suffix": ".png"}, "primary": true}], "photos": {"count": 0, "groups": []}}, "referralId": "e-0-4ced8e42ed62721e4b8856fd-32"}, {"reasons": {"count": 0, "items": [{"summary": "This spot is popular", "type": "general", "reasonName": "globalInteractionReason"}]}, "venue": {"id": "529c9f3711d270122be98cef", "name": "Offspring", "location": {"address": "104 Commercial St", "lat": 51.520058585475745, "lng": -0.07442244588479292, "labeledLatLngs": [{"label": "display", "lat": 51.520058585475745, "lng": -0.07442244588479292}], "distance": 381, "postalCode": "E1 6LZ", "cc": "GB", "city": "London", "state": "Greater London", "country": "United Kingdom", "formattedAddress": ["104 Commercial St", "London", "Greater London", "E1 6LZ", "United Kingdom"]}, "categories": [{"id": "4bf58dd8d48988d107951735", "name": "Shoe Store", "pluralName": "Shoe Stores", "shortName": "Shoes", "icon": {"prefix": "https://ss3.4sqi.net/img/categories_v2/shops/apparel_shoestore_", "suffix": ".png"}, "primary": true}], "photos": {"count": 0, "groups": []}}, "referralId": "e-0-529c9f3711d270122be98cef-33"}, {"reasons": {"count": 0, "items": [{"summary": "This spot is popular", "type": "general", "reasonName": "globalInteractionReason"}]}, "venue": {"id": "55aa8ca2498e00ffd9edfcc4", "name": "Mercantile", "location": {"lat": 51.52025854271569, "lng": -0.07482560620980445, "labeledLatLngs": [{"label": "display", "lat": 51.52025854271569, "lng": -0.07482560620980445}], "distance": 345, "cc": "GB", "country": "United Kingdom", "formattedAddress": ["United Kingdom"]}, "categories": [{"id": "4bf58dd8d48988d108951735", "name": "Women's Store", "pluralName": "Women's Stores", "shortName": "Women's Store", "icon": {"prefix": "https://ss3.4sqi.net/img/categories_v2/shops/apparel_women_", "suffix": ".png"}, "primary": true}], "photos": {"count": 0, "groups": []}}, "referralId": "e-0-55aa8ca2498e00ffd9edfcc4-34"}, {"reasons": {"count": 0, "items": [{"summary": "This spot is popular", "type": "general", "reasonName": "globalInteractionReason"}]}, "venue": {"id": "4ef1fd0d10817c6c8c5cbdfb", "name": "Marimekko Box Park", "location": {"address": "2\u20134 Bethnal Green Road", "lat": 51.52361766963595, "lng": -0.07686138153076172, "labeledLatLngs": [{"label": "display", "lat": 51.52361766963595, "lng": -0.07686138153076172}], "distance": 218, "postalCode": "E1 6GY", "cc": "GB", "city": "London", "state": "Greater London", "country": "United Kingdom", "formattedAddress": ["2\u20134 Bethnal Green Road", "London", "Greater London", "E1 6GY", "United Kingdom"]}, "categories": [{"id": "4bf58dd8d48988d103951735", "name": "Clothing Store", "pluralName": "Clothing Stores", "shortName": "Apparel", "icon": {"prefix": "https://ss3.4sqi.net/img/categories_v2/shops/apparel_", "suffix": ".png"}, "primary": true}], "photos": {"count": 0, "groups": []}}, "referralId": "e-0-4ef1fd0d10817c6c8c5cbdfb-35"}, {"reasons": {"count": 0, "items": [{"summary": "This spot is popular", "type": "general", "reasonName": "globalInteractionReason"}]}, "venue": {"id": "5b278a035c6838002cfc66a0", "name": "Article", "location": {"lat": 51.52148, "lng": -0.075771, "labeledLatLngs": [{"label": "display", "lat": 51.52148, "lng": -0.075771}], "distance": 223, "postalCode": "E1 6BJ", "cc": "GB", "city": "London", "state": "Greater London", "country": "United Kingdom", "formattedAddress": ["London", "Greater London", "E1 6BJ", "United Kingdom"]}, "categories": [{"id": "4bf58dd8d48988d103951735", "name": "Clothing Store", "pluralName": "Clothing Stores", "shortName": "Apparel", "icon": {"prefix": "https://ss3.4sqi.net/img/categories_v2/shops/apparel_", "suffix": ".png"}, "primary": true}], "photos": {"count": 0, "groups": []}}, "referralId": "e-0-5b278a035c6838002cfc66a0-36"}, {"reasons": {"count": 0, "items": [{"summary": "This spot is popular", "type": "general", "reasonName": "globalInteractionReason"}]}, "venue": {"id": "4f609485e4b0eac58bad889a", "name": "City Dry Cleaners", "location": {"address": "94 The Curtain Road", "crossStreet": "Commercial Street", "lat": 51.52441310683564, "lng": -0.0805064589286455, "labeledLatLngs": [{"label": "display", "lat": 51.52441310683564, "lng": -0.0805064589286455}], "distance": 282, "postalCode": "Ec2a 3aa", "cc": "GB", "city": "London", "state": "Greater London", "country": "United Kingdom", "formattedAddress": ["94 The Curtain Road (Commercial Street)", "London", "Greater London", "Ec2a 3aa", "United Kingdom"]}, "categories": [{"id": "52f2ab2ebcbc57f1066b8b1d", "name": "Dry Cleaner", "pluralName": "Dry Cleaners", "shortName": "Dry Cleaner", "icon": {"prefix": "https://ss3.4sqi.net/img/categories_v2/shops/drycleaner_", "suffix": ".png"}, "primary": true}], "photos": {"count": 0, "groups": []}}, "referralId": "e-0-4f609485e4b0eac58bad889a-37"}, {"reasons": {"count": 0, "items": [{"summary": "This spot is popular", "type": "general", "reasonName": "globalInteractionReason"}]}, "venue": {"id": "4eecdc43e5faa560f07b463d", "name": "Urbanears", "location": {"address": "Unit 36, Boxpark", "lat": 51.52378507175188, "lng": -0.07578194385130071, "labeledLatLngs": [{"label": "display", "lat": 51.52378507175188, "lng": -0.07578194385130071}], "distance": 283, "cc": "GB", "city": "Shoreditch", "state": "Greater London", "country": "United Kingdom", "formattedAddress": ["Unit 36, Boxpark", "Shoreditch", "Greater London", "United Kingdom"]}, "categories": [{"id": "4bf58dd8d48988d122951735", "name": "Electronics Store", "pluralName": "Electronics Stores", "shortName": "Electronics", "icon": {"prefix": "https://ss3.4sqi.net/img/categories_v2/shops/technology_", "suffix": ".png"}, "primary": true}], "photos": {"count": 0, "groups": []}}, "referralId": "e-0-4eecdc43e5faa560f07b463d-38"}, {"reasons": {"count": 0, "items": [{"summary": "This spot is popular", "type": "general", "reasonName": "globalInteractionReason"}]}, "venue": {"id": "582de0370b5656106f6a9a83", "name": "Kiehl's", "location": {"address": "14-16 Market St", "lat": 51.51934521588672, "lng": -0.07742196321487427, "labeledLatLngs": [{"label": "display", "lat": 51.51934521588672, "lng": -0.07742196321487427}], "distance": 321, "postalCode": "E1 6DT", "cc": "GB", "city": "Spitalfields", "state": "Greater London", "country": "United Kingdom", "formattedAddress": ["14-16 Market St", "Spitalfields", "Greater London", "E1 6DT", "United Kingdom"]}, "categories": [{"id": "4bf58dd8d48988d10c951735", "name": "Cosmetics Shop", "pluralName": "Cosmetics Shops", "shortName": "Cosmetics", "icon": {"prefix": "https://ss3.4sqi.net/img/categories_v2/shops/beauty_cosmetic_", "suffix": ".png"}, "primary": true}], "photos": {"count": 0, "groups": []}}, "referralId": "e-0-582de0370b5656106f6a9a83-39"}, {"reasons": {"count": 0, "items": [{"summary": "This spot is popular", "type": "general", "reasonName": "globalInteractionReason"}]}, "venue": {"id": "57ea7769498ee233a0b448bd", "name": "Phibrows & SPMU Artists", "location": {"address": "54-56 Scrutton St", "lat": 51.5233948, "lng": -0.0809691, "labeledLatLngs": [{"label": "display", "lat": 51.5233948, "lng": -0.0809691}], "distance": 206, "postalCode": "EC2A 4PH", "cc": "GB", "city": "London", "state": "Greater London", "country": "United Kingdom", "formattedAddress": ["54-56 Scrutton St", "London", "Greater London", "EC2A 4PH", "United Kingdom"]}, "categories": [{"id": "4bf58dd8d48988d10c951735", "name": "Cosmetics Shop", "pluralName": "Cosmetics Shops", "shortName": "Cosmetics", "icon": {"prefix": "https://ss3.4sqi.net/img/categories_v2/shops/beauty_cosmetic_", "suffix": ".png"}, "primary": true}], "photos": {"count": 0, "groups": []}}, "referralId": "e-0-57ea7769498ee233a0b448bd-40"}, {"reasons": {"count": 0, "items": [{"summary": "This spot is popular", "type": "general", "reasonName": "globalInteractionReason"}]}, "venue": {"id": "4bc09a0c74a9a593d941d0f6", "name": "A Child Of The Jago", "location": {"address": "10 Great Eastern Street", "crossStreet": "Bishopsgate", "lat": 51.523948, "lng": -0.079275, "labeledLatLngs": [{"label": "display", "lat": 51.523948, "lng": -0.079275}], "distance": 208, "postalCode": "EC2A 3NT", "cc": "GB", "city": "London", "state": "Greater London", "country": "United Kingdom", "formattedAddress": ["10 Great Eastern Street (Bishopsgate)", "London", "Greater London", "EC2A 3NT", "United Kingdom"]}, "categories": [{"id": "4bf58dd8d48988d103951735", "name": "Clothing Store", "pluralName": "Clothing Stores", "shortName": "Apparel", "icon": {"prefix": "https://ss3.4sqi.net/img/categories_v2/shops/apparel_", "suffix": ".png"}, "primary": true}], "photos": {"count": 0, "groups": []}}, "referralId": "e-0-4bc09a0c74a9a593d941d0f6-41"}, {"reasons": {"count": 0, "items": [{"summary": "This spot is popular", "type": "general", "reasonName": "globalInteractionReason"}]}, "venue": {"id": "566d9b87498e11041c3f3b2d", "name": "The Gift Box", "location": {"address": "2-10 Bethnal Green Rd", "lat": 51.52353756481546, "lng": -0.07662534713745117, "labeledLatLngs": [{"label": "display", "lat": 51.52353756481546, "lng": -0.07662534713745117}], "distance": 222, "postalCode": "E1 6GY", "cc": "GB", "city": "London", "state": "Greater London", "country": "United Kingdom", "formattedAddress": ["2-10 Bethnal Green Rd", "London", "Greater London", "E1 6GY", "United Kingdom"]}, "categories": [{"id": "4bf58dd8d48988d1f8941735", "name": "Furniture / Home Store", "pluralName": "Furniture / Home Stores", "shortName": "Furniture / Home", "icon": {"prefix": "https://ss3.4sqi.net/img/categories_v2/shops/furniture_", "suffix": ".png"}, "primary": true}], "photos": {"count": 0, "groups": []}}, "referralId": "e-0-566d9b87498e11041c3f3b2d-42"}, {"reasons": {"count": 0, "items": [{"summary": "This spot is popular", "type": "general", "reasonName": "globalInteractionReason"}]}, "venue": {"id": "57cef455498e5f203c04c694", "name": "Happy Socks", "location": {"lat": 51.523587, "lng": -0.076613, "labeledLatLngs": [{"label": "display", "lat": 51.523587, "lng": -0.076613}], "distance": 226, "postalCode": "E1 6GY", "cc": "GB", "city": "London", "state": "Greater London", "country": "United Kingdom", "formattedAddress": ["London", "Greater London", "E1 6GY", "United Kingdom"]}, "categories": [{"id": "4bf58dd8d48988d103951735", "name": "Clothing Store", "pluralName": "Clothing Stores", "shortName": "Apparel", "icon": {"prefix": "https://ss3.4sqi.net/img/categories_v2/shops/apparel_", "suffix": ".png"}, "primary": true}], "photos": {"count": 0, "groups": []}}, "referralId": "e-0-57cef455498e5f203c04c694-43"}, {"reasons": {"count": 0, "items": [{"summary": "This spot is popular", "type": "general", "reasonName": "globalInteractionReason"}]}, "venue": {"id": "59bd04854382ab3f4d2075a0", "name": "The Ordinary", "location": {"lat": 51.523518, "lng": -0.076362155, "labeledLatLngs": [{"label": "display", "lat": 51.523518, "lng": -0.076362155}], "distance": 233, "postalCode": "E1", "cc": "GB", "city": "London", "state": "Greater London", "country": "United Kingdom", "formattedAddress": ["London", "Greater London", "E1", "United Kingdom"]}, "categories": [{"id": "4bf58dd8d48988d10c951735", "name": "Cosmetics Shop", "pluralName": "Cosmetics Shops", "shortName": "Cosmetics", "icon": {"prefix": "https://ss3.4sqi.net/img/categories_v2/shops/beauty_cosmetic_", "suffix": ".png"}, "primary": true}], "photos": {"count": 0, "groups": []}}, "referralId": "e-0-59bd04854382ab3f4d2075a0-44"}, {"reasons": {"count": 0, "items": [{"summary": "This spot is popular", "type": "general", "reasonName": "globalInteractionReason"}]}, "venue": {"id": "5ae506ce628c83002c21d7a4", "name": "Broadgate Quarter Food Market", "location": {"address": "1 Snowden St", "lat": 51.52127, "lng": -0.0821222, "labeledLatLngs": [{"label": "display", "lat": 51.52127, "lng": -0.0821222}], "distance": 244, "postalCode": "EC2A 2DQ", "cc": "GB", "city": "London", "state": "Greater London", "country": "United Kingdom", "formattedAddress": ["1 Snowden St", "London", "Greater London", "EC2A 2DQ", "United Kingdom"]}, "categories": [{"id": "53e0feef498e5aac066fd8a9", "name": "Street Food Gathering", "pluralName": "Street Food Gatherings", "shortName": "Street Food Gathering", "icon": {"prefix": "https://ss3.4sqi.net/img/categories_v2/food/streetfood_", "suffix": ".png"}, "primary": true}], "photos": {"count": 0, "groups": []}}, "referralId": "e-0-5ae506ce628c83002c21d7a4-45"}, {"reasons": {"count": 0, "items": [{"summary": "This spot is popular", "type": "general", "reasonName": "globalInteractionReason"}]}, "venue": {"id": "4c0b9b85a1b32d7f0d389bf0", "name": "White Stuff", "location": {"address": "Unit 1, 30 Spital Sq.", "lat": 51.520004, "lng": -0.07759, "labeledLatLngs": [{"label": "display", "lat": 51.520004, "lng": -0.07759}], "distance": 248, "postalCode": "E1 6DX", "cc": "GB", "city": "London", "state": "Greater London", "country": "United Kingdom", "formattedAddress": ["Unit 1, 30 Spital Sq.", "London", "Greater London", "E1 6DX", "United Kingdom"]}, "categories": [{"id": "4bf58dd8d48988d103951735", "name": "Clothing Store", "pluralName": "Clothing Stores", "shortName": "Apparel", "icon": {"prefix": "https://ss3.4sqi.net/img/categories_v2/shops/apparel_", "suffix": ".png"}, "primary": true}], "photos": {"count": 0, "groups": []}}, "referralId": "e-0-4c0b9b85a1b32d7f0d389bf0-46"}, {"reasons": {"count": 0, "items": [{"summary": "This spot is popular", "type": "general", "reasonName": "globalInteractionReason"}]}, "venue": {"id": "5a7c9cb9f193c02a4842346c", "name": "Astrid & Miyu", "location": {"lat": 51.523658, "lng": -0.075944, "labeledLatLngs": [{"label": "display", "lat": 51.523658, "lng": -0.075944}], "distance": 265, "postalCode": "E1", "cc": "GB", "city": "London", "state": "Greater London", "country": "United Kingdom", "formattedAddress": ["London", "Greater London", "E1", "United Kingdom"]}, "categories": [{"id": "4bf58dd8d48988d111951735", "name": "Jewelry Store", "pluralName": "Jewelry Stores", "shortName": "Jewelry", "icon": {"prefix": "https://ss3.4sqi.net/img/categories_v2/shops/jewelry_", "suffix": ".png"}, "primary": true}], "photos": {"count": 0, "groups": []}}, "referralId": "e-0-5a7c9cb9f193c02a4842346c-47"}, {"reasons": {"count": 0, "items": [{"summary": "This spot is popular", "type": "general", "reasonName": "globalInteractionReason"}]}, "venue": {"id": "54d7d68e498e017e3b65bbf7", "name": "Decorum", "location": {"address": "Unit 24, 2-10 Bethnal Green Rd", "lat": 51.523743594038336, "lng": -0.07603992056194883, "labeledLatLngs": [{"label": "display", "lat": 51.523743594038336, "lng": -0.07603992056194883}], "distance": 267, "postalCode": "E1 6GY", "cc": "GB", "city": "Shoreditch", "state": "Greater London", "country": "United Kingdom", "formattedAddress": ["Unit 24, 2-10 Bethnal Green Rd", "Shoreditch", "Greater London", "E1 6GY", "United Kingdom"]}, "categories": [{"id": "4bf58dd8d48988d1f8941735", "name": "Furniture / Home Store", "pluralName": "Furniture / Home Stores", "shortName": "Furniture / Home", "icon": {"prefix": "https://ss3.4sqi.net/img/categories_v2/shops/furniture_", "suffix": ".png"}, "primary": true}], "photos": {"count": 0, "groups": []}}, "referralId": "e-0-54d7d68e498e017e3b65bbf7-48"}, {"reasons": {"count": 0, "items": [{"summary": "This spot is popular", "type": "general", "reasonName": "globalInteractionReason"}]}, "venue": {"id": "57dec01a498e779b83880535", "name": "The Play Box", "location": {"lat": 51.523736, "lng": -0.075949, "labeledLatLngs": [{"label": "display", "lat": 51.523736, "lng": -0.075949}], "distance": 271, "postalCode": "E1", "cc": "GB", "city": "London", "state": "Greater London", "country": "United Kingdom", "formattedAddress": ["London", "Greater London", "E1", "United Kingdom"]}, "categories": [{"id": "4bf58dd8d48988d128951735", "name": "Gift Shop", "pluralName": "Gift Shops", "shortName": "Gift Shop", "icon": {"prefix": "https://ss3.4sqi.net/img/categories_v2/shops/giftshop_", "suffix": ".png"}, "primary": true}], "photos": {"count": 0, "groups": []}}, "referralId": "e-0-57dec01a498e779b83880535-49"}, {"reasons": {"count": 0, "items": [{"summary": "This spot is popular", "type": "general", "reasonName": "globalInteractionReason"}]}, "venue": {"id": "4fbfbadfe4b071420e0cb916", "name": "SPT Dry Cleaners", "location": {"address": "7 Lamb Street", "lat": 51.520160714355505, "lng": -0.0755951815226986, "labeledLatLngs": [{"label": "display", "lat": 51.520160714355505, "lng": -0.0755951815226986}], "distance": 311, "postalCode": "E1 6EA", "cc": "GB", "city": "London", "state": "Greater London", "country": "United Kingdom", "formattedAddress": ["7 Lamb Street", "London", "Greater London", "E1 6EA", "United Kingdom"]}, "categories": [{"id": "52f2ab2ebcbc57f1066b8b1d", "name": "Dry Cleaner", "pluralName": "Dry Cleaners", "shortName": "Dry Cleaner", "icon": {"prefix": "https://ss3.4sqi.net/img/categories_v2/shops/drycleaner_", "suffix": ".png"}, "primary": true}], "photos": {"count": 0, "groups": []}}, "referralId": "e-0-4fbfbadfe4b071420e0cb916-50"}, {"reasons": {"count": 0, "items": [{"summary": "This spot is popular", "type": "general", "reasonName": "globalInteractionReason"}]}, "venue": {"id": "4be581992468c9288a140043", "name": "The Lollipop Shoppe", "location": {"address": "Old Spitalfields Market", "lat": 51.520177, "lng": -0.075404, "labeledLatLngs": [{"label": "display", "lat": 51.520177, "lng": -0.075404}], "distance": 320, "cc": "GB", "city": "London", "state": "Greater London", "country": "United Kingdom", "formattedAddress": ["Old Spitalfields Market", "London", "Greater London", "United Kingdom"]}, "categories": [{"id": "4bf58dd8d48988d127951735", "name": "Arts & Crafts Store", "pluralName": "Arts & Crafts Stores", "shortName": "Arts & Crafts", "icon": {"prefix": "https://ss3.4sqi.net/img/categories_v2/shops/artstore_", "suffix": ".png"}, "primary": true}], "photos": {"count": 0, "groups": []}}, "referralId": "e-0-4be581992468c9288a140043-51"}, {"reasons": {"count": 0, "items": [{"summary": "This spot is popular", "type": "general", "reasonName": "globalInteractionReason"}]}, "venue": {"id": "5dcd6594e3ee8700081b494f", "name": "Weekday", "location": {"address": "Unit 7, 168 Shoreditch High Street", "lat": 51.524866, "lng": -0.0774995, "labeledLatLngs": [{"label": "display", "lat": 51.524866, "lng": -0.0774995}], "distance": 321, "postalCode": "E1 6HU", "cc": "GB", "city": "London", "state": "Greater London", "country": "United Kingdom", "formattedAddress": ["Unit 7, 168 Shoreditch High Street", "London", "Greater London", "E1 6HU", "United Kingdom"]}, "categories": [{"id": "4bf58dd8d48988d103951735", "name": "Clothing Store", "pluralName": "Clothing Stores", "shortName": "Apparel", "icon": {"prefix": "https://ss3.4sqi.net/img/categories_v2/shops/apparel_", "suffix": ".png"}, "primary": true}], "photos": {"count": 0, "groups": []}}, "referralId": "e-0-5dcd6594e3ee8700081b494f-52"}, {"reasons": {"count": 0, "items": [{"summary": "This spot is popular", "type": "general", "reasonName": "globalInteractionReason"}]}, "venue": {"id": "587a66c4e72ef6321492fcb5", "name": "CAMPERLAB", "location": {"address": "13a, Boundary St", "lat": 51.52476, "lng": -0.076584, "labeledLatLngs": [{"label": "display", "lat": 51.52476, "lng": -0.076584}], "distance": 335, "postalCode": "E2 7JE", "cc": "GB", "city": "London", "country": "United Kingdom", "formattedAddress": ["13a, Boundary St", "London", "E2 7JE", "United Kingdom"]}, "categories": [{"id": "4bf58dd8d48988d107951735", "name": "Shoe Store", "pluralName": "Shoe Stores", "shortName": "Shoes", "icon": {"prefix": "https://ss3.4sqi.net/img/categories_v2/shops/apparel_shoestore_", "suffix": ".png"}, "primary": true}], "photos": {"count": 0, "groups": []}}, "referralId": "e-0-587a66c4e72ef6321492fcb5-53"}, {"reasons": {"count": 0, "items": [{"summary": "This spot is popular", "type": "general", "reasonName": "globalInteractionReason"}]}, "venue": {"id": "5b001651aa6c95002c2422aa", "name": "Ost", "location": {"lat": 51.52052, "lng": -0.07446952, "labeledLatLngs": [{"label": "display", "lat": 51.52052, "lng": -0.07446952}], "distance": 350, "postalCode": "E1", "cc": "GB", "city": "London", "state": "Greater London", "country": "United Kingdom", "formattedAddress": ["London", "Greater London", "E1", "United Kingdom"]}, "categories": [{"id": "4bf58dd8d48988d103951735", "name": "Clothing Store", "pluralName": "Clothing Stores", "shortName": "Apparel", "icon": {"prefix": "https://ss3.4sqi.net/img/categories_v2/shops/apparel_", "suffix": ".png"}, "primary": true}], "photos": {"count": 0, "groups": []}}, "referralId": "e-0-5b001651aa6c95002c2422aa-54"}, {"reasons": {"count": 0, "items": [{"summary": "This spot is popular", "type": "general", "reasonName": "globalInteractionReason"}]}, "venue": {"id": "50953b57e4b09d8b5e888b71", "name": "Bolongaro Trevor", "location": {"address": "1a Academy Building", "crossStreet": "Fanshaw Street", "lat": 51.519318, "lng": -0.07636, "labeledLatLngs": [{"label": "display", "lat": 51.519318, "lng": -0.07636}], "distance": 354, "postalCode": "N1 6LQ", "cc": "GB", "city": "London", "state": "Greater London", "country": "United Kingdom", "formattedAddress": ["1a Academy Building (Fanshaw Street)", "London", "Greater London", "N1 6LQ", "United Kingdom"]}, "categories": [{"id": "4bf58dd8d48988d103951735", "name": "Clothing Store", "pluralName": "Clothing Stores", "shortName": "Apparel", "icon": {"prefix": "https://ss3.4sqi.net/img/categories_v2/shops/apparel_", "suffix": ".png"}, "primary": true}], "photos": {"count": 0, "groups": []}}, "referralId": "e-0-50953b57e4b09d8b5e888b71-55"}, {"reasons": {"count": 0, "items": [{"summary": "This spot is popular", "type": "general", "reasonName": "globalInteractionReason"}]}, "venue": {"id": "594bc592be70781a0e107aae", "name": "Ollie Quinn", "location": {"address": "41 Brushfield St", "lat": 51.519141, "lng": -0.076552, "labeledLatLngs": [{"label": "display", "lat": 51.519141, "lng": -0.076552}], "distance": 365, "postalCode": "E1 6AA", "cc": "GB", "city": "London", "state": "Greater London", "country": "United Kingdom", "formattedAddress": ["41 Brushfield St", "London", "Greater London", "E1 6AA", "United Kingdom"]}, "categories": [{"id": "4d954afda243a5684865b473", "name": "Optical Shop", "pluralName": "Optical Shops", "shortName": "Optical", "icon": {"prefix": "https://ss3.4sqi.net/img/categories_v2/building/medical_opticalshop_", "suffix": ".png"}, "primary": true}], "photos": {"count": 0, "groups": []}}, "referralId": "e-0-594bc592be70781a0e107aae-56"}, {"reasons": {"count": 0, "items": [{"summary": "This spot is popular", "type": "general", "reasonName": "globalInteractionReason"}]}, "venue": {"id": "54c51594498ebfa050961ece", "name": "Bailey Nelson", "location": {"lat": 51.51907139031834, "lng": -0.07680175471940244, "labeledLatLngs": [{"label": "display", "lat": 51.51907139031834, "lng": -0.07680175471940244}], "distance": 365, "cc": "GB", "country": "United Kingdom", "formattedAddress": ["United Kingdom"]}, "categories": [{"id": "4d954afda243a5684865b473", "name": "Optical Shop", "pluralName": "Optical Shops", "shortName": "Optical", "icon": {"prefix": "https://ss3.4sqi.net/img/categories_v2/building/medical_opticalshop_", "suffix": ".png"}, "primary": true}], "photos": {"count": 0, "groups": []}}, "referralId": "e-0-54c51594498ebfa050961ece-57"}, {"reasons": {"count": 0, "items": [{"summary": "This spot is popular", "type": "general", "reasonName": "globalInteractionReason"}]}, "venue": {"id": "57c5a795498ef1e620af3377", "name": "lululemon", "location": {"address": "1 Horner Square", "crossStreet": "SP2A The Pavillions", "lat": 51.51942553099747, "lng": -0.07573715596881803, "labeledLatLngs": [{"label": "display", "lat": 51.51942553099747, "lng": -0.07573715596881803}], "distance": 367, "postalCode": "E1 6EW", "cc": "GB", "city": "Spitalfields", "state": "Greater London", "country": "United Kingdom", "formattedAddress": ["1 Horner Square (SP2A The Pavillions)", "Spitalfields", "Greater London", "E1 6EW", "United Kingdom"]}, "categories": [{"id": "4bf58dd8d48988d103951735", "name": "Clothing Store", "pluralName": "Clothing Stores", "shortName": "Apparel", "icon": {"prefix": "https://ss3.4sqi.net/img/categories_v2/shops/apparel_", "suffix": ".png"}, "primary": true}], "photos": {"count": 0, "groups": []}}, "referralId": "e-0-57c5a795498ef1e620af3377-58"}, {"reasons": {"count": 0, "items": [{"summary": "This spot is popular", "type": "general", "reasonName": "globalInteractionReason"}]}, "venue": {"id": "4fddfea9e4b082d076c14e5e", "name": "Ben Sherman", "location": {"address": "108 Commercial St", "lat": 51.52010917938971, "lng": -0.0745449438743907, "labeledLatLngs": [{"label": "display", "lat": 51.52010917938971, "lng": -0.0745449438743907}], "distance": 371, "postalCode": "E1 6LZ", "cc": "GB", "city": "London", "state": "Greater London", "country": "United Kingdom", "formattedAddress": ["108 Commercial St", "London", "Greater London", "E1 6LZ", "United Kingdom"]}, "categories": [{"id": "4bf58dd8d48988d106951735", "name": "Men's Store", "pluralName": "Men's Stores", "shortName": "Men's Store", "icon": {"prefix": "https://ss3.4sqi.net/img/categories_v2/shops/apparel_men_", "suffix": ".png"}, "primary": true}], "photos": {"count": 0, "groups": []}}, "referralId": "e-0-4fddfea9e4b082d076c14e5e-59"}, {"reasons": {"count": 0, "items": [{"summary": "This spot is popular", "type": "general", "reasonName": "globalInteractionReason"}]}, "venue": {"id": "565c245c38faef99b76d0704", "name": "ilithium limited", "location": {"address": "154-158 Shoreditch High St", "crossStreet": "2nd Floor", "lat": 51.52536431232852, "lng": -0.07778968383593718, "labeledLatLngs": [{"label": "display", "lat": 51.52536431232852, "lng": -0.07778968383593718}], "distance": 370, "postalCode": "E1 6HD", "cc": "GB", "neighborhood": "Shoreditch, London, Greater London", "city": "London", "state": "Greater London", "country": "United Kingdom", "formattedAddress": ["154-158 Shoreditch High St (2nd Floor)", "London", "Greater London", "E1 6HD", "United Kingdom"]}, "categories": [{"id": "52f2ab2ebcbc57f1066b8b36", "name": "IT Services", "pluralName": "IT Services", "shortName": "IT Services", "icon": {"prefix": "https://ss3.4sqi.net/img/categories_v2/shops/technology_", "suffix": ".png"}, "primary": true}], "photos": {"count": 0, "groups": []}, "venuePage": {"id": "193902513"}}, "referralId": "e-0-565c245c38faef99b76d0704-60"}, {"reasons": {"count": 0, "items": [{"summary": "This spot is popular", "type": "general", "reasonName": "globalInteractionReason"}]}, "venue": {"id": "5746f56b498e93f91e4e2180", "name": "McQ", "location": {"address": "115-117 Commercial Street", "lat": 51.520073, "lng": -0.074515, "labeledLatLngs": [{"label": "display", "lat": 51.520073, "lng": -0.074515}], "distance": 375, "postalCode": "E1 6BG", "cc": "GB", "city": "London", "state": "Greater London", "country": "United Kingdom", "formattedAddress": ["115-117 Commercial Street", "London", "Greater London", "E1 6BG", "United Kingdom"]}, "categories": [{"id": "4bf58dd8d48988d1f6941735", "name": "Department Store", "pluralName": "Department Stores", "shortName": "Department Store", "icon": {"prefix": "https://ss3.4sqi.net/img/categories_v2/shops/departmentstore_", "suffix": ".png"}, "primary": true}], "photos": {"count": 0, "groups": []}}, "referralId": "e-0-5746f56b498e93f91e4e2180-61"}, {"reasons": {"count": 0, "items": [{"summary": "This spot is popular", "type": "general", "reasonName": "globalInteractionReason"}]}, "venue": {"id": "5c4da97789e490002ba347d8", "name": "The Ordinary", "location": {"lat": 51.520069, "lng": -0.074305, "labeledLatLngs": [{"label": "display", "lat": 51.520069, "lng": -0.074305}], "distance": 387, "postalCode": "E1 6LZ", "cc": "GB", "city": "London", "state": "Greater London", "country": "United Kingdom", "formattedAddress": ["London", "Greater London", "E1 6LZ", "United Kingdom"]}, "categories": [{"id": "54541900498ea6ccd0202697", "name": "Health & Beauty Service", "pluralName": "Health & Beauty Services", "shortName": "Health & Beauty", "icon": {"prefix": "https://ss3.4sqi.net/img/categories_v2/shops/salon_barber_", "suffix": ".png"}, "primary": true}], "photos": {"count": 0, "groups": []}}, "referralId": "e-0-5c4da97789e490002ba347d8-62"}, {"reasons": {"count": 0, "items": [{"summary": "This spot is popular", "type": "general", "reasonName": "globalInteractionReason"}]}, "venue": {"id": "550331ec498e3d184c80e3f5", "name": "Club Monaco", "location": {"address": "54 Redchurch Street", "lat": 51.52454034028405, "lng": -0.07481410522702946, "labeledLatLngs": [{"label": "display", "lat": 51.52454034028405, "lng": -0.07481410522702946}], "distance": 389, "postalCode": "SW1W 8AQ", "cc": "GB", "city": "London", "state": "Greater London", "country": "United Kingdom", "formattedAddress": ["54 Redchurch Street", "London", "Greater London", "SW1W 8AQ", "United Kingdom"]}, "categories": [{"id": "4bf58dd8d48988d103951735", "name": "Clothing Store", "pluralName": "Clothing Stores", "shortName": "Apparel", "icon": {"prefix": "https://ss3.4sqi.net/img/categories_v2/shops/apparel_", "suffix": ".png"}, "primary": true}], "photos": {"count": 0, "groups": []}}, "referralId": "e-0-550331ec498e3d184c80e3f5-63"}, {"reasons": {"count": 0, "items": [{"summary": "This spot is popular", "type": "general", "reasonName": "globalInteractionReason"}]}, "venue": {"id": "4cb1b923562d224b5cfc2088", "name": "OFFICE", "location": {"address": "100 Commercial St", "crossStreet": "near Hanbury St", "lat": 51.5199594057816, "lng": -0.0743401050567627, "labeledLatLngs": [{"label": "display", "lat": 51.5199594057816, "lng": -0.0743401050567627}], "distance": 392, "postalCode": "E1 6LZ", "cc": "GB", "city": "London", "state": "Greater London", "country": "United Kingdom", "formattedAddress": ["100 Commercial St (near Hanbury St)", "London", "Greater London", "E1 6LZ", "United Kingdom"]}, "categories": [{"id": "4bf58dd8d48988d107951735", "name": "Shoe Store", "pluralName": "Shoe Stores", "shortName": "Shoes", "icon": {"prefix": "https://ss3.4sqi.net/img/categories_v2/shops/apparel_shoestore_", "suffix": ".png"}, "primary": true}], "photos": {"count": 0, "groups": []}}, "referralId": "e-0-4cb1b923562d224b5cfc2088-64"}, {"reasons": {"count": 0, "items": [{"summary": "This spot is popular", "type": "general", "reasonName": "globalInteractionReason"}]}, "venue": {"id": "57d54ab2498e98354705c009", "name": "Hubbly Bubbly", "location": {"address": "86-90 Paul Street", "crossStreet": "London", "lat": 51.52290339667965, "lng": -0.08440375328063965, "labeledLatLngs": [{"label": "display", "lat": 51.52290339667965, "lng": -0.08440375328063965}], "distance": 395, "postalCode": "EC2A 4NE", "cc": "GB", "city": "London", "state": "Greater London", "country": "United Kingdom", "formattedAddress": ["86-90 Paul Street (London)", "London", "Greater London", "EC2A 4NE", "United Kingdom"]}, "categories": [{"id": "56aa371be4b08b9a8d57355c", "name": "Vape Store", "pluralName": "Vape Stores", "shortName": "Vape Store", "icon": {"prefix": "https://ss3.4sqi.net/img/categories_v2/shops/tobacco_", "suffix": ".png"}, "primary": true}], "photos": {"count": 0, "groups": []}, "venuePage": {"id": "339599616"}}, "referralId": "e-0-57d54ab2498e98354705c009-65"}, {"reasons": {"count": 0, "items": [{"summary": "This spot is popular", "type": "general", "reasonName": "globalInteractionReason"}]}, "venue": {"id": "4acf78f8f964a520e7d320e3", "name": "Tesco Express", "location": {"address": "179 Shoreditch High St, Shoreditch", "crossStreet": "at New Inn Yard", "lat": 51.52451890077968, "lng": -0.07759161674130155, "labeledLatLngs": [{"label": "display", "lat": 51.52451890077968, "lng": -0.07759161674130155}], "distance": 283, "postalCode": "E1 6HP", "cc": "GB", "city": "London", "state": "Greater London", "country": "United Kingdom", "formattedAddress": ["179 Shoreditch High St, Shoreditch (at New Inn Yard)", "London", "Greater London", "E1 6HP", "United Kingdom"]}, "categories": [{"id": "4bf58dd8d48988d118951735", "name": "Grocery Store", "pluralName": "Grocery Stores", "shortName": "Grocery Store", "icon": {"prefix": "https://ss3.4sqi.net/img/categories_v2/shops/food_grocery_", "suffix": ".png"}, "primary": true}], "photos": {"count": 0, "groups": []}}, "referralId": "e-0-4acf78f8f964a520e7d320e3-66"}, {"reasons": {"count": 0, "items": [{"summary": "This spot is popular", "type": "general", "reasonName": "globalInteractionReason"}]}, "venue": {"id": "4aeaaee2f964a5200fbc21e3", "name": "Tesco Express", "location": {"address": "116-118 Commercial St, Spitalfields", "lat": 51.5205951, "lng": -0.0745264, "labeledLatLngs": [{"label": "display", "lat": 51.5205951, "lng": -0.0745264}], "distance": 342, "postalCode": "E1 6NF", "cc": "GB", "city": "London", "state": "Greater London", "country": "United Kingdom", "formattedAddress": ["116-118 Commercial St, Spitalfields", "London", "Greater London", "E1 6NF", "United Kingdom"]}, "categories": [{"id": "4bf58dd8d48988d118951735", "name": "Grocery Store", "pluralName": "Grocery Stores", "shortName": "Grocery Store", "icon": {"prefix": "https://ss3.4sqi.net/img/categories_v2/shops/food_grocery_", "suffix": ".png"}, "primary": true}], "photos": {"count": 0, "groups": []}}, "referralId": "e-0-4aeaaee2f964a5200fbc21e3-67"}]}]}}