{"meta": {"code": 200, "requestId": "5fedda188028c13d4934e557"}, "response": {"suggestedFilters": {"header": "Tap to show:", "filters": [{"name": "Open now", "key": "openNow"}]}, "headerLocation": "Islington", "headerFullLocation": "Islington, London", "headerLocationGranularity": "neighborhood", "query": "arts entertainment", "totalResults": 10, "suggestedBounds": {"ne": {"lat": 51.525600003600005, "lng": -0.07960500706025912}, "sw": {"lat": 51.51839999639999, "lng": -0.09115499293974087}}, "groups": [{"type": "Recommended Places", "name": "recommended", "items": [{"reasons": {"count": 0, "items": [{"summary": "This spot is popular", "type": "general", "reasonName": "globalInteractionReason"}]}, "venue": {"id": "5da9ef8520f38f0008493fb9", "name": "Everyman Cinema", "location": {"address": "1 Finsbury Av", "lat": 51.519549, "lng": -0.084322, "labeledLatLngs": [{"label": "display", "lat": 51.519549, "lng": -0.084322}], "distance": 282, "postalCode": "EC2M 2PJ", "cc": "GB", "city": "London", "state": "Greater London", "country": "United Kingdom", "formattedAddress": ["1 Finsbury Av", "Broadgate", "Greater London", "EC2M 2PJ", "United Kingdom"]}, "categories": [{"id": "4bf58dd8d48988d17f941735", "name": "Movie Theater", "pluralName": "Movie Theaters", "shortName": "Movie Theater", "icon": {"prefix": "https://ss3.4sqi.net/img/categories_v2/arts_entertainment/movietheater_", "suffix": ".png"}, "primary": true}], "photos": {"count": 0, "groups": []}}, "referralId": "e-0-5da9ef8520f38f0008493fb9-0"}, {"reasons": {"count": 0, "items": [{"summary": "This spot is popular", "type": "general", "reasonName": "globalInteractionReason"}]}, "venue": {"id": "500d904de4b07957c405c8d3", "name": "71a gallery", "location": {"address": "71a Leonard St", "lat": 51.52474254402463, "lng": -0.08315457136755083, "labeledLatLngs": [{"label": "display", "lat": 51.52474254402463, "lng": -0.08315457136755083}], "distance": 342, "postalCode": "EC2A 4QS", "cc": "GB", "city": "London", "state": "Greater London", "country": "United Kingdom", "formattedAddress": ["71a Leonard St", "London", "Greater London", "EC2A 4QS", "United Kingdom"]}, "categories": [{"id": "4bf58dd8d48988d1e2931735", "name": "Art Gallery", "pluralName": "Art Galleries", "shortName": "Art Gallery", "icon": {"prefix": "https://ss3.4sqi.net/img/categories_v2/arts_entertainment/artgallery_", "suffix": ".png"}, "primary": true}], "photos": {"count": 0, "groups": []}}, "referralId": "e-0-500d904de4b07957c405c8d3-1"}, {"reasons": {"count": 0, "items": [{"summary": "This spot is popular", "type": "general", "reasonName": "globalInteractionReason"}]}, "venue": {"id": "4bcc3079b6c49c74c04a9391", "name": "Wesley's Chapel and Leysian Mission", "location": {"address": "49 City Rd", "lat": 51.52324233381468, "lng": -0.08711655372401403, "labeledLatLngs": [{"label": "display", "lat": 51.52324233381468, "lng": -0.08711655372401403}], "distance": 183, "postalCode": "EC1Y 1AU", "cc": "GB", "city": "London", "state": "Greater London", "country": "United Kingdom", "formattedAddress": ["49 City Rd", "London", "Greater London", "EC1Y 1AU", "United Kingdom"]}, "categories": [{"id": "4bf58dd8d48988d181941735", "name": "Museum", "pluralName": "Museums", "shortName": "Museum", "icon": {"prefix": "https://ss3.4sqi.net/img/categories_v2/arts_entertainment/museum_", "suffix": ".png"}, "primary": true}], "photos": {"count": 0, "groups": []}}, "referralId": "e-0-4bcc3079b6c49c74c04a9391-2"}, {"reasons": {"count": 0, "items": [{"summary": "This spot is popular", "type": "general", "reasonName": "globalInteractionReason"}]}, "venue": {"id": "50c0f007e4b06f3d18b32747", "name": "Hot Tub Cinema", "location": {"address": "Plough Yard", "lat": 51.52291962402734, "lng": -0.07988245524571938, "labeledLatLngs": [{"label": "display", "lat": 51.52291962402734, "lng": -0.07988245524571938}], "distance": 394, "postalCode": "E C2A", "cc": "GB", "city": "London", "state": "Greater London", "country": "United Kingdom", "formattedAddress": ["Plough Yard", "London", "Greater London", "E C2A", "United Kingdom"]}, "categories": [{"id": "4bf58dd8d48988d17f941735", "name": "Movie Theater", "pluralName": "Movie Theaters", "shortName": "Movie Theater", "icon": {"prefix": "https://ss3.4sqi.net/img/categories_v2/arts_entertainment/movietheater_", "suffix": ".png"}, "primary": true}], "photos": {"count": 0, "groups": []}}, "referralId": "e-0-50c0f007e4b06f3d18b32747-3"}, {"reasons": {"count": 0, "items": [{"summary": "This spot is popular", "type": "general", "reasonName": "globalInteractionReason"}]}, "venue": {"id": "5dfa8b22d382100007e998b2", "name": "Junkyard Golf", "location": {"lat": 51.52183, "lng": -0.08291546, "labeledLatLngs": [{"label": "display", "lat": 51.52183, "lng": -0.08291546}], "distance": 171, "postalCode": "EC2A 2EZ", "cc": "GB", "country": "United Kingdom", "formattedAddress": ["EC2A 2EZ", "United Kingdom"]}, "categories": [{"id": "52e81612bcbc57f1066b79eb", "name": "Mini Golf", "pluralName": "Mini Golf Courses", "shortName": "Mini Golf", "icon": {"prefix": "https://ss3.4sqi.net/img/categories_v2/parks_outdoors/golfcourse_", "suffix": ".png"}, "primary": true}], "photos": {"count": 0, "groups": []}}, "referralId": "e-0-5dfa8b22d382100007e998b2-4"}, {"reasons": {"count": 0, "items": [{"summary": "This spot is popular", "type": "general", "reasonName": "globalInteractionReason"}]}, "venue": {"id": "4ac518d4f964a520aaa720e3", "name": "Bloomberg Space", "location": {"address": "50 Finsbury Sq", "crossStreet": "at Chiswell St", "lat": 51.52045967673098, "lng": -0.08683242791738208, "labeledLatLngs": [{"label": "display", "lat": 51.52045967673098, "lng": -0.08683242791738208}], "distance": 198, "postalCode": "EC2A 1HD", "cc": "GB", "neighborhood": "City of London, London, Greater London", "city": "London", "state": "Greater London", "country": "United Kingdom", "formattedAddress": ["50 Finsbury Sq (at Chiswell St)", "London", "Greater London", "EC2A 1HD", "United Kingdom"]}, "categories": [{"id": "4bf58dd8d48988d1e2931735", "name": "Art Gallery", "pluralName": "Art Galleries", "shortName": "Art Gallery", "icon": {"prefix": "https://ss3.4sqi.net/img/categories_v2/arts_entertainment/artgallery_", "suffix": ".png"}, "primary": true}], "photos": {"count": 0, "groups": []}}, "referralId": "e-0-4ac518d4f964a520aaa720e3-5"}, {"reasons": {"count": 0, "items": [{"summary": "This spot is popular", "type": "general", "reasonName": "globalInteractionReason"}]}, "venue": {"id": "4e7c9d848998971354f566b3", "name": "Epio HQ", "location": {"address": "32-38 Scrutton St", "lat": 51.52321846829664, "lng": -0.0818206994558742, "labeledLatLngs": [{"label": "display", "lat": 51.52321846829664, "lng": -0.0818206994558742}], "distance": 281, "postalCode": "EC2A  4R", "cc": "GB", "city": "Hackney", "state": "Greater London", "country": "United Kingdom", "formattedAddress": ["32-38 Scrutton St", "Hackney", "Greater London", "EC2A  4R", "United Kingdom"]}, "categories": [{"id": "4bf58dd8d48988d191941735", "name": "Science Museum", "pluralName": "Science Museums", "shortName": "Science Museum", "icon": {"prefix": "https://ss3.4sqi.net/img/categories_v2/arts_entertainment/museum_science_", "suffix": ".png"}, "primary": true}], "photos": {"count": 0, "groups": []}}, "referralId": "e-0-4e7c9d848998971354f566b3-6"}, {"reasons": {"count": 0, "items": [{"summary": "This spot is popular", "type": "general", "reasonName": "globalInteractionReason"}]}, "venue": {"id": "4fbeafe6e4b01b86c414b11e", "name": "Rooftop Film Club", "location": {"address": "1 Curtain Road", "lat": 51.522143505020665, "lng": -0.08121159500432398, "labeledLatLngs": [{"label": "display", "lat": 51.522143505020665, "lng": -0.08121159500432398}], "distance": 289, "cc": "GB", "city": "London", "state": "Greater London", "country": "United Kingdom", "formattedAddress": ["1 Curtain Road", "London", "Greater London", "United Kingdom"]}, "categories": [{"id": "4bf58dd8d48988d17e941735", "name": "Indie Movie Theater", "pluralName": "Indie Movie Theaters", "shortName": "Indie Movies", "icon": {"prefix": "https://ss3.4sqi.net/img/categories_v2/arts_entertainment/movietheater_", "suffix": ".png"}, "primary": true}], "photos": {"count": 0, "groups": []}}, "referralId": "e-0-4fbeafe6e4b01b86c414b11e-7"}, {"reasons": {"count": 0, "items": [{"summary": "This spot is popular", "type": "general", "reasonName": "globalInteractionReason"}]}, "venue": {"id": "4ea7f2ff6c25a76b7ce5c33d", "name": "Blackall Studios", "location": {"address": "73 Leonard St", "lat": 51.52475206735155, "lng": -0.08301289185574491, "labeledLatLngs": [{"label": "display", "lat": 51.52475206735155, "lng": -0.08301289185574491}], "distance": 347, "cc": "GB", "city": "Hackney", "state": "Greater London", "country": "United Kingdom", "formattedAddress": ["73 Leonard St", "Hackney", "Greater London", "United Kingdom"]}, "categories": [{"id": "4bf58dd8d48988d1e2931735", "name": "Art Gallery", "pluralName": "Art Galleries", "shortName": "Art Gallery", "icon": {"prefix": "https://ss3.4sqi.net/img/categories_v2/arts_entertainment/artgallery_", "suffix": ".png"}, "primary": true}], "photos": {"count": 0, "groups": []}}, "referralId": "e-0-4ea7f2ff6c25a76b7ce5c33d-8"}, {"reasons": {"count": 0, "items": [{"summary": "This spot is popular", "type": "general", "reasonName": "globalInteractionReason"}]}, "venue": {"id": "5500968d498ece4f99325b03", "name": "Templeton House Polepeople Temp Dance studio", "location": {"address": "33-34 Chiswell Street", "lat": 51.52089521035707, "lng": -0.09067922217717632, "labeledLatLngs": [{"label": "display", "lat": 51.52089521035707, "lng": -0.09067922217717632}], "distance": 387, "cc": "GB", "city": "London", "state": "Greater London", "country": "United Kingdom", "formattedAddress": ["33-34 Chiswell Street", "London", "Greater London", "United Kingdom"]}, "categories": [{"id": "4bf58dd8d48988d134941735", "name": "Dance Studio", "pluralName": "Dance Studios", "shortName": "Dance Studio", "icon": {"prefix": "https://ss3.4sqi.net/img/categories_v2/arts_entertainment/performingarts_dancestudio_", "suffix": ".png"}, "primary": true}], "photos": {"count": 0, "groups": []}}, "referralId": "e-0-5500968d498ece4f99325b03-9"}]}]}}