{"meta": {"code": 200, "requestId": "5feddcf1bec16445af330584"}, "response": {"headerLocation": "De Beauvoir", "headerFullLocation": "De Beauvoir, London", "headerLocationGranularity": "neighborhood", "query": "food", "totalResults": 5, "suggestedBounds": {"ne": {"lat": 51.53875000360001, "lng": -0.08049333882712972}, "sw": {"lat": 51.531549996399995, "lng": -0.09204666117287028}}, "groups": [{"type": "Recommended Places", "name": "recommended", "items": [{"reasons": {"count": 0, "items": [{"summary": "This spot is popular", "type": "general", "reasonName": "globalInteractionReason"}]}, "venue": {"id": "5513d414498edc970a8919f3", "name": "Trew Era Cafe", "location": {"address": "30 Whitmore Rd", "lat": 51.53633188386925, "lng": -0.08169142058693893, "labeledLatLngs": [{"label": "display", "lat": 51.53633188386925, "lng": -0.08169142058693893}], "distance": 343, "postalCode": "N1 5QA", "cc": "GB", "neighborhood": "De Beauvoir", "city": "London", "state": "Greater London", "country": "United Kingdom", "formattedAddress": ["30 Whitmore Rd", "London", "Greater London", "N1 5QA", "United Kingdom"]}, "categories": [{"id": "4bf58dd8d48988d16d941735", "name": "Caf\u00e9", "pluralName": "Caf\u00e9s", "shortName": "Caf\u00e9", "icon": {"prefix": "https://ss3.4sqi.net/img/categories_v2/food/cafe_", "suffix": ".png"}, "primary": true}], "photos": {"count": 0, "groups": []}}, "referralId": "e-0-5513d414498edc970a8919f3-0"}, {"reasons": {"count": 0, "items": [{"summary": "This spot is popular", "type": "general", "reasonName": "globalInteractionReason"}]}, "venue": {"id": "58d672a424ca6a016589c3a4", "name": "Gainsborough Cafe", "location": {"lat": 51.534953, "lng": -0.089263, "labeledLatLngs": [{"label": "display", "lat": 51.534953, "lng": -0.089263}], "distance": 208, "postalCode": "N1 7EY", "cc": "GB", "city": "London", "state": "Greater London", "country": "United Kingdom", "formattedAddress": ["London", "Greater London", "N1 7EY", "United Kingdom"]}, "categories": [{"id": "4bf58dd8d48988d16d941735", "name": "Caf\u00e9", "pluralName": "Caf\u00e9s", "shortName": "Caf\u00e9", "icon": {"prefix": "https://ss3.4sqi.net/img/categories_v2/food/cafe_", "suffix": ".png"}, "primary": true}], "photos": {"count": 0, "groups": []}}, "referralId": "e-0-58d672a424ca6a016589c3a4-1"}, {"reasons": {"count": 0, "items": [{"summary": "This spot is popular", "type": "general", "reasonName": "globalInteractionReason"}]}, "venue": {"id": "51596e21e4b0d8c131607f56", "name": "Sehat's Cafe", "location": {"lat": 51.531880623119974, "lng": -0.08465003631880606, "labeledLatLngs": [{"label": "display", "lat": 51.531880623119974, "lng": -0.08465003631880606}], "distance": 380, "cc": "GB", "country": "United Kingdom", "formattedAddress": ["United Kingdom"]}, "categories": [{"id": "4bf58dd8d48988d10f941735", "name": "Indian Restaurant", "pluralName": "Indian Restaurants", "shortName": "Indian", "icon": {"prefix": "https://ss3.4sqi.net/img/categories_v2/food/indian_", "suffix": ".png"}, "primary": true}], "photos": {"count": 0, "groups": []}}, "referralId": "e-0-51596e21e4b0d8c131607f56-2"}, {"reasons": {"count": 0, "items": [{"summary": "This spot is popular", "type": "general", "reasonName": "globalInteractionReason"}]}, "venue": {"id": "4f6ceadbe4b0d638a08bc24e", "name": "Surma Tandoori", "location": {"address": "269 New North Road", "lat": 51.53705993227714, "lng": -0.09087324142456055, "labeledLatLngs": [{"label": "display", "lat": 51.53705993227714, "lng": -0.09087324142456055}], "distance": 383, "postalCode": "N1 7BJ", "cc": "GB", "city": "Islington", "state": "Greater London", "country": "United Kingdom", "formattedAddress": ["269 New North Road", "Islington", "Greater London", "N1 7BJ", "United Kingdom"]}, "categories": [{"id": "4bf58dd8d48988d10f941735", "name": "Indian Restaurant", "pluralName": "Indian Restaurants", "shortName": "Indian", "icon": {"prefix": "https://ss3.4sqi.net/img/categories_v2/food/indian_", "suffix": ".png"}, "primary": true}], "photos": {"count": 0, "groups": []}}, "referralId": "e-0-4f6ceadbe4b0d638a08bc24e-3"}, {"reasons": {"count": 0, "items": [{"summary": "This spot is popular", "type": "general", "reasonName": "globalInteractionReason"}]}, "venue": {"id": "4f6ef81fe4b03b3f3ac25b25", "name": "Silver Star", "location": {"address": "265 New North Road", "lat": 51.53726215201743, "lng": -0.09091442182107688, "labeledLatLngs": [{"label": "display", "lat": 51.53726215201743, "lng": -0.09091442182107688}], "distance": 398, "postalCode": "N1 7BJ", "cc": "GB", "city": "Islington", "state": "Greater London", "country": "United Kingdom", "formattedAddress": ["265 New North Road", "Islington", "Greater London", "N1 7BJ", "United Kingdom"]}, "categories": [{"id": "4bf58dd8d48988d146941735", "name": "Deli / Bodega", "pluralName": "Delis / Bodegas", "shortName": "Deli / Bodega", "icon": {"prefix": "https://ss3.4sqi.net/img/categories_v2/food/deli_", "suffix": ".png"}, "primary": true}], "photos": {"count": 0, "groups": []}}, "referralId": "e-0-4f6ef81fe4b03b3f3ac25b25-4"}]}]}}