{"meta": {"code": 200, "requestId": "5fedd9bbf26a273600f1c856"}, "response": {"warning": {"text": "There aren't a lot of results near you. Try something more general, reset your filters, or expand the search area."}, "headerLocation": "Upton Park", "headerFullLocation": "Upton Park, London", "headerLocationGranularity": "neighborhood", "query": "arts entertainment", "totalResults": 2, "suggestedBounds": {"ne": {"lat": 51.535720003600005, "lng": 0.04553627666908332}, "sw": {"lat": 51.52851999639999, "lng": 0.033983723330916676}}, "groups": [{"type": "Recommended Places", "name": "recommended", "items": [{"reasons": {"count": 0, "items": [{"summary": "This spot is popular", "type": "general", "reasonName": "globalInteractionReason"}]}, "venue": {"id": "4e3985f6bd418bd4ba44df51", "name": "Boleyn Cinema", "location": {"address": "7-11 Barking Rd", "crossStreet": "Green St", "lat": 51.53070338800042, "lng": 0.038478784285327014, "labeledLatLngs": [{"label": "display", "lat": 51.53070338800042, "lng": 0.038478784285327014}], "distance": 180, "postalCode": "E6 1PW", "cc": "GB", "city": "London", "state": "Greater London", "country": "United Kingdom", "formattedAddress": ["7-11 Barking Rd (Green St)", "London", "Greater London", "E6 1PW", "United Kingdom"]}, "categories": [{"id": "4bf58dd8d48988d17f941735", "name": "Movie Theater", "pluralName": "Movie Theaters", "shortName": "Movie Theater", "icon": {"prefix": "https://ss3.4sqi.net/img/categories_v2/arts_entertainment/movietheater_", "suffix": ".png"}, "primary": true}], "photos": {"count": 0, "groups": []}}, "referralId": "e-0-4e3985f6bd418bd4ba44df51-0"}, {"reasons": {"count": 0, "items": [{"summary": "This spot is popular", "type": "general", "reasonName": "globalInteractionReason"}]}, "venue": {"id": "503cf750e4b09fbdb447f07b", "name": "The Bobby Moore Statue", "location": {"lat": 51.530372115047776, "lng": 0.038127707048768195, "labeledLatLngs": [{"label": "display", "lat": 51.530372115047776, "lng": 0.038127707048768195}], "distance": 225, "cc": "GB", "city": "London", "state": "Greater London", "country": "United Kingdom", "formattedAddress": ["East Ham Central", "Greater London", "United Kingdom"]}, "categories": [{"id": "52e81612bcbc57f1066b79ed", "name": "Outdoor Sculpture", "pluralName": "Outdoor Sculptures", "shortName": "Outdoor Sculpture", "icon": {"prefix": "https://ss3.4sqi.net/img/categories_v2/parks_outdoors/sculpture_", "suffix": ".png"}, "primary": true}], "photos": {"count": 0, "groups": []}}, "referralId": "e-0-503cf750e4b09fbdb447f07b-1"}]}]}}