{"meta": {"code": 200, "requestId": "5fedda17f849016e71b74434"}, "response": {"warning": {"text": "There aren't a lot of results near you. Try something more general, reset your filters, or expand the search area."}, "headerLocation": "Lambeth", "headerFullLocation": "Lambeth, London", "headerLocationGranularity": "neighborhood", "query": "arts entertainment", "totalResults": 3, "suggestedBounds": {"ne": {"lat": 51.48364000360001, "lng": -0.11507032171569148}, "sw": {"lat": 51.476439996399996, "lng": -0.12660967828430852}}, "groups": [{"type": "Recommended Places", "name": "recommended", "items": [{"reasons": {"count": 0, "items": [{"summary": "This spot is popular", "type": "general", "reasonName": "globalInteractionReason"}]}, "venue": {"id": "523c489611d29473949e7855", "name": "Turpentine Tattoos", "location": {"lat": 51.47986354780314, "lng": -0.12393594305775033, "labeledLatLngs": [{"label": "display", "lat": 51.47986354780314, "lng": -0.12393594305775033}], "distance": 215, "cc": "GB", "country": "United Kingdom", "formattedAddress": ["United Kingdom"]}, "categories": [{"id": "4bf58dd8d48988d1e2931735", "name": "Art Gallery", "pluralName": "Art Galleries", "shortName": "Art Gallery", "icon": {"prefix": "https://ss3.4sqi.net/img/categories_v2/arts_entertainment/artgallery_", "suffix": ".png"}, "primary": true}], "photos": {"count": 0, "groups": []}}, "referralId": "e-0-523c489611d29473949e7855-0"}, {"reasons": {"count": 0, "items": [{"summary": "This spot is popular", "type": "general", "reasonName": "globalInteractionReason"}]}, "venue": {"id": "5a37f4162be4255325c654a2", "name": "Kaieteur Art & Designs Ltd", "location": {"address": "Suite LP36825", "lat": 51.47867129999999, "lng": -0.12327770000001692, "labeledLatLngs": [{"label": "display", "lat": 51.47867129999999, "lng": -0.12327770000001692}], "distance": 227, "postalCode": "N1 7GU", "cc": "GB", "city": "London", "state": "Greater London", "country": "United Kingdom", "formattedAddress": ["Suite LP36825", "London", "Greater London", "N1 7GU", "United Kingdom"]}, "categories": [{"id": "4bf58dd8d48988d1e2931735", "name": "Art Gallery", "pluralName": "Art Galleries", "shortName": "Art Gallery", "icon": {"prefix": "https://ss3.4sqi.net/img/categories_v2/arts_entertainment/artgallery_", "suffix": ".png"}, "primary": true}], "photos": {"count": 0, "groups": []}}, "referralId": "e-0-5a37f4162be4255325c654a2-1"}, {"reasons": {"count": 0, "items": [{"summary": "This spot is popular", "type": "general", "reasonName": "globalInteractionReason"}]}, "venue": {"id": "524b2a5a11d2843b5e46e5bf", "name": "Lietuvos Telekomas", "location": {"address": "19 St. Stephens", "lat": 51.478078, "lng": -0.12183, "labeledLatLngs": [{"label": "display", "lat": 51.478078, "lng": -0.12183}], "distance": 228, "postalCode": "Sw8 1dj", "cc": "GB", "city": "London", "state": "Greater London", "country": "United Kingdom", "formattedAddress": ["19 St. Stephens", "London", "Greater London", "Sw8 1dj", "United Kingdom"]}, "categories": [{"id": "5032792091d4c4b30a586d5c", "name": "Concert Hall", "pluralName": "Concert Halls", "shortName": "Concert Hall", "icon": {"prefix": "https://ss3.4sqi.net/img/categories_v2/arts_entertainment/musicvenue_", "suffix": ".png"}, "primary": true}], "photos": {"count": 0, "groups": []}}, "referralId": "e-0-524b2a5a11d2843b5e46e5bf-2"}]}]}}