{"meta": {"code": 200, "requestId": "5fedda3720e8e9667583999e"}, "response": {"headerLocation": "Childs Hill", "headerFullLocation": "Childs Hill, London", "headerLocationGranularity": "neighborhood", "query": "college education", "totalResults": 8, "suggestedBounds": {"ne": {"lat": 51.56867400360001, "lng": -0.19126953788372922}, "sw": {"lat": 51.5614739964, "lng": -0.2028304621162708}}, "groups": [{"type": "Recommended Places", "name": "recommended", "items": [{"reasons": {"count": 0, "items": [{"summary": "This spot is popular", "type": "general", "reasonName": "globalInteractionReason"}]}, "venue": {"id": "5a5cbe7b65cdf82a55fddc4f", "name": "Co-Op", "location": {"address": "713 Finchley Rd", "lat": 51.56312, "lng": -0.19729356, "labeledLatLngs": [{"label": "display", "lat": 51.56312, "lng": -0.19729356}], "distance": 218, "postalCode": "NW11 2JN", "cc": "GB", "city": "Childs Hill", "state": "Greater London", "country": "United Kingdom", "formattedAddress": ["713 Finchley Rd", "Childs Hill", "Greater London", "NW11 2JN", "United Kingdom"]}, "categories": [{"id": "4bf58dd8d48988d118951735", "name": "Grocery Store", "pluralName": "Grocery Stores", "shortName": "Grocery Store", "icon": {"prefix": "https://ss3.4sqi.net/img/categories_v2/shops/food_grocery_", "suffix": ".png"}, "primary": true}], "photos": {"count": 0, "groups": []}}, "referralId": "e-0-5a5cbe7b65cdf82a55fddc4f-0"}, {"reasons": {"count": 0, "items": [{"summary": "This spot is popular", "type": "general", "reasonName": "globalInteractionReason"}]}, "venue": {"id": "5b3b849460255e002c33fee7", "name": "LaunderAct", "location": {"address": "293 Cricklewood Ln", "lat": 51.563158, "lng": -0.197996, "labeledLatLngs": [{"label": "display", "lat": 51.563158, "lng": -0.197996}], "distance": 223, "postalCode": "NW2 2JL", "cc": "GB", "city": "London", "state": "Greater London", "country": "United Kingdom", "formattedAddress": ["293 Cricklewood Ln", "London", "Greater London", "NW2 2JL", "United Kingdom"]}, "categories": [{"id": "52f2ab2ebcbc57f1066b8b1d", "name": "Dry Cleaner", "pluralName": "Dry Cleaners", "shortName": "Dry Cleaner", "icon": {"prefix": "https://ss3.4sqi.net/img/categories_v2/shops/drycleaner_", "suffix": ".png"}, "primary": true}], "photos": {"count": 0, "groups": []}}, "referralId": "e-0-5b3b849460255e002c33fee7-1"}, {"reasons": {"count": 0, "items": [{"summary": "This spot is popular", "type": "general", "reasonName": "globalInteractionReason"}]}, "venue": {"id": "5e14c673b104f500080d5738", "name": "Castle Pharmacy", "location": {"address": "364", "crossStreet": "Cricklewood Lane", "lat": 51.563062, "lng": -0.197895, "labeledLatLngs": [{"label": "display", "lat": 51.563062, "lng": -0.197895}], "distance": 231, "postalCode": "NW2 2JL", "cc": "GB", "city": "London", "state": "Greater London", "country": "United Kingdom", "formattedAddress": ["364 (Cricklewood Lane)", "London", "Greater London", "NW2 2JL", "United Kingdom"]}, "categories": [{"id": "4bf58dd8d48988d10f951735", "name": "Pharmacy", "pluralName": "Pharmacies", "shortName": "Pharmacy", "icon": {"prefix": "https://ss3.4sqi.net/img/categories_v2/shops/pharmacy_", "suffix": ".png"}, "primary": true}], "photos": {"count": 0, "groups": []}}, "referralId": "e-0-5e14c673b104f500080d5738-2"}, {"reasons": {"count": 0, "items": [{"summary": "This spot is popular", "type": "general", "reasonName": "globalInteractionReason"}]}, "venue": {"id": "55adf73b498efe1245e32fb0", "name": "Danny Hair & Beauty", "location": {"address": "446", "crossStreet": "Frinchley Road", "lat": 51.56259676868674, "lng": -0.19692553074231245, "labeledLatLngs": [{"label": "display", "lat": 51.56259676868674, "lng": -0.19692553074231245}], "distance": 275, "cc": "GB", "city": "London", "state": "Greater London", "country": "United Kingdom", "formattedAddress": ["446 (Frinchley Road)", "London", "Greater London", "United Kingdom"]}, "categories": [{"id": "54541900498ea6ccd0202697", "name": "Health & Beauty Service", "pluralName": "Health & Beauty Services", "shortName": "Health & Beauty", "icon": {"prefix": "https://ss3.4sqi.net/img/categories_v2/shops/salon_barber_", "suffix": ".png"}, "primary": true}], "photos": {"count": 0, "groups": []}}, "referralId": "e-0-55adf73b498efe1245e32fb0-3"}, {"reasons": {"count": 0, "items": [{"summary": "This spot is popular", "type": "general", "reasonName": "globalInteractionReason"}]}, "venue": {"id": "586b5b4c469aef424c066ecf", "name": "Brigitte flowers", "location": {"address": "Wycombe Gardens, Golders Green", "lat": 51.56758061296286, "lng": -0.19675612449645996, "labeledLatLngs": [{"label": "display", "lat": 51.56758061296286, "lng": -0.19675612449645996}], "distance": 279, "postalCode": "NW11 8AL", "cc": "GB", "city": "London", "state": "Greater London", "country": "United Kingdom", "formattedAddress": ["Wycombe Gardens, Golders Green", "London", "Greater London", "NW11 8AL", "United Kingdom"]}, "categories": [{"id": "5453de49498eade8af355881", "name": "Business Service", "pluralName": "Business Services", "shortName": "Business Services", "icon": {"prefix": "https://ss3.4sqi.net/img/categories_v2/building/default_", "suffix": ".png"}, "primary": true}], "photos": {"count": 0, "groups": []}}, "referralId": "e-0-586b5b4c469aef424c066ecf-4"}, {"reasons": {"count": 0, "items": [{"summary": "This spot is popular", "type": "general", "reasonName": "globalInteractionReason"}]}, "venue": {"id": "597090bc0fe7a019d04f44b9", "name": "Jessica Beecham", "location": {"address": "45 Garth Road", "lat": 51.5646996, "lng": -0.20212270000001809, "labeledLatLngs": [{"label": "display", "lat": 51.5646996, "lng": -0.20212270000001809}], "distance": 353, "postalCode": "NW2 2NH", "cc": "GB", "city": "London", "state": "Greater London", "country": "United Kingdom", "formattedAddress": ["45 Garth Road", "London", "Greater London", "NW2 2NH", "United Kingdom"]}, "categories": [{"id": "4bf58dd8d48988d107951735", "name": "Shoe Store", "pluralName": "Shoe Stores", "shortName": "Shoes", "icon": {"prefix": "https://ss3.4sqi.net/img/categories_v2/shops/apparel_shoestore_", "suffix": ".png"}, "primary": true}], "photos": {"count": 0, "groups": []}}, "referralId": "e-0-597090bc0fe7a019d04f44b9-5"}, {"reasons": {"count": 0, "items": [{"summary": "This spot is popular", "type": "general", "reasonName": "globalInteractionReason"}]}, "venue": {"id": "56eb9f57cd10c4efe039cd36", "name": "Local Roofing & Building Experts", "location": {"address": "Flat 100, Longberrys, Cricklewood Lane", "lat": 51.56317901658697, "lng": -0.201197016781407, "labeledLatLngs": [{"label": "display", "lat": 51.56317901658697, "lng": -0.201197016781407}], "distance": 356, "postalCode": "NW2 2TG", "cc": "GB", "city": "City of London", "state": "Greater London", "country": "United Kingdom", "formattedAddress": ["Flat 100, Longberrys, Cricklewood Lane", "City of London", "Greater London", "NW2 2TG", "United Kingdom"]}, "categories": [{"id": "5454144b498ec1f095bff2f2", "name": "Construction & Landscaping", "pluralName": "Construction & Landscaping", "shortName": "Construction", "icon": {"prefix": "https://ss3.4sqi.net/img/categories_v2/shops/realestate_", "suffix": ".png"}, "primary": true}], "photos": {"count": 0, "groups": []}}, "referralId": "e-0-56eb9f57cd10c4efe039cd36-6"}, {"reasons": {"count": 0, "items": [{"summary": "This spot is popular", "type": "general", "reasonName": "globalInteractionReason"}]}, "venue": {"id": "572870db498ec8030d765107", "name": "Brigitte Personal Flower Service", "location": {"address": "16 Wycombe Gardens", "lat": 51.56850758744606, "lng": -0.19874095916748047, "labeledLatLngs": [{"label": "display", "lat": 51.56850758744606, "lng": -0.19874095916748047}], "distance": 399, "postalCode": "NW11 8AL", "cc": "GB", "city": "London", "state": "Greater London", "country": "United Kingdom", "formattedAddress": ["16 Wycombe Gardens", "London", "Greater London", "NW11 8AL", "United Kingdom"]}, "categories": [{"id": "4bf58dd8d48988d11b951735", "name": "Flower Shop", "pluralName": "Flower Shops", "shortName": "Flower Shop", "icon": {"prefix": "https://ss3.4sqi.net/img/categories_v2/shops/flowershop_", "suffix": ".png"}, "primary": true}], "photos": {"count": 0, "groups": []}}, "referralId": "e-0-572870db498ec8030d765107-7"}]}]}}