{"meta": {"code": 200, "requestId": "5fedda334bde931d9e1e9c9c"}, "response": {"headerLocation": "Highbury East", "headerFullLocation": "Highbury East, London", "headerLocationGranularity": "neighborhood", "query": "travel", "totalResults": 5, "suggestedBounds": {"ne": {"lat": 51.55440000360001, "lng": -0.10306135178607571}, "sw": {"lat": 51.547199996399996, "lng": -0.1146186482139243}}, "groups": [{"type": "Recommended Places", "name": "recommended", "items": [{"reasons": {"count": 0, "items": [{"summary": "This spot is popular", "type": "general", "reasonName": "globalInteractionReason"}]}, "venue": {"id": "4e0e2465e4cd27fc7d2caef5", "name": "Bus Stop SY Holloway Rd", "location": {"address": "224-226 Holloway Rd", "lat": 51.552496, "lng": -0.112167, "labeledLatLngs": [{"label": "display", "lat": 51.552496, "lng": -0.112167}], "distance": 297, "postalCode": "N 7 8", "cc": "GB", "city": "Islington", "state": "Greater London", "country": "United Kingdom", "formattedAddress": ["224-226 Holloway Rd", "Islington", "Greater London", "N 7 8", "United Kingdom"]}, "categories": [{"id": "52f2ab2ebcbc57f1066b8b4f", "name": "Bus Stop", "pluralName": "Bus Stops", "shortName": "Bus Stop", "icon": {"prefix": "https://ss3.4sqi.net/img/categories_v2/travel/busstation_", "suffix": ".png"}, "primary": true}], "photos": {"count": 0, "groups": []}}, "referralId": "e-0-4e0e2465e4cd27fc7d2caef5-0"}, {"reasons": {"count": 0, "items": [{"summary": "This spot is popular", "type": "general", "reasonName": "globalInteractionReason"}]}, "venue": {"id": "4cf696d6e308236a650ce7ac", "name": "Bus Stop SU Holloway Road", "location": {"address": "264 Holloway Rd", "lat": 51.55290187263515, "lng": -0.11254575228138498, "labeledLatLngs": [{"label": "display", "lat": 51.55290187263515, "lng": -0.11254575228138498}], "distance": 347, "postalCode": "N 7 6", "cc": "GB", "city": "Islington", "state": "Greater London", "country": "United Kingdom", "formattedAddress": ["264 Holloway Rd", "Islington", "Greater London", "N 7 6", "United Kingdom"]}, "categories": [{"id": "52f2ab2ebcbc57f1066b8b4f", "name": "Bus Stop", "pluralName": "Bus Stops", "shortName": "Bus Stop", "icon": {"prefix": "https://ss3.4sqi.net/img/categories_v2/travel/busstation_", "suffix": ".png"}, "primary": true}], "photos": {"count": 0, "groups": []}}, "referralId": "e-0-4cf696d6e308236a650ce7ac-1"}, {"reasons": {"count": 0, "items": [{"summary": "This spot is popular", "type": "general", "reasonName": "globalInteractionReason"}]}, "venue": {"id": "4b407456f964a5204cb825e3", "name": "Holloway Road London Underground Station", "location": {"address": "Holloway Rd.", "lat": 51.55289518474113, "lng": -0.11259761116422913, "labeledLatLngs": [{"label": "display", "lat": 51.55289518474113, "lng": -0.11259761116422913}], "distance": 349, "postalCode": "N7 8HS", "cc": "GB", "city": "London", "state": "Greater London", "country": "United Kingdom", "formattedAddress": ["Holloway Rd.", "London", "Greater London", "N7 8HS", "United Kingdom"]}, "categories": [{"id": "4bf58dd8d48988d1fd931735", "name": "Metro Station", "pluralName": "Metro Stations", "shortName": "Metro", "icon": {"prefix": "https://ss3.4sqi.net/img/categories_v2/travel/subway_", "suffix": ".png"}, "primary": true}], "photos": {"count": 0, "groups": []}}, "referralId": "e-0-4b407456f964a5204cb825e3-2"}, {"reasons": {"count": 0, "items": [{"summary": "This spot is popular", "type": "general", "reasonName": "globalInteractionReason"}]}, "venue": {"id": "4d41e5f7aed776eb957d6897", "name": "Waytostay", "location": {"address": "Seven Sisters Road, Holloway", "lat": 51.55279, "lng": -0.11282, "labeledLatLngs": [{"label": "display", "lat": 51.55279, "lng": -0.11282}], "distance": 353, "postalCode": "N7 7QP", "cc": "GB", "city": "London", "state": "Greater London", "country": "United Kingdom", "formattedAddress": ["Seven Sisters Road, Holloway", "London", "Greater London", "N7 7QP", "United Kingdom"]}, "categories": [{"id": "4bf58dd8d48988d1fa931735", "name": "Hotel", "pluralName": "Hotels", "shortName": "Hotel", "icon": {"prefix": "https://ss3.4sqi.net/img/categories_v2/travel/hotel_", "suffix": ".png"}, "primary": true}], "photos": {"count": 0, "groups": []}}, "referralId": "e-0-4d41e5f7aed776eb957d6897-3"}, {"reasons": {"count": 0, "items": [{"summary": "This spot is popular", "type": "general", "reasonName": "globalInteractionReason"}]}, "venue": {"id": "4b39ea7bf964a5208d5f25e3", "name": "Drayton Park Railway Station (DYP)", "location": {"address": "Drayton Park", "lat": 51.5530224961641, "lng": -0.10571065598067556, "labeledLatLngs": [{"label": "display", "lat": 51.5530224961641, "lng": -0.10571065598067556}], "distance": 328, "postalCode": "N5 1NT", "cc": "GB", "city": "Highbury", "state": "Greater London", "country": "United Kingdom", "formattedAddress": ["Drayton Park", "Highbury", "Greater London", "N5 1NT", "United Kingdom"]}, "categories": [{"id": "4bf58dd8d48988d129951735", "name": "Train Station", "pluralName": "Train Stations", "shortName": "Train Station", "icon": {"prefix": "https://ss3.4sqi.net/img/categories_v2/travel/trainstation_", "suffix": ".png"}, "primary": true}], "photos": {"count": 0, "groups": []}}, "referralId": "e-0-4b39ea7bf964a5208d5f25e3-4"}]}]}}