{"meta": {"code": 200, "requestId": "5fedda1df849016e71b75ba8"}, "response": {"headerLocation": "Canning Town South", "headerFullLocation": "Canning Town South, London", "headerLocationGranularity": "neighborhood", "query": "arts entertainment", "totalResults": 4, "suggestedBounds": {"ne": {"lat": 51.51189000360001, "lng": 0.02501325501334355}, "sw": {"lat": 51.504689996399996, "lng": 0.01346674498665645}}, "groups": [{"type": "Recommended Places", "name": "recommended", "items": [{"reasons": {"count": 0, "items": [{"summary": "This spot is popular", "type": "general", "reasonName": "globalInteractionReason"}]}, "venue": {"id": "4f1d3b77e4b0c7ea69c86c47", "name": "The Crystal", "location": {"address": "1 Siemens Brothers Way", "crossStreet": "Seagull Ln", "lat": 51.507210173481226, "lng": 0.01677741565889892, "labeledLatLngs": [{"label": "display", "lat": 51.507210173481226, "lng": 0.01677741565889892}], "distance": 208, "postalCode": "E16 1GB", "cc": "GB", "city": "London", "state": "Greater London", "country": "United Kingdom", "formattedAddress": ["1 Siemens Brothers Way (Seagull Ln)", "London", "Greater London", "E16 1GB", "United Kingdom"]}, "categories": [{"id": "4bf58dd8d48988d191941735", "name": "Science Museum", "pluralName": "Science Museums", "shortName": "Science Museum", "icon": {"prefix": "https://ss3.4sqi.net/img/categories_v2/arts_entertainment/museum_science_", "suffix": ".png"}, "primary": true}], "photos": {"count": 0, "groups": []}, "venuePage": {"id": "83771678"}}, "referralId": "e-0-4f1d3b77e4b0c7ea69c86c47-0"}, {"reasons": {"count": 0, "items": [{"summary": "This spot is popular", "type": "general", "reasonName": "globalInteractionReason"}]}, "venue": {"id": "55eb0a80498eda28fbb8f854", "name": "Eduardo Pailozzi", "location": {"lat": 51.50750919047469, "lng": 0.02078136955111983, "labeledLatLngs": [{"label": "display", "lat": 51.50750919047469, "lng": 0.02078136955111983}], "distance": 137, "cc": "GB", "country": "United Kingdom", "formattedAddress": ["United Kingdom"]}, "categories": [{"id": "52e81612bcbc57f1066b79ed", "name": "Outdoor Sculpture", "pluralName": "Outdoor Sculptures", "shortName": "Outdoor Sculpture", "icon": {"prefix": "https://ss3.4sqi.net/img/categories_v2/parks_outdoors/sculpture_", "suffix": ".png"}, "primary": true}], "photos": {"count": 0, "groups": []}}, "referralId": "e-0-55eb0a80498eda28fbb8f854-1"}, {"reasons": {"count": 0, "items": [{"summary": "This spot is popular", "type": "general", "reasonName": "globalInteractionReason"}]}, "venue": {"id": "59d22de32632ec1904e96872", "name": "Stage & the City", "location": {"address": "Unit G34A, Waterfront Studios", "crossStreet": "1 Dock Road", "lat": 51.50557216919477, "lng": 0.01772269606590271, "labeledLatLngs": [{"label": "display", "lat": 51.50557216919477, "lng": 0.01772269606590271}], "distance": 320, "postalCode": "E16 1AH", "cc": "GB", "city": "London", "state": "Greater London", "country": "United Kingdom", "formattedAddress": ["Unit G34A, Waterfront Studios (1 Dock Road)", "London", "Greater London", "E16 1AH", "United Kingdom"]}, "categories": [{"id": "4bf58dd8d48988d1f2931735", "name": "Performing Arts Venue", "pluralName": "Performing Arts Venues", "shortName": "Performing Arts", "icon": {"prefix": "https://ss3.4sqi.net/img/categories_v2/arts_entertainment/performingarts_", "suffix": ".png"}, "primary": true}], "photos": {"count": 0, "groups": []}}, "referralId": "e-0-59d22de32632ec1904e96872-2"}, {"reasons": {"count": 0, "items": [{"summary": "This spot is popular", "type": "general", "reasonName": "globalInteractionReason"}]}, "venue": {"id": "59d22cfaaa6c9536b0a4a302", "name": "Stage & the City", "location": {"address": "Unit G34A, Waterfront Studios", "crossStreet": "1 Dock Road", "lat": 51.50549704117305, "lng": 0.017847418785095215, "labeledLatLngs": [{"label": "display", "lat": 51.50549704117305, "lng": 0.017847418785095215}], "distance": 325, "postalCode": "E16 1AG", "cc": "GB", "city": "London", "state": "Greater London", "country": "United Kingdom", "formattedAddress": ["Unit G34A, Waterfront Studios (1 Dock Road)", "London", "Greater London", "E16 1AG", "United Kingdom"]}, "categories": [{"id": "4bf58dd8d48988d1f2931735", "name": "Performing Arts Venue", "pluralName": "Performing Arts Venues", "shortName": "Performing Arts", "icon": {"prefix": "https://ss3.4sqi.net/img/categories_v2/arts_entertainment/performingarts_", "suffix": ".png"}, "primary": true}], "photos": {"count": 0, "groups": []}}, "referralId": "e-0-59d22cfaaa6c9536b0a4a302-3"}]}]}}