{"meta": {"code": 200, "requestId": "5fedda028ed5f550e57f9659"}, "response": {"warning": {"text": "There aren't a lot of results near you. Try something more general, reset your filters, or expand the search area."}, "headerLocation": "Lambeth", "headerFullLocation": "Lambeth, London", "headerLocationGranularity": "neighborhood", "query": "arts entertainment", "totalResults": 1, "suggestedBounds": {"ne": {"lat": 51.483824003600006, "lng": -0.12275929843835011}, "sw": {"lat": 51.476623996399994, "lng": -0.13429870156164989}}, "groups": [{"type": "Recommended Places", "name": "recommended", "items": [{"reasons": {"count": 0, "items": [{"summary": "This spot is popular", "type": "general", "reasonName": "globalInteractionReason"}]}, "venue": {"id": "523c489611d29473949e7855", "name": "Turpentine Tattoos", "location": {"lat": 51.47986354780314, "lng": -0.12393594305775033, "labeledLatLngs": [{"label": "display", "lat": 51.47986354780314, "lng": -0.12393594305775033}], "distance": 320, "cc": "GB", "country": "United Kingdom", "formattedAddress": ["United Kingdom"]}, "categories": [{"id": "4bf58dd8d48988d1e2931735", "name": "Art Gallery", "pluralName": "Art Galleries", "shortName": "Art Gallery", "icon": {"prefix": "https://ss3.4sqi.net/img/categories_v2/arts_entertainment/artgallery_", "suffix": ".png"}, "primary": true}], "photos": {"count": 0, "groups": []}}, "referralId": "e-0-523c489611d29473949e7855-0"}]}]}}