{"meta": {"code": 200, "requestId": "5fedd9f8f2127f1c9f6f7553"}, "response": {"warning": {"text": "There aren't a lot of results near you. Try something more general, reset your filters, or expand the search area."}, "headerLocation": "Golders Green", "headerFullLocation": "Golders Green, London", "headerLocationGranularity": "neighborhood", "query": "arts entertainment", "totalResults": 0, "suggestedBounds": {"ne": {"lat": 51.57696000360001, "lng": -0.194178484233531}, "sw": {"lat": 51.569759996399995, "lng": -0.20574151576646899}}, "groups": [{"type": "Recommended Places", "name": "recommended", "items": []}]}}