{"meta": {"code": 200, "requestId": "5fedd9cc960a06004f4d0b8d"}, "response": {"suggestedFilters": {"header": "Tap to show:", "filters": [{"name": "Open now", "key": "openNow"}]}, "headerLocation": "Sands End", "headerFullLocation": "Sands End, London", "headerLocationGranularity": "neighborhood", "query": "college education", "totalResults": 8, "suggestedBounds": {"ne": {"lat": 51.478663003600005, "lng": -0.17874295124866466}, "sw": {"lat": 51.47146299639999, "lng": -0.19028104875133536}}, "groups": [{"type": "Recommended Places", "name": "recommended", "items": [{"reasons": {"count": 0, "items": [{"summary": "This spot is popular", "type": "general", "reasonName": "globalInteractionReason"}]}, "venue": {"id": "4ac518eef964a52018ad20e3", "name": "Design Centre Chelsea Harbour", "location": {"address": "Lots Rd", "lat": 51.47527957232487, "lng": -0.18281668838020795, "labeledLatLngs": [{"label": "display", "lat": 51.47527957232487, "lng": -0.18281668838020795}], "distance": 119, "postalCode": "SW10 0XE", "cc": "GB", "city": "London", "state": "Greater London", "country": "United Kingdom", "formattedAddress": ["Lots Rd", "London", "Greater London", "SW10 0XE", "United Kingdom"]}, "categories": [{"id": "4bf58dd8d48988d127951735", "name": "Arts & Crafts Store", "pluralName": "Arts & Crafts Stores", "shortName": "Arts & Crafts", "icon": {"prefix": "https://ss3.4sqi.net/img/categories_v2/shops/artstore_", "suffix": ".png"}, "primary": true}], "photos": {"count": 0, "groups": []}}, "referralId": "e-0-4ac518eef964a52018ad20e3-0"}, {"reasons": {"count": 0, "items": [{"summary": "This spot is popular", "type": "general", "reasonName": "globalInteractionReason"}]}, "venue": {"id": "4ac518f1f964a52006ae20e3", "name": "Lots Road Auctions", "location": {"address": "71-73 Lots Rd.", "lat": 51.47839028710528, "lng": -0.1845067804134065, "labeledLatLngs": [{"label": "display", "lat": 51.47839028710528, "lng": -0.1845067804134065}], "distance": 370, "postalCode": "SW10 0RN", "cc": "GB", "city": "London", "state": "Greater London", "country": "United Kingdom", "formattedAddress": ["71-73 Lots Rd.", "London", "Greater London", "SW10 0RN", "United Kingdom"]}, "categories": [{"id": "4bf58dd8d48988d116951735", "name": "Antique Shop", "pluralName": "Antique Shops", "shortName": "Antiques", "icon": {"prefix": "https://ss3.4sqi.net/img/categories_v2/shops/antique_", "suffix": ".png"}, "primary": true}], "photos": {"count": 0, "groups": []}}, "referralId": "e-0-4ac518f1f964a52006ae20e3-1"}, {"reasons": {"count": 0, "items": [{"summary": "This spot is popular", "type": "general", "reasonName": "globalInteractionReason"}]}, "venue": {"id": "528fc2ff11d2f06f40e1a176", "name": "Remains Lighting", "location": {"address": "420 Design Centre East,  Chelsea Harbour Design Center", "lat": 51.475302248070136, "lng": -0.18097400665283203, "labeledLatLngs": [{"label": "display", "lat": 51.475302248070136, "lng": -0.18097400665283203}], "distance": 246, "postalCode": "SW10 0XF", "cc": "GB", "city": "London", "state": "Greater London", "country": "United Kingdom", "formattedAddress": ["420 Design Centre East,  Chelsea Harbour Design Center", "London", "Greater London", "SW10 0XF", "United Kingdom"]}, "categories": [{"id": "4bf58dd8d48988d1f8941735", "name": "Furniture / Home Store", "pluralName": "Furniture / Home Stores", "shortName": "Furniture / Home", "icon": {"prefix": "https://ss3.4sqi.net/img/categories_v2/shops/furniture_", "suffix": ".png"}, "primary": true}], "photos": {"count": 0, "groups": []}}, "referralId": "e-0-528fc2ff11d2f06f40e1a176-2"}, {"reasons": {"count": 0, "items": [{"summary": "This spot is popular", "type": "general", "reasonName": "globalInteractionReason"}]}, "venue": {"id": "583928504bafb719b01d64a9", "name": "KK Automotive Art London", "location": {"address": "3 The Fountain Centre, Lensbury Avenue", "lat": 51.4731234, "lng": -0.1821214000000282, "labeledLatLngs": [{"label": "display", "lat": 51.4731234, "lng": -0.1821214000000282}], "distance": 272, "postalCode": "SW6 2TW", "cc": "GB", "city": "London", "state": "Greater London", "country": "United Kingdom", "formattedAddress": ["3 The Fountain Centre, Lensbury Avenue", "London", "Greater London", "SW6 2TW", "United Kingdom"]}, "categories": [{"id": "4bf58dd8d48988d128951735", "name": "Gift Shop", "pluralName": "Gift Shops", "shortName": "Gift Shop", "icon": {"prefix": "https://ss3.4sqi.net/img/categories_v2/shops/giftshop_", "suffix": ".png"}, "primary": true}], "photos": {"count": 0, "groups": []}, "venuePage": {"id": "368604996"}}, "referralId": "e-0-583928504bafb719b01d64a9-3"}, {"reasons": {"count": 0, "items": [{"summary": "This spot is popular", "type": "general", "reasonName": "globalInteractionReason"}]}, "venue": {"id": "5970b3ffdee77066f3864c4f", "name": "The Light Studios Hire & Photography", "location": {"address": "2 Michael Road", "lat": 51.47727769999999, "lng": -0.18669360000001234, "labeledLatLngs": [{"label": "display", "lat": 51.47727769999999, "lng": -0.18669360000001234}], "distance": 289, "postalCode": "SW6 2AD", "cc": "GB", "city": "London", "state": "Greater London", "country": "United Kingdom", "formattedAddress": ["2 Michael Road", "London", "Greater London", "SW6 2AD", "United Kingdom"]}, "categories": [{"id": "554a5e17498efabeda6cc559", "name": "Photography Studio", "pluralName": "Photography Studios", "shortName": "Photo Studio", "icon": {"prefix": "https://ss3.4sqi.net/img/categories_v2/shops/camerastore_", "suffix": ".png"}, "primary": true}], "photos": {"count": 0, "groups": []}, "venuePage": {"id": "599923662"}}, "referralId": "e-0-5970b3ffdee77066f3864c4f-4"}, {"reasons": {"count": 0, "items": [{"summary": "This spot is popular", "type": "general", "reasonName": "globalInteractionReason"}]}, "venue": {"id": "5389b99c498e63a9b047127c", "name": "Button & Sprung", "location": {"address": "9A/9B Imperial Road", "crossStreet": "Imperial Road", "lat": 51.47612693, "lng": -0.18912962, "labeledLatLngs": [{"label": "display", "lat": 51.47612693, "lng": -0.18912962}], "distance": 341, "postalCode": "SW6 2AG", "cc": "GB", "neighborhood": "Fulham", "city": "London", "state": "Greater London", "country": "United Kingdom", "formattedAddress": ["9A/9B Imperial Road (Imperial Road)", "London", "Greater London", "SW6 2AG", "United Kingdom"]}, "categories": [{"id": "52f2ab2ebcbc57f1066b8b27", "name": "Mattress Store", "pluralName": "Mattress Stores", "shortName": "Mattress Store", "icon": {"prefix": "https://ss3.4sqi.net/img/categories_v2/shops/default_", "suffix": ".png"}, "primary": true}], "photos": {"count": 0, "groups": []}, "venuePage": {"id": "168016955"}}, "referralId": "e-0-5389b99c498e63a9b047127c-5"}, {"reasons": {"count": 0, "items": [{"summary": "This spot is popular", "type": "general", "reasonName": "globalInteractionReason"}]}, "venue": {"id": "5846bcaddfa6ff4251e441a9", "name": "Pemberly Fox", "location": {"address": "132-134 Lots Rd", "crossStreet": "132-134 Lots Rd", "lat": 51.47835932, "lng": -0.18377452, "labeledLatLngs": [{"label": "display", "lat": 51.47835932, "lng": -0.18377452}], "distance": 370, "postalCode": "SW10 0RJ", "cc": "GB", "city": "London", "state": "Greater London", "country": "United Kingdom", "formattedAddress": ["132-134 Lots Rd (132-134 Lots Rd)", "Chelsea", "Greater London", "SW10 0RJ", "United Kingdom"]}, "categories": [{"id": "52f2ab2ebcbc57f1066b8b21", "name": "Stationery Store", "pluralName": "Stationery Stores", "shortName": "Stationery Store", "icon": {"prefix": "https://ss3.4sqi.net/img/categories_v2/shops/default_", "suffix": ".png"}, "primary": true}], "photos": {"count": 0, "groups": []}, "venuePage": {"id": "379727178"}}, "referralId": "e-0-5846bcaddfa6ff4251e441a9-6"}, {"reasons": {"count": 0, "items": [{"summary": "This spot is popular", "type": "general", "reasonName": "globalInteractionReason"}]}, "venue": {"id": "4d826532bb2c54818913e3ab", "name": "Tesco Express", "location": {"address": "Imperial Wharf, Townmead Rd", "lat": 51.4741623, "lng": -0.1830335, "labeledLatLngs": [{"label": "display", "lat": 51.4741623, "lng": -0.1830335}], "distance": 143, "postalCode": "SW6 2TW", "cc": "GB", "city": "London", "state": "Greater London", "country": "United Kingdom", "formattedAddress": ["Imperial Wharf, Townmead Rd", "London", "Greater London", "SW6 2TW", "United Kingdom"]}, "categories": [{"id": "4bf58dd8d48988d118951735", "name": "Grocery Store", "pluralName": "Grocery Stores", "shortName": "Grocery Store", "icon": {"prefix": "https://ss3.4sqi.net/img/categories_v2/shops/food_grocery_", "suffix": ".png"}, "primary": true}], "photos": {"count": 0, "groups": []}}, "referralId": "e-0-4d826532bb2c54818913e3ab-7"}]}]}}