{"meta": {"code": 200, "requestId": "5fedda1c6ef73c60c63fee32"}, "response": {"suggestedFilters": {"header": "Tap to show:", "filters": [{"name": "Open now", "key": "openNow"}]}, "headerLocation": "Canning Town South", "headerFullLocation": "Canning Town South, London", "headerLocationGranularity": "neighborhood", "query": "food", "totalResults": 14, "suggestedBounds": {"ne": {"lat": 51.51189000360001, "lng": 0.02501325501334355}, "sw": {"lat": 51.504689996399996, "lng": 0.01346674498665645}}, "groups": [{"type": "Recommended Places", "name": "recommended", "items": [{"reasons": {"count": 0, "items": [{"summary": "This spot is popular", "type": "general", "reasonName": "globalInteractionReason"}]}, "venue": {"id": "4b770677f964a52096752ee3", "name": "Nakhon Thai Restaurant", "location": {"address": "Waterfront Studios, 1 Dock Rd", "lat": 51.506144349400415, "lng": 0.016371074539885365, "labeledLatLngs": [{"label": "display", "lat": 51.506144349400415, "lng": 0.016371074539885365}], "distance": 310, "postalCode": "E16 1AH", "cc": "GB", "city": "Silvertown", "state": "Greater London", "country": "United Kingdom", "formattedAddress": ["Waterfront Studios, 1 Dock Rd", "Silvertown", "Greater London", "E16 1AH", "United Kingdom"]}, "categories": [{"id": "4bf58dd8d48988d149941735", "name": "Thai Restaurant", "pluralName": "Thai Restaurants", "shortName": "Thai", "icon": {"prefix": "https://ss3.4sqi.net/img/categories_v2/food/thai_", "suffix": ".png"}, "primary": true}], "photos": {"count": 0, "groups": []}, "venuePage": {"id": "41301606"}}, "referralId": "e-0-4b770677f964a52096752ee3-0"}, {"reasons": {"count": 0, "items": [{"summary": "This spot is popular", "type": "general", "reasonName": "globalInteractionReason"}]}, "venue": {"id": "51fbcdd8454a557078091864", "name": "Caffe Fratelli", "location": {"address": "Unit 1, Western Gateway", "crossStreet": "Royal Victoria", "lat": 51.50819077307902, "lng": 0.01882409190698253, "labeledLatLngs": [{"label": "display", "lat": 51.50819077307902, "lng": 0.01882409190698253}], "distance": 30, "postalCode": "E16 1AS", "cc": "GB", "neighborhood": "Newham", "city": "London", "state": "Greater London", "country": "United Kingdom", "formattedAddress": ["Unit 1, Western Gateway (Royal Victoria)", "London", "Greater London", "E16 1AS", "United Kingdom"]}, "categories": [{"id": "4bf58dd8d48988d16d941735", "name": "Caf\u00e9", "pluralName": "Caf\u00e9s", "shortName": "Caf\u00e9", "icon": {"prefix": "https://ss3.4sqi.net/img/categories_v2/food/cafe_", "suffix": ".png"}, "primary": true}], "photos": {"count": 0, "groups": []}}, "referralId": "e-0-51fbcdd8454a557078091864-1"}, {"reasons": {"count": 0, "items": [{"summary": "This spot is popular", "type": "general", "reasonName": "globalInteractionReason"}]}, "venue": {"id": "54980dae498e80c1f9ba2e05", "name": "Top 1 Forever", "location": {"address": "17 Western Gateway, Excel Marina", "lat": 51.507624775500304, "lng": 0.02052850622957609, "labeledLatLngs": [{"label": "display", "lat": 51.507624775500304, "lng": 0.02052850622957609}], "distance": 115, "postalCode": "E16 1AQ", "cc": "GB", "city": "London", "state": "Greater London", "country": "United Kingdom", "formattedAddress": ["17 Western Gateway, Excel Marina", "London", "Greater London", "E16 1AQ", "United Kingdom"]}, "categories": [{"id": "4bf58dd8d48988d1cc941735", "name": "Steakhouse", "pluralName": "Steakhouses", "shortName": "Steakhouse", "icon": {"prefix": "https://ss3.4sqi.net/img/categories_v2/food/steakhouse_", "suffix": ".png"}, "primary": true}], "photos": {"count": 0, "groups": []}}, "referralId": "e-0-54980dae498e80c1f9ba2e05-2"}, {"reasons": {"count": 0, "items": [{"summary": "This spot is popular", "type": "general", "reasonName": "globalInteractionReason"}]}, "venue": {"id": "5157081fe4b044dc76a70c7b", "name": "Cafe Bonnane", "location": {"lat": 51.50794604507876, "lng": 0.02018721522688291, "labeledLatLngs": [{"label": "display", "lat": 51.50794604507876, "lng": 0.02018721522688291}], "distance": 75, "postalCode": "E16 1AB", "cc": "GB", "city": "London", "country": "United Kingdom", "formattedAddress": ["London", "E16 1AB", "United Kingdom"]}, "categories": [{"id": "4bf58dd8d48988d16d941735", "name": "Caf\u00e9", "pluralName": "Caf\u00e9s", "shortName": "Caf\u00e9", "icon": {"prefix": "https://ss3.4sqi.net/img/categories_v2/food/cafe_", "suffix": ".png"}, "primary": true}], "photos": {"count": 0, "groups": []}}, "referralId": "e-0-5157081fe4b044dc76a70c7b-3"}, {"reasons": {"count": 0, "items": [{"summary": "This spot is popular", "type": "general", "reasonName": "globalInteractionReason"}]}, "venue": {"id": "5127d794e4b040b1c437905f", "name": "Reem Al Bawadi", "location": {"address": "Western Gateway", "lat": 51.50792420886645, "lng": 0.02033126988785698, "labeledLatLngs": [{"label": "display", "lat": 51.50792420886645, "lng": 0.02033126988785698}], "distance": 85, "cc": "GB", "city": "London", "state": "Greater London", "country": "United Kingdom", "formattedAddress": ["Western Gateway", "London", "Greater London", "United Kingdom"]}, "categories": [{"id": "4bf58dd8d48988d115941735", "name": "Middle Eastern Restaurant", "pluralName": "Middle Eastern Restaurants", "shortName": "Middle Eastern", "icon": {"prefix": "https://ss3.4sqi.net/img/categories_v2/food/middleeastern_", "suffix": ".png"}, "primary": true}], "photos": {"count": 0, "groups": []}}, "referralId": "e-0-5127d794e4b040b1c437905f-4"}, {"reasons": {"count": 0, "items": [{"summary": "This spot is popular", "type": "general", "reasonName": "globalInteractionReason"}]}, "venue": {"id": "5b2a666169e77b003965ab2c", "name": "Heroica Lounge", "location": {"address": "Western Gateway", "lat": 51.50781231495896, "lng": 0.019028687022617827, "labeledLatLngs": [{"label": "display", "lat": 51.50781231495896, "lng": 0.019028687022617827}], "distance": 55, "postalCode": "E16 1FA", "cc": "GB", "city": "London", "state": "Greater London", "country": "United Kingdom", "formattedAddress": ["Western Gateway", "London", "Greater London", "E16 1FA", "United Kingdom"]}, "categories": [{"id": "4bf58dd8d48988d1cb941735", "name": "Food Truck", "pluralName": "Food Trucks", "shortName": "Food Truck", "icon": {"prefix": "https://ss3.4sqi.net/img/categories_v2/food/streetfood_", "suffix": ".png"}, "primary": true}], "photos": {"count": 0, "groups": []}}, "referralId": "e-0-5b2a666169e77b003965ab2c-5"}, {"reasons": {"count": 0, "items": [{"summary": "This spot is popular", "type": "general", "reasonName": "globalInteractionReason"}]}, "venue": {"id": "4bdea1d017fdef3ba4a24e36", "name": "Docklands Bar & Grill", "location": {"address": "Western Gateway", "lat": 51.508185, "lng": 0.020094, "labeledLatLngs": [{"label": "display", "lat": 51.508185, "lng": 0.020094}], "distance": 60, "postalCode": "E16 1AL", "cc": "GB", "city": "London", "state": "Greater London", "country": "United Kingdom", "formattedAddress": ["Western Gateway", "London", "Greater London", "E16 1AL", "United Kingdom"]}, "categories": [{"id": "4bf58dd8d48988d1c4941735", "name": "Restaurant", "pluralName": "Restaurants", "shortName": "Restaurant", "icon": {"prefix": "https://ss3.4sqi.net/img/categories_v2/food/default_", "suffix": ".png"}, "primary": true}], "photos": {"count": 0, "groups": []}}, "referralId": "e-0-4bdea1d017fdef3ba4a24e36-6"}, {"reasons": {"count": 0, "items": [{"summary": "This spot is popular", "type": "general", "reasonName": "globalInteractionReason"}]}, "venue": {"id": "4b6ec97bf964a52096ca2ce3", "name": "China Palace", "location": {"address": "China Palace, 2 Western Gateway", "crossStreet": "Royal Victoria Dock North", "lat": 51.50850651560314, "lng": 0.024737372979665148, "labeledLatLngs": [{"label": "display", "lat": 51.50850651560314, "lng": 0.024737372979665148}], "distance": 381, "postalCode": "E16 1DR", "cc": "GB", "city": "London", "state": "Greater London", "country": "United Kingdom", "formattedAddress": ["China Palace, 2 Western Gateway (Royal Victoria Dock North)", "London", "Greater London", "E16 1DR", "United Kingdom"]}, "categories": [{"id": "4bf58dd8d48988d145941735", "name": "Chinese Restaurant", "pluralName": "Chinese Restaurants", "shortName": "Chinese", "icon": {"prefix": "https://ss3.4sqi.net/img/categories_v2/food/asian_", "suffix": ".png"}, "primary": true}], "photos": {"count": 0, "groups": []}, "venuePage": {"id": "145556445"}}, "referralId": "e-0-4b6ec97bf964a52096ca2ce3-7"}, {"reasons": {"count": 0, "items": [{"summary": "This spot is popular", "type": "general", "reasonName": "globalInteractionReason"}]}, "venue": {"id": "563de273cd1088eed4a1e713", "name": "The Crystal Cafe", "location": {"lat": 51.507196, "lng": 0.016373, "labeledLatLngs": [{"label": "display", "lat": 51.507196, "lng": 0.016373}], "distance": 233, "cc": "GB", "country": "United Kingdom", "formattedAddress": ["United Kingdom"]}, "categories": [{"id": "4bf58dd8d48988d16d941735", "name": "Caf\u00e9", "pluralName": "Caf\u00e9s", "shortName": "Caf\u00e9", "icon": {"prefix": "https://ss3.4sqi.net/img/categories_v2/food/cafe_", "suffix": ".png"}, "primary": true}], "photos": {"count": 0, "groups": []}}, "referralId": "e-0-563de273cd1088eed4a1e713-8"}, {"reasons": {"count": 0, "items": [{"summary": "This spot is popular", "type": "general", "reasonName": "globalInteractionReason"}]}, "venue": {"id": "4ac518e7f964a52038ab20e3", "name": "Sushi Ya", "location": {"address": "2 Western Gateway", "lat": 51.50760125787038, "lng": 0.02278002915196001, "labeledLatLngs": [{"label": "display", "lat": 51.50760125787038, "lng": 0.02278002915196001}], "distance": 256, "postalCode": "E16 1DR", "cc": "GB", "city": "London", "state": "Greater London", "country": "United Kingdom", "formattedAddress": ["2 Western Gateway", "London", "Greater London", "E16 1DR", "United Kingdom"]}, "categories": [{"id": "4bf58dd8d48988d111941735", "name": "Japanese Restaurant", "pluralName": "Japanese Restaurants", "shortName": "Japanese", "icon": {"prefix": "https://ss3.4sqi.net/img/categories_v2/food/japanese_", "suffix": ".png"}, "primary": true}], "photos": {"count": 0, "groups": []}}, "referralId": "e-0-4ac518e7f964a52038ab20e3-9"}, {"reasons": {"count": 0, "items": [{"summary": "This spot is popular", "type": "general", "reasonName": "globalInteractionReason"}]}, "venue": {"id": "53de8335498e7218e928be04", "name": "Al Masar", "location": {"address": "8 Excel Marina", "lat": 51.50799351128671, "lng": 0.020503514668507927, "labeledLatLngs": [{"label": "display", "lat": 51.50799351128671, "lng": 0.020503514668507927}], "distance": 93, "postalCode": "E16 1AT", "cc": "GB", "city": "London", "country": "United Kingdom", "formattedAddress": ["8 Excel Marina", "London", "E16 1AT", "United Kingdom"]}, "categories": [{"id": "4bf58dd8d48988d115941735", "name": "Middle Eastern Restaurant", "pluralName": "Middle Eastern Restaurants", "shortName": "Middle Eastern", "icon": {"prefix": "https://ss3.4sqi.net/img/categories_v2/food/middleeastern_", "suffix": ".png"}, "primary": true}], "photos": {"count": 0, "groups": []}}, "referralId": "e-0-53de8335498e7218e928be04-10"}, {"reasons": {"count": 0, "items": [{"summary": "This spot is popular", "type": "general", "reasonName": "globalInteractionReason"}]}, "venue": {"id": "4c0aa66da1b32d7f66b799f0", "name": "Caribbean Scene", "location": {"address": "17 Western Gateway", "lat": 51.5076374919629, "lng": 0.020449437347424167, "labeledLatLngs": [{"label": "display", "lat": 51.5076374919629, "lng": 0.020449437347424167}], "distance": 110, "postalCode": "E16 1AQ", "cc": "GB", "city": "Greater London", "state": "Greater London", "country": "United Kingdom", "formattedAddress": ["17 Western Gateway", "Greater London", "E16 1AQ", "United Kingdom"]}, "categories": [{"id": "4bf58dd8d48988d144941735", "name": "Caribbean Restaurant", "pluralName": "Caribbean Restaurants", "shortName": "Caribbean", "icon": {"prefix": "https://ss3.4sqi.net/img/categories_v2/food/caribbean_", "suffix": ".png"}, "primary": true}], "photos": {"count": 0, "groups": []}}, "referralId": "e-0-4c0aa66da1b32d7f66b799f0-11"}, {"reasons": {"count": 0, "items": [{"summary": "This spot is popular", "type": "general", "reasonName": "globalInteractionReason"}]}, "venue": {"id": "508bae3fe4b0ca23f5c09255", "name": "Airline Cafe", "location": {"lat": 51.50811033198121, "lng": 0.022412047595827687, "labeledLatLngs": [{"label": "display", "lat": 51.50811033198121, "lng": 0.022412047595827687}], "distance": 220, "cc": "GB", "country": "United Kingdom", "formattedAddress": ["United Kingdom"]}, "categories": [{"id": "4bf58dd8d48988d16d941735", "name": "Caf\u00e9", "pluralName": "Caf\u00e9s", "shortName": "Caf\u00e9", "icon": {"prefix": "https://ss3.4sqi.net/img/categories_v2/food/cafe_", "suffix": ".png"}, "primary": true}], "photos": {"count": 0, "groups": []}}, "referralId": "e-0-508bae3fe4b0ca23f5c09255-12"}, {"reasons": {"count": 0, "items": [{"summary": "This spot is popular", "type": "general", "reasonName": "globalInteractionReason"}]}, "venue": {"id": "4cf0163b821254815d5e6da1", "name": "Bollywood Brasserie", "location": {"address": "2 Western Gateway", "lat": 51.5086313033788, "lng": 0.024843614532841337, "labeledLatLngs": [{"label": "display", "lat": 51.5086313033788, "lng": 0.024843614532841337}], "distance": 390, "postalCode": "E16 1DR", "cc": "GB", "city": "East Ham", "state": "Greater London", "country": "United Kingdom", "formattedAddress": ["2 Western Gateway", "East Ham", "Greater London", "E16 1DR", "United Kingdom"]}, "categories": [{"id": "4bf58dd8d48988d10f941735", "name": "Indian Restaurant", "pluralName": "Indian Restaurants", "shortName": "Indian", "icon": {"prefix": "https://ss3.4sqi.net/img/categories_v2/food/indian_", "suffix": ".png"}, "primary": true}], "photos": {"count": 0, "groups": []}}, "referralId": "e-0-4cf0163b821254815d5e6da1-13"}]}]}}