{"meta": {"code": 200, "requestId": "5fedd9a9bec16445af276505"}, "response": {"suggestedFilters": {"header": "Tap to show:", "filters": [{"name": "Open now", "key": "openNow"}]}, "headerLocation": "Barnsbury", "headerFullLocation": "Barnsbury, London", "headerLocationGranularity": "neighborhood", "query": "food", "totalResults": 21, "suggestedBounds": {"ne": {"lat": 51.535334003600006, "lng": -0.10748377230907165}, "sw": {"lat": 51.528133996399994, "lng": -0.11903622769092835}}, "groups": [{"type": "Recommended Places", "name": "recommended", "items": [{"reasons": {"count": 0, "items": [{"summary": "This spot is popular", "type": "general", "reasonName": "globalInteractionReason"}]}, "venue": {"id": "5765a852498e4c55fbd7155e", "name": "Liman", "location": {"address": "60 Penton St", "lat": 51.53344264551052, "lng": -0.11135447134620335, "labeledLatLngs": [{"label": "display", "lat": 51.53344264551052, "lng": -0.11135447134620335}], "distance": 231, "postalCode": "N1 9PZ", "cc": "GB", "city": "Islington", "state": "Greater London", "country": "United Kingdom", "formattedAddress": ["60 Penton St", "Islington", "Greater London", "N1 9PZ", "United Kingdom"]}, "categories": [{"id": "4bf58dd8d48988d1c0941735", "name": "Mediterranean Restaurant", "pluralName": "Mediterranean Restaurants", "shortName": "Mediterranean", "icon": {"prefix": "https://ss3.4sqi.net/img/categories_v2/food/mediterranean_", "suffix": ".png"}, "primary": true}], "photos": {"count": 0, "groups": []}}, "referralId": "e-0-5765a852498e4c55fbd7155e-0"}, {"reasons": {"count": 0, "items": [{"summary": "This spot is popular", "type": "general", "reasonName": "globalInteractionReason"}]}, "venue": {"id": "4f046ac929c2b9a3edffef0d", "name": "Ground Control", "location": {"address": "61 Amwell St", "lat": 51.529794542334926, "lng": -0.11045878532909499, "labeledLatLngs": [{"label": "display", "lat": 51.529794542334926, "lng": -0.11045878532909499}], "distance": 290, "postalCode": "EC1R 1UR", "cc": "GB", "city": "Clerkenwell", "state": "Greater London", "country": "United Kingdom", "formattedAddress": ["61 Amwell St", "Clerkenwell", "Greater London", "EC1R 1UR", "United Kingdom"]}, "categories": [{"id": "4bf58dd8d48988d16d941735", "name": "Caf\u00e9", "pluralName": "Caf\u00e9s", "shortName": "Caf\u00e9", "icon": {"prefix": "https://ss3.4sqi.net/img/categories_v2/food/cafe_", "suffix": ".png"}, "primary": true}], "photos": {"count": 0, "groups": []}}, "referralId": "e-0-4f046ac929c2b9a3edffef0d-1"}, {"reasons": {"count": 0, "items": [{"summary": "This spot is popular", "type": "general", "reasonName": "globalInteractionReason"}]}, "venue": {"id": "56c87d78498edfacfe8125ee", "name": "Mildreds", "location": {"address": "200 Pentonville Rd", "crossStreet": "Calshot St", "lat": 51.5313237619858, "lng": -0.11733055114746092, "labeledLatLngs": [{"label": "display", "lat": 51.5313237619858, "lng": -0.11733055114746092}], "distance": 285, "postalCode": "N1 9JP", "cc": "GB", "city": "London", "state": "Greater London", "country": "United Kingdom", "formattedAddress": ["200 Pentonville Rd (Calshot St)", "London", "Greater London", "N1 9JP", "United Kingdom"]}, "categories": [{"id": "4bf58dd8d48988d1d3941735", "name": "Vegetarian / Vegan Restaurant", "pluralName": "Vegetarian / Vegan Restaurants", "shortName": "Vegetarian / Vegan", "icon": {"prefix": "https://ss3.4sqi.net/img/categories_v2/food/vegetarian_", "suffix": ".png"}, "primary": true}], "photos": {"count": 0, "groups": []}}, "referralId": "e-0-56c87d78498edfacfe8125ee-2"}, {"reasons": {"count": 0, "items": [{"summary": "This spot is popular", "type": "general", "reasonName": "globalInteractionReason"}]}, "venue": {"id": "55452287498e22de471f0967", "name": "Little Viet Kitchen", "location": {"address": "2 Chapel Market", "lat": 51.533431010955724, "lng": -0.11075602047554127, "labeledLatLngs": [{"label": "display", "lat": 51.533431010955724, "lng": -0.11075602047554127}], "distance": 256, "postalCode": "N1 9EZ", "cc": "GB", "neighborhood": "Barnsbury", "city": "London", "state": "Greater London", "country": "United Kingdom", "formattedAddress": ["2 Chapel Market", "London", "Greater London", "N1 9EZ", "United Kingdom"]}, "categories": [{"id": "4bf58dd8d48988d14a941735", "name": "Vietnamese Restaurant", "pluralName": "Vietnamese Restaurants", "shortName": "Vietnamese", "icon": {"prefix": "https://ss3.4sqi.net/img/categories_v2/food/vietnamese_", "suffix": ".png"}, "primary": true}], "photos": {"count": 0, "groups": []}}, "referralId": "e-0-55452287498e22de471f0967-3"}, {"reasons": {"count": 0, "items": [{"summary": "This spot is popular", "type": "general", "reasonName": "globalInteractionReason"}]}, "venue": {"id": "4ad073c4f964a52016d820e3", "name": "Alpino", "location": {"address": "97 Chapel Market", "lat": 51.533403911192366, "lng": -0.11091498751125772, "labeledLatLngs": [{"label": "display", "lat": 51.533403911192366, "lng": -0.11091498751125772}], "distance": 246, "postalCode": "N1 9EY", "cc": "GB", "city": "London", "state": "Greater London", "country": "United Kingdom", "formattedAddress": ["97 Chapel Market", "London", "Greater London", "N1 9EY", "United Kingdom"]}, "categories": [{"id": "4bf58dd8d48988d16d941735", "name": "Caf\u00e9", "pluralName": "Caf\u00e9s", "shortName": "Caf\u00e9", "icon": {"prefix": "https://ss3.4sqi.net/img/categories_v2/food/cafe_", "suffix": ".png"}, "primary": true}], "photos": {"count": 0, "groups": []}}, "referralId": "e-0-4ad073c4f964a52016d820e3-4"}, {"reasons": {"count": 0, "items": [{"summary": "This spot is popular", "type": "general", "reasonName": "globalInteractionReason"}]}, "venue": {"id": "4eb82717d3e3644ca75c9559", "name": "Little Georgia", "location": {"address": "14 Barnsbury Rd", "lat": 51.53434285570721, "lng": -0.11133233985507135, "labeledLatLngs": [{"label": "display", "lat": 51.53434285570721, "lng": -0.11133233985507135}], "distance": 319, "postalCode": "N1 0HB", "cc": "GB", "city": "London", "state": "Greater London", "country": "United Kingdom", "formattedAddress": ["14 Barnsbury Rd", "London", "Greater London", "N1 0HB", "United Kingdom"]}, "categories": [{"id": "5293a7d53cf9994f4e043a45", "name": "Caucasian Restaurant", "pluralName": "Caucasian Restaurants", "shortName": "Caucasian", "icon": {"prefix": "https://ss3.4sqi.net/img/categories_v2/food/caucasian_", "suffix": ".png"}, "primary": true}], "photos": {"count": 0, "groups": []}}, "referralId": "e-0-4eb82717d3e3644ca75c9559-5"}, {"reasons": {"count": 0, "items": [{"summary": "This spot is popular", "type": "general", "reasonName": "globalInteractionReason"}]}, "venue": {"id": "4b6c6fe8f964a520173a2ce3", "name": "Indian Veg", "location": {"address": "92-93 Chapel Market", "crossStreet": "at Godson St", "lat": 51.53338723228375, "lng": -0.11051611836539305, "labeledLatLngs": [{"label": "display", "lat": 51.53338723228375, "lng": -0.11051611836539305}], "distance": 264, "postalCode": "N1 9EX", "cc": "GB", "city": "London", "state": "Greater London", "country": "United Kingdom", "formattedAddress": ["92-93 Chapel Market (at Godson St)", "London", "Greater London", "N1 9EX", "United Kingdom"]}, "categories": [{"id": "4bf58dd8d48988d1d3941735", "name": "Vegetarian / Vegan Restaurant", "pluralName": "Vegetarian / Vegan Restaurants", "shortName": "Vegetarian / Vegan", "icon": {"prefix": "https://ss3.4sqi.net/img/categories_v2/food/vegetarian_", "suffix": ".png"}, "primary": true}], "photos": {"count": 0, "groups": []}}, "referralId": "e-0-4b6c6fe8f964a520173a2ce3-6"}, {"reasons": {"count": 0, "items": [{"summary": "This spot is popular", "type": "general", "reasonName": "globalInteractionReason"}]}, "venue": {"id": "53a2dbb6498edd040c594f7b", "name": "Smokin' Aces", "location": {"address": "Chapel Market", "lat": 51.53326205526169, "lng": -0.10929686575161514, "labeledLatLngs": [{"label": "display", "lat": 51.53326205526169, "lng": -0.10929686575161514}], "distance": 322, "postalCode": "N1 9EZ", "cc": "GB", "country": "United Kingdom", "formattedAddress": ["Chapel Market", "N1 9EZ", "United Kingdom"]}, "categories": [{"id": "4bf58dd8d48988d1cb941735", "name": "Food Truck", "pluralName": "Food Trucks", "shortName": "Food Truck", "icon": {"prefix": "https://ss3.4sqi.net/img/categories_v2/food/streetfood_", "suffix": ".png"}, "primary": true}], "photos": {"count": 0, "groups": []}}, "referralId": "e-0-53a2dbb6498edd040c594f7b-7"}, {"reasons": {"count": 0, "items": [{"summary": "This spot is popular", "type": "general", "reasonName": "globalInteractionReason"}]}, "venue": {"id": "4c653793e0c4be9a4e798758", "name": "Delhi Grill", "location": {"address": "21 Chapel Mkt", "lat": 51.53347641442077, "lng": -0.10925027894733465, "labeledLatLngs": [{"label": "display", "lat": 51.53347641442077, "lng": -0.10925027894733465}], "distance": 338, "postalCode": "N1 9EZ", "cc": "GB", "city": "Islington", "state": "Greater London", "country": "United Kingdom", "formattedAddress": ["21 Chapel Mkt", "Islington", "Greater London", "N1 9EZ", "United Kingdom"]}, "categories": [{"id": "4bf58dd8d48988d10f941735", "name": "Indian Restaurant", "pluralName": "Indian Restaurants", "shortName": "Indian", "icon": {"prefix": "https://ss3.4sqi.net/img/categories_v2/food/indian_", "suffix": ".png"}, "primary": true}], "photos": {"count": 0, "groups": []}}, "referralId": "e-0-4c653793e0c4be9a4e798758-8"}, {"reasons": {"count": 0, "items": [{"summary": "This spot is popular", "type": "general", "reasonName": "globalInteractionReason"}]}, "venue": {"id": "4c30eba666e40f47ab42c48b", "name": "Spices Indian Restaurant", "location": {"address": "10 Chapel Market", "lat": 51.533438266465815, "lng": -0.11015666614849157, "labeledLatLngs": [{"label": "display", "lat": 51.533438266465815, "lng": -0.11015666614849157}], "distance": 286, "postalCode": "N1 9EZ", "cc": "GB", "city": "Islington", "state": "Greater London", "country": "United Kingdom", "formattedAddress": ["10 Chapel Market", "Islington", "Greater London", "N1 9EZ", "United Kingdom"]}, "categories": [{"id": "4bf58dd8d48988d10f941735", "name": "Indian Restaurant", "pluralName": "Indian Restaurants", "shortName": "Indian", "icon": {"prefix": "https://ss3.4sqi.net/img/categories_v2/food/indian_", "suffix": ".png"}, "primary": true}], "photos": {"count": 0, "groups": []}}, "referralId": "e-0-4c30eba666e40f47ab42c48b-9"}, {"reasons": {"count": 0, "items": [{"summary": "This spot is popular", "type": "general", "reasonName": "globalInteractionReason"}]}, "venue": {"id": "4d910eff033ba35d032c680d", "name": "Paolina Thai Cafe", "location": {"address": "181 King's Cross Rd", "lat": 51.530659950963404, "lng": -0.11841853214092374, "labeledLatLngs": [{"label": "display", "lat": 51.530659950963404, "lng": -0.11841853214092374}], "distance": 376, "postalCode": "WC1X 9BZ", "cc": "GB", "neighborhood": "King's Cross", "city": "London", "state": "Greater London", "country": "United Kingdom", "formattedAddress": ["181 King's Cross Rd", "London", "Greater London", "WC1X 9BZ", "United Kingdom"]}, "categories": [{"id": "4bf58dd8d48988d149941735", "name": "Thai Restaurant", "pluralName": "Thai Restaurants", "shortName": "Thai", "icon": {"prefix": "https://ss3.4sqi.net/img/categories_v2/food/thai_", "suffix": ".png"}, "primary": true}], "photos": {"count": 0, "groups": []}}, "referralId": "e-0-4d910eff033ba35d032c680d-10"}, {"reasons": {"count": 0, "items": [{"summary": "This spot is popular", "type": "general", "reasonName": "globalInteractionReason"}]}, "venue": {"id": "4da5e647f7b16ce044adeaa1", "name": "Sen Viet", "location": {"address": "119 King's Cross Rd", "lat": 51.52916265705885, "lng": -0.11577737782770618, "labeledLatLngs": [{"label": "display", "lat": 51.52916265705885, "lng": -0.11577737782770618}], "distance": 335, "postalCode": "WC1X 9NH", "cc": "GB", "city": "London", "state": "Greater London", "country": "United Kingdom", "formattedAddress": ["119 King's Cross Rd", "London", "Greater London", "WC1X 9NH", "United Kingdom"]}, "categories": [{"id": "4bf58dd8d48988d14a941735", "name": "Vietnamese Restaurant", "pluralName": "Vietnamese Restaurants", "shortName": "Vietnamese", "icon": {"prefix": "https://ss3.4sqi.net/img/categories_v2/food/vietnamese_", "suffix": ".png"}, "primary": true}], "photos": {"count": 0, "groups": []}}, "referralId": "e-0-4da5e647f7b16ce044adeaa1-11"}, {"reasons": {"count": 0, "items": [{"summary": "This spot is popular", "type": "general", "reasonName": "globalInteractionReason"}]}, "venue": {"id": "4b609681f964a520fdee29e3", "name": "Itadakizen", "location": {"address": "139 King's Cross Rd", "lat": 51.529827209894876, "lng": -0.11578535118080588, "labeledLatLngs": [{"label": "display", "lat": 51.529827209894876, "lng": -0.11578535118080588}], "distance": 275, "postalCode": "WC1X 9BJ", "cc": "GB", "neighborhood": "Clerkenwell", "city": "London", "state": "Greater London", "country": "United Kingdom", "formattedAddress": ["139 King's Cross Rd", "London", "Greater London", "WC1X 9BJ", "United Kingdom"]}, "categories": [{"id": "4bf58dd8d48988d111941735", "name": "Japanese Restaurant", "pluralName": "Japanese Restaurants", "shortName": "Japanese", "icon": {"prefix": "https://ss3.4sqi.net/img/categories_v2/food/japanese_", "suffix": ".png"}, "primary": true}], "photos": {"count": 0, "groups": []}}, "referralId": "e-0-4b609681f964a520fdee29e3-12"}, {"reasons": {"count": 0, "items": [{"summary": "This spot is popular", "type": "general", "reasonName": "globalInteractionReason"}]}, "venue": {"id": "506d5d41e4b0b73550988c1d", "name": "L'Angelo Cafe", "location": {"address": "22 Pentonville Road", "lat": 51.531898227644696, "lng": -0.10747978548454634, "labeledLatLngs": [{"label": "display", "lat": 51.531898227644696, "lng": -0.10747978548454634}], "distance": 400, "postalCode": "N1 9HF", "cc": "GB", "city": "London", "state": "Greater London", "country": "United Kingdom", "formattedAddress": ["22 Pentonville Road", "London", "Greater London", "N1 9HF", "United Kingdom"]}, "categories": [{"id": "4bf58dd8d48988d16d941735", "name": "Caf\u00e9", "pluralName": "Caf\u00e9s", "shortName": "Caf\u00e9", "icon": {"prefix": "https://ss3.4sqi.net/img/categories_v2/food/cafe_", "suffix": ".png"}, "primary": true}], "photos": {"count": 0, "groups": []}}, "referralId": "e-0-506d5d41e4b0b73550988c1d-13"}, {"reasons": {"count": 0, "items": [{"summary": "This spot is popular", "type": "general", "reasonName": "globalInteractionReason"}]}, "venue": {"id": "563e7410cd106f40d12368da", "name": "Jaz & Jul\u2019s Chocolate House", "location": {"address": "1 Chapel Market", "lat": 51.53341971337377, "lng": -0.11091742185948571, "labeledLatLngs": [{"label": "display", "lat": 51.53341971337377, "lng": -0.11091742185948571}], "distance": 248, "postalCode": "N1 9EZ", "cc": "GB", "city": "London", "state": "Greater London", "country": "United Kingdom", "formattedAddress": ["1 Chapel Market", "London", "Greater London", "N1 9EZ", "United Kingdom"]}, "categories": [{"id": "4bf58dd8d48988d16d941735", "name": "Caf\u00e9", "pluralName": "Caf\u00e9s", "shortName": "Caf\u00e9", "icon": {"prefix": "https://ss3.4sqi.net/img/categories_v2/food/cafe_", "suffix": ".png"}, "primary": true}], "photos": {"count": 0, "groups": []}}, "referralId": "e-0-563e7410cd106f40d12368da-14"}, {"reasons": {"count": 0, "items": [{"summary": "This spot is popular", "type": "general", "reasonName": "globalInteractionReason"}]}, "venue": {"id": "4df763377d8b5f396ac5daa7", "name": "Bisou Cafe", "location": {"address": "149 King's Cross Rd", "lat": 51.53012566725894, "lng": -0.11651735529403125, "labeledLatLngs": [{"label": "display", "lat": 51.53012566725894, "lng": -0.11651735529403125}], "distance": 287, "postalCode": "WC1X 9BN", "cc": "GB", "city": "Islington", "state": "Greater London", "country": "United Kingdom", "formattedAddress": ["149 King's Cross Rd", "Islington", "Greater London", "WC1X 9BN", "United Kingdom"]}, "categories": [{"id": "4bf58dd8d48988d16d941735", "name": "Caf\u00e9", "pluralName": "Caf\u00e9s", "shortName": "Caf\u00e9", "icon": {"prefix": "https://ss3.4sqi.net/img/categories_v2/food/cafe_", "suffix": ".png"}, "primary": true}], "photos": {"count": 0, "groups": []}}, "referralId": "e-0-4df763377d8b5f396ac5daa7-15"}, {"reasons": {"count": 0, "items": [{"summary": "This spot is popular", "type": "general", "reasonName": "globalInteractionReason"}]}, "venue": {"id": "4beaa85762c0c928af0fe1d4", "name": "Myddeltons", "location": {"address": "25a Lloyd Baker St", "lat": 51.5289575, "lng": -0.1099144, "labeledLatLngs": [{"label": "display", "lat": 51.5289575, "lng": -0.1099144}], "distance": 386, "postalCode": "WC1X 9AT", "cc": "GB", "city": "London", "state": "Greater London", "country": "United Kingdom", "formattedAddress": ["25a Lloyd Baker St", "London", "Greater London", "WC1X 9AT", "United Kingdom"]}, "categories": [{"id": "4bf58dd8d48988d16d941735", "name": "Caf\u00e9", "pluralName": "Caf\u00e9s", "shortName": "Caf\u00e9", "icon": {"prefix": "https://ss3.4sqi.net/img/categories_v2/food/cafe_", "suffix": ".png"}, "primary": true}], "photos": {"count": 0, "groups": []}}, "referralId": "e-0-4beaa85762c0c928af0fe1d4-16"}, {"reasons": {"count": 0, "items": [{"summary": "This spot is popular", "type": "general", "reasonName": "globalInteractionReason"}]}, "venue": {"id": "55ccdf46498e2ebfc8a72e4d", "name": "mangia bene", "location": {"address": "18 Chapel Market", "crossStreet": "Baron St", "lat": 51.533546, "lng": -0.109445, "labeledLatLngs": [{"label": "display", "lat": 51.533546, "lng": -0.109445}], "distance": 332, "postalCode": "N1 9EZ", "cc": "GB", "neighborhood": "Barnsbury", "city": "London", "state": "Greater London", "country": "United Kingdom", "formattedAddress": ["18 Chapel Market (Baron St)", "London", "Greater London", "N1 9EZ", "United Kingdom"]}, "categories": [{"id": "4bf58dd8d48988d110941735", "name": "Italian Restaurant", "pluralName": "Italian Restaurants", "shortName": "Italian", "icon": {"prefix": "https://ss3.4sqi.net/img/categories_v2/food/italian_", "suffix": ".png"}, "primary": true}], "photos": {"count": 0, "groups": []}}, "referralId": "e-0-55ccdf46498e2ebfc8a72e4d-17"}, {"reasons": {"count": 0, "items": [{"summary": "This spot is popular", "type": "general", "reasonName": "globalInteractionReason"}]}, "venue": {"id": "4d978cbba2c654811365dc53", "name": "Dolcetto", "location": {"address": "18 Chapel Market", "lat": 51.53344285448291, "lng": -0.10950988458081151, "labeledLatLngs": [{"label": "display", "lat": 51.53344285448291, "lng": -0.10950988458081151}], "distance": 321, "postalCode": "N1 9EZ", "cc": "GB", "city": "Islington", "state": "Greater London", "country": "United Kingdom", "formattedAddress": ["18 Chapel Market", "Islington", "Greater London", "N1 9EZ", "United Kingdom"]}, "categories": [{"id": "4bf58dd8d48988d110941735", "name": "Italian Restaurant", "pluralName": "Italian Restaurants", "shortName": "Italian", "icon": {"prefix": "https://ss3.4sqi.net/img/categories_v2/food/italian_", "suffix": ".png"}, "primary": true}], "photos": {"count": 0, "groups": []}}, "referralId": "e-0-4d978cbba2c654811365dc53-18"}, {"reasons": {"count": 0, "items": [{"summary": "This spot is popular", "type": "general", "reasonName": "globalInteractionReason"}]}, "venue": {"id": "4bf6794994b2a5936d77adee", "name": "Thai-An", "location": {"address": "23 White Conduit St", "lat": 51.53354430218793, "lng": -0.10882892797908156, "labeledLatLngs": [{"label": "display", "lat": 51.53354430218793, "lng": -0.10882892797908156}], "distance": 367, "postalCode": "N1 9HA", "cc": "GB", "city": "Islington", "state": "Greater London", "country": "United Kingdom", "formattedAddress": ["23 White Conduit St", "Islington", "Greater London", "N1 9HA", "United Kingdom"]}, "categories": [{"id": "4bf58dd8d48988d142941735", "name": "Asian Restaurant", "pluralName": "Asian Restaurants", "shortName": "Asian", "icon": {"prefix": "https://ss3.4sqi.net/img/categories_v2/food/asian_", "suffix": ".png"}, "primary": true}], "photos": {"count": 0, "groups": []}}, "referralId": "e-0-4bf6794994b2a5936d77adee-19"}, {"reasons": {"count": 0, "items": [{"summary": "This spot is popular", "type": "general", "reasonName": "globalInteractionReason"}]}, "venue": {"id": "5a63b227a35dce5151832090", "name": "Masigo", "location": {"address": "29 Chapel Market", "lat": 51.533627, "lng": -0.108379, "labeledLatLngs": [{"label": "display", "lat": 51.533627, "lng": -0.108379}], "distance": 398, "postalCode": "N1 9EN", "cc": "GB", "city": "London", "state": "Greater London", "country": "United Kingdom", "formattedAddress": ["29 Chapel Market", "London", "Greater London", "N1 9EN", "United Kingdom"]}, "categories": [{"id": "4bf58dd8d48988d113941735", "name": "Korean Restaurant", "pluralName": "Korean Restaurants", "shortName": "Korean", "icon": {"prefix": "https://ss3.4sqi.net/img/categories_v2/food/korean_", "suffix": ".png"}, "primary": true}], "photos": {"count": 0, "groups": []}}, "referralId": "e-0-5a63b227a35dce5151832090-20"}]}]}}