{"meta": {"code": 200, "requestId": "5fedd9a74bde931d9e1ca4b6"}, "response": {"suggestedFilters": {"header": "Tap to show:", "filters": [{"name": "Open now", "key": "openNow"}]}, "headerLocation": "Hackney", "headerFullLocation": "Hackney, London", "headerLocationGranularity": "neighborhood", "query": "travel", "totalResults": 29, "suggestedBounds": {"ne": {"lat": 51.52780000360001, "lng": -0.07790172805252965}, "sw": {"lat": 51.520599996399994, "lng": -0.08945227194747035}}, "groups": [{"type": "Recommended Places", "name": "recommended", "items": [{"reasons": {"count": 0, "items": [{"summary": "This spot is popular", "type": "general", "reasonName": "globalInteractionReason"}]}, "venue": {"id": "4ac518b8f964a52081a120e3", "name": "The Hoxton", "location": {"address": "81 Great Eastern St", "lat": 51.525575398843905, "lng": -0.0828844999591638, "labeledLatLngs": [{"label": "display", "lat": 51.525575398843905, "lng": -0.0828844999591638}], "distance": 162, "postalCode": "EC2A 3HU", "cc": "GB", "city": "London", "state": "Greater London", "country": "United Kingdom", "formattedAddress": ["81 Great Eastern St", "London", "Greater London", "EC2A 3HU", "United Kingdom"]}, "categories": [{"id": "4bf58dd8d48988d1fa931735", "name": "Hotel", "pluralName": "Hotels", "shortName": "Hotel", "icon": {"prefix": "https://ss3.4sqi.net/img/categories_v2/travel/hotel_", "suffix": ".png"}, "primary": true}], "photos": {"count": 0, "groups": []}, "venuePage": {"id": "72100645"}}, "referralId": "e-0-4ac518b8f964a52081a120e3-0"}, {"reasons": {"count": 0, "items": [{"summary": "This spot is popular", "type": "general", "reasonName": "globalInteractionReason"}]}, "venue": {"id": "5943271142d8c242705b9da2", "name": "Nobu Hotel", "location": {"address": "10-50 Willow St", "lat": 51.52519825077427, "lng": -0.08259057998657227, "labeledLatLngs": [{"label": "display", "lat": 51.52519825077427, "lng": -0.08259057998657227}], "distance": 134, "postalCode": "EC2A 4BH", "cc": "GB", "neighborhood": "Hackney", "city": "Shoreditch", "state": "Greater London", "country": "United Kingdom", "formattedAddress": ["10-50 Willow St", "Shoreditch", "Greater London", "EC2A 4BH", "United Kingdom"]}, "categories": [{"id": "4bf58dd8d48988d1fa931735", "name": "Hotel", "pluralName": "Hotels", "shortName": "Hotel", "icon": {"prefix": "https://ss3.4sqi.net/img/categories_v2/travel/hotel_", "suffix": ".png"}, "primary": true}], "photos": {"count": 0, "groups": []}}, "referralId": "e-0-5943271142d8c242705b9da2-1"}, {"reasons": {"count": 0, "items": [{"summary": "This spot is popular", "type": "general", "reasonName": "globalInteractionReason"}]}, "venue": {"id": "591553e50e5da86a043e6ad2", "name": "The Curtain", "location": {"address": "45 Curtain Rd", "lat": 51.5235870074067, "lng": -0.08050099762200219, "labeledLatLngs": [{"label": "display", "lat": 51.5235870074067, "lng": -0.08050099762200219}], "distance": 230, "postalCode": "EC2A 3PT", "cc": "GB", "city": "London", "state": "Greater London", "country": "United Kingdom", "formattedAddress": ["45 Curtain Rd", "London", "Greater London", "EC2A 3PT", "United Kingdom"]}, "categories": [{"id": "4bf58dd8d48988d1fa931735", "name": "Hotel", "pluralName": "Hotels", "shortName": "Hotel", "icon": {"prefix": "https://ss3.4sqi.net/img/categories_v2/travel/hotel_", "suffix": ".png"}, "primary": true}], "photos": {"count": 0, "groups": []}}, "referralId": "e-0-591553e50e5da86a043e6ad2-2"}, {"reasons": {"count": 0, "items": [{"summary": "This spot is popular", "type": "general", "reasonName": "globalInteractionReason"}]}, "venue": {"id": "53187f34498edf52292f17ed", "name": "citizenM London Shoreditch", "location": {"address": "6 Holywell Lane", "lat": 51.524114983910046, "lng": -0.07868796586990356, "labeledLatLngs": [{"label": "display", "lat": 51.524114983910046, "lng": -0.07868796586990356}], "distance": 345, "postalCode": "EC2A 3ET", "cc": "GB", "city": "London", "state": "Greater London", "country": "United Kingdom", "formattedAddress": ["6 Holywell Lane", "London", "Greater London", "EC2A 3ET", "United Kingdom"]}, "categories": [{"id": "4bf58dd8d48988d1fa931735", "name": "Hotel", "pluralName": "Hotels", "shortName": "Hotel", "icon": {"prefix": "https://ss3.4sqi.net/img/categories_v2/travel/hotel_", "suffix": ".png"}, "primary": true}], "photos": {"count": 0, "groups": []}}, "referralId": "e-0-53187f34498edf52292f17ed-3"}, {"reasons": {"count": 0, "items": [{"summary": "This spot is popular", "type": "general", "reasonName": "globalInteractionReason"}]}, "venue": {"id": "58034f9f38fa540b8548ed25", "name": "The Montcalm Royal London House", "location": {"address": "22 Finsbury Sq", "lat": 51.521738354117225, "lng": -0.08560642174245091, "labeledLatLngs": [{"label": "display", "lat": 51.521738354117225, "lng": -0.08560642174245091}], "distance": 304, "postalCode": "EC2A 1DX", "cc": "GB", "city": "London", "state": "Greater London", "country": "United Kingdom", "formattedAddress": ["22 Finsbury Sq", "London", "Greater London", "EC2A 1DX", "United Kingdom"]}, "categories": [{"id": "4bf58dd8d48988d1fa931735", "name": "Hotel", "pluralName": "Hotels", "shortName": "Hotel", "icon": {"prefix": "https://ss3.4sqi.net/img/categories_v2/travel/hotel_", "suffix": ".png"}, "primary": true}], "photos": {"count": 0, "groups": []}}, "referralId": "e-0-58034f9f38fa540b8548ed25-4"}, {"reasons": {"count": 0, "items": [{"summary": "This spot is popular", "type": "general", "reasonName": "globalInteractionReason"}]}, "venue": {"id": "58fbbe8dc21cb16c170a4cf4", "name": "Point A Hotel Shoreditch", "location": {"address": "8-10 Paul St", "lat": 51.52262270243427, "lng": -0.08440250007072496, "labeledLatLngs": [{"label": "display", "lat": 51.52262270243427, "lng": -0.08440250007072496}], "distance": 182, "postalCode": "EC2A 4JH", "cc": "GB", "city": "London", "state": "Greater London", "country": "United Kingdom", "formattedAddress": ["8-10 Paul St", "London", "Greater London", "EC2A 4JH", "United Kingdom"]}, "categories": [{"id": "4bf58dd8d48988d1fa931735", "name": "Hotel", "pluralName": "Hotels", "shortName": "Hotel", "icon": {"prefix": "https://ss3.4sqi.net/img/categories_v2/travel/hotel_", "suffix": ".png"}, "primary": true}], "photos": {"count": 0, "groups": []}}, "referralId": "e-0-58fbbe8dc21cb16c170a4cf4-5"}, {"reasons": {"count": 0, "items": [{"summary": "This spot is popular", "type": "general", "reasonName": "globalInteractionReason"}]}, "venue": {"id": "5637a9e2498e26546ac86a9b", "name": "shoreditch one", "location": {"lat": 51.525712, "lng": -0.084456, "labeledLatLngs": [{"label": "display", "lat": 51.525712, "lng": -0.084456}], "distance": 176, "cc": "GB", "country": "United Kingdom", "formattedAddress": ["United Kingdom"]}, "categories": [{"id": "4bf58dd8d48988d1fa931735", "name": "Hotel", "pluralName": "Hotels", "shortName": "Hotel", "icon": {"prefix": "https://ss3.4sqi.net/img/categories_v2/travel/hotel_", "suffix": ".png"}, "primary": true}], "photos": {"count": 0, "groups": []}}, "referralId": "e-0-5637a9e2498e26546ac86a9b-6"}, {"reasons": {"count": 0, "items": [{"summary": "This spot is popular", "type": "general", "reasonName": "globalInteractionReason"}]}, "venue": {"id": "4c7cf6b5ad90224bec878b0c", "name": "TfL Santander Cycle Hire", "location": {"address": "Leonard Circus", "crossStreet": "Leonard St", "lat": 51.524655, "lng": -0.084473, "labeledLatLngs": [{"label": "display", "lat": 51.524655, "lng": -0.084473}], "distance": 74, "postalCode": "EC2A 4BY", "cc": "GB", "city": "Hackney", "state": "Greater London", "country": "United Kingdom", "formattedAddress": ["Leonard Circus (Leonard St)", "Hackney", "Greater London", "EC2A 4BY", "United Kingdom"]}, "categories": [{"id": "4e4c9077bd41f78e849722f9", "name": "Bike Rental / Bike Share", "pluralName": "Bike Rentals / Bike Shares", "shortName": "Bike", "icon": {"prefix": "https://ss3.4sqi.net/img/categories_v2/shops/bikeshop_", "suffix": ".png"}, "primary": true}], "photos": {"count": 0, "groups": []}}, "referralId": "e-0-4c7cf6b5ad90224bec878b0c-7"}, {"reasons": {"count": 0, "items": [{"summary": "This spot is popular", "type": "general", "reasonName": "globalInteractionReason"}]}, "venue": {"id": "4e4aa9922271ac3f6bd77f40", "name": "TfL Santander Cycle Hire", "location": {"address": "Clifton St", "crossStreet": "Scrutton St", "lat": 51.52303344881193, "lng": -0.08298313538880596, "labeledLatLngs": [{"label": "display", "lat": 51.52303344881193, "lng": -0.08298313538880596}], "distance": 138, "postalCode": "EC2A 4EX", "cc": "GB", "city": "Shoreditch", "state": "Greater London", "country": "United Kingdom", "formattedAddress": ["Clifton St (Scrutton St)", "Shoreditch", "Greater London", "EC2A 4EX", "United Kingdom"]}, "categories": [{"id": "4e4c9077bd41f78e849722f9", "name": "Bike Rental / Bike Share", "pluralName": "Bike Rentals / Bike Shares", "shortName": "Bike", "icon": {"prefix": "https://ss3.4sqi.net/img/categories_v2/shops/bikeshop_", "suffix": ".png"}, "primary": true}], "photos": {"count": 0, "groups": []}}, "referralId": "e-0-4e4aa9922271ac3f6bd77f40-8"}, {"reasons": {"count": 0, "items": [{"summary": "This spot is popular", "type": "general", "reasonName": "globalInteractionReason"}]}, "venue": {"id": "4d41e5f6aed776eb737d6897", "name": "Waytostay", "location": {"address": "Rivington Street, Shoreditch", "lat": 51.52563, "lng": -0.08272, "labeledLatLngs": [{"label": "display", "lat": 51.52563, "lng": -0.08272}], "distance": 172, "postalCode": "EC2A 3DZ", "cc": "GB", "city": "London", "state": "Greater London", "country": "United Kingdom", "formattedAddress": ["Rivington Street, Shoreditch", "London", "Greater London", "EC2A 3DZ", "United Kingdom"]}, "categories": [{"id": "4bf58dd8d48988d1fa931735", "name": "Hotel", "pluralName": "Hotels", "shortName": "Hotel", "icon": {"prefix": "https://ss3.4sqi.net/img/categories_v2/travel/hotel_", "suffix": ".png"}, "primary": true}], "photos": {"count": 0, "groups": []}}, "referralId": "e-0-4d41e5f6aed776eb737d6897-9"}, {"reasons": {"count": 0, "items": [{"summary": "This spot is popular", "type": "general", "reasonName": "globalInteractionReason"}]}, "venue": {"id": "5de51a5802579b0008d2067e", "name": "Hart Shoreditch Hotel London, Curio Collection by Hilton", "location": {"address": "61-67 Great Eastern St", "lat": 51.524889, "lng": -0.081418, "labeledLatLngs": [{"label": "display", "lat": 51.524889, "lng": -0.081418}], "distance": 174, "postalCode": "EC2A 3HU", "cc": "GB", "city": "London", "state": "Greater London", "country": "United Kingdom", "formattedAddress": ["61-67 Great Eastern St", "London", "Greater London", "EC2A 3HU", "United Kingdom"]}, "categories": [{"id": "4bf58dd8d48988d1fa931735", "name": "Hotel", "pluralName": "Hotels", "shortName": "Hotel", "icon": {"prefix": "https://ss3.4sqi.net/img/categories_v2/travel/hotel_", "suffix": ".png"}, "primary": true}], "photos": {"count": 0, "groups": []}}, "referralId": "e-0-5de51a5802579b0008d2067e-10"}, {"reasons": {"count": 0, "items": [{"summary": "This spot is popular", "type": "general", "reasonName": "globalInteractionReason"}]}, "venue": {"id": "4cead6fd126a2c0fd75fcf86", "name": "Langham Apartments", "location": {"address": "28-30 Rivington St", "lat": 51.525929, "lng": -0.081862, "labeledLatLngs": [{"label": "display", "lat": 51.525929, "lng": -0.081862}], "distance": 229, "postalCode": "EC2A 3DZ", "cc": "GB", "city": "London", "state": "Greater London", "country": "United Kingdom", "formattedAddress": ["28-30 Rivington St", "London", "Greater London", "EC2A 3DZ", "United Kingdom"]}, "categories": [{"id": "4bf58dd8d48988d1fa931735", "name": "Hotel", "pluralName": "Hotels", "shortName": "Hotel", "icon": {"prefix": "https://ss3.4sqi.net/img/categories_v2/travel/hotel_", "suffix": ".png"}, "primary": true}], "photos": {"count": 0, "groups": []}}, "referralId": "e-0-4cead6fd126a2c0fd75fcf86-11"}, {"reasons": {"count": 0, "items": [{"summary": "This spot is popular", "type": "general", "reasonName": "globalInteractionReason"}]}, "venue": {"id": "509e4cdae4b057cac3d77795", "name": "Curtain Road Bus Stop A", "location": {"lat": 51.52428817749023, "lng": -0.08028594404459, "labeledLatLngs": [{"label": "display", "lat": 51.52428817749023, "lng": -0.08028594404459}], "distance": 235, "cc": "GB", "country": "United Kingdom", "formattedAddress": ["United Kingdom"]}, "categories": [{"id": "52f2ab2ebcbc57f1066b8b4f", "name": "Bus Stop", "pluralName": "Bus Stops", "shortName": "Bus Stop", "icon": {"prefix": "https://ss3.4sqi.net/img/categories_v2/travel/busstation_", "suffix": ".png"}, "primary": true}], "photos": {"count": 0, "groups": []}}, "referralId": "e-0-509e4cdae4b057cac3d77795-12"}, {"reasons": {"count": 0, "items": [{"summary": "This spot is popular", "type": "general", "reasonName": "globalInteractionReason"}]}, "venue": {"id": "51b90979498ec6404cb6119c", "name": "Landmark Apartments", "location": {"lat": 51.52602412881318, "lng": -0.08183686905860081, "labeledLatLngs": [{"label": "display", "lat": 51.52602412881318, "lng": -0.08183686905860081}], "distance": 239, "cc": "GB", "country": "United Kingdom", "formattedAddress": ["United Kingdom"]}, "categories": [{"id": "4bf58dd8d48988d1fa931735", "name": "Hotel", "pluralName": "Hotels", "shortName": "Hotel", "icon": {"prefix": "https://ss3.4sqi.net/img/categories_v2/travel/hotel_", "suffix": ".png"}, "primary": true}], "photos": {"count": 0, "groups": []}}, "referralId": "e-0-51b90979498ec6404cb6119c-13"}, {"reasons": {"count": 0, "items": [{"summary": "This spot is popular", "type": "general", "reasonName": "globalInteractionReason"}]}, "venue": {"id": "4d41e608aed776ebe27f6897", "name": "Waytostay", "location": {"address": "Paul Street, Liverpool Street", "lat": 51.52623, "lng": -0.0851, "labeledLatLngs": [{"label": "display", "lat": 51.52623, "lng": -0.0851}], "distance": 246, "postalCode": "EC2A 4NY", "cc": "GB", "city": "London", "state": "Greater London", "country": "United Kingdom", "formattedAddress": ["Paul Street, Liverpool Street", "London", "Greater London", "EC2A 4NY", "United Kingdom"]}, "categories": [{"id": "4bf58dd8d48988d1fa931735", "name": "Hotel", "pluralName": "Hotels", "shortName": "Hotel", "icon": {"prefix": "https://ss3.4sqi.net/img/categories_v2/travel/hotel_", "suffix": ".png"}, "primary": true}], "photos": {"count": 0, "groups": []}}, "referralId": "e-0-4d41e608aed776ebe27f6897-14"}, {"reasons": {"count": 0, "items": [{"summary": "This spot is popular", "type": "general", "reasonName": "globalInteractionReason"}]}, "venue": {"id": "4d7533c09d2fa1435cf3fcd6", "name": "Old Street Station Bus Stop N", "location": {"address": "City Road", "crossStreet": "Old Street", "lat": 51.52383596505014, "lng": -0.0873659789183114, "labeledLatLngs": [{"label": "display", "lat": 51.52383596505014, "lng": -0.0873659789183114}], "distance": 258, "cc": "GB", "neighborhood": "Islington", "city": "Islington", "state": "Greater London", "country": "United Kingdom", "formattedAddress": ["City Road (Old Street)", "Islington", "Greater London", "United Kingdom"]}, "categories": [{"id": "52f2ab2ebcbc57f1066b8b4f", "name": "Bus Stop", "pluralName": "Bus Stops", "shortName": "Bus Stop", "icon": {"prefix": "https://ss3.4sqi.net/img/categories_v2/travel/busstation_", "suffix": ".png"}, "primary": true}], "photos": {"count": 0, "groups": []}}, "referralId": "e-0-4d7533c09d2fa1435cf3fcd6-15"}, {"reasons": {"count": 0, "items": [{"summary": "This spot is popular", "type": "general", "reasonName": "globalInteractionReason"}]}, "venue": {"id": "4e0f06f362e1d5a30d06ca44", "name": "Old Street Bus Stop L", "location": {"lat": 51.52590971, "lng": -0.086218, "labeledLatLngs": [{"label": "display", "lat": 51.52590971, "lng": -0.086218}], "distance": 259, "cc": "GB", "city": "Islington", "state": "Greater London", "country": "United Kingdom", "formattedAddress": ["Islington", "Greater London", "United Kingdom"]}, "categories": [{"id": "52f2ab2ebcbc57f1066b8b4f", "name": "Bus Stop", "pluralName": "Bus Stops", "shortName": "Bus Stop", "icon": {"prefix": "https://ss3.4sqi.net/img/categories_v2/travel/busstation_", "suffix": ".png"}, "primary": true}], "photos": {"count": 0, "groups": []}}, "referralId": "e-0-4e0f06f362e1d5a30d06ca44-16"}, {"reasons": {"count": 0, "items": [{"summary": "This spot is popular", "type": "general", "reasonName": "globalInteractionReason"}]}, "venue": {"id": "50007c93e4b0c123dd0e4cab", "name": "Bus Stop M @ City Road", "location": {"address": "City Road", "lat": 51.52418747270788, "lng": -0.08742193727483277, "labeledLatLngs": [{"label": "display", "lat": 51.52418747270788, "lng": -0.08742193727483277}], "distance": 259, "cc": "GB", "city": "London", "state": "Greater London", "country": "United Kingdom", "formattedAddress": ["City Road", "London", "Greater London", "United Kingdom"]}, "categories": [{"id": "52f2ab2ebcbc57f1066b8b4f", "name": "Bus Stop", "pluralName": "Bus Stops", "shortName": "Bus Stop", "icon": {"prefix": "https://ss3.4sqi.net/img/categories_v2/travel/busstation_", "suffix": ".png"}, "primary": true}], "photos": {"count": 0, "groups": []}}, "referralId": "e-0-50007c93e4b0c123dd0e4cab-17"}, {"reasons": {"count": 0, "items": [{"summary": "This spot is popular", "type": "general", "reasonName": "globalInteractionReason"}]}, "venue": {"id": "4e776fe452b1c8e51a51705a", "name": "Bus Stop K", "location": {"lat": 51.526072703949495, "lng": -0.08601103445124453, "labeledLatLngs": [{"label": "display", "lat": 51.526072703949495, "lng": -0.08601103445124453}], "distance": 263, "cc": "GB", "city": "Shoreditch", "state": "Greater London", "country": "United Kingdom", "formattedAddress": ["Shoreditch", "Greater London", "United Kingdom"]}, "categories": [{"id": "52f2ab2ebcbc57f1066b8b4f", "name": "Bus Stop", "pluralName": "Bus Stops", "shortName": "Bus Stop", "icon": {"prefix": "https://ss3.4sqi.net/img/categories_v2/travel/busstation_", "suffix": ".png"}, "primary": true}], "photos": {"count": 0, "groups": []}}, "referralId": "e-0-4e776fe452b1c8e51a51705a-18"}, {"reasons": {"count": 0, "items": [{"summary": "This spot is popular", "type": "general", "reasonName": "globalInteractionReason"}]}, "venue": {"id": "50a6774de4b0c08636dffe42", "name": "Shoreditch High St Station Bus Stop B", "location": {"address": "Shoreditch High Street", "crossStreet": "Holywell Lane", "lat": 51.52401819162466, "lng": -0.07965087890625, "labeledLatLngs": [{"label": "display", "lat": 51.52401819162466, "lng": -0.07965087890625}], "distance": 279, "cc": "GB", "city": "London", "state": "Greater London", "country": "United Kingdom", "formattedAddress": ["Shoreditch High Street (Holywell Lane)", "London", "Greater London", "United Kingdom"]}, "categories": [{"id": "52f2ab2ebcbc57f1066b8b4f", "name": "Bus Stop", "pluralName": "Bus Stops", "shortName": "Bus Stop", "icon": {"prefix": "https://ss3.4sqi.net/img/categories_v2/travel/busstation_", "suffix": ".png"}, "primary": true}], "photos": {"count": 0, "groups": []}}, "referralId": "e-0-50a6774de4b0c08636dffe42-19"}, {"reasons": {"count": 0, "items": [{"summary": "This spot is popular", "type": "general", "reasonName": "globalInteractionReason"}]}, "venue": {"id": "4b0a8180f964a520942423e3", "name": "Old Street Roundabout", "location": {"address": "Old St", "crossStreet": "at City Rd", "lat": 51.52565961660283, "lng": -0.08745460603868727, "labeledLatLngs": [{"label": "display", "lat": 51.52565961660283, "lng": -0.08745460603868727}], "distance": 307, "postalCode": "EC1Y 1BE", "cc": "GB", "city": "London", "state": "Greater London", "country": "United Kingdom", "formattedAddress": ["Old St (at City Rd)", "London", "Greater London", "EC1Y 1BE", "United Kingdom"]}, "categories": [{"id": "52f2ab2ebcbc57f1066b8b4c", "name": "Intersection", "pluralName": "Intersections", "shortName": "Intersection", "icon": {"prefix": "https://ss3.4sqi.net/img/categories_v2/travel/default_", "suffix": ".png"}, "primary": true}], "photos": {"count": 0, "groups": []}}, "referralId": "e-0-4b0a8180f964a520942423e3-20"}, {"reasons": {"count": 0, "items": [{"summary": "This spot is popular", "type": "general", "reasonName": "globalInteractionReason"}]}, "venue": {"id": "4ad9dc27f964a520601b21e3", "name": "Old Street London Underground Station", "location": {"address": "Old St", "crossStreet": "City Rd", "lat": 51.52570817449869, "lng": -0.08751974753624095, "labeledLatLngs": [{"label": "display", "lat": 51.52570817449869, "lng": -0.08751974753624095}], "distance": 314, "postalCode": "EC1V 9NR", "cc": "GB", "city": "London", "state": "Greater London", "country": "United Kingdom", "formattedAddress": ["Old St (City Rd)", "London", "Greater London", "EC1V 9NR", "United Kingdom"]}, "categories": [{"id": "4bf58dd8d48988d1fd931735", "name": "Metro Station", "pluralName": "Metro Stations", "shortName": "Metro", "icon": {"prefix": "https://ss3.4sqi.net/img/categories_v2/travel/subway_", "suffix": ".png"}, "primary": true}], "photos": {"count": 0, "groups": []}}, "referralId": "e-0-4ad9dc27f964a520601b21e3-21"}, {"reasons": {"count": 0, "items": [{"summary": "This spot is popular", "type": "general", "reasonName": "globalInteractionReason"}]}, "venue": {"id": "4c4c1b3bf7b49c74c4df75c2", "name": "TfL Santander Cycle Hire", "location": {"address": "Old Street Tube Station", "crossStreet": "Old St", "lat": 51.5257270458621, "lng": -0.08831977844238281, "labeledLatLngs": [{"label": "display", "lat": 51.5257270458621, "lng": -0.08831977844238281}], "distance": 363, "postalCode": "EC1Y 1BE", "cc": "GB", "city": "London", "state": "Greater London", "country": "United Kingdom", "formattedAddress": ["Old Street Tube Station (Old St)", "London", "Greater London", "EC1Y 1BE", "United Kingdom"]}, "categories": [{"id": "4e4c9077bd41f78e849722f9", "name": "Bike Rental / Bike Share", "pluralName": "Bike Rentals / Bike Shares", "shortName": "Bike", "icon": {"prefix": "https://ss3.4sqi.net/img/categories_v2/shops/bikeshop_", "suffix": ".png"}, "primary": true}], "photos": {"count": 0, "groups": []}}, "referralId": "e-0-4c4c1b3bf7b49c74c4df75c2-22"}, {"reasons": {"count": 0, "items": [{"summary": "This spot is popular", "type": "general", "reasonName": "globalInteractionReason"}]}, "venue": {"id": "5235d9ed11d2c78af692b229", "name": "Finsbury Square Bus Stop D", "location": {"lat": 51.52129241725935, "lng": -0.08683320641416231, "labeledLatLngs": [{"label": "display", "lat": 51.52129241725935, "lng": -0.08683320641416231}], "distance": 390, "cc": "GB", "country": "United Kingdom", "formattedAddress": ["United Kingdom"]}, "categories": [{"id": "52f2ab2ebcbc57f1066b8b4f", "name": "Bus Stop", "pluralName": "Bus Stops", "shortName": "Bus Stop", "icon": {"prefix": "https://ss3.4sqi.net/img/categories_v2/travel/busstation_", "suffix": ".png"}, "primary": true}], "photos": {"count": 0, "groups": []}}, "referralId": "e-0-5235d9ed11d2c78af692b229-23"}, {"reasons": {"count": 0, "items": [{"summary": "This spot is popular", "type": "general", "reasonName": "globalInteractionReason"}]}, "venue": {"id": "52591072498e688243f066d7", "name": "Old Street Station Bus Stop D", "location": {"address": "East Road", "crossStreet": "Silicon Way", "lat": 51.52665664973387, "lng": -0.08783150011402889, "labeledLatLngs": [{"label": "display", "lat": 51.52665664973387, "lng": -0.08783150011402889}], "distance": 396, "cc": "GB", "city": "London", "state": "Greater London", "country": "United Kingdom", "formattedAddress": ["East Road (Silicon Way)", "London", "Greater London", "United Kingdom"]}, "categories": [{"id": "52f2ab2ebcbc57f1066b8b4f", "name": "Bus Stop", "pluralName": "Bus Stops", "shortName": "Bus Stop", "icon": {"prefix": "https://ss3.4sqi.net/img/categories_v2/travel/busstation_", "suffix": ".png"}, "primary": true}], "photos": {"count": 0, "groups": []}}, "referralId": "e-0-52591072498e688243f066d7-24"}, {"reasons": {"count": 0, "items": [{"summary": "This spot is popular", "type": "general", "reasonName": "globalInteractionReason"}]}, "venue": {"id": "4df867c488778675b54876cd", "name": "Bus Stop F", "location": {"address": "Old St.", "crossStreet": "Btwn Bath St & City Rd", "lat": 51.525581788428774, "lng": -0.08896899948037985, "labeledLatLngs": [{"label": "display", "lat": 51.525581788428774, "lng": -0.08896899948037985}], "distance": 397, "postalCode": "EC1", "cc": "GB", "city": "London", "state": "Greater London", "country": "United Kingdom", "formattedAddress": ["Old St. (Btwn Bath St & City Rd)", "London", "Greater London", " EC1", "United Kingdom"]}, "categories": [{"id": "52f2ab2ebcbc57f1066b8b4f", "name": "Bus Stop", "pluralName": "Bus Stops", "shortName": "Bus Stop", "icon": {"prefix": "https://ss3.4sqi.net/img/categories_v2/travel/busstation_", "suffix": ".png"}, "primary": true}], "photos": {"count": 0, "groups": []}}, "referralId": "e-0-4df867c488778675b54876cd-25"}, {"reasons": {"count": 0, "items": [{"summary": "This spot is popular", "type": "general", "reasonName": "globalInteractionReason"}]}, "venue": {"id": "4b7596a4f964a52069162ee3", "name": "Holiday Inn Express", "location": {"address": "275 Old St", "lat": 51.526801343662186, "lng": -0.0828938601189293, "labeledLatLngs": [{"label": "display", "lat": 51.526801343662186, "lng": -0.0828938601189293}], "distance": 294, "postalCode": "EC1V 9LN", "cc": "GB", "city": "London", "state": "Greater London", "country": "United Kingdom", "formattedAddress": ["275 Old St", "London", "Greater London", "EC1V 9LN", "United Kingdom"]}, "categories": [{"id": "4bf58dd8d48988d1fa931735", "name": "Hotel", "pluralName": "Hotels", "shortName": "Hotel", "icon": {"prefix": "https://ss3.4sqi.net/img/categories_v2/travel/hotel_", "suffix": ".png"}, "primary": true}], "photos": {"count": 0, "groups": []}}, "referralId": "e-0-4b7596a4f964a52069162ee3-26"}, {"reasons": {"count": 0, "items": [{"summary": "This spot is popular", "type": "general", "reasonName": "globalInteractionReason"}]}, "venue": {"id": "4d61062c29105941a8cdfb46", "name": "Old Street Railway Station (OLD)", "location": {"address": "Old St", "lat": 51.525614740545926, "lng": -0.08747785505700645, "labeledLatLngs": [{"label": "display", "lat": 51.525614740545926, "lng": -0.08747785505700645}], "distance": 306, "postalCode": "EC1V 9NR", "cc": "GB", "city": "Shoreditch", "state": "Greater London", "country": "United Kingdom", "formattedAddress": ["Old St", "Shoreditch", "Greater London", "EC1V 9NR", "United Kingdom"]}, "categories": [{"id": "4bf58dd8d48988d129951735", "name": "Train Station", "pluralName": "Train Stations", "shortName": "Train Station", "icon": {"prefix": "https://ss3.4sqi.net/img/categories_v2/travel/trainstation_", "suffix": ".png"}, "primary": true}], "photos": {"count": 0, "groups": []}}, "referralId": "e-0-4d61062c29105941a8cdfb46-27"}, {"reasons": {"count": 0, "items": [{"summary": "This spot is popular", "type": "general", "reasonName": "globalInteractionReason"}]}, "venue": {"id": "4b709dd0f964a52079252de3", "name": "Travelodge London Central City Road", "location": {"address": "1-23 City Rd", "lat": 51.52260297678985, "lng": -0.0869751454999175, "labeledLatLngs": [{"label": "display", "lat": 51.52260297678985, "lng": -0.0869751454999175}], "distance": 289, "postalCode": "EC1Y 1AG", "cc": "GB", "city": "London", "state": "Greater London", "country": "United Kingdom", "formattedAddress": ["1-23 City Rd", "London", "Greater London", "EC1Y 1AG", "United Kingdom"]}, "categories": [{"id": "4bf58dd8d48988d1fa931735", "name": "Hotel", "pluralName": "Hotels", "shortName": "Hotel", "icon": {"prefix": "https://ss3.4sqi.net/img/categories_v2/travel/hotel_", "suffix": ".png"}, "primary": true}], "photos": {"count": 0, "groups": []}}, "referralId": "e-0-4b709dd0f964a52079252de3-28"}]}]}}