{"meta": {"code": 200, "requestId": "5fedd9f01539512b525b6849"}, "response": {"suggestedFilters": {"header": "Tap to show:", "filters": [{"name": "Open now", "key": "openNow"}]}, "headerLocation": "Vauxhall", "headerFullLocation": "Vauxhall, London", "headerLocationGranularity": "neighborhood", "query": "travel", "totalResults": 8, "suggestedBounds": {"ne": {"lat": 51.4859500036, "lng": -0.11901002946591227}, "sw": {"lat": 51.47874999639999, "lng": -0.13054997053408773}}, "groups": [{"type": "Recommended Places", "name": "recommended", "items": [{"reasons": {"count": 0, "items": [{"summary": "This spot is popular", "type": "general", "reasonName": "globalInteractionReason"}]}, "venue": {"id": "5190fd33498e9443b3f287d3", "name": "Travelodge", "location": {"address": "3 Bondway", "lat": 51.48552283904317, "lng": -0.12390203667364413, "labeledLatLngs": [{"label": "display", "lat": 51.48552283904317, "lng": -0.12390203667364413}], "distance": 358, "postalCode": "SW8 1SJ", "cc": "GB", "city": "Vauxhall", "state": "Greater London", "country": "United Kingdom", "formattedAddress": ["3 Bondway", "Vauxhall", "Greater London", "SW8 1SJ", "United Kingdom"]}, "categories": [{"id": "4bf58dd8d48988d1fa931735", "name": "Hotel", "pluralName": "Hotels", "shortName": "Hotel", "icon": {"prefix": "https://ss3.4sqi.net/img/categories_v2/travel/hotel_", "suffix": ".png"}, "primary": true}], "photos": {"count": 0, "groups": []}}, "referralId": "e-0-5190fd33498e9443b3f287d3-0"}, {"reasons": {"count": 0, "items": [{"summary": "This spot is popular", "type": "general", "reasonName": "globalInteractionReason"}]}, "venue": {"id": "55a220ba498e1d7b3785e3a7", "name": "Holiday Inn Express London - Vauxhall Nine Elms", "location": {"address": "87 South Lambeth Rd", "lat": 51.48108536208466, "lng": -0.12430176493319323, "labeledLatLngs": [{"label": "display", "lat": 51.48108536208466, "lng": -0.12430176493319323}], "distance": 144, "postalCode": "SW8 1RN", "cc": "GB", "city": "London", "state": "Greater London", "country": "United Kingdom", "formattedAddress": ["87 South Lambeth Rd", "London", "Greater London", "SW8 1RN", "United Kingdom"]}, "categories": [{"id": "4bf58dd8d48988d1fa931735", "name": "Hotel", "pluralName": "Hotels", "shortName": "Hotel", "icon": {"prefix": "https://ss3.4sqi.net/img/categories_v2/travel/hotel_", "suffix": ".png"}, "primary": true}], "photos": {"count": 0, "groups": []}}, "referralId": "e-0-55a220ba498e1d7b3785e3a7-1"}, {"reasons": {"count": 0, "items": [{"summary": "This spot is popular", "type": "general", "reasonName": "globalInteractionReason"}]}, "venue": {"id": "59049d4135811b1afa01ad2e", "name": "Best Western Plus Vauxhall Hotel", "location": {"address": "152 Old South Lambeth Road", "lat": 51.48027574395754, "lng": -0.12364225831333897, "labeledLatLngs": [{"label": "display", "lat": 51.48027574395754, "lng": -0.12364225831333897}], "distance": 244, "postalCode": "SW8 1XX", "cc": "GB", "city": "City of London", "state": "Greater London", "country": "United Kingdom", "formattedAddress": ["152 Old South Lambeth Road", "City of London", "Greater London", "SW8 1XX", "United Kingdom"]}, "categories": [{"id": "4bf58dd8d48988d1fa931735", "name": "Hotel", "pluralName": "Hotels", "shortName": "Hotel", "icon": {"prefix": "https://ss3.4sqi.net/img/categories_v2/travel/hotel_", "suffix": ".png"}, "primary": true}], "photos": {"count": 0, "groups": []}}, "referralId": "e-0-59049d4135811b1afa01ad2e-2"}, {"reasons": {"count": 0, "items": [{"summary": "This spot is popular", "type": "general", "reasonName": "globalInteractionReason"}]}, "venue": {"id": "4ecf6c177ee5be8449f9db71", "name": "Bus Stop J", "location": {"lat": 51.48465422276966, "lng": -0.12489116845119577, "labeledLatLngs": [{"label": "display", "lat": 51.48465422276966, "lng": -0.12489116845119577}], "distance": 256, "cc": "GB", "country": "United Kingdom", "formattedAddress": ["United Kingdom"]}, "categories": [{"id": "52f2ab2ebcbc57f1066b8b4f", "name": "Bus Stop", "pluralName": "Bus Stops", "shortName": "Bus Stop", "icon": {"prefix": "https://ss3.4sqi.net/img/categories_v2/travel/busstation_", "suffix": ".png"}, "primary": true}], "photos": {"count": 0, "groups": []}}, "referralId": "e-0-4ecf6c177ee5be8449f9db71-3"}, {"reasons": {"count": 0, "items": [{"summary": "This spot is popular", "type": "general", "reasonName": "globalInteractionReason"}]}, "venue": {"id": "4e656a0eb61cd78089d64e24", "name": "Bus Stop G (77, 87, 196 & N87)", "location": {"lat": 51.48501797119744, "lng": -0.12504756396049688, "labeledLatLngs": [{"label": "display", "lat": 51.48501797119744, "lng": -0.12504756396049688}], "distance": 297, "cc": "GB", "country": "United Kingdom", "formattedAddress": ["United Kingdom"]}, "categories": [{"id": "52f2ab2ebcbc57f1066b8b4f", "name": "Bus Stop", "pluralName": "Bus Stops", "shortName": "Bus Stop", "icon": {"prefix": "https://ss3.4sqi.net/img/categories_v2/travel/busstation_", "suffix": ".png"}, "primary": true}], "photos": {"count": 0, "groups": []}}, "referralId": "e-0-4e656a0eb61cd78089d64e24-4"}, {"reasons": {"count": 0, "items": [{"summary": "This spot is popular", "type": "general", "reasonName": "globalInteractionReason"}]}, "venue": {"id": "4caf11b7c5e6a1cdd18ac9f6", "name": "Bus Stop C", "location": {"address": "Lambeth, London SW8 2LJ", "lat": 51.4856082, "lng": -0.12442783, "labeledLatLngs": [{"label": "display", "lat": 51.4856082, "lng": -0.12442783}], "distance": 363, "postalCode": "SW8 2LJ", "cc": "GB", "city": "London", "state": "Greater London", "country": "United Kingdom", "formattedAddress": ["Lambeth, London SW8 2LJ", "London", "Greater London", "SW8 2LJ", "United Kingdom"]}, "categories": [{"id": "4bf58dd8d48988d1fe931735", "name": "Bus Station", "pluralName": "Bus Stations", "shortName": "Bus Station", "icon": {"prefix": "https://ss3.4sqi.net/img/categories_v2/travel/busstation_", "suffix": ".png"}, "primary": true}], "photos": {"count": 0, "groups": []}}, "referralId": "e-0-4caf11b7c5e6a1cdd18ac9f6-5"}, {"reasons": {"count": 0, "items": [{"summary": "This spot is popular", "type": "general", "reasonName": "globalInteractionReason"}]}, "venue": {"id": "4ae1eb62f964a520be8821e3", "name": "Vauxhall Bus Station", "location": {"address": "Vauxhall Underground Station", "crossStreet": "Vauxhall Cross", "lat": 51.485670976621314, "lng": -0.12447096663485664, "labeledLatLngs": [{"label": "display", "lat": 51.485670976621314, "lng": -0.12447096663485664}], "distance": 370, "postalCode": "SE1", "cc": "GB", "neighborhood": "Vauxhall, London, Greater London", "city": "Vauxhall", "state": "Greater London", "country": "United Kingdom", "formattedAddress": ["Vauxhall Underground Station (Vauxhall Cross)", "Vauxhall", "Greater London", "SE1", "United Kingdom"]}, "categories": [{"id": "4bf58dd8d48988d1fe931735", "name": "Bus Station", "pluralName": "Bus Stations", "shortName": "Bus Station", "icon": {"prefix": "https://ss3.4sqi.net/img/categories_v2/travel/busstation_", "suffix": ".png"}, "primary": true}], "photos": {"count": 0, "groups": []}}, "referralId": "e-0-4ae1eb62f964a520be8821e3-6"}, {"reasons": {"count": 0, "items": [{"summary": "This spot is popular", "type": "general", "reasonName": "globalInteractionReason"}]}, "venue": {"id": "4cacaae976d3a0936cce336b", "name": "Bus Stop E", "location": {"address": "Bondway", "lat": 51.485897452641254, "lng": -0.12397841483182587, "labeledLatLngs": [{"label": "display", "lat": 51.485897452641254, "lng": -0.12397841483182587}], "distance": 398, "postalCode": "SW 8 2", "cc": "GB", "city": "London", "state": "Greater London", "country": "United Kingdom", "formattedAddress": ["Bondway", "London", "Greater London", "SW 8 2", "United Kingdom"]}, "categories": [{"id": "52f2ab2ebcbc57f1066b8b4f", "name": "Bus Stop", "pluralName": "Bus Stops", "shortName": "Bus Stop", "icon": {"prefix": "https://ss3.4sqi.net/img/categories_v2/travel/busstation_", "suffix": ".png"}, "primary": true}], "photos": {"count": 0, "groups": []}}, "referralId": "e-0-4cacaae976d3a0936cce336b-7"}]}]}}