{"meta": {"code": 200, "requestId": "5fedda29e2c947606eef9c59"}, "response": {"suggestedFilters": {"header": "Tap to show:", "filters": [{"name": "Open now", "key": "openNow"}]}, "headerLocation": "Hackney", "headerFullLocation": "Hackney, London", "headerLocationGranularity": "neighborhood", "query": "college education", "totalResults": 6, "suggestedBounds": {"ne": {"lat": 51.543555003600005, "lng": -0.03817172893962969}, "sw": {"lat": 51.53635499639999, "lng": -0.049726271060370315}}, "groups": [{"type": "Recommended Places", "name": "recommended", "items": [{"reasons": {"count": 0, "items": [{"summary": "This spot is popular", "type": "general", "reasonName": "globalInteractionReason"}]}, "venue": {"id": "4b71baf6f964a520fa582de3", "name": "Bottle Apostle", "location": {"address": "95 Lauriston Rd", "lat": 51.53751460854346, "lng": -0.04465805380628411, "labeledLatLngs": [{"label": "display", "lat": 51.53751460854346, "lng": -0.04465805380628411}], "distance": 276, "postalCode": "E9 7HJ", "cc": "GB", "city": "London", "state": "Greater London", "country": "United Kingdom", "formattedAddress": ["95 Lauriston Rd", "London", "Greater London", "E9 7HJ", "United Kingdom"]}, "categories": [{"id": "4bf58dd8d48988d119951735", "name": "Wine Shop", "pluralName": "Wine Shops", "shortName": "Wine Shop", "icon": {"prefix": "https://ss3.4sqi.net/img/categories_v2/shops/food_wineshop_", "suffix": ".png"}, "primary": true}], "photos": {"count": 0, "groups": []}, "venuePage": {"id": "77516188"}}, "referralId": "e-0-4b71baf6f964a520fa582de3-0"}, {"reasons": {"count": 0, "items": [{"summary": "This spot is popular", "type": "general", "reasonName": "globalInteractionReason"}]}, "venue": {"id": "56e1ba89cd10a88c53560a5b", "name": "Sally K Boutique", "location": {"address": "5b, Speldhurst Rd", "lat": 51.5392161, "lng": -0.0465648, "labeledLatLngs": [{"label": "display", "lat": 51.5392161, "lng": -0.0465648}], "distance": 198, "postalCode": "E9 7EH", "cc": "GB", "city": "London", "state": "Greater London", "country": "United Kingdom", "formattedAddress": ["5b, Speldhurst Rd", "London", "Greater London", "E9 7EH", "United Kingdom"]}, "categories": [{"id": "4bf58dd8d48988d103951735", "name": "Clothing Store", "pluralName": "Clothing Stores", "shortName": "Apparel", "icon": {"prefix": "https://ss3.4sqi.net/img/categories_v2/shops/apparel_", "suffix": ".png"}, "primary": true}], "photos": {"count": 0, "groups": []}}, "referralId": "e-0-56e1ba89cd10a88c53560a5b-1"}, {"reasons": {"count": 0, "items": [{"summary": "This spot is popular", "type": "general", "reasonName": "globalInteractionReason"}]}, "venue": {"id": "55f9ae9e498e67cfec8df2f1", "name": "London Secure Locks", "location": {"address": "22 meynell crescent", "lat": 51.54183785383966, "lng": -0.04433155059814453, "labeledLatLngs": [{"label": "display", "lat": 51.54183785383966, "lng": -0.04433155059814453}], "distance": 211, "postalCode": "E9 7AS", "cc": "GB", "city": "London", "state": "Greater London", "country": "United Kingdom", "formattedAddress": ["22 meynell crescent", "London", "Greater London", "E9 7AS", "United Kingdom"]}, "categories": [{"id": "52f2ab2ebcbc57f1066b8b1e", "name": "Locksmith", "pluralName": "Locksmiths", "shortName": "Locksmith", "icon": {"prefix": "https://ss3.4sqi.net/img/categories_v2/shops/default_", "suffix": ".png"}, "primary": true}], "photos": {"count": 0, "groups": []}, "venuePage": {"id": "140181122"}}, "referralId": "e-0-55f9ae9e498e67cfec8df2f1-2"}, {"reasons": {"count": 0, "items": [{"summary": "This spot is popular", "type": "general", "reasonName": "globalInteractionReason"}]}, "venue": {"id": "56bf5b96cd10ac039333cf11", "name": "Village Organic", "location": {"address": "89 Lauriston Road", "lat": 51.53794062349647, "lng": -0.045946018726655886, "labeledLatLngs": [{"label": "display", "lat": 51.53794062349647, "lng": -0.045946018726655886}], "distance": 263, "cc": "GB", "city": "London", "state": "Greater London", "country": "United Kingdom", "formattedAddress": ["89 Lauriston Road", "London", "Greater London", "United Kingdom"]}, "categories": [{"id": "52f2ab2ebcbc57f1066b8b1c", "name": "Fruit & Vegetable Store", "pluralName": "Fruit & Vegetable Stores", "shortName": "Fruit & Vegetable Store", "icon": {"prefix": "https://ss3.4sqi.net/img/categories_v2/shops/food_grocery_", "suffix": ".png"}, "primary": true}], "photos": {"count": 0, "groups": []}}, "referralId": "e-0-56bf5b96cd10ac039333cf11-3"}, {"reasons": {"count": 0, "items": [{"summary": "This spot is popular", "type": "general", "reasonName": "globalInteractionReason"}]}, "venue": {"id": "4db1698e8154905aadbf244b", "name": "The Village Store", "location": {"address": "79-93 Lauriston Rd", "lat": 51.53757672333349, "lng": -0.04461977256176853, "labeledLatLngs": [{"label": "display", "lat": 51.53757672333349, "lng": -0.04461977256176853}], "distance": 268, "postalCode": "E 9 7", "cc": "GB", "city": "Hackney", "state": "Greater London", "country": "United Kingdom", "formattedAddress": ["79-93 Lauriston Rd", "Hackney", "Greater London", "E 9 7", "United Kingdom"]}, "categories": [{"id": "4d954b0ea243a5684a65b473", "name": "Convenience Store", "pluralName": "Convenience Stores", "shortName": "Convenience Store", "icon": {"prefix": "https://ss3.4sqi.net/img/categories_v2/shops/conveniencestore_", "suffix": ".png"}, "primary": true}], "photos": {"count": 0, "groups": []}}, "referralId": "e-0-4db1698e8154905aadbf244b-4"}, {"reasons": {"count": 0, "items": [{"summary": "This spot is popular", "type": "general", "reasonName": "globalInteractionReason"}]}, "venue": {"id": "4c14a7ed1b5cef3b8f27eec4", "name": "Londis", "location": {"address": "112-116 Lauriston Rd", "crossStreet": "Victoria Park Road", "lat": 51.537579257649774, "lng": -0.04469654011155357, "labeledLatLngs": [{"label": "display", "lat": 51.537579257649774, "lng": -0.04469654011155357}], "distance": 269, "postalCode": "E9 7LH", "cc": "GB", "city": "London", "state": "Greater London", "country": "United Kingdom", "formattedAddress": ["112-116 Lauriston Rd (Victoria Park Road)", "London", "Greater London", "E9 7LH", "United Kingdom"]}, "categories": [{"id": "4d954b0ea243a5684a65b473", "name": "Convenience Store", "pluralName": "Convenience Stores", "shortName": "Convenience Store", "icon": {"prefix": "https://ss3.4sqi.net/img/categories_v2/shops/conveniencestore_", "suffix": ".png"}, "primary": true}], "photos": {"count": 0, "groups": []}}, "referralId": "e-0-4c14a7ed1b5cef3b8f27eec4-5"}]}]}}