{"meta": {"code": 200, "requestId": "5fedd9f2afd2f83d5fc06a34"}, "response": {"warning": {"text": "There aren't a lot of results near you. Try something more general, reset your filters, or expand the search area."}, "headerLocation": "Colindale", "headerFullLocation": "Colindale, London", "headerLocationGranularity": "neighborhood", "query": "arts entertainment", "totalResults": 2, "suggestedBounds": {"ne": {"lat": 51.5991100036, "lng": -0.2376356651521023}, "sw": {"lat": 51.59190999639999, "lng": -0.2492043348478977}}, "groups": [{"type": "Recommended Places", "name": "recommended", "items": [{"reasons": {"count": 0, "items": [{"summary": "This spot is popular", "type": "general", "reasonName": "globalInteractionReason"}]}, "venue": {"id": "5054968ee4b02204c2924a5f", "name": "Battle of Britain Hall", "location": {"address": "RAF Mueum", "lat": 51.597791313422604, "lng": -0.23939884401463082, "labeledLatLngs": [{"label": "display", "lat": 51.597791313422604, "lng": -0.23939884401463082}], "distance": 376, "cc": "GB", "city": "Hendon", "state": "Greater London", "country": "United Kingdom", "formattedAddress": ["RAF Mueum", "Hendon", "Greater London", "United Kingdom"]}, "categories": [{"id": "4bf58dd8d48988d190941735", "name": "History Museum", "pluralName": "History Museums", "shortName": "History Museum", "icon": {"prefix": "https://ss3.4sqi.net/img/categories_v2/arts_entertainment/museum_history_", "suffix": ".png"}, "primary": true}], "photos": {"count": 0, "groups": []}}, "referralId": "e-0-5054968ee4b02204c2924a5f-0"}, {"reasons": {"count": 0, "items": [{"summary": "This spot is popular", "type": "general", "reasonName": "globalInteractionReason"}]}, "venue": {"id": "58feeba16dcf0443e361696a", "name": "Babooche Calligraphy", "location": {"address": "Flat 6 Croft House, 21 Heritage Avenue", "lat": 51.59597479607137, "lng": -0.24304032325744626, "labeledLatLngs": [{"label": "display", "lat": 51.59597479607137, "lng": -0.24304032325744626}], "distance": 58, "postalCode": "NW9 5XY", "cc": "GB", "city": "London", "state": "Greater London", "country": "United Kingdom", "formattedAddress": ["Flat 6 Croft House, 21 Heritage Avenue", "London", "Greater London", "NW9 5XY", "United Kingdom"]}, "categories": [{"id": "4bf58dd8d48988d1e2931735", "name": "Art Gallery", "pluralName": "Art Galleries", "shortName": "Art Gallery", "icon": {"prefix": "https://ss3.4sqi.net/img/categories_v2/arts_entertainment/artgallery_", "suffix": ".png"}, "primary": true}], "photos": {"count": 0, "groups": []}}, "referralId": "e-0-58feeba16dcf0443e361696a-1"}]}]}}