{"meta": {"code": 200, "requestId": "5fedda60b4359f7d96da854b"}, "response": {"suggestedFilters": {"header": "Tap to show:", "filters": [{"name": "Open now", "key": "openNow"}]}, "headerLocation": "Sands End", "headerFullLocation": "Sands End, London", "headerLocationGranularity": "neighborhood", "query": "college education", "totalResults": 13, "suggestedBounds": {"ne": {"lat": 51.48111000360001, "lng": -0.18286064175405678}, "sw": {"lat": 51.473909996399996, "lng": -0.1943993582459432}}, "groups": [{"type": "Recommended Places", "name": "recommended", "items": [{"reasons": {"count": 0, "items": [{"summary": "This spot is popular", "type": "general", "reasonName": "globalInteractionReason"}]}, "venue": {"id": "4b928a70f964a520770234e3", "name": "Warr's Harley Davidson", "location": {"address": "611 King's Rd", "lat": 51.477696697808085, "lng": -0.18909570630394001, "labeledLatLngs": [{"label": "display", "lat": 51.477696697808085, "lng": -0.18909570630394001}], "distance": 38, "postalCode": "SW6 2EL", "cc": "GB", "city": "Fulham", "state": "Greater London", "country": "United Kingdom", "formattedAddress": ["611 King's Rd", "Fulham", "Greater London", "SW6 2EL", "United Kingdom"]}, "categories": [{"id": "5032833091d4c4b30a586d60", "name": "Motorcycle Shop", "pluralName": "Motorcycle Shops", "shortName": "Motorcycle Shop", "icon": {"prefix": "https://ss3.4sqi.net/img/categories_v2/shops/motorcycle_", "suffix": ".png"}, "primary": true}], "photos": {"count": 0, "groups": []}}, "referralId": "e-0-4b928a70f964a520770234e3-0"}, {"reasons": {"count": 0, "items": [{"summary": "This spot is popular", "type": "general", "reasonName": "globalInteractionReason"}]}, "venue": {"id": "4fa92c5be4b01db688bcba43", "name": "The Chelsea FC Megastore", "location": {"address": "Stamford Bridge", "lat": 51.4808061711658, "lng": -0.19094267010424973, "labeledLatLngs": [{"label": "display", "lat": 51.4808061711658, "lng": -0.19094267010424973}], "distance": 400, "postalCode": "SW6 1HS", "cc": "GB", "city": "Chelsea", "state": "Greater London", "country": "United Kingdom", "formattedAddress": ["Stamford Bridge", "Chelsea", "Greater London", "SW6 1HS", "United Kingdom"]}, "categories": [{"id": "4bf58dd8d48988d1f2941735", "name": "Sporting Goods Shop", "pluralName": "Sporting Goods Shops", "shortName": "Sporting Goods", "icon": {"prefix": "https://ss3.4sqi.net/img/categories_v2/shops/sports_outdoors_", "suffix": ".png"}, "primary": true}], "photos": {"count": 0, "groups": []}}, "referralId": "e-0-4fa92c5be4b01db688bcba43-1"}, {"reasons": {"count": 0, "items": [{"summary": "This spot is popular", "type": "general", "reasonName": "globalInteractionReason"}]}, "venue": {"id": "4ac518f1f964a52006ae20e3", "name": "Lots Road Auctions", "location": {"address": "71-73 Lots Rd.", "lat": 51.47839028710528, "lng": -0.1845067804134065, "labeledLatLngs": [{"label": "display", "lat": 51.47839028710528, "lng": -0.1845067804134065}], "distance": 302, "postalCode": "SW10 0RN", "cc": "GB", "city": "London", "state": "Greater London", "country": "United Kingdom", "formattedAddress": ["71-73 Lots Rd.", "London", "Greater London", "SW10 0RN", "United Kingdom"]}, "categories": [{"id": "4bf58dd8d48988d116951735", "name": "Antique Shop", "pluralName": "Antique Shops", "shortName": "Antiques", "icon": {"prefix": "https://ss3.4sqi.net/img/categories_v2/shops/antique_", "suffix": ".png"}, "primary": true}], "photos": {"count": 0, "groups": []}}, "referralId": "e-0-4ac518f1f964a52006ae20e3-2"}, {"reasons": {"count": 0, "items": [{"summary": "This spot is popular", "type": "general", "reasonName": "globalInteractionReason"}]}, "venue": {"id": "50a7ba59e4b042e200b367eb", "name": "Surefoot", "location": {"address": "104-106 Waterford Road", "lat": 51.47736378026438, "lng": -0.19009397059573646, "labeledLatLngs": [{"label": "display", "lat": 51.47736378026438, "lng": -0.19009397059573646}], "distance": 102, "postalCode": "SW6 2EU", "cc": "GB", "city": "London", "state": "Greater London", "country": "United Kingdom", "formattedAddress": ["104-106 Waterford Road", "London", "Greater London", "SW6 2EU", "United Kingdom"]}, "categories": [{"id": "56aa371be4b08b9a8d573566", "name": "Ski Shop", "pluralName": "Ski Shops", "shortName": "Ski Shop", "icon": {"prefix": "https://ss3.4sqi.net/img/categories_v2/parks_outdoors/ski_snowboard_", "suffix": ".png"}, "primary": true}], "photos": {"count": 0, "groups": []}}, "referralId": "e-0-50a7ba59e4b042e200b367eb-3"}, {"reasons": {"count": 0, "items": [{"summary": "This spot is popular", "type": "general", "reasonName": "globalInteractionReason"}]}, "venue": {"id": "5f199e322835f147a27f43e2", "name": "Leon Kaye solicitors", "location": {"address": "591-593 King's Road", "lat": 51.47839429, "lng": -0.18870803, "labeledLatLngs": [{"label": "display", "lat": 51.47839429, "lng": -0.18870803}], "distance": 98, "postalCode": "SW6 2EH", "cc": "GB", "city": "London", "state": "Greater London", "country": "United Kingdom", "formattedAddress": ["591-593 King's Road", "London", "Greater London", "SW6 2EH", "United Kingdom"]}, "categories": [{"id": "52f2ab2ebcbc57f1066b8b3f", "name": "Lawyer", "pluralName": "Lawyers", "shortName": "Lawyer", "icon": {"prefix": "https://ss3.4sqi.net/img/categories_v2/education/lawschool_", "suffix": ".png"}, "primary": true}], "photos": {"count": 0, "groups": []}, "venuePage": {"id": "586386935"}}, "referralId": "e-0-5f199e322835f147a27f43e2-4"}, {"reasons": {"count": 0, "items": [{"summary": "This spot is popular", "type": "general", "reasonName": "globalInteractionReason"}]}, "venue": {"id": "5638ff9b60b2753ece75ba51", "name": "Liquid Drops Limited\u00ae", "location": {"address": "Fulham", "lat": 51.47845626779935, "lng": -0.18884897232055664, "labeledLatLngs": [{"label": "display", "lat": 51.47845626779935, "lng": -0.18884897232055664}], "distance": 106, "postalCode": "SW6", "cc": "GB", "neighborhood": "Hammersmith and Fulham", "city": "London", "state": "Greater London", "country": "United Kingdom", "formattedAddress": ["Fulham", "London", "Greater London", "SW6", "United Kingdom"]}, "categories": [{"id": "4bf58dd8d48988d186941735", "name": "Liquor Store", "pluralName": "Liquor Stores", "shortName": "Liquor Store", "icon": {"prefix": "https://ss3.4sqi.net/img/categories_v2/shops/food_liquor_", "suffix": ".png"}, "primary": true}], "photos": {"count": 0, "groups": []}, "venuePage": {"id": "456112741"}}, "referralId": "e-0-5638ff9b60b2753ece75ba51-5"}, {"reasons": {"count": 0, "items": [{"summary": "This spot is popular", "type": "general", "reasonName": "globalInteractionReason"}]}, "venue": {"id": "5389b99c498e63a9b047127c", "name": "Button & Sprung", "location": {"address": "9A/9B Imperial Road", "crossStreet": "Imperial Road", "lat": 51.47612693, "lng": -0.18912962, "labeledLatLngs": [{"label": "display", "lat": 51.47612693, "lng": -0.18912962}], "distance": 157, "postalCode": "SW6 2AG", "cc": "GB", "neighborhood": "Fulham", "city": "London", "state": "Greater London", "country": "United Kingdom", "formattedAddress": ["9A/9B Imperial Road (Imperial Road)", "London", "Greater London", "SW6 2AG", "United Kingdom"]}, "categories": [{"id": "52f2ab2ebcbc57f1066b8b27", "name": "Mattress Store", "pluralName": "Mattress Stores", "shortName": "Mattress Store", "icon": {"prefix": "https://ss3.4sqi.net/img/categories_v2/shops/default_", "suffix": ".png"}, "primary": true}], "photos": {"count": 0, "groups": []}, "venuePage": {"id": "168016955"}}, "referralId": "e-0-5389b99c498e63a9b047127c-6"}, {"reasons": {"count": 0, "items": [{"summary": "This spot is popular", "type": "general", "reasonName": "globalInteractionReason"}]}, "venue": {"id": "5970b3ffdee77066f3864c4f", "name": "The Light Studios Hire & Photography", "location": {"address": "2 Michael Road", "lat": 51.47727769999999, "lng": -0.18669360000001234, "labeledLatLngs": [{"label": "display", "lat": 51.47727769999999, "lng": -0.18669360000001234}], "distance": 136, "postalCode": "SW6 2AD", "cc": "GB", "city": "London", "state": "Greater London", "country": "United Kingdom", "formattedAddress": ["2 Michael Road", "London", "Greater London", "SW6 2AD", "United Kingdom"]}, "categories": [{"id": "554a5e17498efabeda6cc559", "name": "Photography Studio", "pluralName": "Photography Studios", "shortName": "Photo Studio", "icon": {"prefix": "https://ss3.4sqi.net/img/categories_v2/shops/camerastore_", "suffix": ".png"}, "primary": true}], "photos": {"count": 0, "groups": []}, "venuePage": {"id": "599923662"}}, "referralId": "e-0-5970b3ffdee77066f3864c4f-7"}, {"reasons": {"count": 0, "items": [{"summary": "This spot is popular", "type": "general", "reasonName": "globalInteractionReason"}]}, "venue": {"id": "525ffcb211d25cf0872edd1a", "name": "Titchmarsh & Goodwin", "location": {"address": "555 Kings Rd", "lat": 51.479411, "lng": -0.187427, "labeledLatLngs": [{"label": "display", "lat": 51.479411, "lng": -0.187427}], "distance": 227, "postalCode": "SW6 2EB", "cc": "GB", "city": "London", "state": "Greater London", "country": "United Kingdom", "formattedAddress": ["555 Kings Rd", "London", "Greater London", "SW6 2EB", "United Kingdom"]}, "categories": [{"id": "4bf58dd8d48988d1f8941735", "name": "Furniture / Home Store", "pluralName": "Furniture / Home Stores", "shortName": "Furniture / Home", "icon": {"prefix": "https://ss3.4sqi.net/img/categories_v2/shops/furniture_", "suffix": ".png"}, "primary": true}], "photos": {"count": 0, "groups": []}, "venuePage": {"id": "74913970"}}, "referralId": "e-0-525ffcb211d25cf0872edd1a-8"}, {"reasons": {"count": 0, "items": [{"summary": "This spot is popular", "type": "general", "reasonName": "globalInteractionReason"}]}, "venue": {"id": "5846bcaddfa6ff4251e441a9", "name": "Pemberly Fox", "location": {"address": "132-134 Lots Rd", "crossStreet": "132-134 Lots Rd", "lat": 51.47835932, "lng": -0.18377452, "labeledLatLngs": [{"label": "display", "lat": 51.47835932, "lng": -0.18377452}], "distance": 349, "postalCode": "SW10 0RJ", "cc": "GB", "city": "London", "state": "Greater London", "country": "United Kingdom", "formattedAddress": ["132-134 Lots Rd (132-134 Lots Rd)", "Chelsea", "Greater London", "SW10 0RJ", "United Kingdom"]}, "categories": [{"id": "52f2ab2ebcbc57f1066b8b21", "name": "Stationery Store", "pluralName": "Stationery Stores", "shortName": "Stationery Store", "icon": {"prefix": "https://ss3.4sqi.net/img/categories_v2/shops/default_", "suffix": ".png"}, "primary": true}], "photos": {"count": 0, "groups": []}, "venuePage": {"id": "379727178"}}, "referralId": "e-0-5846bcaddfa6ff4251e441a9-9"}, {"reasons": {"count": 0, "items": [{"summary": "This spot is popular", "type": "general", "reasonName": "globalInteractionReason"}]}, "venue": {"id": "4c81bfdf74d7b60c08477ad8", "name": "Tesco Express", "location": {"address": "601 Kings Rd", "lat": 51.477887519477065, "lng": -0.18936487465452956, "labeledLatLngs": [{"label": "display", "lat": 51.477887519477065, "lng": -0.18936487465452956}], "distance": 66, "postalCode": "SW6 2EL", "cc": "GB", "city": "London", "state": "Greater London", "country": "United Kingdom", "formattedAddress": ["601 Kings Rd", "London", "Greater London", "SW6 2EL", "United Kingdom"]}, "categories": [{"id": "4bf58dd8d48988d118951735", "name": "Grocery Store", "pluralName": "Grocery Stores", "shortName": "Grocery Store", "icon": {"prefix": "https://ss3.4sqi.net/img/categories_v2/shops/food_grocery_", "suffix": ".png"}, "primary": true}], "photos": {"count": 0, "groups": []}}, "referralId": "e-0-4c81bfdf74d7b60c08477ad8-10"}, {"reasons": {"count": 0, "items": [{"summary": "This spot is popular", "type": "general", "reasonName": "globalInteractionReason"}]}, "venue": {"id": "4d0092c6202e224b2347b42a", "name": "Go Gay Dry Cleaning", "location": {"lat": 51.474800356550084, "lng": -0.1919383628129596, "labeledLatLngs": [{"label": "display", "lat": 51.474800356550084, "lng": -0.1919383628129596}], "distance": 378, "cc": "GB", "country": "United Kingdom", "formattedAddress": ["United Kingdom"]}, "categories": [{"id": "52f2ab2ebcbc57f1066b8b1d", "name": "Dry Cleaner", "pluralName": "Dry Cleaners", "shortName": "Dry Cleaner", "icon": {"prefix": "https://ss3.4sqi.net/img/categories_v2/shops/drycleaner_", "suffix": ".png"}, "primary": true}], "photos": {"count": 0, "groups": []}}, "referralId": "e-0-4d0092c6202e224b2347b42a-11"}, {"reasons": {"count": 0, "items": [{"summary": "This spot is popular", "type": "general", "reasonName": "globalInteractionReason"}]}, "venue": {"id": "4b22ab6cf964a5206d4b24e3", "name": "Fullham Broadway Mall", "location": {"address": "Fullham road", "lat": 51.48085320603165, "lng": -0.19013537509474723, "labeledLatLngs": [{"label": "display", "lat": 51.48085320603165, "lng": -0.19013537509474723}], "distance": 386, "cc": "GB", "city": "London", "state": "Greater London", "country": "United Kingdom", "formattedAddress": ["Fullham road", "London", "Greater London", "United Kingdom"]}, "categories": [{"id": "4bf58dd8d48988d1fd941735", "name": "Shopping Mall", "pluralName": "Shopping Malls", "shortName": "Mall", "icon": {"prefix": "https://ss3.4sqi.net/img/categories_v2/shops/mall_", "suffix": ".png"}, "primary": true}], "photos": {"count": 0, "groups": []}}, "referralId": "e-0-4b22ab6cf964a5206d4b24e3-12"}]}]}}