{"meta": {"code": 200, "requestId": "5fedd9f9e763db0b99a6a914"}, "response": {"headerLocation": "Golders Green", "headerFullLocation": "Golders Green, London", "headerLocationGranularity": "neighborhood", "query": "travel", "totalResults": 6, "suggestedBounds": {"ne": {"lat": 51.57696000360001, "lng": -0.194178484233531}, "sw": {"lat": 51.569759996399995, "lng": -0.20574151576646899}}, "groups": [{"type": "Recommended Places", "name": "recommended", "items": [{"reasons": {"count": 0, "items": [{"summary": "This spot is popular", "type": "general", "reasonName": "globalInteractionReason"}]}, "venue": {"id": "4c4c17319e6dbe9af69bf80c", "name": "Bus Stop (Hoop Lane)", "location": {"lat": 51.57309751451401, "lng": -0.19576805357191412, "labeledLatLngs": [{"label": "display", "lat": 51.57309751451401, "lng": -0.19576805357191412}], "distance": 291, "cc": "GB", "country": "United Kingdom", "formattedAddress": ["United Kingdom"]}, "categories": [{"id": "52f2ab2ebcbc57f1066b8b4f", "name": "Bus Stop", "pluralName": "Bus Stops", "shortName": "Bus Stop", "icon": {"prefix": "https://ss3.4sqi.net/img/categories_v2/travel/busstation_", "suffix": ".png"}, "primary": true}], "photos": {"count": 0, "groups": []}}, "referralId": "e-0-4c4c17319e6dbe9af69bf80c-0"}, {"reasons": {"count": 0, "items": [{"summary": "This spot is popular", "type": "general", "reasonName": "globalInteractionReason"}]}, "venue": {"id": "52e461ce11d2f131f1988a29", "name": "Bus Stop GU (Golders Green Station)", "location": {"address": "Finchley Road", "crossStreet": "Golders Green", "lat": 51.572648731817324, "lng": -0.19579052925109863, "labeledLatLngs": [{"label": "display", "lat": 51.572648731817324, "lng": -0.19579052925109863}], "distance": 299, "cc": "GB", "city": "London", "state": "Greater London", "country": "United Kingdom", "formattedAddress": ["Finchley Road (Golders Green)", "London", "Greater London", "United Kingdom"]}, "categories": [{"id": "52f2ab2ebcbc57f1066b8b4f", "name": "Bus Stop", "pluralName": "Bus Stops", "shortName": "Bus Stop", "icon": {"prefix": "https://ss3.4sqi.net/img/categories_v2/travel/busstation_", "suffix": ".png"}, "primary": true}], "photos": {"count": 0, "groups": []}}, "referralId": "e-0-52e461ce11d2f131f1988a29-1"}, {"reasons": {"count": 0, "items": [{"summary": "This spot is popular", "type": "general", "reasonName": "globalInteractionReason"}]}, "venue": {"id": "4cff1b536923721e8bdfbd3b", "name": "Bus Stop GW (Golders Green/Finchley Rd)", "location": {"address": "Finchley Road", "crossStreet": "Golders Green", "lat": 51.572061925925986, "lng": -0.19544720649719238, "labeledLatLngs": [{"label": "display", "lat": 51.572061925925986, "lng": -0.19544720649719238}], "distance": 344, "cc": "GB", "city": "London", "state": "Greater London", "country": "United Kingdom", "formattedAddress": ["Finchley Road (Golders Green)", "London", "Greater London", "United Kingdom"]}, "categories": [{"id": "52f2ab2ebcbc57f1066b8b4f", "name": "Bus Stop", "pluralName": "Bus Stops", "shortName": "Bus Stop", "icon": {"prefix": "https://ss3.4sqi.net/img/categories_v2/travel/busstation_", "suffix": ".png"}, "primary": true}], "photos": {"count": 0, "groups": []}}, "referralId": "e-0-4cff1b536923721e8bdfbd3b-2"}, {"reasons": {"count": 0, "items": [{"summary": "This spot is popular", "type": "general", "reasonName": "globalInteractionReason"}]}, "venue": {"id": "5d2c627be97aae002d2182fc", "name": "King Solomon Hotel", "location": {"address": "155 -163 Golders Green road", "lat": 51.57541595295984, "lng": -0.2038586139678955, "labeledLatLngs": [{"label": "display", "lat": 51.57541595295984, "lng": -0.2038586139678955}], "distance": 353, "postalCode": "NW11 9BX", "cc": "GB", "city": "London", "country": "United Kingdom", "formattedAddress": ["155 -163 Golders Green road", "London", "NW11 9BX", "United Kingdom"]}, "categories": [{"id": "4bf58dd8d48988d1fa931735", "name": "Hotel", "pluralName": "Hotels", "shortName": "Hotel", "icon": {"prefix": "https://ss3.4sqi.net/img/categories_v2/travel/hotel_", "suffix": ".png"}, "primary": true}], "photos": {"count": 0, "groups": []}, "venuePage": {"id": "551719381"}}, "referralId": "e-0-5d2c627be97aae002d2182fc-3"}, {"reasons": {"count": 0, "items": [{"summary": "This spot is popular", "type": "general", "reasonName": "globalInteractionReason"}]}, "venue": {"id": "4dba297d93a080554830c63a", "name": "National Express Coach Stop GE - Golders Green", "location": {"address": "Finchley Road", "lat": 51.571891201454925, "lng": -0.19472118424800605, "labeledLatLngs": [{"label": "display", "lat": 51.571891201454925, "lng": -0.19472118424800605}], "distance": 397, "cc": "GB", "city": "London", "state": "Greater London", "country": "United Kingdom", "formattedAddress": ["Finchley Road", "London", "Greater London", "United Kingdom"]}, "categories": [{"id": "52f2ab2ebcbc57f1066b8b4f", "name": "Bus Stop", "pluralName": "Bus Stops", "shortName": "Bus Stop", "icon": {"prefix": "https://ss3.4sqi.net/img/categories_v2/travel/busstation_", "suffix": ".png"}, "primary": true}], "photos": {"count": 0, "groups": []}}, "referralId": "e-0-4dba297d93a080554830c63a-4"}, {"reasons": {"count": 0, "items": [{"summary": "This spot is popular", "type": "general", "reasonName": "globalInteractionReason"}]}, "venue": {"id": "4bcf66d70ffdce725f6fb2c0", "name": "King Solomon Hotel", "location": {"address": "155 Golders Green Road", "lat": 51.57518670846806, "lng": -0.20385309966010748, "labeledLatLngs": [{"label": "display", "lat": 51.57518670846806, "lng": -0.20385309966010748}], "distance": 337, "postalCode": "NW11 9BX", "cc": "GB", "city": "London", "state": "Greater London", "country": "United Kingdom", "formattedAddress": ["155 Golders Green Road", "London", "Greater London", "NW11 9BX", "United Kingdom"]}, "categories": [{"id": "4bf58dd8d48988d1fa931735", "name": "Hotel", "pluralName": "Hotels", "shortName": "Hotel", "icon": {"prefix": "https://ss3.4sqi.net/img/categories_v2/travel/hotel_", "suffix": ".png"}, "primary": true}], "photos": {"count": 0, "groups": []}, "venuePage": {"id": "163048376"}}, "referralId": "e-0-4bcf66d70ffdce725f6fb2c0-5"}]}]}}