{"meta": {"code": 200, "requestId": "5fedd9a491aecb7c6e13ed58"}, "response": {"suggestedFilters": {"header": "Tap to show:", "filters": [{"name": "Open now", "key": "openNow"}]}, "headerLocation": "Hoxton", "headerFullLocation": "Hoxton, London", "headerLocationGranularity": "neighborhood", "query": "food", "totalResults": 36, "suggestedBounds": {"ne": {"lat": 51.534451003600005, "lng": -0.07691188434566434}, "sw": {"lat": 51.52725099639999, "lng": -0.08846411565433565}}, "groups": [{"type": "Recommended Places", "name": "recommended", "items": [{"reasons": {"count": 0, "items": [{"summary": "This spot is popular", "type": "general", "reasonName": "globalInteractionReason"}]}, "venue": {"id": "54ca4b13498e65e160dcb930", "name": "Friends of Ours", "location": {"address": "61 Pitfield St", "lat": 51.52916, "lng": -0.083724, "labeledLatLngs": [{"label": "display", "lat": 51.52916, "lng": -0.083724}], "distance": 201, "postalCode": "N1 6BU", "cc": "GB", "neighborhood": "Hackney Borough", "city": "Hoxton", "state": "Greater London", "country": "United Kingdom", "formattedAddress": ["61 Pitfield St", "Hoxton", "Greater London", "N1 6BU", "United Kingdom"]}, "categories": [{"id": "4bf58dd8d48988d16d941735", "name": "Caf\u00e9", "pluralName": "Caf\u00e9s", "shortName": "Caf\u00e9", "icon": {"prefix": "https://ss3.4sqi.net/img/categories_v2/food/cafe_", "suffix": ".png"}, "primary": true}], "photos": {"count": 0, "groups": []}, "venuePage": {"id": "116188304"}}, "referralId": "e-0-54ca4b13498e65e160dcb930-0"}, {"reasons": {"count": 0, "items": [{"summary": "This spot is popular", "type": "general", "reasonName": "globalInteractionReason"}]}, "venue": {"id": "4fd1f87fe4b0d4fb74179aee", "name": "Curious Yellow Kaf\u00e9", "location": {"address": "77 Pitfield St", "lat": 51.52970348105762, "lng": -0.08342706466017226, "labeledLatLngs": [{"label": "display", "lat": 51.52970348105762, "lng": -0.08342706466017226}], "distance": 137, "postalCode": "N1 6BT", "cc": "GB", "neighborhood": "Hoxton", "city": "London", "state": "Greater London", "country": "United Kingdom", "formattedAddress": ["77 Pitfield St", "London", "Greater London", "N1 6BT", "United Kingdom"]}, "categories": [{"id": "4bf58dd8d48988d1c6941735", "name": "Scandinavian Restaurant", "pluralName": "Scandinavian Restaurants", "shortName": "Scandinavian", "icon": {"prefix": "https://ss3.4sqi.net/img/categories_v2/food/scandinavian_", "suffix": ".png"}, "primary": true}], "photos": {"count": 0, "groups": []}}, "referralId": "e-0-4fd1f87fe4b0d4fb74179aee-1"}, {"reasons": {"count": 0, "items": [{"summary": "This spot is popular", "type": "general", "reasonName": "globalInteractionReason"}]}, "venue": {"id": "5cc493b62aff3100391156b3", "name": "Rapsa", "location": {"lat": 51.530989, "lng": -0.080161, "labeledLatLngs": [{"label": "display", "lat": 51.530989, "lng": -0.080161}], "distance": 175, "postalCode": "N1 6SG", "cc": "GB", "city": "London", "state": "Greater London", "country": "United Kingdom", "formattedAddress": ["London", "Greater London", "N1 6SG", "United Kingdom"]}, "categories": [{"id": "4eb1bd1c3b7b55596b4a748f", "name": "Filipino Restaurant", "pluralName": "Filipino Restaurants", "shortName": "Filipino", "icon": {"prefix": "https://ss3.4sqi.net/img/categories_v2/food/filipino_", "suffix": ".png"}, "primary": true}], "photos": {"count": 0, "groups": []}}, "referralId": "e-0-5cc493b62aff3100391156b3-2"}, {"reasons": {"count": 0, "items": [{"summary": "This spot is popular", "type": "general", "reasonName": "globalInteractionReason"}]}, "venue": {"id": "56f2976f498e7e4f34cd8fd2", "name": "De M\u00eazka", "location": {"address": "57 Pitfield St", "lat": 51.528969, "lng": -0.083794, "labeledLatLngs": [{"label": "display", "lat": 51.528969, "lng": -0.083794}], "distance": 223, "postalCode": "N1 6BU", "cc": "GB", "city": "London", "state": "Greater London", "country": "United Kingdom", "formattedAddress": ["57 Pitfield St", "London", "Greater London", "N1 6BU", "United Kingdom"]}, "categories": [{"id": "4bf58dd8d48988d1c0941735", "name": "Mediterranean Restaurant", "pluralName": "Mediterranean Restaurants", "shortName": "Mediterranean", "icon": {"prefix": "https://ss3.4sqi.net/img/categories_v2/food/mediterranean_", "suffix": ".png"}, "primary": true}], "photos": {"count": 0, "groups": []}}, "referralId": "e-0-56f2976f498e7e4f34cd8fd2-3"}, {"reasons": {"count": 0, "items": [{"summary": "This spot is popular", "type": "general", "reasonName": "globalInteractionReason"}]}, "venue": {"id": "54086528498e4f691ec091b3", "name": "BunBunBun Vietnamese Food", "location": {"address": "134B Kingsland Rd", "lat": 51.53093012782418, "lng": -0.07708444328536329, "labeledLatLngs": [{"label": "display", "lat": 51.53093012782418, "lng": -0.07708444328536329}], "distance": 388, "postalCode": "E2 8DY", "cc": "GB", "city": "London", "state": "Greater London", "country": "United Kingdom", "formattedAddress": ["134B Kingsland Rd", "London", "Greater London", "E2 8DY", "United Kingdom"]}, "categories": [{"id": "4bf58dd8d48988d14a941735", "name": "Vietnamese Restaurant", "pluralName": "Vietnamese Restaurants", "shortName": "Vietnamese", "icon": {"prefix": "https://ss3.4sqi.net/img/categories_v2/food/vietnamese_", "suffix": ".png"}, "primary": true}], "photos": {"count": 0, "groups": []}, "venuePage": {"id": "96617935"}}, "referralId": "e-0-54086528498e4f691ec091b3-4"}, {"reasons": {"count": 0, "items": [{"summary": "This spot is popular", "type": "general", "reasonName": "globalInteractionReason"}]}, "venue": {"id": "4df4c4a46284fefe8fc6c7c1", "name": "The Ginger Pig Caf\u00e9", "location": {"address": "231 Hoxton St", "lat": 51.533345993039724, "lng": -0.0801439875193382, "labeledLatLngs": [{"label": "display", "lat": 51.533345993039724, "lng": -0.0801439875193382}], "distance": 328, "postalCode": "N1 5LG", "cc": "GB", "city": "Hackney", "state": "Greater London", "country": "United Kingdom", "formattedAddress": ["231 Hoxton St", "Hackney", "Greater London", "N1 5LG", "United Kingdom"]}, "categories": [{"id": "4bf58dd8d48988d147941735", "name": "Diner", "pluralName": "Diners", "shortName": "Diner", "icon": {"prefix": "https://ss3.4sqi.net/img/categories_v2/food/diner_", "suffix": ".png"}, "primary": true}], "photos": {"count": 0, "groups": []}, "venuePage": {"id": "68852630"}}, "referralId": "e-0-4df4c4a46284fefe8fc6c7c1-5"}, {"reasons": {"count": 0, "items": [{"summary": "This spot is popular", "type": "general", "reasonName": "globalInteractionReason"}]}, "venue": {"id": "5012e23ce4b0abd8750bd865", "name": "Crispy Cod Fish & Chips", "location": {"address": "167 Hoxton St", "lat": 51.531496, "lng": -0.080142, "labeledLatLngs": [{"label": "display", "lat": 51.531496, "lng": -0.080142}], "distance": 190, "postalCode": "N1 6JP", "cc": "GB", "city": "London", "state": "Greater London", "country": "United Kingdom", "formattedAddress": ["167 Hoxton St", "London", "Greater London", "N1 6JP", "United Kingdom"]}, "categories": [{"id": "4edd64a0c7ddd24ca188df1a", "name": "Fish & Chips Shop", "pluralName": "Fish & Chips Shops", "shortName": "Fish & Chips", "icon": {"prefix": "https://ss3.4sqi.net/img/categories_v2/food/fishandchips_", "suffix": ".png"}, "primary": true}], "photos": {"count": 0, "groups": []}, "venuePage": {"id": "60003797"}}, "referralId": "e-0-5012e23ce4b0abd8750bd865-6"}, {"reasons": {"count": 0, "items": [{"summary": "This spot is popular", "type": "general", "reasonName": "globalInteractionReason"}]}, "venue": {"id": "5747443d498e298f69724f43", "name": "Petit Pois", "location": {"address": "9 Hoxton Sq", "lat": 51.52774923857484, "lng": -0.08136203090673678, "labeledLatLngs": [{"label": "display", "lat": 51.52774923857484, "lng": -0.08136203090673678}], "distance": 357, "postalCode": "N1 6NU", "cc": "GB", "neighborhood": "Hackney", "country": "United Kingdom", "formattedAddress": ["9 Hoxton Sq", "N1 6NU", "United Kingdom"]}, "categories": [{"id": "52e81612bcbc57f1066b79f1", "name": "Bistro", "pluralName": "Bistros", "shortName": "Bistro", "icon": {"prefix": "https://ss3.4sqi.net/img/categories_v2/food/default_", "suffix": ".png"}, "primary": true}], "photos": {"count": 0, "groups": []}}, "referralId": "e-0-5747443d498e298f69724f43-7"}, {"reasons": {"count": 0, "items": [{"summary": "This spot is popular", "type": "general", "reasonName": "globalInteractionReason"}]}, "venue": {"id": "50c35e21e4b08c3b59223478", "name": "MEAT Mission", "location": {"address": "14-15 Hoxton Market", "lat": 51.52725369399527, "lng": -0.08258264589329778, "labeledLatLngs": [{"label": "display", "lat": 51.52725369399527, "lng": -0.08258264589329778}], "distance": 400, "postalCode": "N1 6HG", "cc": "GB", "city": "Hoxton", "state": "Greater London", "country": "United Kingdom", "formattedAddress": ["14-15 Hoxton Market", "Hoxton", "Greater London", "N1 6HG", "United Kingdom"]}, "categories": [{"id": "4bf58dd8d48988d16c941735", "name": "Burger Joint", "pluralName": "Burger Joints", "shortName": "Burgers", "icon": {"prefix": "https://ss3.4sqi.net/img/categories_v2/food/burger_", "suffix": ".png"}, "primary": true}], "photos": {"count": 0, "groups": []}}, "referralId": "e-0-50c35e21e4b08c3b59223478-8"}, {"reasons": {"count": 0, "items": [{"summary": "This spot is popular", "type": "general", "reasonName": "globalInteractionReason"}]}, "venue": {"id": "4acf3132f964a520aed220e3", "name": "S\u00f4ng Qu\u00ea", "location": {"address": "134 Kingsland Rd", "crossStreet": "Falkirk St", "lat": 51.53069111901953, "lng": -0.07708650216838302, "labeledLatLngs": [{"label": "display", "lat": 51.53069111901953, "lng": -0.07708650216838302}], "distance": 388, "postalCode": "E2 8DY", "cc": "GB", "neighborhood": "Hoxton, London, Greater London", "city": "Hoxton", "state": "Greater London", "country": "United Kingdom", "formattedAddress": ["134 Kingsland Rd (Falkirk St)", "Hoxton", "Greater London", "E2 8DY", "United Kingdom"]}, "categories": [{"id": "4bf58dd8d48988d14a941735", "name": "Vietnamese Restaurant", "pluralName": "Vietnamese Restaurants", "shortName": "Vietnamese", "icon": {"prefix": "https://ss3.4sqi.net/img/categories_v2/food/vietnamese_", "suffix": ".png"}, "primary": true}], "photos": {"count": 0, "groups": []}}, "referralId": "e-0-4acf3132f964a520aed220e3-9"}, {"reasons": {"count": 0, "items": [{"summary": "This spot is popular", "type": "general", "reasonName": "globalInteractionReason"}]}, "venue": {"id": "52e01f72498ec75d48300391", "name": "Green Papaya", "location": {"address": "97 Kingsland Road", "lat": 51.5305599001313, "lng": -0.0772069554136478, "labeledLatLngs": [{"label": "display", "lat": 51.5305599001313, "lng": -0.0772069554136478}], "distance": 380, "postalCode": "E2 8AG", "cc": "GB", "city": "Hoxton", "state": "Greater London", "country": "United Kingdom", "formattedAddress": ["97 Kingsland Road", "Hoxton", "Greater London", "E2 8AG", "United Kingdom"]}, "categories": [{"id": "4bf58dd8d48988d14a941735", "name": "Vietnamese Restaurant", "pluralName": "Vietnamese Restaurants", "shortName": "Vietnamese", "icon": {"prefix": "https://ss3.4sqi.net/img/categories_v2/food/vietnamese_", "suffix": ".png"}, "primary": true}], "photos": {"count": 0, "groups": []}}, "referralId": "e-0-52e01f72498ec75d48300391-10"}, {"reasons": {"count": 0, "items": [{"summary": "This spot is popular", "type": "general", "reasonName": "globalInteractionReason"}]}, "venue": {"id": "59a9c3efc824ae769267c264", "name": "Cub", "location": {"address": "153-155 Hoxton St", "lat": 51.531147, "lng": -0.08073583, "labeledLatLngs": [{"label": "display", "lat": 51.531147, "lng": -0.08073583}], "distance": 139, "postalCode": "N1 6PH", "cc": "GB", "city": "London", "state": "Greater London", "country": "United Kingdom", "formattedAddress": ["153-155 Hoxton St", "London", "Greater London", "N1 6PH", "United Kingdom"]}, "categories": [{"id": "4bf58dd8d48988d1c4941735", "name": "Restaurant", "pluralName": "Restaurants", "shortName": "Restaurant", "icon": {"prefix": "https://ss3.4sqi.net/img/categories_v2/food/default_", "suffix": ".png"}, "primary": true}], "photos": {"count": 0, "groups": []}}, "referralId": "e-0-59a9c3efc824ae769267c264-11"}, {"reasons": {"count": 0, "items": [{"summary": "This spot is popular", "type": "general", "reasonName": "globalInteractionReason"}]}, "venue": {"id": "4ac518dcf964a5204ba920e3", "name": "Hanoi Caf\u00e9", "location": {"address": "98 Kingsland Road", "lat": 51.529923474618066, "lng": -0.07737396786626731, "labeledLatLngs": [{"label": "display", "lat": 51.529923474618066, "lng": -0.07737396786626731}], "distance": 382, "postalCode": "E2 8DP", "cc": "GB", "city": "London", "state": "Greater London", "country": "United Kingdom", "formattedAddress": ["98 Kingsland Road", "London", "Greater London", "E2 8DP", "United Kingdom"]}, "categories": [{"id": "4bf58dd8d48988d14a941735", "name": "Vietnamese Restaurant", "pluralName": "Vietnamese Restaurants", "shortName": "Vietnamese", "icon": {"prefix": "https://ss3.4sqi.net/img/categories_v2/food/vietnamese_", "suffix": ".png"}, "primary": true}], "photos": {"count": 0, "groups": []}, "venuePage": {"id": "139216100"}}, "referralId": "e-0-4ac518dcf964a5204ba920e3-12"}, {"reasons": {"count": 0, "items": [{"summary": "This spot is popular", "type": "general", "reasonName": "globalInteractionReason"}]}, "venue": {"id": "5ae1bcb2b8fd9d002ce9867d", "name": "Cocotte", "location": {"address": "8 Hoxton Square", "lat": 51.527798, "lng": -0.081583, "labeledLatLngs": [{"label": "display", "lat": 51.527798, "lng": -0.081583}], "distance": 348, "postalCode": "N1", "cc": "GB", "city": "London", "state": "Greater London", "country": "United Kingdom", "formattedAddress": ["8 Hoxton Square", "London", "Greater London", "N1", "United Kingdom"]}, "categories": [{"id": "4bf58dd8d48988d10c941735", "name": "French Restaurant", "pluralName": "French Restaurants", "shortName": "French", "icon": {"prefix": "https://ss3.4sqi.net/img/categories_v2/food/french_", "suffix": ".png"}, "primary": true}], "photos": {"count": 0, "groups": []}}, "referralId": "e-0-5ae1bcb2b8fd9d002ce9867d-13"}, {"reasons": {"count": 0, "items": [{"summary": "This spot is popular", "type": "general", "reasonName": "globalInteractionReason"}]}, "venue": {"id": "4ad20e3ef964a52015df20e3", "name": "Viet Grill", "location": {"address": "58 Kingsland Rd", "lat": 51.52912712195311, "lng": -0.0777401487671565, "labeledLatLngs": [{"label": "display", "lat": 51.52912712195311, "lng": -0.0777401487671565}], "distance": 392, "postalCode": "E2 8DP", "cc": "GB", "city": "London", "state": "Greater London", "country": "United Kingdom", "formattedAddress": ["58 Kingsland Rd", "London", "Greater London", "E2 8DP", "United Kingdom"]}, "categories": [{"id": "4bf58dd8d48988d14a941735", "name": "Vietnamese Restaurant", "pluralName": "Vietnamese Restaurants", "shortName": "Vietnamese", "icon": {"prefix": "https://ss3.4sqi.net/img/categories_v2/food/vietnamese_", "suffix": ".png"}, "primary": true}], "photos": {"count": 0, "groups": []}, "venuePage": {"id": "47725119"}}, "referralId": "e-0-4ad20e3ef964a52015df20e3-14"}, {"reasons": {"count": 0, "items": [{"summary": "This spot is popular", "type": "general", "reasonName": "globalInteractionReason"}]}, "venue": {"id": "58a5a674e786b24bb904a817", "name": "The Bach", "location": {"address": "98 Hoxton St", "lat": 51.53096417358103, "lng": -0.08011009351540287, "labeledLatLngs": [{"label": "display", "lat": 51.53096417358103, "lng": -0.08011009351540287}], "distance": 178, "postalCode": "N1 6SG", "cc": "GB", "neighborhood": "Arden Estate", "city": "London", "state": "Greater London", "country": "United Kingdom", "formattedAddress": ["98 Hoxton St", "London", "Greater London", "N1 6SG", "United Kingdom"]}, "categories": [{"id": "4bf58dd8d48988d143941735", "name": "Breakfast Spot", "pluralName": "Breakfast Spots", "shortName": "Breakfast", "icon": {"prefix": "https://ss3.4sqi.net/img/categories_v2/food/breakfast_", "suffix": ".png"}, "primary": true}], "photos": {"count": 0, "groups": []}}, "referralId": "e-0-58a5a674e786b24bb904a817-15"}, {"reasons": {"count": 0, "items": [{"summary": "This spot is popular", "type": "general", "reasonName": "globalInteractionReason"}]}, "venue": {"id": "4ede25e34901c8be21eeae23", "name": "Pitfield London", "location": {"address": "31-35 Pitfield St", "lat": 51.52731302992747, "lng": -0.08363382410737683, "labeledLatLngs": [{"label": "display", "lat": 51.52731302992747, "lng": -0.08363382410737683}], "distance": 399, "postalCode": "N1 6HB", "cc": "GB", "city": "London", "state": "Greater London", "country": "United Kingdom", "formattedAddress": ["31-35 Pitfield St", "London", "Greater London", "N1 6HB", "United Kingdom"]}, "categories": [{"id": "4bf58dd8d48988d16d941735", "name": "Caf\u00e9", "pluralName": "Caf\u00e9s", "shortName": "Caf\u00e9", "icon": {"prefix": "https://ss3.4sqi.net/img/categories_v2/food/cafe_", "suffix": ".png"}, "primary": true}], "photos": {"count": 0, "groups": []}, "venuePage": {"id": "64264034"}}, "referralId": "e-0-4ede25e34901c8be21eeae23-16"}, {"reasons": {"count": 0, "items": [{"summary": "This spot is popular", "type": "general", "reasonName": "globalInteractionReason"}]}, "venue": {"id": "4b7847b9f964a520c6c12ee3", "name": "Cafe Olive", "location": {"address": "120 Hoxton St", "crossStreet": "Old St", "lat": 51.53143986564255, "lng": -0.08014417593749426, "labeledLatLngs": [{"label": "display", "lat": 51.53143986564255, "lng": -0.08014417593749426}], "distance": 187, "postalCode": "N1 6SH", "cc": "GB", "city": "Shoreditch", "state": "Greater London", "country": "United Kingdom", "formattedAddress": ["120 Hoxton St (Old St)", "Shoreditch", "Greater London", "N1 6SH", "United Kingdom"]}, "categories": [{"id": "4bf58dd8d48988d1ca941735", "name": "Pizza Place", "pluralName": "Pizza Places", "shortName": "Pizza", "icon": {"prefix": "https://ss3.4sqi.net/img/categories_v2/food/pizza_", "suffix": ".png"}, "primary": true}], "photos": {"count": 0, "groups": []}}, "referralId": "e-0-4b7847b9f964a520c6c12ee3-17"}, {"reasons": {"count": 0, "items": [{"summary": "This spot is popular", "type": "general", "reasonName": "globalInteractionReason"}]}, "venue": {"id": "4b79c586f964a520fc102fe3", "name": "Loong Kee Cafe", "location": {"address": "134g Kingsland Rd", "lat": 51.531100270838, "lng": -0.07710958533482162, "labeledLatLngs": [{"label": "display", "lat": 51.531100270838, "lng": -0.07710958533482162}], "distance": 387, "postalCode": "EC2 8DY", "cc": "GB", "city": "Hackney", "state": "Greater London", "country": "United Kingdom", "formattedAddress": ["134g Kingsland Rd", "Hackney", "Greater London", "EC2 8DY", "United Kingdom"]}, "categories": [{"id": "4bf58dd8d48988d14a941735", "name": "Vietnamese Restaurant", "pluralName": "Vietnamese Restaurants", "shortName": "Vietnamese", "icon": {"prefix": "https://ss3.4sqi.net/img/categories_v2/food/vietnamese_", "suffix": ".png"}, "primary": true}], "photos": {"count": 0, "groups": []}}, "referralId": "e-0-4b79c586f964a520fc102fe3-18"}, {"reasons": {"count": 0, "items": [{"summary": "This spot is popular", "type": "general", "reasonName": "globalInteractionReason"}]}, "venue": {"id": "4afabdf6f964a520761822e3", "name": "Mien Tay", "location": {"address": "122 Kingsland Rd", "lat": 51.53044043644521, "lng": -0.0771797386520526, "labeledLatLngs": [{"label": "display", "lat": 51.53044043644521, "lng": -0.0771797386520526}], "distance": 384, "postalCode": "E2 8DP", "cc": "GB", "city": "London", "state": "Greater London", "country": "United Kingdom", "formattedAddress": ["122 Kingsland Rd", "London", "Greater London", "E2 8DP", "United Kingdom"]}, "categories": [{"id": "4bf58dd8d48988d14a941735", "name": "Vietnamese Restaurant", "pluralName": "Vietnamese Restaurants", "shortName": "Vietnamese", "icon": {"prefix": "https://ss3.4sqi.net/img/categories_v2/food/vietnamese_", "suffix": ".png"}, "primary": true}], "photos": {"count": 0, "groups": []}}, "referralId": "e-0-4afabdf6f964a520761822e3-19"}, {"reasons": {"count": 0, "items": [{"summary": "This spot is popular", "type": "general", "reasonName": "globalInteractionReason"}]}, "venue": {"id": "571e5c73cd104795c2c8f81d", "name": "Smokey Tails", "location": {"address": "2-4 Hoxton Square", "lat": 51.52754130069357, "lng": -0.08135935115945372, "labeledLatLngs": [{"label": "display", "lat": 51.52754130069357, "lng": -0.08135935115945372}], "distance": 379, "postalCode": "N1 6NU", "cc": "GB", "city": "London", "state": "Greater London", "country": "United Kingdom", "formattedAddress": ["2-4 Hoxton Square", "London", "Greater London", "N1 6NU", "United Kingdom"]}, "categories": [{"id": "4bf58dd8d48988d1df931735", "name": "BBQ Joint", "pluralName": "BBQ Joints", "shortName": "BBQ", "icon": {"prefix": "https://ss3.4sqi.net/img/categories_v2/food/bbqalt_", "suffix": ".png"}, "primary": true}], "photos": {"count": 0, "groups": []}}, "referralId": "e-0-571e5c73cd104795c2c8f81d-20"}, {"reasons": {"count": 0, "items": [{"summary": "This spot is popular", "type": "general", "reasonName": "globalInteractionReason"}]}, "venue": {"id": "5832bd4c761b1a3f495f1031", "name": "Radio Alice", "location": {"address": "16 Hoxton Square", "lat": 51.528146, "lng": -0.081552, "labeledLatLngs": [{"label": "display", "lat": 51.528146, "lng": -0.081552}], "distance": 311, "postalCode": "N1 6NT", "cc": "GB", "city": "London", "state": "Greater London", "country": "United Kingdom", "formattedAddress": ["16 Hoxton Square", "London", "Greater London", "N1 6NT", "United Kingdom"]}, "categories": [{"id": "4bf58dd8d48988d1ca941735", "name": "Pizza Place", "pluralName": "Pizza Places", "shortName": "Pizza", "icon": {"prefix": "https://ss3.4sqi.net/img/categories_v2/food/pizza_", "suffix": ".png"}, "primary": true}], "photos": {"count": 0, "groups": []}}, "referralId": "e-0-5832bd4c761b1a3f495f1031-21"}, {"reasons": {"count": 0, "items": [{"summary": "This spot is popular", "type": "general", "reasonName": "globalInteractionReason"}]}, "venue": {"id": "5778148d498e1c78ed926721", "name": "Pho House", "location": {"address": "102 Kingsland Road", "lat": 51.530085829835485, "lng": -0.07733296252478102, "labeledLatLngs": [{"label": "display", "lat": 51.530085829835485, "lng": -0.07733296252478102}], "distance": 380, "postalCode": "E2 8DP", "cc": "GB", "city": "London", "state": "Greater London", "country": "United Kingdom", "formattedAddress": ["102 Kingsland Road", "London", "Greater London", "E2 8DP", "United Kingdom"]}, "categories": [{"id": "4bf58dd8d48988d14a941735", "name": "Vietnamese Restaurant", "pluralName": "Vietnamese Restaurants", "shortName": "Vietnamese", "icon": {"prefix": "https://ss3.4sqi.net/img/categories_v2/food/vietnamese_", "suffix": ".png"}, "primary": true}], "photos": {"count": 0, "groups": []}}, "referralId": "e-0-5778148d498e1c78ed926721-22"}, {"reasons": {"count": 0, "items": [{"summary": "This spot is popular", "type": "general", "reasonName": "globalInteractionReason"}]}, "venue": {"id": "4addec49f964a5204e6621e3", "name": "Tay Do Caf\u00e9", "location": {"address": "65 Kingsland Rd", "lat": 51.52975451276621, "lng": -0.07746529011066317, "labeledLatLngs": [{"label": "display", "lat": 51.52975451276621, "lng": -0.07746529011066317}], "distance": 381, "postalCode": "E2 8AG", "cc": "GB", "city": "London", "state": "Greater London", "country": "United Kingdom", "formattedAddress": ["65 Kingsland Rd", "London", "Greater London", "E2 8AG", "United Kingdom"]}, "categories": [{"id": "4bf58dd8d48988d14a941735", "name": "Vietnamese Restaurant", "pluralName": "Vietnamese Restaurants", "shortName": "Vietnamese", "icon": {"prefix": "https://ss3.4sqi.net/img/categories_v2/food/vietnamese_", "suffix": ".png"}, "primary": true}], "photos": {"count": 0, "groups": []}}, "referralId": "e-0-4addec49f964a5204e6621e3-23"}, {"reasons": {"count": 0, "items": [{"summary": "This spot is popular", "type": "general", "reasonName": "globalInteractionReason"}]}, "venue": {"id": "4f1eae18e4b07f86b53a47fb", "name": "The Barrel Boulangerie", "location": {"address": "110-112 Hoxton St", "crossStreet": "Homefield St", "lat": 51.531308740878075, "lng": -0.08015143720730017, "labeledLatLngs": [{"label": "display", "lat": 51.531308740878075, "lng": -0.08015143720730017}], "distance": 182, "postalCode": "N1 6SH", "cc": "GB", "city": "London", "state": "Greater London", "country": "United Kingdom", "formattedAddress": ["110-112 Hoxton St (Homefield St)", "London", "Greater London", "N1 6SH", "United Kingdom"]}, "categories": [{"id": "4bf58dd8d48988d16d941735", "name": "Caf\u00e9", "pluralName": "Caf\u00e9s", "shortName": "Caf\u00e9", "icon": {"prefix": "https://ss3.4sqi.net/img/categories_v2/food/cafe_", "suffix": ".png"}, "primary": true}], "photos": {"count": 0, "groups": []}}, "referralId": "e-0-4f1eae18e4b07f86b53a47fb-24"}, {"reasons": {"count": 0, "items": [{"summary": "This spot is popular", "type": "general", "reasonName": "globalInteractionReason"}]}, "venue": {"id": "4ddbb28e18388dd692371228", "name": "Red Dog Saloon", "location": {"address": "37 Hoxton Sq", "lat": 51.52743162689017, "lng": -0.08088732681097925, "labeledLatLngs": [{"label": "display", "lat": 51.52743162689017, "lng": -0.08088732681097925}], "distance": 400, "postalCode": "N1 6NN", "cc": "GB", "city": "Hoxton", "state": "Greater London", "country": "United Kingdom", "formattedAddress": ["37 Hoxton Sq", "Hoxton", "Greater London", "N1 6NN", "United Kingdom"]}, "categories": [{"id": "4bf58dd8d48988d1df931735", "name": "BBQ Joint", "pluralName": "BBQ Joints", "shortName": "BBQ", "icon": {"prefix": "https://ss3.4sqi.net/img/categories_v2/food/bbqalt_", "suffix": ".png"}, "primary": true}], "photos": {"count": 0, "groups": []}}, "referralId": "e-0-4ddbb28e18388dd692371228-25"}, {"reasons": {"count": 0, "items": [{"summary": "This spot is popular", "type": "general", "reasonName": "globalInteractionReason"}]}, "venue": {"id": "5416ea15498e8ab00d339e2f", "name": "AMPM", "location": {"address": "East Road", "crossStreet": "Bevenden Street", "lat": 51.52959418355622, "lng": -0.08692460045990615, "labeledLatLngs": [{"label": "display", "lat": 51.52959418355622, "lng": -0.08692460045990615}], "distance": 325, "cc": "GB", "city": "London", "state": "Greater London", "country": "United Kingdom", "formattedAddress": ["East Road (Bevenden Street)", "London", "Greater London", "United Kingdom"]}, "categories": [{"id": "4bf58dd8d48988d16d941735", "name": "Caf\u00e9", "pluralName": "Caf\u00e9s", "shortName": "Caf\u00e9", "icon": {"prefix": "https://ss3.4sqi.net/img/categories_v2/food/cafe_", "suffix": ".png"}, "primary": true}], "photos": {"count": 0, "groups": []}}, "referralId": "e-0-5416ea15498e8ab00d339e2f-26"}, {"reasons": {"count": 0, "items": [{"summary": "This spot is popular", "type": "general", "reasonName": "globalInteractionReason"}]}, "venue": {"id": "57dfc6a9498ee91bf0eb45d6", "name": "Tay Do Restaurant", "location": {"address": "60-64 Kingsland Road", "lat": 51.52903109384912, "lng": -0.07775053381919861, "labeledLatLngs": [{"label": "display", "lat": 51.52903109384912, "lng": -0.07775053381919861}], "distance": 397, "postalCode": "E2 8DP", "cc": "GB", "city": "London", "state": "Greater London", "country": "United Kingdom", "formattedAddress": ["60-64 Kingsland Road", "London", "Greater London", "E2 8DP", "United Kingdom"]}, "categories": [{"id": "4bf58dd8d48988d14a941735", "name": "Vietnamese Restaurant", "pluralName": "Vietnamese Restaurants", "shortName": "Vietnamese", "icon": {"prefix": "https://ss3.4sqi.net/img/categories_v2/food/vietnamese_", "suffix": ".png"}, "primary": true}], "photos": {"count": 0, "groups": []}}, "referralId": "e-0-57dfc6a9498ee91bf0eb45d6-27"}, {"reasons": {"count": 0, "items": [{"summary": "This spot is popular", "type": "general", "reasonName": "globalInteractionReason"}]}, "venue": {"id": "4ac518d8f964a5207aa820e3", "name": "Viet Hoa", "location": {"address": "70 Kingsland Rd.", "lat": 51.52936146470902, "lng": -0.07752978662700513, "labeledLatLngs": [{"label": "display", "lat": 51.52936146470902, "lng": -0.07752978662700513}], "distance": 393, "postalCode": "E2 8DP", "cc": "GB", "city": "London", "state": "Greater London", "country": "United Kingdom", "formattedAddress": ["70 Kingsland Rd.", "London", "Greater London", "E2 8DP", "United Kingdom"]}, "categories": [{"id": "4bf58dd8d48988d14a941735", "name": "Vietnamese Restaurant", "pluralName": "Vietnamese Restaurants", "shortName": "Vietnamese", "icon": {"prefix": "https://ss3.4sqi.net/img/categories_v2/food/vietnamese_", "suffix": ".png"}, "primary": true}], "photos": {"count": 0, "groups": []}}, "referralId": "e-0-4ac518d8f964a5207aa820e3-28"}, {"reasons": {"count": 0, "items": [{"summary": "This spot is popular", "type": "general", "reasonName": "globalInteractionReason"}]}, "venue": {"id": "4c347783ed37a59367df6e03", "name": "Open Kitchen", "location": {"address": "40 Hoxton Street", "crossStreet": "Hoxton", "lat": 51.52907699298208, "lng": -0.07987267819297897, "labeledLatLngs": [{"label": "display", "lat": 51.52907699298208, "lng": -0.07987267819297897}], "distance": 277, "postalCode": "N1 6LR", "cc": "GB", "city": "Hackney", "state": "Greater London", "country": "United Kingdom", "formattedAddress": ["40 Hoxton Street (Hoxton)", "Hackney", "Greater London", "N1 6LR", "United Kingdom"]}, "categories": [{"id": "4bf58dd8d48988d155941735", "name": "Gastropub", "pluralName": "Gastropubs", "shortName": "Gastropub", "icon": {"prefix": "https://ss3.4sqi.net/img/categories_v2/food/gastropub_", "suffix": ".png"}, "primary": true}], "photos": {"count": 0, "groups": []}}, "referralId": "e-0-4c347783ed37a59367df6e03-29"}, {"reasons": {"count": 0, "items": [{"summary": "This spot is popular", "type": "general", "reasonName": "globalInteractionReason"}]}, "venue": {"id": "599d7617a22db7472663888a", "name": "Fennec & Parsley", "location": {"address": "108 Hoxton Street", "lat": 51.531246, "lng": -0.08010283, "labeledLatLngs": [{"label": "display", "lat": 51.531246, "lng": -0.08010283}], "distance": 184, "postalCode": "N1 6SH", "cc": "GB", "city": "London", "state": "Greater London", "country": "United Kingdom", "formattedAddress": ["108 Hoxton Street", "London", "Greater London", "N1 6SH", "United Kingdom"]}, "categories": [{"id": "4bf58dd8d48988d10b941735", "name": "Falafel Restaurant", "pluralName": "Falafel Restaurants", "shortName": "Falafel", "icon": {"prefix": "https://ss3.4sqi.net/img/categories_v2/food/falafel_", "suffix": ".png"}, "primary": true}], "photos": {"count": 0, "groups": []}}, "referralId": "e-0-599d7617a22db7472663888a-30"}, {"reasons": {"count": 0, "items": [{"summary": "This spot is popular", "type": "general", "reasonName": "globalInteractionReason"}]}, "venue": {"id": "511f77e6e4b0b8dae535f255", "name": "Shades", "location": {"address": "Hoxton Street", "lat": 51.53105196445972, "lng": -0.08017553517306922, "labeledLatLngs": [{"label": "display", "lat": 51.53105196445972, "lng": -0.08017553517306922}], "distance": 175, "cc": "GB", "city": "London", "state": "Greater London", "country": "United Kingdom", "formattedAddress": ["Hoxton Street", "London", "Greater London", "United Kingdom"]}, "categories": [{"id": "4bf58dd8d48988d1cb941735", "name": "Food Truck", "pluralName": "Food Trucks", "shortName": "Food Truck", "icon": {"prefix": "https://ss3.4sqi.net/img/categories_v2/food/streetfood_", "suffix": ".png"}, "primary": true}], "photos": {"count": 0, "groups": []}}, "referralId": "e-0-511f77e6e4b0b8dae535f255-31"}, {"reasons": {"count": 0, "items": [{"summary": "This spot is popular", "type": "general", "reasonName": "globalInteractionReason"}]}, "venue": {"id": "4b7fc0aff964a520403c30e3", "name": "Cafe Hisar", "location": {"address": "179 Hoxton Street", "lat": 51.53191976844942, "lng": -0.08021242741849308, "labeledLatLngs": [{"label": "display", "lat": 51.53191976844942, "lng": -0.08021242741849308}], "distance": 208, "postalCode": "N1 6RA", "cc": "GB", "city": "Shoreditch", "state": "Greater London", "country": "United Kingdom", "formattedAddress": ["179 Hoxton Street", "Shoreditch", "Greater London", "N1 6RA", "United Kingdom"]}, "categories": [{"id": "4bf58dd8d48988d16d941735", "name": "Caf\u00e9", "pluralName": "Caf\u00e9s", "shortName": "Caf\u00e9", "icon": {"prefix": "https://ss3.4sqi.net/img/categories_v2/food/cafe_", "suffix": ".png"}, "primary": true}], "photos": {"count": 0, "groups": []}}, "referralId": "e-0-4b7fc0aff964a520403c30e3-32"}, {"reasons": {"count": 0, "items": [{"summary": "This spot is popular", "type": "general", "reasonName": "globalInteractionReason"}]}, "venue": {"id": "4d278667f7a9224bf71fec9f", "name": "Anh Dao", "location": {"address": "106-106 Kingsland Road", "lat": 51.530149017328455, "lng": -0.07729183288880795, "labeledLatLngs": [{"label": "display", "lat": 51.530149017328455, "lng": -0.07729183288880795}], "distance": 381, "postalCode": "E2 8DP", "cc": "GB", "city": "Hackney", "state": "Greater London", "country": "United Kingdom", "formattedAddress": ["106-106 Kingsland Road", "Hackney", "Greater London", "E2 8DP", "United Kingdom"]}, "categories": [{"id": "4bf58dd8d48988d14a941735", "name": "Vietnamese Restaurant", "pluralName": "Vietnamese Restaurants", "shortName": "Vietnamese", "icon": {"prefix": "https://ss3.4sqi.net/img/categories_v2/food/vietnamese_", "suffix": ".png"}, "primary": true}], "photos": {"count": 0, "groups": []}}, "referralId": "e-0-4d278667f7a9224bf71fec9f-33"}, {"reasons": {"count": 0, "items": [{"summary": "This spot is popular", "type": "general", "reasonName": "globalInteractionReason"}]}, "venue": {"id": "4b521c67f964a520bb6827e3", "name": "Hung Vi\u1ec7t", "location": {"address": "134a Kingsland Road", "crossStreet": "Cremer Street", "lat": 51.530855, "lng": -0.07721252999999999, "labeledLatLngs": [{"label": "display", "lat": 51.530855, "lng": -0.07721252999999999}], "distance": 379, "postalCode": "E2 8DY", "cc": "GB", "city": "London", "state": "Greater London", "country": "United Kingdom", "formattedAddress": ["134a Kingsland Road (Cremer Street)", "London", "Greater London", "E2 8DY", "United Kingdom"]}, "categories": [{"id": "4bf58dd8d48988d14a941735", "name": "Vietnamese Restaurant", "pluralName": "Vietnamese Restaurants", "shortName": "Vietnamese", "icon": {"prefix": "https://ss3.4sqi.net/img/categories_v2/food/vietnamese_", "suffix": ".png"}, "primary": true}], "photos": {"count": 0, "groups": []}}, "referralId": "e-0-4b521c67f964a520bb6827e3-34"}, {"reasons": {"count": 0, "items": [{"summary": "This spot is popular", "type": "general", "reasonName": "globalInteractionReason"}]}, "venue": {"id": "4c35d00f66e40f47f9b2cb8b", "name": "Anjelique", "location": {"address": "255 Hoxton St", "lat": 51.533958119230235, "lng": -0.0802357165483287, "labeledLatLngs": [{"label": "display", "lat": 51.533958119230235, "lng": -0.0802357165483287}], "distance": 385, "postalCode": "N1 5LG", "cc": "GB", "city": "Hackney", "state": "Greater London", "country": "United Kingdom", "formattedAddress": ["255 Hoxton St", "Hackney", "Greater London", "N1 5LG", "United Kingdom"]}, "categories": [{"id": "4bf58dd8d48988d16d941735", "name": "Caf\u00e9", "pluralName": "Caf\u00e9s", "shortName": "Caf\u00e9", "icon": {"prefix": "https://ss3.4sqi.net/img/categories_v2/food/cafe_", "suffix": ".png"}, "primary": true}], "photos": {"count": 0, "groups": []}}, "referralId": "e-0-4c35d00f66e40f47f9b2cb8b-35"}]}]}}