{"meta": {"code": 200, "requestId": "5fedda2fc8e80157c8ecbe37"}, "response": {"warning": {"text": "There aren't a lot of results near you. Try something more general, reset your filters, or expand the search area."}, "headerLocation": "Hoxton", "headerFullLocation": "Hoxton, London", "headerLocationGranularity": "neighborhood", "query": "travel", "totalResults": 3, "suggestedBounds": {"ne": {"lat": 51.53783000360001, "lng": -0.08410945558127371}, "sw": {"lat": 51.530629996399995, "lng": -0.09566254441872628}}, "groups": [{"type": "Recommended Places", "name": "recommended", "items": [{"reasons": {"count": 0, "items": [{"summary": "This spot is popular", "type": "general", "reasonName": "globalInteractionReason"}]}, "venue": {"id": "5ae700ca8194fc002cea5ec2", "name": "HMS Music Ally", "location": {"address": "49-50 Eagle Wharf Rd", "lat": 51.534279, "lng": -0.09294, "labeledLatLngs": [{"label": "display", "lat": 51.534279, "lng": -0.09294}], "distance": 211, "postalCode": "N1", "cc": "GB", "city": "London", "state": "Greater London", "country": "United Kingdom", "formattedAddress": ["49-50 Eagle Wharf Rd", "London", "Greater London", "N1", "United Kingdom"]}, "categories": [{"id": "4bf58dd8d48988d12d951735", "name": "Boat or Ferry", "pluralName": "Boats or Ferries", "shortName": "Boat / Ferry", "icon": {"prefix": "https://ss3.4sqi.net/img/categories_v2/travel/boat_", "suffix": ".png"}, "primary": true}], "photos": {"count": 0, "groups": []}}, "referralId": "e-0-5ae700ca8194fc002cea5ec2-0"}, {"reasons": {"count": 0, "items": [{"summary": "This spot is popular", "type": "general", "reasonName": "globalInteractionReason"}]}, "venue": {"id": "4eb31ec6e5fa7306e7c3e17d", "name": "Bus Stop XQ", "location": {"lat": 51.532556588743006, "lng": -0.08711514736727505, "labeledLatLngs": [{"label": "display", "lat": 51.532556588743006, "lng": -0.08711514736727505}], "distance": 267, "cc": "GB", "city": "Hackney", "state": "Greater London", "country": "United Kingdom", "formattedAddress": ["Hackney", "Greater London", "United Kingdom"]}, "categories": [{"id": "52f2ab2ebcbc57f1066b8b4f", "name": "Bus Stop", "pluralName": "Bus Stops", "shortName": "Bus Stop", "icon": {"prefix": "https://ss3.4sqi.net/img/categories_v2/travel/busstation_", "suffix": ".png"}, "primary": true}], "photos": {"count": 0, "groups": []}}, "referralId": "e-0-4eb31ec6e5fa7306e7c3e17d-1"}, {"reasons": {"count": 0, "items": [{"summary": "This spot is popular", "type": "general", "reasonName": "globalInteractionReason"}]}, "venue": {"id": "4c3b7e7a5810a5934ac2ba3c", "name": "Mintern Street bus stop", "location": {"address": "New North Road", "lat": 51.532288, "lng": -0.086844, "labeledLatLngs": [{"label": "display", "lat": 51.532288, "lng": -0.086844}], "distance": 301, "postalCode": "N 1 6", "cc": "GB", "city": "Hackney", "state": "Greater London", "country": "United Kingdom", "formattedAddress": ["New North Road", "Hackney", "Greater London", "N 1 6", "United Kingdom"]}, "categories": [{"id": "52f2ab2ebcbc57f1066b8b4f", "name": "Bus Stop", "pluralName": "Bus Stops", "shortName": "Bus Stop", "icon": {"prefix": "https://ss3.4sqi.net/img/categories_v2/travel/busstation_", "suffix": ".png"}, "primary": true}], "photos": {"count": 0, "groups": []}}, "referralId": "e-0-4c3b7e7a5810a5934ac2ba3c-2"}]}]}}