{"meta": {"code": 200, "requestId": "5fedda1597e49419a430862e"}, "response": {"suggestedFilters": {"header": "Tap to show:", "filters": [{"name": "Open now", "key": "openNow"}]}, "headerLocation": "Finsbury Park", "headerFullLocation": "Finsbury Park, London", "headerLocationGranularity": "neighborhood", "query": "food", "totalResults": 36, "suggestedBounds": {"ne": {"lat": 51.56868000360001, "lng": -0.10188953712095013}, "sw": {"lat": 51.561479996399996, "lng": -0.11345046287904988}}, "groups": [{"type": "Recommended Places", "name": "recommended", "items": [{"reasons": {"count": 0, "items": [{"summary": "This spot is popular", "type": "general", "reasonName": "globalInteractionReason"}]}, "venue": {"id": "4b104518f964a520be6c23e3", "name": "Dotori", "location": {"address": "3 Stroud Green Rd", "lat": 51.56480186765731, "lng": -0.1050412893136036, "labeledLatLngs": [{"label": "display", "lat": 51.56480186765731, "lng": -0.1050412893136036}], "distance": 184, "postalCode": "N4 2DQ", "cc": "GB", "neighborhood": "Harringay", "city": "London", "state": "Greater London", "country": "United Kingdom", "formattedAddress": ["3 Stroud Green Rd", "London", "Greater London", "N4 2DQ", "United Kingdom"]}, "categories": [{"id": "4bf58dd8d48988d113941735", "name": "Korean Restaurant", "pluralName": "Korean Restaurants", "shortName": "Korean", "icon": {"prefix": "https://ss3.4sqi.net/img/categories_v2/food/korean_", "suffix": ".png"}, "primary": true}], "photos": {"count": 0, "groups": []}}, "referralId": "e-0-4b104518f964a520be6c23e3-0"}, {"reasons": {"count": 0, "items": [{"summary": "This spot is popular", "type": "general", "reasonName": "globalInteractionReason"}]}, "venue": {"id": "5579ea6b498e3a9a06192222", "name": "Pure Cyprus", "location": {"address": "14 Goodwin St", "lat": 51.564226007784185, "lng": -0.10803937911987305, "labeledLatLngs": [{"label": "display", "lat": 51.564226007784185, "lng": -0.10803937911987305}], "distance": 98, "postalCode": "N4 3HQ", "cc": "GB", "city": "London", "state": "Greater London", "country": "United Kingdom", "formattedAddress": ["14 Goodwin St", "London", "Greater London", "N4 3HQ", "United Kingdom"]}, "categories": [{"id": "4bf58dd8d48988d10e941735", "name": "Greek Restaurant", "pluralName": "Greek Restaurants", "shortName": "Greek", "icon": {"prefix": "https://ss3.4sqi.net/img/categories_v2/food/greek_", "suffix": ".png"}, "primary": true}], "photos": {"count": 0, "groups": []}, "venuePage": {"id": "148004529"}}, "referralId": "e-0-5579ea6b498e3a9a06192222-1"}, {"reasons": {"count": 0, "items": [{"summary": "This spot is popular", "type": "general", "reasonName": "globalInteractionReason"}]}, "venue": {"id": "51f01f0c498ecbc1c25a8731", "name": "Osteria Tufo", "location": {"address": "67 Fonthill Road", "crossStreet": "Lennox Rd", "lat": 51.56582103864205, "lng": -0.1101473853343282, "labeledLatLngs": [{"label": "display", "lat": 51.56582103864205, "lng": -0.1101473853343282}], "distance": 190, "postalCode": "N4 3HZ", "cc": "GB", "city": "London", "state": "Greater London", "country": "United Kingdom", "formattedAddress": ["67 Fonthill Road (Lennox Rd)", "London", "Greater London", "N4 3HZ", "United Kingdom"]}, "categories": [{"id": "4bf58dd8d48988d110941735", "name": "Italian Restaurant", "pluralName": "Italian Restaurants", "shortName": "Italian", "icon": {"prefix": "https://ss3.4sqi.net/img/categories_v2/food/italian_", "suffix": ".png"}, "primary": true}], "photos": {"count": 0, "groups": []}}, "referralId": "e-0-51f01f0c498ecbc1c25a8731-2"}, {"reasons": {"count": 0, "items": [{"summary": "This spot is popular", "type": "general", "reasonName": "globalInteractionReason"}]}, "venue": {"id": "554cfe1a498ea735c70cc692", "name": "Pasta Remoli", "location": {"address": "7 Clifton Terrace", "lat": 51.565623935639934, "lng": -0.10812856248843382, "labeledLatLngs": [{"label": "display", "lat": 51.565623935639934, "lng": -0.10812856248843382}], "distance": 68, "postalCode": "N4 3JP", "cc": "GB", "city": "London", "state": "Greater London", "country": "United Kingdom", "formattedAddress": ["7 Clifton Terrace", "London", "Greater London", "N4 3JP", "United Kingdom"]}, "categories": [{"id": "4bf58dd8d48988d110941735", "name": "Italian Restaurant", "pluralName": "Italian Restaurants", "shortName": "Italian", "icon": {"prefix": "https://ss3.4sqi.net/img/categories_v2/food/italian_", "suffix": ".png"}, "primary": true}], "photos": {"count": 0, "groups": []}}, "referralId": "e-0-554cfe1a498ea735c70cc692-3"}, {"reasons": {"count": 0, "items": [{"summary": "This spot is popular", "type": "general", "reasonName": "globalInteractionReason"}]}, "venue": {"id": "5471fd40498eff738d9ab4bc", "name": "My Cottage Cafe", "location": {"address": "10a Clifton Terrace", "lat": 51.56592736482764, "lng": -0.10827925075801796, "labeledLatLngs": [{"label": "display", "lat": 51.56592736482764, "lng": -0.10827925075801796}], "distance": 103, "postalCode": "N4 3JP", "cc": "GB", "city": "London", "country": "United Kingdom", "formattedAddress": ["10a Clifton Terrace", "London", "N4 3JP", "United Kingdom"]}, "categories": [{"id": "4bf58dd8d48988d115941735", "name": "Middle Eastern Restaurant", "pluralName": "Middle Eastern Restaurants", "shortName": "Middle Eastern", "icon": {"prefix": "https://ss3.4sqi.net/img/categories_v2/food/middleeastern_", "suffix": ".png"}, "primary": true}], "photos": {"count": 0, "groups": []}}, "referralId": "e-0-5471fd40498eff738d9ab4bc-4"}, {"reasons": {"count": 0, "items": [{"summary": "This spot is popular", "type": "general", "reasonName": "globalInteractionReason"}]}, "venue": {"id": "558be47d498ea5944a60d03a", "name": "Salvation In Noodles", "location": {"address": "2 Blackstock Rd", "lat": 51.56451203638931, "lng": -0.10407356971632303, "labeledLatLngs": [{"label": "display", "lat": 51.56451203638931, "lng": -0.10407356971632303}], "distance": 256, "postalCode": "N4 2DL", "cc": "GB", "neighborhood": "Islington", "city": "London", "state": "Greater London", "country": "United Kingdom", "formattedAddress": ["2 Blackstock Rd", "London", "Greater London", "N4 2DL", "United Kingdom"]}, "categories": [{"id": "4bf58dd8d48988d1d1941735", "name": "Noodle House", "pluralName": "Noodle Houses", "shortName": "Noodles", "icon": {"prefix": "https://ss3.4sqi.net/img/categories_v2/food/ramen_", "suffix": ".png"}, "primary": true}], "photos": {"count": 0, "groups": []}}, "referralId": "e-0-558be47d498ea5944a60d03a-5"}, {"reasons": {"count": 0, "items": [{"summary": "This spot is popular", "type": "general", "reasonName": "globalInteractionReason"}]}, "venue": {"id": "5927d2f0d1a402558807e6bd", "name": "Pret A Manger", "location": {"address": "Arch 16 Station Place", "lat": 51.5646963, "lng": -0.1057597, "labeledLatLngs": [{"label": "display", "lat": 51.5646963, "lng": -0.1057597}], "distance": 138, "postalCode": "N4 2DQ", "cc": "GB", "city": "London", "state": "Greater London", "country": "United Kingdom", "formattedAddress": ["Arch 16 Station Place", "London", "Greater London", "N4 2DQ", "United Kingdom"]}, "categories": [{"id": "4bf58dd8d48988d1c5941735", "name": "Sandwich Place", "pluralName": "Sandwich Places", "shortName": "Sandwiches", "icon": {"prefix": "https://ss3.4sqi.net/img/categories_v2/food/deli_", "suffix": ".png"}, "primary": true}], "photos": {"count": 0, "groups": []}}, "referralId": "e-0-5927d2f0d1a402558807e6bd-6"}, {"reasons": {"count": 0, "items": [{"summary": "This spot is popular", "type": "general", "reasonName": "globalInteractionReason"}]}, "venue": {"id": "54fa0390498ea02237d9cbf1", "name": "La Fabrica", "location": {"address": "57 Stroud Green", "lat": 51.56768655492695, "lng": -0.10915687777049161, "labeledLatLngs": [{"label": "display", "lat": 51.56768655492695, "lng": -0.10915687777049161}], "distance": 307, "postalCode": "N4 3EF", "cc": "GB", "city": "London", "country": "United Kingdom", "formattedAddress": ["57 Stroud Green", "London", "N4 3EF", "United Kingdom"]}, "categories": [{"id": "4bf58dd8d48988d1db931735", "name": "Tapas Restaurant", "pluralName": "Tapas Restaurants", "shortName": "Tapas", "icon": {"prefix": "https://ss3.4sqi.net/img/categories_v2/food/tapas_", "suffix": ".png"}, "primary": true}], "photos": {"count": 0, "groups": []}}, "referralId": "e-0-54fa0390498ea02237d9cbf1-7"}, {"reasons": {"count": 0, "items": [{"summary": "This spot is popular", "type": "general", "reasonName": "globalInteractionReason"}]}, "venue": {"id": "4cb5f8c055af224b0f80967e", "name": "Season", "location": {"address": "53 Stroud Green Rd", "crossStreet": "Perth Rd", "lat": 51.56791100948031, "lng": -0.10942810340037674, "labeledLatLngs": [{"label": "display", "lat": 51.56791100948031, "lng": -0.10942810340037674}], "distance": 337, "postalCode": "N4 3EF", "cc": "GB", "city": "Finsbury Park", "state": "Greater London", "country": "United Kingdom", "formattedAddress": ["53 Stroud Green Rd (Perth Rd)", "Finsbury Park", "Greater London", "N4 3EF", "United Kingdom"]}, "categories": [{"id": "4bf58dd8d48988d1c4941735", "name": "Restaurant", "pluralName": "Restaurants", "shortName": "Restaurant", "icon": {"prefix": "https://ss3.4sqi.net/img/categories_v2/food/default_", "suffix": ".png"}, "primary": true}], "photos": {"count": 0, "groups": []}}, "referralId": "e-0-4cb5f8c055af224b0f80967e-8"}, {"reasons": {"count": 0, "items": [{"summary": "This spot is popular", "type": "general", "reasonName": "globalInteractionReason"}]}, "venue": {"id": "591c205c0d8a0f42e6d36608", "name": "Salt The Radish", "location": {"address": "45 Blackstock Rd", "lat": 51.56373423477282, "lng": -0.10272335607194925, "labeledLatLngs": [{"label": "display", "lat": 51.56373423477282, "lng": -0.10272335607194925}], "distance": 373, "postalCode": "N4 2JF", "cc": "GB", "neighborhood": "Brownswood", "country": "United Kingdom", "formattedAddress": ["45 Blackstock Rd", "N4 2JF", "United Kingdom"]}, "categories": [{"id": "4bf58dd8d48988d1d3941735", "name": "Vegetarian / Vegan Restaurant", "pluralName": "Vegetarian / Vegan Restaurants", "shortName": "Vegetarian / Vegan", "icon": {"prefix": "https://ss3.4sqi.net/img/categories_v2/food/vegetarian_", "suffix": ".png"}, "primary": true}], "photos": {"count": 0, "groups": []}}, "referralId": "e-0-591c205c0d8a0f42e6d36608-9"}, {"reasons": {"count": 0, "items": [{"summary": "This spot is popular", "type": "general", "reasonName": "globalInteractionReason"}]}, "venue": {"id": "51715e26e4b0bd111b21b244", "name": "Blighty Coffee", "location": {"address": "35-37 Blackstock Road", "crossStreet": "Btwn Rock St & Somerfield Rd", "lat": 51.563903005529845, "lng": -0.1030902925605651, "labeledLatLngs": [{"label": "display", "lat": 51.563903005529845, "lng": -0.1030902925605651}], "distance": 342, "postalCode": "N4 2JF", "cc": "GB", "neighborhood": "Islington", "city": "London", "state": "Greater London", "country": "United Kingdom", "formattedAddress": ["35-37 Blackstock Road (Btwn Rock St & Somerfield Rd)", "London", "Greater London", "N4 2JF", "United Kingdom"]}, "categories": [{"id": "4bf58dd8d48988d16d941735", "name": "Caf\u00e9", "pluralName": "Caf\u00e9s", "shortName": "Caf\u00e9", "icon": {"prefix": "https://ss3.4sqi.net/img/categories_v2/food/cafe_", "suffix": ".png"}, "primary": true}], "photos": {"count": 0, "groups": []}}, "referralId": "e-0-51715e26e4b0bd111b21b244-10"}, {"reasons": {"count": 0, "items": [{"summary": "This spot is popular", "type": "general", "reasonName": "globalInteractionReason"}]}, "venue": {"id": "57589072498edaddf28e7e77", "name": "Yard Sale Pizza", "location": {"address": "54 Blackstock Rd", "lat": 51.56364319533892, "lng": -0.10269290344585834, "labeledLatLngs": [{"label": "display", "lat": 51.56364319533892, "lng": -0.10269290344585834}], "distance": 379, "postalCode": "N4 2DW", "cc": "GB", "city": "London", "state": "Greater London", "country": "United Kingdom", "formattedAddress": ["54 Blackstock Rd", "London", "Greater London", "N4 2DW", "United Kingdom"]}, "categories": [{"id": "4bf58dd8d48988d1ca941735", "name": "Pizza Place", "pluralName": "Pizza Places", "shortName": "Pizza", "icon": {"prefix": "https://ss3.4sqi.net/img/categories_v2/food/pizza_", "suffix": ".png"}, "primary": true}], "photos": {"count": 0, "groups": []}}, "referralId": "e-0-57589072498edaddf28e7e77-11"}, {"reasons": {"count": 0, "items": [{"summary": "This spot is popular", "type": "general", "reasonName": "globalInteractionReason"}]}, "venue": {"id": "5316072d498ec4e7de134813", "name": "E.Mono D\u00f6ner", "location": {"address": "Finsbury Park", "lat": 51.565106, "lng": -0.105383, "labeledLatLngs": [{"label": "display", "lat": 51.565106, "lng": -0.105383}], "distance": 158, "cc": "GB", "city": "London", "state": "Greater London", "country": "United Kingdom", "formattedAddress": ["Finsbury Park", "London", "Greater London", "United Kingdom"]}, "categories": [{"id": "4f04af1f2fb6e1c99f3db0bb", "name": "Turkish Restaurant", "pluralName": "Turkish Restaurants", "shortName": "Turkish", "icon": {"prefix": "https://ss3.4sqi.net/img/categories_v2/food/turkish_", "suffix": ".png"}, "primary": true}], "photos": {"count": 0, "groups": []}}, "referralId": "e-0-5316072d498ec4e7de134813-12"}, {"reasons": {"count": 0, "items": [{"summary": "This spot is popular", "type": "general", "reasonName": "globalInteractionReason"}]}, "venue": {"id": "5315d6ba498e91536a79ee9a", "name": "The Deli at 80", "location": {"address": "80 Stroud Green Rd", "lat": 51.56810935377846, "lng": -0.10975836752105643, "labeledLatLngs": [{"label": "display", "lat": 51.56810935377846, "lng": -0.10975836752105643}], "distance": 366, "postalCode": "N4 3EN", "cc": "GB", "city": "London", "state": "Greater London", "country": "United Kingdom", "formattedAddress": ["80 Stroud Green Rd", "London", "Greater London", "N4 3EN", "United Kingdom"]}, "categories": [{"id": "4bf58dd8d48988d146941735", "name": "Deli / Bodega", "pluralName": "Delis / Bodegas", "shortName": "Deli / Bodega", "icon": {"prefix": "https://ss3.4sqi.net/img/categories_v2/food/deli_", "suffix": ".png"}, "primary": true}], "photos": {"count": 0, "groups": []}}, "referralId": "e-0-5315d6ba498e91536a79ee9a-13"}, {"reasons": {"count": 0, "items": [{"summary": "This spot is popular", "type": "general", "reasonName": "globalInteractionReason"}]}, "venue": {"id": "4cbb2588352ebfb7d5e68df2", "name": "The Happening Bagel Bakery", "location": {"address": "284a Seven Sisters Rd", "crossStreet": "at Blackstock Rd", "lat": 51.564746, "lng": -0.10408, "labeledLatLngs": [{"label": "display", "lat": 51.564746, "lng": -0.10408}], "distance": 251, "postalCode": "N4 2AA", "cc": "GB", "city": "London", "state": "Greater London", "country": "United Kingdom", "formattedAddress": ["284a Seven Sisters Rd (at Blackstock Rd)", "London", "Greater London", "N4 2AA", "United Kingdom"]}, "categories": [{"id": "4bf58dd8d48988d179941735", "name": "Bagel Shop", "pluralName": "Bagel Shops", "shortName": "Bagels", "icon": {"prefix": "https://ss3.4sqi.net/img/categories_v2/food/bagels_", "suffix": ".png"}, "primary": true}], "photos": {"count": 0, "groups": []}}, "referralId": "e-0-4cbb2588352ebfb7d5e68df2-14"}, {"reasons": {"count": 0, "items": [{"summary": "This spot is popular", "type": "general", "reasonName": "globalInteractionReason"}]}, "venue": {"id": "5661f27a498eb2bfacdfba72", "name": "Q&T Vietnamese Kitchen", "location": {"address": "57 Stroud Green Rd", "lat": 51.568006820819384, "lng": -0.10970912319751723, "labeledLatLngs": [{"label": "display", "lat": 51.568006820819384, "lng": -0.10970912319751723}], "distance": 355, "cc": "GB", "city": "London", "state": "Greater London", "country": "United Kingdom", "formattedAddress": ["57 Stroud Green Rd", "London", "Greater London", "United Kingdom"]}, "categories": [{"id": "4bf58dd8d48988d14a941735", "name": "Vietnamese Restaurant", "pluralName": "Vietnamese Restaurants", "shortName": "Vietnamese", "icon": {"prefix": "https://ss3.4sqi.net/img/categories_v2/food/vietnamese_", "suffix": ".png"}, "primary": true}], "photos": {"count": 0, "groups": []}}, "referralId": "e-0-5661f27a498eb2bfacdfba72-15"}, {"reasons": {"count": 0, "items": [{"summary": "This spot is popular", "type": "general", "reasonName": "globalInteractionReason"}]}, "venue": {"id": "5881ff5051d19e062a7016ea", "name": "Greggs", "location": {"address": "255 Seven Sisters Rd", "lat": 51.564377, "lng": -0.10529414, "labeledLatLngs": [{"label": "display", "lat": 51.564377, "lng": -0.10529414}], "distance": 182, "postalCode": "N4 2DD", "cc": "GB", "city": "Finsbury Park", "state": "Greater London", "country": "United Kingdom", "formattedAddress": ["255 Seven Sisters Rd", "Finsbury Park", "Greater London", "N4 2DD", "United Kingdom"]}, "categories": [{"id": "4bf58dd8d48988d16a941735", "name": "Bakery", "pluralName": "Bakeries", "shortName": "Bakery", "icon": {"prefix": "https://ss3.4sqi.net/img/categories_v2/food/bakery_", "suffix": ".png"}, "primary": true}], "photos": {"count": 0, "groups": []}}, "referralId": "e-0-5881ff5051d19e062a7016ea-16"}, {"reasons": {"count": 0, "items": [{"summary": "This spot is popular", "type": "general", "reasonName": "globalInteractionReason"}]}, "venue": {"id": "52e826b2498e49cc2e69d619", "name": "Roosters Piri Piri", "location": {"address": "2-8 Stroud Green Rd", "lat": 51.56490783658264, "lng": -0.10531767896418037, "labeledLatLngs": [{"label": "display", "lat": 51.56490783658264, "lng": -0.10531767896418037}], "distance": 163, "postalCode": "N4 2DF", "cc": "GB", "city": "London", "country": "United Kingdom", "formattedAddress": ["2-8 Stroud Green Rd", "London", "N4 2DF", "United Kingdom"]}, "categories": [{"id": "4bf58dd8d48988d16e941735", "name": "Fast Food Restaurant", "pluralName": "Fast Food Restaurants", "shortName": "Fast Food", "icon": {"prefix": "https://ss3.4sqi.net/img/categories_v2/food/fastfood_", "suffix": ".png"}, "primary": true}], "photos": {"count": 0, "groups": []}}, "referralId": "e-0-52e826b2498e49cc2e69d619-17"}, {"reasons": {"count": 0, "items": [{"summary": "This spot is popular", "type": "general", "reasonName": "globalInteractionReason"}]}, "venue": {"id": "4c0b886da1b32d7ff1219bf0", "name": "Subway", "location": {"address": "282 Seven Sisters Road", "lat": 51.56450228854787, "lng": -0.10462405920816309, "labeledLatLngs": [{"label": "display", "lat": 51.56450228854787, "lng": -0.10462405920816309}], "distance": 220, "postalCode": "N4 2JE", "cc": "GB", "city": "London", "country": "United Kingdom", "formattedAddress": ["282 Seven Sisters Road", "London", "N4 2JE", "United Kingdom"]}, "categories": [{"id": "4bf58dd8d48988d1c5941735", "name": "Sandwich Place", "pluralName": "Sandwich Places", "shortName": "Sandwiches", "icon": {"prefix": "https://ss3.4sqi.net/img/categories_v2/food/deli_", "suffix": ".png"}, "primary": true}], "photos": {"count": 0, "groups": []}}, "referralId": "e-0-4c0b886da1b32d7ff1219bf0-18"}, {"reasons": {"count": 0, "items": [{"summary": "This spot is popular", "type": "general", "reasonName": "globalInteractionReason"}]}, "venue": {"id": "4d6acd9ec147721e854d3af5", "name": "Emparo Pizza", "location": {"address": "1 Stroud Green Road", "lat": 51.56479019877186, "lng": -0.10495805508280326, "labeledLatLngs": [{"label": "display", "lat": 51.56479019877186, "lng": -0.10495805508280326}], "distance": 190, "cc": "GB", "city": "Islington", "state": "Greater London", "country": "United Kingdom", "formattedAddress": ["1 Stroud Green Road", "Islington", "Greater London", "United Kingdom"]}, "categories": [{"id": "4bf58dd8d48988d1ca941735", "name": "Pizza Place", "pluralName": "Pizza Places", "shortName": "Pizza", "icon": {"prefix": "https://ss3.4sqi.net/img/categories_v2/food/pizza_", "suffix": ".png"}, "primary": true}], "photos": {"count": 0, "groups": []}}, "referralId": "e-0-4d6acd9ec147721e854d3af5-19"}, {"reasons": {"count": 0, "items": [{"summary": "This spot is popular", "type": "general", "reasonName": "globalInteractionReason"}]}, "venue": {"id": "4d62f32ee42cb1f76de8ef12", "name": "May Mei Wok", "location": {"address": "26 Stroud Green Road", "lat": 51.566565, "lng": -0.10773231, "labeledLatLngs": [{"label": "display", "lat": 51.566565, "lng": -0.10773231}], "distance": 165, "postalCode": "N4 3EA", "cc": "GB", "city": "Islington", "state": "Greater London", "country": "United Kingdom", "formattedAddress": ["26 Stroud Green Road", "Islington", "Greater London", "N4 3EA", "United Kingdom"]}, "categories": [{"id": "4bf58dd8d48988d145941735", "name": "Chinese Restaurant", "pluralName": "Chinese Restaurants", "shortName": "Chinese", "icon": {"prefix": "https://ss3.4sqi.net/img/categories_v2/food/asian_", "suffix": ".png"}, "primary": true}], "photos": {"count": 0, "groups": []}}, "referralId": "e-0-4d62f32ee42cb1f76de8ef12-20"}, {"reasons": {"count": 0, "items": [{"summary": "This spot is popular", "type": "general", "reasonName": "globalInteractionReason"}]}, "venue": {"id": "4e20f51ac65b2b5e35423ed5", "name": "Eden\u2019s Cottage", "location": {"address": "264 Seven Sisters Road", "lat": 51.564424, "lng": -0.105204, "labeledLatLngs": [{"label": "display", "lat": 51.564424, "lng": -0.105204}], "distance": 185, "postalCode": "N4 2HY", "cc": "GB", "country": "United Kingdom", "formattedAddress": ["264 Seven Sisters Road", "N4 2HY", "United Kingdom"]}, "categories": [{"id": "4bf58dd8d48988d16e941735", "name": "Fast Food Restaurant", "pluralName": "Fast Food Restaurants", "shortName": "Fast Food", "icon": {"prefix": "https://ss3.4sqi.net/img/categories_v2/food/fastfood_", "suffix": ".png"}, "primary": true}], "photos": {"count": 0, "groups": []}}, "referralId": "e-0-4e20f51ac65b2b5e35423ed5-21"}, {"reasons": {"count": 0, "items": [{"summary": "This spot is popular", "type": "general", "reasonName": "globalInteractionReason"}]}, "venue": {"id": "590f3dd32ebb3413586f1a8b", "name": "The Terrace", "location": {"address": "2-3 Clifton Terrace", "lat": 51.56543, "lng": -0.10795824, "labeledLatLngs": [{"label": "display", "lat": 51.56543, "lng": -0.10795824}], "distance": 43, "postalCode": "N4 3JP", "cc": "GB", "neighborhood": "Finsbury Park", "city": "London", "state": "Greater London", "country": "United Kingdom", "formattedAddress": ["2-3 Clifton Terrace", "London", "Greater London", "N4 3JP", "United Kingdom"]}, "categories": [{"id": "4bf58dd8d48988d1c4941735", "name": "Restaurant", "pluralName": "Restaurants", "shortName": "Restaurant", "icon": {"prefix": "https://ss3.4sqi.net/img/categories_v2/food/default_", "suffix": ".png"}, "primary": true}], "photos": {"count": 0, "groups": []}}, "referralId": "e-0-590f3dd32ebb3413586f1a8b-22"}, {"reasons": {"count": 0, "items": [{"summary": "This spot is popular", "type": "general", "reasonName": "globalInteractionReason"}]}, "venue": {"id": "4eb0b5aa8b813ed007d3ec38", "name": "Chicken Express", "location": {"address": "278 Seven Sisters Rd", "lat": 51.564445865531866, "lng": -0.10532432902966042, "labeledLatLngs": [{"label": "display", "lat": 51.564445865531866, "lng": -0.10532432902966042}], "distance": 177, "postalCode": "N4", "cc": "GB", "city": "London", "state": "Greater London", "country": "United Kingdom", "formattedAddress": ["278 Seven Sisters Rd", "London", "Greater London", "N4", "United Kingdom"]}, "categories": [{"id": "4d4ae6fc7a7b7dea34424761", "name": "Fried Chicken Joint", "pluralName": "Fried Chicken Joints", "shortName": "Fried Chicken", "icon": {"prefix": "https://ss3.4sqi.net/img/categories_v2/food/friedchicken_", "suffix": ".png"}, "primary": true}], "photos": {"count": 0, "groups": []}}, "referralId": "e-0-4eb0b5aa8b813ed007d3ec38-23"}, {"reasons": {"count": 0, "items": [{"summary": "This spot is popular", "type": "general", "reasonName": "globalInteractionReason"}]}, "venue": {"id": "4cdffb3b70bba1cd30b169c4", "name": "Caf\u00e9 Chino", "location": {"address": "255 Seven Sisters Road", "lat": 51.564356, "lng": -0.105209, "labeledLatLngs": [{"label": "display", "lat": 51.564356, "lng": -0.105209}], "distance": 188, "cc": "GB", "city": "Islington", "state": "Greater London", "country": "United Kingdom", "formattedAddress": ["255 Seven Sisters Road", "Islington", "Greater London", "United Kingdom"]}, "categories": [{"id": "4bf58dd8d48988d16d941735", "name": "Caf\u00e9", "pluralName": "Caf\u00e9s", "shortName": "Caf\u00e9", "icon": {"prefix": "https://ss3.4sqi.net/img/categories_v2/food/cafe_", "suffix": ".png"}, "primary": true}], "photos": {"count": 0, "groups": []}}, "referralId": "e-0-4cdffb3b70bba1cd30b169c4-24"}, {"reasons": {"count": 0, "items": [{"summary": "This spot is popular", "type": "general", "reasonName": "globalInteractionReason"}]}, "venue": {"id": "4f06ed3fe4b0ef60ebe3b28b", "name": "Harput Best Kebab", "location": {"lat": 51.56331391181522, "lng": -0.10713170036471445, "labeledLatLngs": [{"label": "display", "lat": 51.56331391181522, "lng": -0.10713170036471445}], "distance": 200, "cc": "GB", "country": "United Kingdom", "formattedAddress": ["United Kingdom"]}, "categories": [{"id": "4bf58dd8d48988d115941735", "name": "Middle Eastern Restaurant", "pluralName": "Middle Eastern Restaurants", "shortName": "Middle Eastern", "icon": {"prefix": "https://ss3.4sqi.net/img/categories_v2/food/middleeastern_", "suffix": ".png"}, "primary": true}], "photos": {"count": 0, "groups": []}}, "referralId": "e-0-4f06ed3fe4b0ef60ebe3b28b-25"}, {"reasons": {"count": 0, "items": [{"summary": "This spot is popular", "type": "general", "reasonName": "globalInteractionReason"}]}, "venue": {"id": "4c1244e9b2510f47f24ac498", "name": "Angel's Cafe", "location": {"address": "40 Stroud Green", "lat": 51.566945, "lng": -0.108092, "labeledLatLngs": [{"label": "display", "lat": 51.566945, "lng": -0.108092}], "distance": 209, "cc": "GB", "city": "London", "state": "Greater London", "country": "United Kingdom", "formattedAddress": ["40 Stroud Green", "London", "Greater London", "United Kingdom"]}, "categories": [{"id": "4bf58dd8d48988d1c5941735", "name": "Sandwich Place", "pluralName": "Sandwich Places", "shortName": "Sandwiches", "icon": {"prefix": "https://ss3.4sqi.net/img/categories_v2/food/deli_", "suffix": ".png"}, "primary": true}], "photos": {"count": 0, "groups": []}}, "referralId": "e-0-4c1244e9b2510f47f24ac498-26"}, {"reasons": {"count": 0, "items": [{"summary": "This spot is popular", "type": "general", "reasonName": "globalInteractionReason"}]}, "venue": {"id": "4c9935cfdb10b60c6e2c886d", "name": "Pizza & Chicken Point", "location": {"address": "44 Stroud Green Road", "lat": 51.567034, "lng": -0.108223, "labeledLatLngs": [{"label": "display", "lat": 51.567034, "lng": -0.108223}], "distance": 220, "cc": "GB", "city": "Islington", "state": "Greater London", "country": "United Kingdom", "formattedAddress": ["44 Stroud Green Road", "Islington", "Greater London", "United Kingdom"]}, "categories": [{"id": "4bf58dd8d48988d1ca941735", "name": "Pizza Place", "pluralName": "Pizza Places", "shortName": "Pizza", "icon": {"prefix": "https://ss3.4sqi.net/img/categories_v2/food/pizza_", "suffix": ".png"}, "primary": true}], "photos": {"count": 0, "groups": []}}, "referralId": "e-0-4c9935cfdb10b60c6e2c886d-27"}, {"reasons": {"count": 0, "items": [{"summary": "This spot is popular", "type": "general", "reasonName": "globalInteractionReason"}]}, "venue": {"id": "4da9802c5da3ba8a47725008", "name": "The Park Cafe", "location": {"address": "296 Finsbury Park Road", "lat": 51.56514757582098, "lng": -0.10373884126928808, "labeledLatLngs": [{"label": "display", "lat": 51.56514757582098, "lng": -0.10373884126928808}], "distance": 272, "postalCode": "N 4 2", "cc": "GB", "city": "Islington", "state": "Greater London", "country": "United Kingdom", "formattedAddress": ["296 Finsbury Park Road", "Islington", "Greater London", "N 4 2", "United Kingdom"]}, "categories": [{"id": "4bf58dd8d48988d16d941735", "name": "Caf\u00e9", "pluralName": "Caf\u00e9s", "shortName": "Caf\u00e9", "icon": {"prefix": "https://ss3.4sqi.net/img/categories_v2/food/cafe_", "suffix": ".png"}, "primary": true}], "photos": {"count": 0, "groups": []}}, "referralId": "e-0-4da9802c5da3ba8a47725008-28"}, {"reasons": {"count": 0, "items": [{"summary": "This spot is popular", "type": "general", "reasonName": "globalInteractionReason"}]}, "venue": {"id": "4f030e1d6c25c5ce843dbad7", "name": "Perfect Fried Chicken", "location": {"address": "Blackstock Road", "lat": 51.56429798252119, "lng": -0.10369650682796966, "labeledLatLngs": [{"label": "display", "lat": 51.56429798252119, "lng": -0.10369650682796966}], "distance": 288, "cc": "GB", "country": "United Kingdom", "formattedAddress": ["Blackstock Road", "United Kingdom"]}, "categories": [{"id": "4d4ae6fc7a7b7dea34424761", "name": "Fried Chicken Joint", "pluralName": "Fried Chicken Joints", "shortName": "Fried Chicken", "icon": {"prefix": "https://ss3.4sqi.net/img/categories_v2/food/friedchicken_", "suffix": ".png"}, "primary": true}], "photos": {"count": 0, "groups": []}}, "referralId": "e-0-4f030e1d6c25c5ce843dbad7-29"}, {"reasons": {"count": 0, "items": [{"summary": "This spot is popular", "type": "general", "reasonName": "globalInteractionReason"}]}, "venue": {"id": "4e835a89e5fa5681e8bb298c", "name": "Dilara Barbeque", "location": {"address": "27 Blackstock Road", "lat": 51.563979, "lng": -0.103568, "labeledLatLngs": [{"label": "display", "lat": 51.563979, "lng": -0.103568}], "distance": 309, "postalCode": "N4 2JF", "cc": "GB", "city": "Islington", "state": "Greater London", "country": "United Kingdom", "formattedAddress": ["27 Blackstock Road", "Islington", "Greater London", "N4 2JF", "United Kingdom"]}, "categories": [{"id": "4bf58dd8d48988d145941735", "name": "Chinese Restaurant", "pluralName": "Chinese Restaurants", "shortName": "Chinese", "icon": {"prefix": "https://ss3.4sqi.net/img/categories_v2/food/asian_", "suffix": ".png"}, "primary": true}], "photos": {"count": 0, "groups": []}}, "referralId": "e-0-4e835a89e5fa5681e8bb298c-30"}, {"reasons": {"count": 0, "items": [{"summary": "This spot is popular", "type": "general", "reasonName": "globalInteractionReason"}]}, "venue": {"id": "4ce7ca2c948f224b6a35ec5d", "name": "Arsenal Cafe", "location": {"lat": 51.56403435453625, "lng": -0.10334567092006353, "labeledLatLngs": [{"label": "display", "lat": 51.56403435453625, "lng": -0.10334567092006353}], "distance": 321, "cc": "GB", "country": "United Kingdom", "formattedAddress": ["United Kingdom"]}, "categories": [{"id": "4bf58dd8d48988d16d941735", "name": "Caf\u00e9", "pluralName": "Caf\u00e9s", "shortName": "Caf\u00e9", "icon": {"prefix": "https://ss3.4sqi.net/img/categories_v2/food/cafe_", "suffix": ".png"}, "primary": true}], "photos": {"count": 0, "groups": []}}, "referralId": "e-0-4ce7ca2c948f224b6a35ec5d-31"}, {"reasons": {"count": 0, "items": [{"summary": "This spot is popular", "type": "general", "reasonName": "globalInteractionReason"}]}, "venue": {"id": "5288afdf11d2ff519359f6fb", "name": "Lara\u2019s", "location": {"address": "16 Blackstock Rd", "lat": 51.56389253450065, "lng": -0.10338306427001953, "labeledLatLngs": [{"label": "display", "lat": 51.56389253450065, "lng": -0.10338306427001953}], "distance": 324, "postalCode": "N4 2DW", "cc": "GB", "city": "London", "state": "Greater London", "country": "United Kingdom", "formattedAddress": ["16 Blackstock Rd", "London", "Greater London", "N4 2DW", "United Kingdom"]}, "categories": [{"id": "4bf58dd8d48988d110941735", "name": "Italian Restaurant", "pluralName": "Italian Restaurants", "shortName": "Italian", "icon": {"prefix": "https://ss3.4sqi.net/img/categories_v2/food/italian_", "suffix": ".png"}, "primary": true}], "photos": {"count": 0, "groups": []}}, "referralId": "e-0-5288afdf11d2ff519359f6fb-32"}, {"reasons": {"count": 0, "items": [{"summary": "This spot is popular", "type": "general", "reasonName": "globalInteractionReason"}]}, "venue": {"id": "4eda07059adfe5cbdeb47991", "name": "Mega Cafe", "location": {"lat": 51.567996, "lng": -0.109616, "labeledLatLngs": [{"label": "display", "lat": 51.567996, "lng": -0.109616}], "distance": 351, "cc": "GB", "city": "Tottenham", "state": "Greater London", "country": "United Kingdom", "formattedAddress": ["Tottenham", "Greater London", "United Kingdom"]}, "categories": [{"id": "4bf58dd8d48988d143941735", "name": "Breakfast Spot", "pluralName": "Breakfast Spots", "shortName": "Breakfast", "icon": {"prefix": "https://ss3.4sqi.net/img/categories_v2/food/breakfast_", "suffix": ".png"}, "primary": true}], "photos": {"count": 0, "groups": []}}, "referralId": "e-0-4eda07059adfe5cbdeb47991-33"}, {"reasons": {"count": 0, "items": [{"summary": "This spot is popular", "type": "general", "reasonName": "globalInteractionReason"}]}, "venue": {"id": "5a81f8dab1ec137a386d8898", "name": "Itto", "location": {"address": "61 Stroud Green Road", "lat": 51.568108, "lng": -0.109846, "labeledLatLngs": [{"label": "display", "lat": 51.568108, "lng": -0.109846}], "distance": 369, "postalCode": "N4 3EG", "cc": "GB", "city": "London", "state": "Greater London", "country": "United Kingdom", "formattedAddress": ["61 Stroud Green Road", "London", "Greater London", "N4 3EG", "United Kingdom"]}, "categories": [{"id": "4bf58dd8d48988d142941735", "name": "Asian Restaurant", "pluralName": "Asian Restaurants", "shortName": "Asian", "icon": {"prefix": "https://ss3.4sqi.net/img/categories_v2/food/asian_", "suffix": ".png"}, "primary": true}], "photos": {"count": 0, "groups": []}}, "referralId": "e-0-5a81f8dab1ec137a386d8898-34"}, {"reasons": {"count": 0, "items": [{"summary": "This spot is popular", "type": "general", "reasonName": "globalInteractionReason"}]}, "venue": {"id": "4f61f030e4b071dd738689bb", "name": "Cafe Aroma", "location": {"address": "Seven Sisters Road", "crossStreet": "Queens Drice", "lat": 51.56611491657446, "lng": -0.10218040729275209, "labeledLatLngs": [{"label": "display", "lat": 51.56611491657446, "lng": -0.10218040729275209}], "distance": 396, "postalCode": "N4", "cc": "GB", "city": "London", "state": "Greater London", "country": "United Kingdom", "formattedAddress": ["Seven Sisters Road (Queens Drice)", "London", "Greater London", "N4", "United Kingdom"]}, "categories": [{"id": "4bf58dd8d48988d16d941735", "name": "Caf\u00e9", "pluralName": "Caf\u00e9s", "shortName": "Caf\u00e9", "icon": {"prefix": "https://ss3.4sqi.net/img/categories_v2/food/cafe_", "suffix": ".png"}, "primary": true}], "photos": {"count": 0, "groups": []}}, "referralId": "e-0-4f61f030e4b071dd738689bb-35"}]}]}}