{"meta": {"code": 200, "requestId": "5fedda3e8ed5f550e5806ce5"}, "response": {"warning": {"text": "There aren't a lot of results near you. Try something more general, reset your filters, or expand the search area."}, "headerLocation": "Childs Hill", "headerFullLocation": "Childs Hill, London", "headerLocationGranularity": "neighborhood", "query": "arts entertainment", "totalResults": 0, "suggestedBounds": {"ne": {"lat": 51.56872800360001, "lng": -0.1896825310187079}, "sw": {"lat": 51.561527996399995, "lng": -0.20124346898129208}}, "groups": [{"type": "Recommended Places", "name": "recommended", "items": []}]}}