{"meta": {"code": 200, "requestId": "5fedd9eadad389062da644e4"}, "response": {"suggestedFilters": {"header": "Tap to show:", "filters": [{"name": "Open now", "key": "openNow"}]}, "headerLocation": "Colindale", "headerFullLocation": "Colindale, London", "headerLocationGranularity": "neighborhood", "query": "food", "totalResults": 13, "suggestedBounds": {"ne": {"lat": 51.5968700036, "lng": -0.25230595040629367}, "sw": {"lat": 51.58966999639999, "lng": -0.2638740495937063}}, "groups": [{"type": "Recommended Places", "name": "recommended", "items": [{"reasons": {"count": 0, "items": [{"summary": "This spot is popular", "type": "general", "reasonName": "globalInteractionReason"}]}, "venue": {"id": "5960eb8281635b657dfa8537", "name": "Golden Dragon", "location": {"address": "399 Edgware Road", "crossStreet": "Bang Bang Oriental Food Hall", "lat": 51.59323975724033, "lng": -0.25942134286554375, "labeledLatLngs": [{"label": "display", "lat": 51.59323975724033, "lng": -0.25942134286554375}], "distance": 92, "postalCode": "NW9 0FH", "cc": "GB", "neighborhood": "Colindale", "city": "London", "state": "Greater London", "country": "United Kingdom", "formattedAddress": ["399 Edgware Road (Bang Bang Oriental Food Hall)", "London", "Greater London", "NW9 0FH", "United Kingdom"]}, "categories": [{"id": "4bf58dd8d48988d145941735", "name": "Chinese Restaurant", "pluralName": "Chinese Restaurants", "shortName": "Chinese", "icon": {"prefix": "https://ss3.4sqi.net/img/categories_v2/food/asian_", "suffix": ".png"}, "primary": true}], "photos": {"count": 0, "groups": []}}, "referralId": "e-0-5960eb8281635b657dfa8537-0"}, {"reasons": {"count": 0, "items": [{"summary": "This spot is popular", "type": "general", "reasonName": "globalInteractionReason"}]}, "venue": {"id": "5960e572178a2a1a94914ae8", "name": "Bang Bang Oriental Food Hall", "location": {"address": "399 Edgware Rd", "lat": 51.593185365954696, "lng": -0.25959998701593867, "labeledLatLngs": [{"label": "display", "lat": 51.593185365954696, "lng": -0.25959998701593867}], "distance": 104, "postalCode": "NW9 0FH", "cc": "GB", "city": "Colindale", "state": "Greater London", "country": "United Kingdom", "formattedAddress": ["399 Edgware Rd", "Colindale", "Greater London", "NW9 0FH", "United Kingdom"]}, "categories": [{"id": "4bf58dd8d48988d120951735", "name": "Food Court", "pluralName": "Food Courts", "shortName": "Food Court", "icon": {"prefix": "https://ss3.4sqi.net/img/categories_v2/shops/food_foodcourt_", "suffix": ".png"}, "primary": true}], "photos": {"count": 0, "groups": []}}, "referralId": "e-0-5960e572178a2a1a94914ae8-1"}, {"reasons": {"count": 0, "items": [{"summary": "This spot is popular", "type": "general", "reasonName": "globalInteractionReason"}]}, "venue": {"id": "4de0e7bed164e323c7b74ded", "name": "KFC", "location": {"address": "167 Edgware Rd", "lat": 51.593387593120376, "lng": -0.2582645654692769, "labeledLatLngs": [{"label": "display", "lat": 51.593387593120376, "lng": -0.2582645654692769}], "distance": 17, "postalCode": "NW9 6LP", "cc": "GB", "city": "Colindale", "state": "Greater London", "country": "United Kingdom", "formattedAddress": ["167 Edgware Rd", "Colindale", "Greater London", "NW9 6LP", "United Kingdom"]}, "categories": [{"id": "4bf58dd8d48988d16e941735", "name": "Fast Food Restaurant", "pluralName": "Fast Food Restaurants", "shortName": "Fast Food", "icon": {"prefix": "https://ss3.4sqi.net/img/categories_v2/food/fastfood_", "suffix": ".png"}, "primary": true}], "photos": {"count": 0, "groups": []}}, "referralId": "e-0-4de0e7bed164e323c7b74ded-2"}, {"reasons": {"count": 0, "items": [{"summary": "This spot is popular", "type": "general", "reasonName": "globalInteractionReason"}]}, "venue": {"id": "4c358140452620a153e4260f", "name": "McDonald's", "location": {"address": "157 COLINDEEP LANE", "lat": 51.59096, "lng": -0.25518, "labeledLatLngs": [{"label": "display", "lat": 51.59096, "lng": -0.25518}], "distance": 326, "postalCode": "NW9 6DB", "cc": "GB", "city": "London", "state": "Greater London", "country": "United Kingdom", "formattedAddress": ["157 COLINDEEP LANE", "London", "Greater London", "NW9 6DB", "United Kingdom"]}, "categories": [{"id": "4bf58dd8d48988d16e941735", "name": "Fast Food Restaurant", "pluralName": "Fast Food Restaurants", "shortName": "Fast Food", "icon": {"prefix": "https://ss3.4sqi.net/img/categories_v2/food/fastfood_", "suffix": ".png"}, "primary": true}], "photos": {"count": 0, "groups": []}, "venuePage": {"id": "549989547"}}, "referralId": "e-0-4c358140452620a153e4260f-3"}, {"reasons": {"count": 0, "items": [{"summary": "This spot is popular", "type": "general", "reasonName": "globalInteractionReason"}]}, "venue": {"id": "559f9425498e7146234da8b7", "name": "Subway", "location": {"address": "Asda, Capitol Industrial Park", "crossStreet": "Capitol Way", "lat": 51.59404481061195, "lng": -0.2610499224031826, "labeledLatLngs": [{"label": "display", "lat": 51.59404481061195, "lng": -0.2610499224031826}], "distance": 222, "postalCode": "NW9 0AS", "cc": "GB", "city": "London", "country": "United Kingdom", "formattedAddress": ["Asda, Capitol Industrial Park (Capitol Way)", "London", "NW9 0AS", "United Kingdom"]}, "categories": [{"id": "4bf58dd8d48988d1c5941735", "name": "Sandwich Place", "pluralName": "Sandwich Places", "shortName": "Sandwiches", "icon": {"prefix": "https://ss3.4sqi.net/img/categories_v2/food/deli_", "suffix": ".png"}, "primary": true}], "photos": {"count": 0, "groups": []}}, "referralId": "e-0-559f9425498e7146234da8b7-4"}, {"reasons": {"count": 0, "items": [{"summary": "This spot is popular", "type": "general", "reasonName": "globalInteractionReason"}]}, "venue": {"id": "5974e46312c8f0189a680bf9", "name": "Caf\u00e9 La Viet", "location": {"lat": 51.593182, "lng": -0.259499, "labeledLatLngs": [{"label": "display", "lat": 51.593182, "lng": -0.259499}], "distance": 97, "postalCode": "NW9 0FH", "cc": "GB", "city": "London", "state": "Greater London", "country": "United Kingdom", "formattedAddress": ["London", "Greater London", "NW9 0FH", "United Kingdom"]}, "categories": [{"id": "4bf58dd8d48988d14a941735", "name": "Vietnamese Restaurant", "pluralName": "Vietnamese Restaurants", "shortName": "Vietnamese", "icon": {"prefix": "https://ss3.4sqi.net/img/categories_v2/food/vietnamese_", "suffix": ".png"}, "primary": true}], "photos": {"count": 0, "groups": []}}, "referralId": "e-0-5974e46312c8f0189a680bf9-5"}, {"reasons": {"count": 0, "items": [{"summary": "This spot is popular", "type": "general", "reasonName": "globalInteractionReason"}]}, "venue": {"id": "59d0ff58805e3f1c2fcdfab9", "name": "Ichiban", "location": {"address": "Bang Bang Food Court", "lat": 51.593166, "lng": -0.259601, "labeledLatLngs": [{"label": "display", "lat": 51.593166, "lng": -0.259601}], "distance": 105, "postalCode": "NW9 0FH", "cc": "GB", "city": "London", "state": "Greater London", "country": "United Kingdom", "formattedAddress": ["Bang Bang Food Court", "London", "Greater London", "NW9 0FH", "United Kingdom"]}, "categories": [{"id": "4bf58dd8d48988d111941735", "name": "Japanese Restaurant", "pluralName": "Japanese Restaurants", "shortName": "Japanese", "icon": {"prefix": "https://ss3.4sqi.net/img/categories_v2/food/japanese_", "suffix": ".png"}, "primary": true}], "photos": {"count": 0, "groups": []}}, "referralId": "e-0-59d0ff58805e3f1c2fcdfab9-6"}, {"reasons": {"count": 0, "items": [{"summary": "This spot is popular", "type": "general", "reasonName": "globalInteractionReason"}]}, "venue": {"id": "5974e598d41bb7405a1b1d28", "name": "Janchi", "location": {"address": "Bang Bang Oriental Food Hall", "crossStreet": "399 Edgware Rd", "lat": 51.593163, "lng": -0.259619, "labeledLatLngs": [{"label": "display", "lat": 51.593163, "lng": -0.259619}], "distance": 106, "postalCode": "NW9 0FH", "cc": "GB", "city": "Colindale", "state": "Greater London", "country": "United Kingdom", "formattedAddress": ["Bang Bang Oriental Food Hall (399 Edgware Rd)", "Colindale", "Greater London", "NW9 0FH", "United Kingdom"]}, "categories": [{"id": "4bf58dd8d48988d113941735", "name": "Korean Restaurant", "pluralName": "Korean Restaurants", "shortName": "Korean", "icon": {"prefix": "https://ss3.4sqi.net/img/categories_v2/food/korean_", "suffix": ".png"}, "primary": true}], "photos": {"count": 0, "groups": []}}, "referralId": "e-0-5974e598d41bb7405a1b1d28-7"}, {"reasons": {"count": 0, "items": [{"summary": "This spot is popular", "type": "general", "reasonName": "globalInteractionReason"}]}, "venue": {"id": "5974e51cf2905e41f96b43f2", "name": "Little Thai Silk", "location": {"lat": 51.593117, "lng": -0.259529, "labeledLatLngs": [{"label": "display", "lat": 51.593117, "lng": -0.259529}], "distance": 100, "postalCode": "NW9 0FH", "cc": "GB", "city": "London", "state": "Greater London", "country": "United Kingdom", "formattedAddress": ["London", "Greater London", "NW9 0FH", "United Kingdom"]}, "categories": [{"id": "4bf58dd8d48988d149941735", "name": "Thai Restaurant", "pluralName": "Thai Restaurants", "shortName": "Thai", "icon": {"prefix": "https://ss3.4sqi.net/img/categories_v2/food/thai_", "suffix": ".png"}, "primary": true}], "photos": {"count": 0, "groups": []}}, "referralId": "e-0-5974e51cf2905e41f96b43f2-8"}, {"reasons": {"count": 0, "items": [{"summary": "This spot is popular", "type": "general", "reasonName": "globalInteractionReason"}]}, "venue": {"id": "5a79b2b54ac28a57d6e822e5", "name": "Morrisons Colindale Cafe", "location": {"address": "399 Edgware Rd Colindale", "lat": 51.592062, "lng": -0.259615, "labeledLatLngs": [{"label": "display", "lat": 51.592062, "lng": -0.259615}], "distance": 170, "postalCode": "NW9 0AS", "cc": "GB", "city": "London", "state": "Greater London", "country": "United Kingdom", "formattedAddress": ["399 Edgware Rd Colindale", "London", "Greater London", "NW9 0AS", "United Kingdom"]}, "categories": [{"id": "4bf58dd8d48988d16d941735", "name": "Caf\u00e9", "pluralName": "Caf\u00e9s", "shortName": "Caf\u00e9", "icon": {"prefix": "https://ss3.4sqi.net/img/categories_v2/food/cafe_", "suffix": ".png"}, "primary": true}], "photos": {"count": 0, "groups": []}}, "referralId": "e-0-5a79b2b54ac28a57d6e822e5-9"}, {"reasons": {"count": 0, "items": [{"summary": "This spot is popular", "type": "general", "reasonName": "globalInteractionReason"}]}, "venue": {"id": "5960ea561b0ea52c2bf542ad", "name": "Four Season | \u6587\u8208\u9152\u5bb6", "location": {"lat": 51.593068, "lng": -0.259397, "labeledLatLngs": [{"label": "display", "lat": 51.593068, "lng": -0.259397}], "distance": 93, "postalCode": "NW9 0FH", "cc": "GB", "city": "London", "state": "Greater London", "country": "United Kingdom", "formattedAddress": ["London", "Greater London", "NW9 0FH", "United Kingdom"]}, "categories": [{"id": "4bf58dd8d48988d145941735", "name": "Chinese Restaurant", "pluralName": "Chinese Restaurants", "shortName": "Chinese", "icon": {"prefix": "https://ss3.4sqi.net/img/categories_v2/food/asian_", "suffix": ".png"}, "primary": true}], "photos": {"count": 0, "groups": []}}, "referralId": "e-0-5960ea561b0ea52c2bf542ad-10"}, {"reasons": {"count": 0, "items": [{"summary": "This spot is popular", "type": "general", "reasonName": "globalInteractionReason"}]}, "venue": {"id": "5974e27b178a2a6534a2ec64", "name": "One68", "location": {"lat": 51.593083, "lng": -0.259607, "labeledLatLngs": [{"label": "display", "lat": 51.593083, "lng": -0.259607}], "distance": 106, "postalCode": "NW9 0FH", "cc": "GB", "city": "London", "state": "Greater London", "country": "United Kingdom", "formattedAddress": ["London", "Greater London", "NW9 0FH", "United Kingdom"]}, "categories": [{"id": "4bf58dd8d48988d1f5931735", "name": "Dim Sum Restaurant", "pluralName": "Dim Sum Restaurants", "shortName": "Dim Sum", "icon": {"prefix": "https://ss3.4sqi.net/img/categories_v2/food/dimsum_", "suffix": ".png"}, "primary": true}], "photos": {"count": 0, "groups": []}}, "referralId": "e-0-5974e27b178a2a6534a2ec64-11"}, {"reasons": {"count": 0, "items": [{"summary": "This spot is popular", "type": "general", "reasonName": "globalInteractionReason"}]}, "venue": {"id": "5960eb2d6cf01a44b3d8e8e2", "name": "Coconut Tree", "location": {"lat": 51.593105, "lng": -0.259542, "labeledLatLngs": [{"label": "display", "lat": 51.593105, "lng": -0.259542}], "distance": 102, "postalCode": "NW9 0FH", "cc": "GB", "city": "London", "state": "Greater London", "country": "United Kingdom", "formattedAddress": ["London", "Greater London", "NW9 0FH", "United Kingdom"]}, "categories": [{"id": "4bf58dd8d48988d156941735", "name": "Malay Restaurant", "pluralName": "Malay Restaurants", "shortName": "Malay", "icon": {"prefix": "https://ss3.4sqi.net/img/categories_v2/food/malaysian_", "suffix": ".png"}, "primary": true}], "photos": {"count": 0, "groups": []}}, "referralId": "e-0-5960eb2d6cf01a44b3d8e8e2-12"}]}]}}