{"meta": {"code": 200, "requestId": "5fedd9f0afd2f83d5fc060c8"}, "response": {"suggestedFilters": {"header": "Tap to show:", "filters": [{"name": "Open now", "key": "openNow"}]}, "headerLocation": "Vauxhall", "headerFullLocation": "Vauxhall, London", "headerLocationGranularity": "neighborhood", "query": "food", "totalResults": 12, "suggestedBounds": {"ne": {"lat": 51.4859500036, "lng": -0.11901002946591227}, "sw": {"lat": 51.47874999639999, "lng": -0.13054997053408773}}, "groups": [{"type": "Recommended Places", "name": "recommended", "items": [{"reasons": {"count": 0, "items": [{"summary": "This spot is popular", "type": "general", "reasonName": "globalInteractionReason"}]}, "venue": {"id": "4aeb0b96f964a52087bd21e3", "name": "Hot Stuff", "location": {"address": "19 Wilcox Rd", "lat": 51.47961154586812, "lng": -0.12648125782550543, "labeledLatLngs": [{"label": "display", "lat": 51.47961154586812, "lng": -0.12648125782550543}], "distance": 326, "postalCode": "SW8 2XA", "cc": "GB", "city": "London", "state": "Greater London", "country": "United Kingdom", "formattedAddress": ["19 Wilcox Rd", "London", "Greater London", "SW8 2XA", "United Kingdom"]}, "categories": [{"id": "4bf58dd8d48988d10f941735", "name": "Indian Restaurant", "pluralName": "Indian Restaurants", "shortName": "Indian", "icon": {"prefix": "https://ss3.4sqi.net/img/categories_v2/food/indian_", "suffix": ".png"}, "primary": true}], "photos": {"count": 0, "groups": []}}, "referralId": "e-0-4aeb0b96f964a52087bd21e3-0"}, {"reasons": {"count": 0, "items": [{"summary": "This spot is popular", "type": "general", "reasonName": "globalInteractionReason"}]}, "venue": {"id": "4c343b51a0ced13ac6db176e", "name": "Brunswick House Cafe", "location": {"address": "30 Wandsworth Rd.", "lat": 51.48486584038857, "lng": -0.12622374886072407, "labeledLatLngs": [{"label": "display", "lat": 51.48486584038857, "lng": -0.12622374886072407}], "distance": 297, "postalCode": "SW8 2LG", "cc": "GB", "city": "London", "state": "Greater London", "country": "United Kingdom", "formattedAddress": ["30 Wandsworth Rd.", "London", "Greater London", "SW8 2LG", "United Kingdom"]}, "categories": [{"id": "4bf58dd8d48988d16d941735", "name": "Caf\u00e9", "pluralName": "Caf\u00e9s", "shortName": "Caf\u00e9", "icon": {"prefix": "https://ss3.4sqi.net/img/categories_v2/food/cafe_", "suffix": ".png"}, "primary": true}], "photos": {"count": 0, "groups": []}}, "referralId": "e-0-4c343b51a0ced13ac6db176e-1"}, {"reasons": {"count": 0, "items": [{"summary": "This spot is popular", "type": "general", "reasonName": "globalInteractionReason"}]}, "venue": {"id": "4c34f72d213c2d7fe363395d", "name": "Tia Maria", "location": {"address": "126 South Lambeth Road", "lat": 51.4810517608378, "lng": -0.12464037876230732, "labeledLatLngs": [{"label": "display", "lat": 51.4810517608378, "lng": -0.12464037876230732}], "distance": 144, "postalCode": "SW8 1RB", "cc": "GB", "city": "London", "state": "Greater London", "country": "United Kingdom", "formattedAddress": ["126 South Lambeth Road", "London", "Greater London", "SW8 1RB", "United Kingdom"]}, "categories": [{"id": "4bf58dd8d48988d155941735", "name": "Gastropub", "pluralName": "Gastropubs", "shortName": "Gastropub", "icon": {"prefix": "https://ss3.4sqi.net/img/categories_v2/food/gastropub_", "suffix": ".png"}, "primary": true}], "photos": {"count": 0, "groups": []}, "venuePage": {"id": "76820334"}}, "referralId": "e-0-4c34f72d213c2d7fe363395d-2"}, {"reasons": {"count": 0, "items": [{"summary": "This spot is popular", "type": "general", "reasonName": "globalInteractionReason"}]}, "venue": {"id": "50f70185e4b07eb7252527af", "name": "Mumbai Delight", "location": {"address": "51A S Lambeth Rd", "lat": 51.482250127034504, "lng": -0.12426536220110056, "labeledLatLngs": [{"label": "display", "lat": 51.482250127034504, "lng": -0.12426536220110056}], "distance": 37, "postalCode": "SW9 1RH", "cc": "GB", "city": "Vauxhall", "state": "Greater London", "country": "United Kingdom", "formattedAddress": ["51A S Lambeth Rd", "Vauxhall", "Greater London", "SW9 1RH", "United Kingdom"]}, "categories": [{"id": "4bf58dd8d48988d10f941735", "name": "Indian Restaurant", "pluralName": "Indian Restaurants", "shortName": "Indian", "icon": {"prefix": "https://ss3.4sqi.net/img/categories_v2/food/indian_", "suffix": ".png"}, "primary": true}], "photos": {"count": 0, "groups": []}}, "referralId": "e-0-50f70185e4b07eb7252527af-3"}, {"reasons": {"count": 0, "items": [{"summary": "This spot is popular", "type": "general", "reasonName": "globalInteractionReason"}]}, "venue": {"id": "4acdda38f964a52044cd20e3", "name": "Italo", "location": {"address": "13 Bonnington Sq", "crossStreet": "Vauxhall Grove", "lat": 51.4844753931458, "lng": -0.12019957224755062, "labeledLatLngs": [{"label": "display", "lat": 51.4844753931458, "lng": -0.12019957224755062}], "distance": 395, "postalCode": "SW8 1TE", "cc": "GB", "city": "London", "state": "Greater London", "country": "United Kingdom", "formattedAddress": ["13 Bonnington Sq (Vauxhall Grove)", "London", "Greater London", "SW8 1TE", "United Kingdom"]}, "categories": [{"id": "4bf58dd8d48988d110941735", "name": "Italian Restaurant", "pluralName": "Italian Restaurants", "shortName": "Italian", "icon": {"prefix": "https://ss3.4sqi.net/img/categories_v2/food/italian_", "suffix": ".png"}, "primary": true}], "photos": {"count": 0, "groups": []}}, "referralId": "e-0-4acdda38f964a52044cd20e3-4"}, {"reasons": {"count": 0, "items": [{"summary": "This spot is popular", "type": "general", "reasonName": "globalInteractionReason"}]}, "venue": {"id": "4b4a1c1ef964a520ec7a26e3", "name": "Harare Restaurant", "location": {"address": "49 South Lambeth Road", "lat": 51.482338803635095, "lng": -0.12422541875728653, "labeledLatLngs": [{"label": "display", "lat": 51.482338803635095, "lng": -0.12422541875728653}], "distance": 38, "postalCode": "SW8 1RH", "cc": "GB", "city": "London", "state": "Greater London", "country": "United Kingdom", "formattedAddress": ["49 South Lambeth Road", "London", "Greater London", "SW8 1RH", "United Kingdom"]}, "categories": [{"id": "4bf58dd8d48988d10a941735", "name": "Ethiopian Restaurant", "pluralName": "Ethiopian Restaurants", "shortName": "Ethiopian", "icon": {"prefix": "https://ss3.4sqi.net/img/categories_v2/food/ethiopian_", "suffix": ".png"}, "primary": true}], "photos": {"count": 0, "groups": []}}, "referralId": "e-0-4b4a1c1ef964a520ec7a26e3-5"}, {"reasons": {"count": 0, "items": [{"summary": "This spot is popular", "type": "general", "reasonName": "globalInteractionReason"}]}, "venue": {"id": "4bcca3d8cc8cd13acd4bc1cf", "name": "The Three Lions", "location": {"lat": 51.47895535980448, "lng": -0.12351405993998738, "labeledLatLngs": [{"label": "display", "lat": 51.47895535980448, "lng": -0.12351405993998738}], "distance": 387, "cc": "GB", "country": "United Kingdom", "formattedAddress": ["United Kingdom"]}, "categories": [{"id": "4def73e84765ae376e57713a", "name": "Portuguese Restaurant", "pluralName": "Portuguese Restaurants", "shortName": "Portuguese", "icon": {"prefix": "https://ss3.4sqi.net/img/categories_v2/food/portuguese_", "suffix": ".png"}, "primary": true}], "photos": {"count": 0, "groups": []}}, "referralId": "e-0-4bcca3d8cc8cd13acd4bc1cf-6"}, {"reasons": {"count": 0, "items": [{"summary": "This spot is popular", "type": "general", "reasonName": "globalInteractionReason"}]}, "venue": {"id": "4ac518d4f964a520c3a720e3", "name": "Bar Estrela", "location": {"address": "111 South Lambeth Rd", "lat": 51.47928371033847, "lng": -0.12358452384135192, "labeledLatLngs": [{"label": "display", "lat": 51.47928371033847, "lng": -0.12358452384135192}], "distance": 351, "postalCode": "SW8 1UZ", "cc": "GB", "city": "London", "state": "Greater London", "country": "United Kingdom", "formattedAddress": ["111 South Lambeth Rd", "London", "Greater London", "SW8 1UZ", "United Kingdom"]}, "categories": [{"id": "4def73e84765ae376e57713a", "name": "Portuguese Restaurant", "pluralName": "Portuguese Restaurants", "shortName": "Portuguese", "icon": {"prefix": "https://ss3.4sqi.net/img/categories_v2/food/portuguese_", "suffix": ".png"}, "primary": true}], "photos": {"count": 0, "groups": []}}, "referralId": "e-0-4ac518d4f964a520c3a720e3-7"}, {"reasons": {"count": 0, "items": [{"summary": "This spot is popular", "type": "general", "reasonName": "globalInteractionReason"}]}, "venue": {"id": "5441667e498e5d4a85110233", "name": "Pop Art Sushi!", "location": {"address": "Unit 7 St.George Wharf", "crossStreet": "Wandsworth Road", "lat": 51.48564960694368, "lng": -0.12502182351862398, "labeledLatLngs": [{"label": "display", "lat": 51.48564960694368, "lng": -0.12502182351862398}], "distance": 367, "postalCode": "SW8 2LE", "cc": "GB", "city": "London", "state": "Greater London", "country": "United Kingdom", "formattedAddress": ["Unit 7 St.George Wharf (Wandsworth Road)", "London", "Greater London", "SW8 2LE", "United Kingdom"]}, "categories": [{"id": "4bf58dd8d48988d111941735", "name": "Japanese Restaurant", "pluralName": "Japanese Restaurants", "shortName": "Japanese", "icon": {"prefix": "https://ss3.4sqi.net/img/categories_v2/food/japanese_", "suffix": ".png"}, "primary": true}], "photos": {"count": 0, "groups": []}, "venuePage": {"id": "127057582"}}, "referralId": "e-0-5441667e498e5d4a85110233-8"}, {"reasons": {"count": 0, "items": [{"summary": "This spot is popular", "type": "general", "reasonName": "globalInteractionReason"}]}, "venue": {"id": "4bb996f2b35776b04d06ca01", "name": "Cafe Portugal", "location": {"address": "5a-6a Victoria House", "crossStreet": "S Lambeth Rd", "lat": 51.48019319638582, "lng": -0.12419633203815035, "labeledLatLngs": [{"label": "display", "lat": 51.48019319638582, "lng": -0.12419633203815035}], "distance": 243, "postalCode": "SW8 1QT", "cc": "GB", "neighborhood": "London", "city": "London", "state": "Greater London", "country": "United Kingdom", "formattedAddress": ["5a-6a Victoria House (S Lambeth Rd)", "London", "Greater London", "SW8 1QT", "United Kingdom"]}, "categories": [{"id": "4def73e84765ae376e57713a", "name": "Portuguese Restaurant", "pluralName": "Portuguese Restaurants", "shortName": "Portuguese", "icon": {"prefix": "https://ss3.4sqi.net/img/categories_v2/food/portuguese_", "suffix": ".png"}, "primary": true}], "photos": {"count": 0, "groups": []}}, "referralId": "e-0-4bb996f2b35776b04d06ca01-9"}, {"reasons": {"count": 0, "items": [{"summary": "This spot is popular", "type": "general", "reasonName": "globalInteractionReason"}]}, "venue": {"id": "5518109e498eb6274eee2d01", "name": "Parco Caf\u00e9", "location": {"address": "190 Fentiman Rd", "lat": 51.482577345574676, "lng": -0.12320202031851536, "labeledLatLngs": [{"label": "display", "lat": 51.482577345574676, "lng": -0.12320202031851536}], "distance": 112, "postalCode": "SW8 1QY", "cc": "GB", "neighborhood": "Vauxhall, London, Greater London", "city": "London", "state": "Greater London", "country": "United Kingdom", "formattedAddress": ["190 Fentiman Rd", "London", "Greater London", "SW8 1QY", "United Kingdom"]}, "categories": [{"id": "4bf58dd8d48988d16d941735", "name": "Caf\u00e9", "pluralName": "Caf\u00e9s", "shortName": "Caf\u00e9", "icon": {"prefix": "https://ss3.4sqi.net/img/categories_v2/food/cafe_", "suffix": ".png"}, "primary": true}], "photos": {"count": 0, "groups": []}}, "referralId": "e-0-5518109e498eb6274eee2d01-10"}, {"reasons": {"count": 0, "items": [{"summary": "This spot is popular", "type": "general", "reasonName": "globalInteractionReason"}]}, "venue": {"id": "4bab6c85f964a5205ba83ae3", "name": "Tony's Delicatessen", "location": {"address": "39 South Lambeth Road", "lat": 51.48264943696392, "lng": -0.12364252173244109, "labeledLatLngs": [{"label": "display", "lat": 51.48264943696392, "lng": -0.12364252173244109}], "distance": 85, "postalCode": "SW8 1RH", "cc": "GB", "city": "London", "state": "Greater London", "country": "United Kingdom", "formattedAddress": ["39 South Lambeth Road", "London", "Greater London", "SW8 1RH", "United Kingdom"]}, "categories": [{"id": "4bf58dd8d48988d110941735", "name": "Italian Restaurant", "pluralName": "Italian Restaurants", "shortName": "Italian", "icon": {"prefix": "https://ss3.4sqi.net/img/categories_v2/food/italian_", "suffix": ".png"}, "primary": true}], "photos": {"count": 0, "groups": []}}, "referralId": "e-0-4bab6c85f964a5205ba83ae3-11"}]}]}}