{"meta": {"code": 200, "requestId": "5fedda2a3a67415842050c69"}, "response": {"suggestedFilters": {"header": "Tap to show:", "filters": [{"name": "Open now", "key": "openNow"}]}, "headerLocation": "Hammersmith Broadway", "headerFullLocation": "Hammersmith Broadway, London", "headerLocationGranularity": "neighborhood", "query": "college education", "totalResults": 62, "suggestedBounds": {"ne": {"lat": 51.49767200360001, "lng": -0.2215255458553905}, "sw": {"lat": 51.4904719964, "lng": -0.2330684541446095}}, "groups": [{"type": "Recommended Places", "name": "recommended", "items": [{"reasons": {"count": 0, "items": [{"summary": "This spot is popular", "type": "general", "reasonName": "globalInteractionReason"}]}, "venue": {"id": "4af5a5b0f964a520c9fa21e3", "name": "Flying Tiger", "location": {"address": "41-42 Kings Mall Hammersmith", "crossStreet": "Kings St", "lat": 51.49268036399334, "lng": -0.2284072634195842, "labeledLatLngs": [{"label": "display", "lat": 51.49268036399334, "lng": -0.2284072634195842}], "distance": 172, "postalCode": "W6 0QB", "cc": "GB", "city": "Hammersmith Broadway", "state": "Greater London", "country": "United Kingdom", "formattedAddress": ["41-42 Kings Mall Hammersmith (Kings St)", "Hammersmith Broadway", "Greater London", "W6 0QB", "United Kingdom"]}, "categories": [{"id": "4bf58dd8d48988d128951735", "name": "Gift Shop", "pluralName": "Gift Shops", "shortName": "Gift Shop", "icon": {"prefix": "https://ss3.4sqi.net/img/categories_v2/shops/giftshop_", "suffix": ".png"}, "primary": true}], "photos": {"count": 0, "groups": []}}, "referralId": "e-0-4af5a5b0f964a520c9fa21e3-0"}, {"reasons": {"count": 0, "items": [{"summary": "This spot is popular", "type": "general", "reasonName": "globalInteractionReason"}]}, "venue": {"id": "4bd2c8bb41b9ef3b78b2fee5", "name": "Primark", "location": {"address": "1, Kings Mall Shopping Centre, Kings Street", "crossStreet": "King St.", "lat": 51.4926317, "lng": -0.228949, "labeledLatLngs": [{"label": "display", "lat": 51.4926317, "lng": -0.228949}], "distance": 197, "postalCode": "W6 0PZ", "cc": "GB", "city": "Hammersmith", "state": "Greater London", "country": "United Kingdom", "formattedAddress": ["1, Kings Mall Shopping Centre, Kings Street (King St.)", "Hammersmith", "Greater London", "W6 0PZ", "United Kingdom"]}, "categories": [{"id": "4bf58dd8d48988d103951735", "name": "Clothing Store", "pluralName": "Clothing Stores", "shortName": "Apparel", "icon": {"prefix": "https://ss3.4sqi.net/img/categories_v2/shops/apparel_", "suffix": ".png"}, "primary": true}], "photos": {"count": 0, "groups": []}}, "referralId": "e-0-4bd2c8bb41b9ef3b78b2fee5-1"}, {"reasons": {"count": 0, "items": [{"summary": "This spot is popular", "type": "general", "reasonName": "globalInteractionReason"}]}, "venue": {"id": "4be2af92b02ec9b605624dc0", "name": "Hammersmith Farmers Market", "location": {"address": "Lyric Sq", "lat": 51.49315708291267, "lng": -0.22589638183036137, "labeledLatLngs": [{"label": "display", "lat": 51.49315708291267, "lng": -0.22589638183036137}], "distance": 140, "postalCode": "W6 0QL", "cc": "GB", "city": "Hammersmith", "state": "Greater London", "country": "United Kingdom", "formattedAddress": ["Lyric Sq", "Hammersmith", "Greater London", "W6 0QL", "United Kingdom"]}, "categories": [{"id": "4bf58dd8d48988d1fa941735", "name": "Farmers Market", "pluralName": "Farmers Markets", "shortName": "Farmer's Market", "icon": {"prefix": "https://ss3.4sqi.net/img/categories_v2/shops/food_farmersmarket_", "suffix": ".png"}, "primary": true}], "photos": {"count": 0, "groups": []}}, "referralId": "e-0-4be2af92b02ec9b605624dc0-2"}, {"reasons": {"count": 0, "items": [{"summary": "This spot is popular", "type": "general", "reasonName": "globalInteractionReason"}]}, "venue": {"id": "56e55c02498e29dda256be07", "name": "wilko", "location": {"address": "Units 4-7 Kings Mall, Hammersmith", "crossStreet": "King St", "lat": 51.49344611840059, "lng": -0.22832208465570147, "labeledLatLngs": [{"label": "display", "lat": 51.49344611840059, "lng": -0.22832208465570147}], "distance": 99, "postalCode": "W6 0PZ", "cc": "GB", "city": "London", "state": "Greater London", "country": "United Kingdom", "formattedAddress": ["Units 4-7 Kings Mall, Hammersmith (King St)", "London", "Greater London", "W6 0PZ", "United Kingdom"]}, "categories": [{"id": "4bf58dd8d48988d1f8941735", "name": "Furniture / Home Store", "pluralName": "Furniture / Home Stores", "shortName": "Furniture / Home", "icon": {"prefix": "https://ss3.4sqi.net/img/categories_v2/shops/furniture_", "suffix": ".png"}, "primary": true}], "photos": {"count": 0, "groups": []}}, "referralId": "e-0-56e55c02498e29dda256be07-3"}, {"reasons": {"count": 0, "items": [{"summary": "This spot is popular", "type": "general", "reasonName": "globalInteractionReason"}]}, "venue": {"id": "4c3c59d47d00d13aa3ba3850", "name": "Boots", "location": {"address": "41-43 King St.", "lat": 51.492823791611116, "lng": -0.22702303184837033, "labeledLatLngs": [{"label": "display", "lat": 51.492823791611116, "lng": -0.22702303184837033}], "distance": 140, "postalCode": "W6 9HW", "cc": "GB", "city": "London", "state": "Greater London", "country": "United Kingdom", "formattedAddress": ["41-43 King St.", "London", "Greater London", "W6 9HW", "United Kingdom"]}, "categories": [{"id": "4bf58dd8d48988d10f951735", "name": "Pharmacy", "pluralName": "Pharmacies", "shortName": "Pharmacy", "icon": {"prefix": "https://ss3.4sqi.net/img/categories_v2/shops/pharmacy_", "suffix": ".png"}, "primary": true}], "photos": {"count": 0, "groups": []}}, "referralId": "e-0-4c3c59d47d00d13aa3ba3850-4"}, {"reasons": {"count": 0, "items": [{"summary": "This spot is popular", "type": "general", "reasonName": "globalInteractionReason"}]}, "venue": {"id": "4c093da0a1b32d7f205397f0", "name": "TK Maxx", "location": {"address": "57 King St.", "lat": 51.49257, "lng": -0.22732794, "labeledLatLngs": [{"label": "display", "lat": 51.49257, "lng": -0.22732794}], "distance": 167, "postalCode": "W6 9HW", "cc": "GB", "city": "London", "state": "Greater London", "country": "United Kingdom", "formattedAddress": ["57 King St.", "London", "Greater London", "W6 9HW", "United Kingdom"]}, "categories": [{"id": "4bf58dd8d48988d103951735", "name": "Clothing Store", "pluralName": "Clothing Stores", "shortName": "Apparel", "icon": {"prefix": "https://ss3.4sqi.net/img/categories_v2/shops/apparel_", "suffix": ".png"}, "primary": true}], "photos": {"count": 0, "groups": []}}, "referralId": "e-0-4c093da0a1b32d7f205397f0-5"}, {"reasons": {"count": 0, "items": [{"summary": "This spot is popular", "type": "general", "reasonName": "globalInteractionReason"}]}, "venue": {"id": "506307627ab45202da4684ec", "name": "Paperchase", "location": {"address": "1A Broadway Shopping Centre", "lat": 51.4930132488702, "lng": -0.22485978973823487, "labeledLatLngs": [{"label": "display", "lat": 51.4930132488702, "lng": -0.22485978973823487}], "distance": 205, "postalCode": "W6 9YD", "cc": "GB", "city": "Hammersmith Broadway", "state": "Greater London", "country": "United Kingdom", "formattedAddress": ["1A Broadway Shopping Centre", "Hammersmith Broadway", "Greater London", "W6 9YD", "United Kingdom"]}, "categories": [{"id": "52f2ab2ebcbc57f1066b8b21", "name": "Stationery Store", "pluralName": "Stationery Stores", "shortName": "Stationery Store", "icon": {"prefix": "https://ss3.4sqi.net/img/categories_v2/shops/default_", "suffix": ".png"}, "primary": true}], "photos": {"count": 0, "groups": []}}, "referralId": "e-0-506307627ab45202da4684ec-6"}, {"reasons": {"count": 0, "items": [{"summary": "This spot is popular", "type": "general", "reasonName": "globalInteractionReason"}]}, "venue": {"id": "4dd7996452b1a5c6444ffc0b", "name": "Game", "location": {"address": "Unit 8 Kings Mall Shopping Centre", "lat": 51.49328952773925, "lng": -0.22813795522234825, "labeledLatLngs": [{"label": "display", "lat": 51.49328952773925, "lng": -0.22813795522234825}], "distance": 104, "cc": "GB", "city": "London", "state": "Greater London", "country": "United Kingdom", "formattedAddress": ["Unit 8 Kings Mall Shopping Centre", "London", "Greater London", "United Kingdom"]}, "categories": [{"id": "4bf58dd8d48988d10b951735", "name": "Video Game Store", "pluralName": "Video Game Stores", "shortName": "Video Games", "icon": {"prefix": "https://ss3.4sqi.net/img/categories_v2/shops/videogames_", "suffix": ".png"}, "primary": true}], "photos": {"count": 0, "groups": []}}, "referralId": "e-0-4dd7996452b1a5c6444ffc0b-7"}, {"reasons": {"count": 0, "items": [{"summary": "This spot is popular", "type": "general", "reasonName": "globalInteractionReason"}]}, "venue": {"id": "52caf61b498eff572ccd4e8f", "name": "Hotel Chocolat", "location": {"address": "Unit 4 Hammersmith Broadway Shopping Centre", "lat": 51.49226648001383, "lng": -0.22395645985045085, "labeledLatLngs": [{"label": "display", "lat": 51.49226648001383, "lng": -0.22395645985045085}], "distance": 306, "postalCode": "W6 9YA", "cc": "GB", "city": "Hammersmith Broadway", "state": "Greater London", "country": "United Kingdom", "formattedAddress": ["Unit 4 Hammersmith Broadway Shopping Centre", "Hammersmith Broadway", "Greater London", "W6 9YA", "United Kingdom"]}, "categories": [{"id": "52f2ab2ebcbc57f1066b8b31", "name": "Chocolate Shop", "pluralName": "Chocolate Shops", "shortName": "Chocolate Shop", "icon": {"prefix": "https://ss3.4sqi.net/img/categories_v2/shops/candystore_", "suffix": ".png"}, "primary": true}], "photos": {"count": 0, "groups": []}}, "referralId": "e-0-52caf61b498eff572ccd4e8f-8"}, {"reasons": {"count": 0, "items": [{"summary": "This spot is popular", "type": "general", "reasonName": "globalInteractionReason"}]}, "venue": {"id": "5cdc5c8b5455b2002cfc72e9", "name": "M&S Foodhall", "location": {"address": "27 King Street", "lat": 51.492485, "lng": -0.22622523, "labeledLatLngs": [{"label": "display", "lat": 51.492485, "lng": -0.22622523}], "distance": 191, "postalCode": "W6 9HW", "cc": "GB", "neighborhood": "Hammersmith Broadway", "city": "Hammersmith", "state": "Greater London", "country": "United Kingdom", "formattedAddress": ["27 King Street", "Hammersmith", "Greater London", "W6 9HW", "United Kingdom"]}, "categories": [{"id": "4bf58dd8d48988d118951735", "name": "Grocery Store", "pluralName": "Grocery Stores", "shortName": "Grocery Store", "icon": {"prefix": "https://ss3.4sqi.net/img/categories_v2/shops/food_grocery_", "suffix": ".png"}, "primary": true}], "photos": {"count": 0, "groups": []}}, "referralId": "e-0-5cdc5c8b5455b2002cfc72e9-9"}, {"reasons": {"count": 0, "items": [{"summary": "This spot is popular", "type": "general", "reasonName": "globalInteractionReason"}]}, "venue": {"id": "4d078b0030a58cfa6c2ab1e7", "name": "Boots Opticians", "location": {"address": "1-15 King Street, Hammersmith", "lat": 51.4928324, "lng": -0.2253224, "labeledLatLngs": [{"label": "display", "lat": 51.4928324, "lng": -0.2253224}], "distance": 194, "postalCode": "W6 9HR", "cc": "GB", "city": "London", "state": "Greater London", "country": "United Kingdom", "formattedAddress": ["1-15 King Street, Hammersmith", "London", "Greater London", "W6 9HR", "United Kingdom"]}, "categories": [{"id": "4d954afda243a5684865b473", "name": "Optical Shop", "pluralName": "Optical Shops", "shortName": "Optical", "icon": {"prefix": "https://ss3.4sqi.net/img/categories_v2/building/medical_opticalshop_", "suffix": ".png"}, "primary": true}], "photos": {"count": 0, "groups": []}}, "referralId": "e-0-4d078b0030a58cfa6c2ab1e7-10"}, {"reasons": {"count": 0, "items": [{"summary": "This spot is popular", "type": "general", "reasonName": "globalInteractionReason"}]}, "venue": {"id": "5263dd8611d25185b8de76c9", "name": "H&M", "location": {"address": "8 King Street", "lat": 51.49284611609907, "lng": -0.22700338329985525, "labeledLatLngs": [{"label": "display", "lat": 51.49284611609907, "lng": -0.22700338329985525}], "distance": 137, "postalCode": "W6 9HW", "cc": "GB", "city": "London", "state": "Greater London", "country": "United Kingdom", "formattedAddress": ["8 King Street", "London", "Greater London", "W6 9HW", "United Kingdom"]}, "categories": [{"id": "4bf58dd8d48988d103951735", "name": "Clothing Store", "pluralName": "Clothing Stores", "shortName": "Apparel", "icon": {"prefix": "https://ss3.4sqi.net/img/categories_v2/shops/apparel_", "suffix": ".png"}, "primary": true}], "photos": {"count": 0, "groups": []}}, "referralId": "e-0-5263dd8611d25185b8de76c9-11"}, {"reasons": {"count": 0, "items": [{"summary": "This spot is popular", "type": "general", "reasonName": "globalInteractionReason"}]}, "venue": {"id": "4e42b42a1838ada3db608b20", "name": "Superdrug", "location": {"address": "65-69 King St", "lat": 51.49274017679108, "lng": -0.22778391838073728, "labeledLatLngs": [{"label": "display", "lat": 51.49274017679108, "lng": -0.22778391838073728}], "distance": 152, "postalCode": "W6 9HX", "cc": "GB", "city": "London", "state": "Greater London", "country": "United Kingdom", "formattedAddress": ["65-69 King St", "London", "Greater London", "W6 9HX", "United Kingdom"]}, "categories": [{"id": "4bf58dd8d48988d10f951735", "name": "Pharmacy", "pluralName": "Pharmacies", "shortName": "Pharmacy", "icon": {"prefix": "https://ss3.4sqi.net/img/categories_v2/shops/pharmacy_", "suffix": ".png"}, "primary": true}], "photos": {"count": 0, "groups": []}}, "referralId": "e-0-4e42b42a1838ada3db608b20-12"}, {"reasons": {"count": 0, "items": [{"summary": "This spot is popular", "type": "general", "reasonName": "globalInteractionReason"}]}, "venue": {"id": "4c6bfdd6463537044f1505bc", "name": "Boots", "location": {"address": "29-30 Broadway Shopping Ctr", "lat": 51.49230306436681, "lng": -0.2239742950724658, "labeledLatLngs": [{"label": "display", "lat": 51.49230306436681, "lng": -0.2239742950724658}], "distance": 303, "postalCode": "W12 8PP", "cc": "GB", "city": "London", "state": "Greater London", "country": "United Kingdom", "formattedAddress": ["29-30 Broadway Shopping Ctr", "London", "Greater London", "W12 8PP", "United Kingdom"]}, "categories": [{"id": "4bf58dd8d48988d10f951735", "name": "Pharmacy", "pluralName": "Pharmacies", "shortName": "Pharmacy", "icon": {"prefix": "https://ss3.4sqi.net/img/categories_v2/shops/pharmacy_", "suffix": ".png"}, "primary": true}], "photos": {"count": 0, "groups": []}}, "referralId": "e-0-4c6bfdd6463537044f1505bc-13"}, {"reasons": {"count": 0, "items": [{"summary": "This spot is popular", "type": "general", "reasonName": "globalInteractionReason"}]}, "venue": {"id": "4ba77282f964a520a59439e3", "name": "Marks & Spencer", "location": {"address": "27 King Street", "lat": 51.49248, "lng": -0.22643, "labeledLatLngs": [{"label": "display", "lat": 51.49248, "lng": -0.22643}], "distance": 187, "postalCode": "W6 9XW", "cc": "GB", "city": "London", "state": "Greater London", "country": "United Kingdom", "formattedAddress": ["27 King Street", "London", "Greater London", "W6 9XW", "United Kingdom"]}, "categories": [{"id": "4bf58dd8d48988d1f6941735", "name": "Department Store", "pluralName": "Department Stores", "shortName": "Department Store", "icon": {"prefix": "https://ss3.4sqi.net/img/categories_v2/shops/departmentstore_", "suffix": ".png"}, "primary": true}], "photos": {"count": 0, "groups": []}, "venuePage": {"id": "566810120"}}, "referralId": "e-0-4ba77282f964a520a59439e3-14"}, {"reasons": {"count": 0, "items": [{"summary": "This spot is popular", "type": "general", "reasonName": "globalInteractionReason"}]}, "venue": {"id": "4bdad50663c5c9b67e182568", "name": "Poundland", "location": {"address": "Unit 1, 49/63 King Street", "crossStreet": "King St", "lat": 51.4926261, "lng": -0.2273806, "labeledLatLngs": [{"label": "display", "lat": 51.4926261, "lng": -0.2273806}], "distance": 161, "postalCode": "W6 9HW", "cc": "GB", "city": "Hammersmith", "state": "Greater London", "country": "United Kingdom", "formattedAddress": ["Unit 1, 49/63 King Street (King St)", "Hammersmith", "Greater London", "W6 9HW", "United Kingdom"]}, "categories": [{"id": "52dea92d3cf9994f4e043dbb", "name": "Discount Store", "pluralName": "Discount Stores", "shortName": "Discount Store", "icon": {"prefix": "https://ss3.4sqi.net/img/categories_v2/shops/discountstore_", "suffix": ".png"}, "primary": true}], "photos": {"count": 0, "groups": []}}, "referralId": "e-0-4bdad50663c5c9b67e182568-15"}, {"reasons": {"count": 0, "items": [{"summary": "This spot is popular", "type": "general", "reasonName": "globalInteractionReason"}]}, "venue": {"id": "52c71b85498edbeb6478fa09", "name": "Superdrug", "location": {"address": "Unit 26 The Broadway Shopping Centre", "lat": 51.49235844096449, "lng": -0.22382861364877665, "labeledLatLngs": [{"label": "display", "lat": 51.49235844096449, "lng": -0.22382861364877665}], "distance": 306, "postalCode": "W6 9YD", "cc": "GB", "neighborhood": "Hammersmith and Fulham, London, Greater London", "city": "Hammersmith Broadway", "state": "Greater London", "country": "United Kingdom", "formattedAddress": ["Unit 26 The Broadway Shopping Centre", "Hammersmith Broadway", "Greater London", "W6 9YD", "United Kingdom"]}, "categories": [{"id": "4bf58dd8d48988d10f951735", "name": "Pharmacy", "pluralName": "Pharmacies", "shortName": "Pharmacy", "icon": {"prefix": "https://ss3.4sqi.net/img/categories_v2/shops/pharmacy_", "suffix": ".png"}, "primary": true}], "photos": {"count": 0, "groups": []}}, "referralId": "e-0-52c71b85498edbeb6478fa09-16"}, {"reasons": {"count": 0, "items": [{"summary": "This spot is popular", "type": "general", "reasonName": "globalInteractionReason"}]}, "venue": {"id": "4c5e7f069b28d13af2955c70", "name": "Iceland", "location": {"address": "111-117 King St", "lat": 51.49255789612499, "lng": -0.22999738020992985, "labeledLatLngs": [{"label": "display", "lat": 51.49255789612499, "lng": -0.22999738020992985}], "distance": 251, "postalCode": "W6 9LF", "cc": "GB", "city": "Hammersmith", "state": "Greater London", "country": "United Kingdom", "formattedAddress": ["111-117 King St", "Hammersmith", "Greater London", "W6 9LF", "United Kingdom"]}, "categories": [{"id": "4bf58dd8d48988d118951735", "name": "Grocery Store", "pluralName": "Grocery Stores", "shortName": "Grocery Store", "icon": {"prefix": "https://ss3.4sqi.net/img/categories_v2/shops/food_grocery_", "suffix": ".png"}, "primary": true}], "photos": {"count": 0, "groups": []}}, "referralId": "e-0-4c5e7f069b28d13af2955c70-17"}, {"reasons": {"count": 0, "items": [{"summary": "This spot is popular", "type": "general", "reasonName": "globalInteractionReason"}]}, "venue": {"id": "4b683ee5f964a520d16d2be3", "name": "Sainsbury's", "location": {"address": "2-3 Kings Mall, King Street", "crossStreet": "King St", "lat": 51.4927543, "lng": -0.2283656, "labeledLatLngs": [{"label": "display", "lat": 51.4927543, "lng": -0.2283656}], "distance": 164, "postalCode": "W6 0PZ", "cc": "GB", "city": "London", "state": "Greater London", "country": "United Kingdom", "formattedAddress": ["2-3 Kings Mall, King Street (King St)", "London", "Greater London", "W6 0PZ", "United Kingdom"]}, "categories": [{"id": "52f2ab2ebcbc57f1066b8b46", "name": "Supermarket", "pluralName": "Supermarkets", "shortName": "Supermarket", "icon": {"prefix": "https://ss3.4sqi.net/img/categories_v2/shops/food_grocery_", "suffix": ".png"}, "primary": true}], "photos": {"count": 0, "groups": []}}, "referralId": "e-0-4b683ee5f964a520d16d2be3-18"}, {"reasons": {"count": 0, "items": [{"summary": "This spot is popular", "type": "general", "reasonName": "globalInteractionReason"}]}, "venue": {"id": "4dd3cc31c65b69f936336ce1", "name": "Currys PC World", "location": {"address": "58 Kings Mall", "lat": 51.492125925874184, "lng": -0.22710057858985688, "labeledLatLngs": [{"label": "display", "lat": 51.492125925874184, "lng": -0.22710057858985688}], "distance": 217, "postalCode": "W6 0QB", "cc": "GB", "city": "Hammersmith", "state": "Greater London", "country": "United Kingdom", "formattedAddress": ["58 Kings Mall", "Hammersmith", "Greater London", "W6 0QB", "United Kingdom"]}, "categories": [{"id": "4bf58dd8d48988d122951735", "name": "Electronics Store", "pluralName": "Electronics Stores", "shortName": "Electronics", "icon": {"prefix": "https://ss3.4sqi.net/img/categories_v2/shops/technology_", "suffix": ".png"}, "primary": true}], "photos": {"count": 0, "groups": []}}, "referralId": "e-0-4dd3cc31c65b69f936336ce1-19"}, {"reasons": {"count": 0, "items": [{"summary": "This spot is popular", "type": "general", "reasonName": "globalInteractionReason"}]}, "venue": {"id": "4bd756ca09ecb713a5a2467c", "name": "Tesco Metro", "location": {"address": "13-16 Broadway Centre", "crossStreet": "Broadway Shopping Centre", "lat": 51.491516995211, "lng": -0.22366159259036067, "labeledLatLngs": [{"label": "display", "lat": 51.491516995211, "lng": -0.22366159259036067}], "distance": 379, "postalCode": "W6 9YD", "cc": "GB", "city": "London", "state": "Greater London", "country": "United Kingdom", "formattedAddress": ["13-16 Broadway Centre (Broadway Shopping Centre)", "London", "Greater London", "W6 9YD", "United Kingdom"]}, "categories": [{"id": "4bf58dd8d48988d118951735", "name": "Grocery Store", "pluralName": "Grocery Stores", "shortName": "Grocery Store", "icon": {"prefix": "https://ss3.4sqi.net/img/categories_v2/shops/food_grocery_", "suffix": ".png"}, "primary": true}], "photos": {"count": 0, "groups": []}}, "referralId": "e-0-4bd756ca09ecb713a5a2467c-20"}, {"reasons": {"count": 0, "items": [{"summary": "This spot is popular", "type": "general", "reasonName": "globalInteractionReason"}]}, "venue": {"id": "4bae0c5df964a520777e3be3", "name": "Argos", "location": {"address": "110-114 King St", "lat": 51.492612955039704, "lng": -0.2308326148702101, "labeledLatLngs": [{"label": "display", "lat": 51.492612955039704, "lng": -0.2308326148702101}], "distance": 293, "postalCode": "W6 0QP", "cc": "GB", "city": "London", "state": "Greater London", "country": "United Kingdom", "formattedAddress": ["110-114 King St", "London", "Greater London", "W6 0QP", "United Kingdom"]}, "categories": [{"id": "52e816a6bcbc57f1066b7a54", "name": "Warehouse Store", "pluralName": "Warehouse Stores", "shortName": "Warehouse Store", "icon": {"prefix": "https://ss3.4sqi.net/img/categories_v2/shops/default_", "suffix": ".png"}, "primary": true}], "photos": {"count": 0, "groups": []}}, "referralId": "e-0-4bae0c5df964a520777e3be3-21"}, {"reasons": {"count": 0, "items": [{"summary": "This spot is popular", "type": "general", "reasonName": "globalInteractionReason"}]}, "venue": {"id": "4fdde04ce4b094b0d1bbec74", "name": "Clarks", "location": {"address": "Unit 41 Kings Mall", "lat": 51.49292211392945, "lng": -0.2272784938496955, "labeledLatLngs": [{"label": "display", "lat": 51.49292211392945, "lng": -0.2272784938496955}], "distance": 128, "cc": "GB", "city": "London", "state": "Greater London", "country": "United Kingdom", "formattedAddress": ["Unit 41 Kings Mall", "London", "Greater London", "United Kingdom"]}, "categories": [{"id": "4bf58dd8d48988d107951735", "name": "Shoe Store", "pluralName": "Shoe Stores", "shortName": "Shoes", "icon": {"prefix": "https://ss3.4sqi.net/img/categories_v2/shops/apparel_shoestore_", "suffix": ".png"}, "primary": true}], "photos": {"count": 0, "groups": []}}, "referralId": "e-0-4fdde04ce4b094b0d1bbec74-22"}, {"reasons": {"count": 0, "items": [{"summary": "This spot is popular", "type": "general", "reasonName": "globalInteractionReason"}]}, "venue": {"id": "4cc4027406c25481a0389447", "name": "Ryman", "location": {"address": "15 King St", "lat": 51.49272060039129, "lng": -0.22558554232787964, "labeledLatLngs": [{"label": "display", "lat": 51.49272060039129, "lng": -0.22558554232787964}], "distance": 191, "postalCode": "W6 9HR", "cc": "GB", "city": "London", "state": "Greater London", "country": "United Kingdom", "formattedAddress": ["15 King St", "London", "Greater London", "W6 9HR", "United Kingdom"]}, "categories": [{"id": "52f2ab2ebcbc57f1066b8b21", "name": "Stationery Store", "pluralName": "Stationery Stores", "shortName": "Stationery Store", "icon": {"prefix": "https://ss3.4sqi.net/img/categories_v2/shops/default_", "suffix": ".png"}, "primary": true}], "photos": {"count": 0, "groups": []}}, "referralId": "e-0-4cc4027406c25481a0389447-23"}, {"reasons": {"count": 0, "items": [{"summary": "This spot is popular", "type": "general", "reasonName": "globalInteractionReason"}]}, "venue": {"id": "50e44670e4b0eb1f023caa27", "name": "Specsavers", "location": {"address": "19/20 Kings Mall", "crossStreet": "Kings Mall", "lat": 51.4930344, "lng": -0.2286545, "labeledLatLngs": [{"label": "display", "lat": 51.4930344, "lng": -0.2286545}], "distance": 148, "postalCode": "W6 0PZ", "cc": "GB", "city": "Hammersmith", "state": "Greater London", "country": "United Kingdom", "formattedAddress": ["19/20 Kings Mall (Kings Mall)", "Hammersmith", "Greater London", "W6 0PZ", "United Kingdom"]}, "categories": [{"id": "4d954afda243a5684865b473", "name": "Optical Shop", "pluralName": "Optical Shops", "shortName": "Optical", "icon": {"prefix": "https://ss3.4sqi.net/img/categories_v2/building/medical_opticalshop_", "suffix": ".png"}, "primary": true}], "photos": {"count": 0, "groups": []}}, "referralId": "e-0-50e44670e4b0eb1f023caa27-24"}, {"reasons": {"count": 0, "items": [{"summary": "This spot is popular", "type": "general", "reasonName": "globalInteractionReason"}]}, "venue": {"id": "4cd6bc2aaeb1224b7cdf29ff", "name": "Foot Locker", "location": {"address": "Unit 45 Kings Mall", "lat": 51.49271622793308, "lng": -0.22617154479383703, "labeledLatLngs": [{"label": "display", "lat": 51.49271622793308, "lng": -0.22617154479383703}], "distance": 169, "cc": "GB", "city": "London", "state": "Greater London", "country": "United Kingdom", "formattedAddress": ["Unit 45 Kings Mall", "London", "Greater London", "United Kingdom"]}, "categories": [{"id": "4bf58dd8d48988d107951735", "name": "Shoe Store", "pluralName": "Shoe Stores", "shortName": "Shoes", "icon": {"prefix": "https://ss3.4sqi.net/img/categories_v2/shops/apparel_shoestore_", "suffix": ".png"}, "primary": true}], "photos": {"count": 0, "groups": []}}, "referralId": "e-0-4cd6bc2aaeb1224b7cdf29ff-25"}, {"reasons": {"count": 0, "items": [{"summary": "This spot is popular", "type": "general", "reasonName": "globalInteractionReason"}]}, "venue": {"id": "4f0c6654e4b020a8d99a1507", "name": "Holland & Barrett", "location": {"address": "Unit 3 Kings Mall", "crossStreet": "at King St", "lat": 51.49273289908337, "lng": -0.227832270893688, "labeledLatLngs": [{"label": "display", "lat": 51.49273289908337, "lng": -0.227832270893688}], "distance": 153, "postalCode": "W6 0PZ", "cc": "GB", "city": "Hammersmith", "state": "Greater London", "country": "United Kingdom", "formattedAddress": ["Unit 3 Kings Mall (at King St)", "Hammersmith", "Greater London", "W6 0PZ", "United Kingdom"]}, "categories": [{"id": "50aa9e744b90af0d42d5de0e", "name": "Health Food Store", "pluralName": "Health Food Stores", "shortName": "Health Food Store", "icon": {"prefix": "https://ss3.4sqi.net/img/categories_v2/shops/food_grocery_", "suffix": ".png"}, "primary": true}], "photos": {"count": 0, "groups": []}}, "referralId": "e-0-4f0c6654e4b020a8d99a1507-26"}, {"reasons": {"count": 0, "items": [{"summary": "This spot is popular", "type": "general", "reasonName": "globalInteractionReason"}]}, "venue": {"id": "59da599e0a464d2a780af856", "name": "Redmans Solicitors", "location": {"address": "26-28 Hammersmith Grove", "lat": 51.49497205, "lng": -0.22602163, "labeledLatLngs": [{"label": "display", "lat": 51.49497205, "lng": -0.22602163}], "distance": 133, "postalCode": "W6 7BA", "cc": "GB", "city": "London", "state": "Greater London", "country": "United Kingdom", "formattedAddress": ["26-28 Hammersmith Grove", "London", "Greater London", "W6 7BA", "United Kingdom"]}, "categories": [{"id": "52f2ab2ebcbc57f1066b8b3f", "name": "Lawyer", "pluralName": "Lawyers", "shortName": "Lawyer", "icon": {"prefix": "https://ss3.4sqi.net/img/categories_v2/education/lawschool_", "suffix": ".png"}, "primary": true}], "photos": {"count": 0, "groups": []}}, "referralId": "e-0-59da599e0a464d2a780af856-27"}, {"reasons": {"count": 0, "items": [{"summary": "This spot is popular", "type": "general", "reasonName": "globalInteractionReason"}]}, "venue": {"id": "4fc5f161e4b00d55598368e4", "name": "EE", "location": {"address": "Unit 16 Kings Mall", "lat": 51.49301168619571, "lng": -0.22662416632974747, "labeledLatLngs": [{"label": "display", "lat": 51.49301168619571, "lng": -0.22662416632974747}], "distance": 126, "postalCode": "W6 0PZ", "cc": "GB", "city": "Hammersmith", "state": "Greater London", "country": "United Kingdom", "formattedAddress": ["Unit 16 Kings Mall", "Hammersmith", "Greater London", "W6 0PZ", "United Kingdom"]}, "categories": [{"id": "4f04afc02fb6e1c99f3db0bc", "name": "Mobile Phone Shop", "pluralName": "Mobile Phone Shops", "shortName": "Mobile Phones", "icon": {"prefix": "https://ss3.4sqi.net/img/categories_v2/shops/mobilephoneshop_", "suffix": ".png"}, "primary": true}], "photos": {"count": 0, "groups": []}}, "referralId": "e-0-4fc5f161e4b00d55598368e4-28"}, {"reasons": {"count": 0, "items": [{"summary": "This spot is popular", "type": "general", "reasonName": "globalInteractionReason"}]}, "venue": {"id": "4d7ba83be04d6ea8b025ecd5", "name": "Clintons", "location": {"address": "Unit 42 Kings Mall", "lat": 51.49282943659975, "lng": -0.22726128567161766, "labeledLatLngs": [{"label": "display", "lat": 51.49282943659975, "lng": -0.22726128567161766}], "distance": 138, "cc": "GB", "city": "Hammersmith", "state": "Greater London", "country": "United Kingdom", "formattedAddress": ["Unit 42 Kings Mall", "Hammersmith", "Greater London", "United Kingdom"]}, "categories": [{"id": "4bf58dd8d48988d128951735", "name": "Gift Shop", "pluralName": "Gift Shops", "shortName": "Gift Shop", "icon": {"prefix": "https://ss3.4sqi.net/img/categories_v2/shops/giftshop_", "suffix": ".png"}, "primary": true}], "photos": {"count": 0, "groups": []}}, "referralId": "e-0-4d7ba83be04d6ea8b025ecd5-29"}, {"reasons": {"count": 0, "items": [{"summary": "This spot is popular", "type": "general", "reasonName": "globalInteractionReason"}]}, "venue": {"id": "4c73e5161b11199ca65f6213", "name": "Blue Inc Clothing", "location": {"address": "Unit 11 Kings Mall", "lat": 51.49323448828923, "lng": -0.2280735969543457, "labeledLatLngs": [{"label": "display", "lat": 51.49323448828923, "lng": -0.2280735969543457}], "distance": 107, "postalCode": "W6 OPZ", "cc": "GB", "city": "Hammersmith", "state": "Greater London", "country": "United Kingdom", "formattedAddress": ["Unit 11 Kings Mall", "Hammersmith", "Greater London", "W6 OPZ", "United Kingdom"]}, "categories": [{"id": "4bf58dd8d48988d103951735", "name": "Clothing Store", "pluralName": "Clothing Stores", "shortName": "Apparel", "icon": {"prefix": "https://ss3.4sqi.net/img/categories_v2/shops/apparel_", "suffix": ".png"}, "primary": true}], "photos": {"count": 0, "groups": []}}, "referralId": "e-0-4c73e5161b11199ca65f6213-30"}, {"reasons": {"count": 0, "items": [{"summary": "This spot is popular", "type": "general", "reasonName": "globalInteractionReason"}]}, "venue": {"id": "59948118916bc117de6a67f7", "name": "Poundland", "location": {"lat": 51.49301, "lng": -0.22877666, "labeledLatLngs": [{"label": "display", "lat": 51.49301, "lng": -0.22877666}], "distance": 156, "postalCode": "W6", "cc": "GB", "city": "London", "state": "Greater London", "country": "United Kingdom", "formattedAddress": ["London", "Greater London", "W6", "United Kingdom"]}, "categories": [{"id": "4bf58dd8d48988d1fd941735", "name": "Shopping Mall", "pluralName": "Shopping Malls", "shortName": "Mall", "icon": {"prefix": "https://ss3.4sqi.net/img/categories_v2/shops/mall_", "suffix": ".png"}, "primary": true}], "photos": {"count": 0, "groups": []}}, "referralId": "e-0-59948118916bc117de6a67f7-31"}, {"reasons": {"count": 0, "items": [{"summary": "This spot is popular", "type": "general", "reasonName": "globalInteractionReason"}]}, "venue": {"id": "56004f99498e0c5eaf4984af", "name": "Cromwell Wilkes", "location": {"address": "1 Lyric Square,Hammersmith", "lat": 51.49323448828923, "lng": -0.22676467895507812, "labeledLatLngs": [{"label": "display", "lat": 51.49323448828923, "lng": -0.22676467895507812}], "distance": 100, "postalCode": "W6 0NB", "cc": "GB", "city": "London", "state": "Greater London", "country": "United Kingdom", "formattedAddress": ["1 Lyric Square,Hammersmith", "London", "Greater London", "W6 0NB", "United Kingdom"]}, "categories": [{"id": "52f2ab2ebcbc57f1066b8b3f", "name": "Lawyer", "pluralName": "Lawyers", "shortName": "Lawyer", "icon": {"prefix": "https://ss3.4sqi.net/img/categories_v2/education/lawschool_", "suffix": ".png"}, "primary": true}], "photos": {"count": 0, "groups": []}, "venuePage": {"id": "141333161"}}, "referralId": "e-0-56004f99498e0c5eaf4984af-32"}, {"reasons": {"count": 0, "items": [{"summary": "This spot is popular", "type": "general", "reasonName": "globalInteractionReason"}]}, "venue": {"id": "5d2d7bedbc080d002375c01c", "name": "Smile Direct Club", "location": {"address": "12 Hammersmith Grove", "lat": 51.4942207, "lng": -0.2256634, "labeledLatLngs": [{"label": "display", "lat": 51.4942207, "lng": -0.2256634}], "distance": 114, "postalCode": "W6 7AP", "cc": "GB", "city": "City of London", "state": "Greater London", "country": "United Kingdom", "formattedAddress": ["12 Hammersmith Grove", "City of London", "Greater London", "W6 7AP", "United Kingdom"]}, "categories": [{"id": "54541900498ea6ccd0202697", "name": "Health & Beauty Service", "pluralName": "Health & Beauty Services", "shortName": "Health & Beauty", "icon": {"prefix": "https://ss3.4sqi.net/img/categories_v2/shops/salon_barber_", "suffix": ".png"}, "primary": true}], "photos": {"count": 0, "groups": []}}, "referralId": "e-0-5d2d7bedbc080d002375c01c-33"}, {"reasons": {"count": 0, "items": [{"summary": "This spot is popular", "type": "general", "reasonName": "globalInteractionReason"}]}, "venue": {"id": "4fbd5eb67beb0c9cab0db685", "name": "Clinique Counter", "location": {"address": "Boots The Chemist, 43 King Street, Hammersmith", "lat": 51.4924683, "lng": -0.2277047, "labeledLatLngs": [{"label": "display", "lat": 51.4924683, "lng": -0.2277047}], "distance": 180, "postalCode": "W6 9HW", "cc": "GB", "city": "London", "state": "Greater London", "country": "United Kingdom", "formattedAddress": ["Boots The Chemist, 43 King Street, Hammersmith", "London", "Greater London", "W6 9HW", "United Kingdom"]}, "categories": [{"id": "4bf58dd8d48988d10c951735", "name": "Cosmetics Shop", "pluralName": "Cosmetics Shops", "shortName": "Cosmetics", "icon": {"prefix": "https://ss3.4sqi.net/img/categories_v2/shops/beauty_cosmetic_", "suffix": ".png"}, "primary": true}], "photos": {"count": 0, "groups": []}}, "referralId": "e-0-4fbd5eb67beb0c9cab0db685-34"}, {"reasons": {"count": 0, "items": [{"summary": "This spot is popular", "type": "general", "reasonName": "globalInteractionReason"}]}, "venue": {"id": "5846dacf02b60e05cc0d173d", "name": "Golden Eyelashes", "location": {"address": "85 Hammersmith Grove", "lat": 51.494817584987764, "lng": -0.2266198396682739, "labeledLatLngs": [{"label": "display", "lat": 51.494817584987764, "lng": -0.2266198396682739}], "distance": 95, "postalCode": "W6 0NQ", "cc": "GB", "city": "London", "state": "Greater London", "country": "United Kingdom", "formattedAddress": ["85 Hammersmith Grove", "London", "Greater London", "W6 0NQ", "United Kingdom"]}, "categories": [{"id": "54541900498ea6ccd0202697", "name": "Health & Beauty Service", "pluralName": "Health & Beauty Services", "shortName": "Health & Beauty", "icon": {"prefix": "https://ss3.4sqi.net/img/categories_v2/shops/salon_barber_", "suffix": ".png"}, "primary": true}], "photos": {"count": 0, "groups": []}, "venuePage": {"id": "379977937"}}, "referralId": "e-0-5846dacf02b60e05cc0d173d-35"}, {"reasons": {"count": 0, "items": [{"summary": "This spot is popular", "type": "general", "reasonName": "globalInteractionReason"}]}, "venue": {"id": "4f662528e4b0bca463cc1d8c", "name": "Ladbrokes", "location": {"address": "1 King St", "lat": 51.4927000972455, "lng": -0.22509098052978516, "labeledLatLngs": [{"label": "display", "lat": 51.4927000972455, "lng": -0.22509098052978516}], "distance": 216, "postalCode": "W6 9HR", "cc": "GB", "city": "Hammersmith", "state": "Greater London", "country": "United Kingdom", "formattedAddress": ["1 King St", "Hammersmith", "Greater London", "W6 9HR", "United Kingdom"]}, "categories": [{"id": "52f2ab2ebcbc57f1066b8b40", "name": "Betting Shop", "pluralName": "Betting Shops", "shortName": "Betting Shop", "icon": {"prefix": "https://ss3.4sqi.net/img/categories_v2/shops/financial_", "suffix": ".png"}, "primary": true}], "photos": {"count": 0, "groups": []}}, "referralId": "e-0-4f662528e4b0bca463cc1d8c-36"}, {"reasons": {"count": 0, "items": [{"summary": "This spot is popular", "type": "general", "reasonName": "globalInteractionReason"}]}, "venue": {"id": "4b62b3bef964a520964f2ae3", "name": "Scribbler", "location": {"address": "Broadway Shopping Centre", "lat": 51.492965703566824, "lng": -0.22471735128512066, "labeledLatLngs": [{"label": "display", "lat": 51.492965703566824, "lng": -0.22471735128512066}], "distance": 217, "postalCode": "W6 9YD", "cc": "GB", "city": "Hammersmith Broadway", "state": "Greater London", "country": "United Kingdom", "formattedAddress": ["Broadway Shopping Centre", "Hammersmith Broadway", "Greater London", "W6 9YD", "United Kingdom"]}, "categories": [{"id": "4bf58dd8d48988d128951735", "name": "Gift Shop", "pluralName": "Gift Shops", "shortName": "Gift Shop", "icon": {"prefix": "https://ss3.4sqi.net/img/categories_v2/shops/giftshop_", "suffix": ".png"}, "primary": true}], "photos": {"count": 0, "groups": []}}, "referralId": "e-0-4b62b3bef964a520964f2ae3-37"}, {"reasons": {"count": 0, "items": [{"summary": "This spot is popular", "type": "general", "reasonName": "globalInteractionReason"}]}, "venue": {"id": "4eb00835be7b409f8c14a2ca", "name": "WHSmith", "location": {"address": "34b The Broadway Shopping Center", "lat": 51.492784697422614, "lng": -0.22454947272982706, "labeledLatLngs": [{"label": "display", "lat": 51.492784697422614, "lng": -0.22454947272982706}], "distance": 238, "postalCode": "W6 9YD", "cc": "GB", "city": "London", "state": "Greater London", "country": "United Kingdom", "formattedAddress": ["34b The Broadway Shopping Center", "London", "Greater London", "W6 9YD", "United Kingdom"]}, "categories": [{"id": "4bf58dd8d48988d114951735", "name": "Bookstore", "pluralName": "Bookstores", "shortName": "Bookstore", "icon": {"prefix": "https://ss3.4sqi.net/img/categories_v2/shops/bookstore_", "suffix": ".png"}, "primary": true}], "photos": {"count": 0, "groups": []}}, "referralId": "e-0-4eb00835be7b409f8c14a2ca-38"}, {"reasons": {"count": 0, "items": [{"summary": "This spot is popular", "type": "general", "reasonName": "globalInteractionReason"}]}, "venue": {"id": "522dbba9498e31429bdc06a5", "name": "X Electrical", "location": {"address": "125 King Street", "lat": 51.492577, "lng": -0.230145, "labeledLatLngs": [{"label": "display", "lat": 51.492577, "lng": -0.230145}], "distance": 258, "postalCode": "W6 9JG", "cc": "GB", "city": "Hammersmith", "state": "Greater London", "country": "United Kingdom", "formattedAddress": ["125 King Street", "Hammersmith", "Greater London", "W6 9JG", "United Kingdom"]}, "categories": [{"id": "4bf58dd8d48988d1fe941735", "name": "Music Store", "pluralName": "Music Stores", "shortName": "Music Store", "icon": {"prefix": "https://ss3.4sqi.net/img/categories_v2/shops/music_instruments_", "suffix": ".png"}, "primary": true}], "photos": {"count": 0, "groups": []}}, "referralId": "e-0-522dbba9498e31429bdc06a5-39"}, {"reasons": {"count": 0, "items": [{"summary": "This spot is popular", "type": "general", "reasonName": "globalInteractionReason"}]}, "venue": {"id": "524ab31b11d2600eb70bf0ec", "name": "Savers", "location": {"lat": 51.492592674354746, "lng": -0.23032878331917336, "labeledLatLngs": [{"label": "display", "lat": 51.492592674354746, "lng": -0.23032878331917336}], "distance": 266, "cc": "GB", "city": "London", "state": "Greater London", "country": "United Kingdom", "formattedAddress": ["London", "Greater London", "United Kingdom"]}, "categories": [{"id": "4bf58dd8d48988d10c951735", "name": "Cosmetics Shop", "pluralName": "Cosmetics Shops", "shortName": "Cosmetics", "icon": {"prefix": "https://ss3.4sqi.net/img/categories_v2/shops/beauty_cosmetic_", "suffix": ".png"}, "primary": true}], "photos": {"count": 0, "groups": []}}, "referralId": "e-0-524ab31b11d2600eb70bf0ec-40"}, {"reasons": {"count": 0, "items": [{"summary": "This spot is popular", "type": "general", "reasonName": "globalInteractionReason"}]}, "venue": {"id": "534d8884498e2707657b732a", "name": "Oliver Bonas", "location": {"address": "10a, The Broadway Shopping Centre, Hammersmith Broadway", "lat": 51.492397, "lng": -0.224144, "labeledLatLngs": [{"label": "display", "lat": 51.492397, "lng": -0.224144}], "distance": 287, "postalCode": "W6 9YE", "cc": "GB", "city": "London", "state": "Greater London", "country": "United Kingdom", "formattedAddress": ["10a, The Broadway Shopping Centre, Hammersmith Broadway", "London", "Greater London", "W6 9YE", "United Kingdom"]}, "categories": [{"id": "4bf58dd8d48988d103951735", "name": "Clothing Store", "pluralName": "Clothing Stores", "shortName": "Apparel", "icon": {"prefix": "https://ss3.4sqi.net/img/categories_v2/shops/apparel_", "suffix": ".png"}, "primary": true}], "photos": {"count": 0, "groups": []}}, "referralId": "e-0-534d8884498e2707657b732a-41"}, {"reasons": {"count": 0, "items": [{"summary": "This spot is popular", "type": "general", "reasonName": "globalInteractionReason"}]}, "venue": {"id": "529b80da11d21cfe35c5e966", "name": "Accessorize", "location": {"address": "Broadway Shopping Centre", "crossStreet": "Hammersmith Broadway", "lat": 51.49293068397181, "lng": -0.22345137067093387, "labeledLatLngs": [{"label": "display", "lat": 51.49293068397181, "lng": -0.22345137067093387}], "distance": 295, "postalCode": "W6 9YD", "cc": "GB", "city": "London", "state": "Greater London", "country": "United Kingdom", "formattedAddress": ["Broadway Shopping Centre (Hammersmith Broadway)", "London", "Greater London", "W6 9YD", "United Kingdom"]}, "categories": [{"id": "4bf58dd8d48988d102951735", "name": "Accessories Store", "pluralName": "Accessories Stores", "shortName": "Accessories", "icon": {"prefix": "https://ss3.4sqi.net/img/categories_v2/shops/apparel_accessories_", "suffix": ".png"}, "primary": true}], "photos": {"count": 0, "groups": []}}, "referralId": "e-0-529b80da11d21cfe35c5e966-42"}, {"reasons": {"count": 0, "items": [{"summary": "This spot is popular", "type": "general", "reasonName": "globalInteractionReason"}]}, "venue": {"id": "5d2e1b47afbe290023c8c33f", "name": "Istanbul Organic", "location": {"lat": 51.492595, "lng": -0.231077, "labeledLatLngs": [{"label": "display", "lat": 51.492595, "lng": -0.231077}], "distance": 309, "postalCode": "W6 0QP", "cc": "GB", "city": "London", "state": "Greater London", "country": "United Kingdom", "formattedAddress": ["London", "Greater London", "W6 0QP", "United Kingdom"]}, "categories": [{"id": "52f2ab2ebcbc57f1066b8b45", "name": "Organic Grocery", "pluralName": "Organic Groceries", "shortName": "Organic Grocery", "icon": {"prefix": "https://ss3.4sqi.net/img/categories_v2/shops/food_grocery_", "suffix": ".png"}, "primary": true}], "photos": {"count": 0, "groups": []}}, "referralId": "e-0-5d2e1b47afbe290023c8c33f-43"}, {"reasons": {"count": 0, "items": [{"summary": "This spot is popular", "type": "general", "reasonName": "globalInteractionReason"}]}, "venue": {"id": "4d6663a5a282a1cd2ed42d64", "name": "Savers", "location": {"address": "King street", "lat": 51.491544591194895, "lng": -0.22938312363442062, "labeledLatLngs": [{"label": "display", "lat": 51.491544591194895, "lng": -0.22938312363442062}], "distance": 316, "cc": "GB", "city": "Hammersmith", "state": "Greater London", "country": "United Kingdom", "formattedAddress": ["King street", "Hammersmith", "Greater London", "United Kingdom"]}, "categories": [{"id": "4bf58dd8d48988d10c951735", "name": "Cosmetics Shop", "pluralName": "Cosmetics Shops", "shortName": "Cosmetics", "icon": {"prefix": "https://ss3.4sqi.net/img/categories_v2/shops/beauty_cosmetic_", "suffix": ".png"}, "primary": true}], "photos": {"count": 0, "groups": []}}, "referralId": "e-0-4d6663a5a282a1cd2ed42d64-44"}, {"reasons": {"count": 0, "items": [{"summary": "This spot is popular", "type": "general", "reasonName": "globalInteractionReason"}]}, "venue": {"id": "5bea219cd176e90025f50947", "name": "Tellurian Solutions", "location": {"address": "65 Overstone Rd", "lat": 51.49683, "lng": -0.22838, "labeledLatLngs": [{"label": "display", "lat": 51.49683, "lng": -0.22838}], "distance": 316, "postalCode": "W6 0AD", "cc": "GB", "city": "London", "state": "Greater London", "country": "United Kingdom", "formattedAddress": ["65 Overstone Rd", "London", "Greater London", "W6 0AD", "United Kingdom"]}, "categories": [{"id": "5453de49498eade8af355881", "name": "Business Service", "pluralName": "Business Services", "shortName": "Business Services", "icon": {"prefix": "https://ss3.4sqi.net/img/categories_v2/building/default_", "suffix": ".png"}, "primary": true}], "photos": {"count": 0, "groups": []}, "venuePage": {"id": "521760760"}}, "referralId": "e-0-5bea219cd176e90025f50947-45"}, {"reasons": {"count": 0, "items": [{"summary": "This spot is popular", "type": "general", "reasonName": "globalInteractionReason"}]}, "venue": {"id": "4cc5f5e61e596dcbd062db67", "name": "Cards Galore", "location": {"address": "Hammersmith Broadway Shopping Centre", "lat": 51.49191814493611, "lng": -0.22382368708562644, "labeledLatLngs": [{"label": "display", "lat": 51.49191814493611, "lng": -0.22382368708562644}], "distance": 339, "cc": "GB", "city": "London", "state": "Greater London", "country": "United Kingdom", "formattedAddress": ["Hammersmith Broadway Shopping Centre", "London", "Greater London", "United Kingdom"]}, "categories": [{"id": "4bf58dd8d48988d128951735", "name": "Gift Shop", "pluralName": "Gift Shops", "shortName": "Gift Shop", "icon": {"prefix": "https://ss3.4sqi.net/img/categories_v2/shops/giftshop_", "suffix": ".png"}, "primary": true}], "photos": {"count": 0, "groups": []}}, "referralId": "e-0-4cc5f5e61e596dcbd062db67-46"}, {"reasons": {"count": 0, "items": [{"summary": "This spot is popular", "type": "general", "reasonName": "globalInteractionReason"}]}, "venue": {"id": "4bfe6e61f61dc9b6c363a0de", "name": "O2", "location": {"address": "43 Kings Mall", "lat": 51.49262693785275, "lng": -0.22634187928502816, "labeledLatLngs": [{"label": "display", "lat": 51.49262693785275, "lng": -0.22634187928502816}], "distance": 173, "postalCode": "W6 9HW", "cc": "GB", "city": "Hammersmith", "state": "Greater London", "country": "United Kingdom", "formattedAddress": ["43 Kings Mall", "Hammersmith", "Greater London", "W6 9HW", "United Kingdom"]}, "categories": [{"id": "4f04afc02fb6e1c99f3db0bc", "name": "Mobile Phone Shop", "pluralName": "Mobile Phone Shops", "shortName": "Mobile Phones", "icon": {"prefix": "https://ss3.4sqi.net/img/categories_v2/shops/mobilephoneshop_", "suffix": ".png"}, "primary": true}], "photos": {"count": 0, "groups": []}}, "referralId": "e-0-4bfe6e61f61dc9b6c363a0de-47"}, {"reasons": {"count": 0, "items": [{"summary": "This spot is popular", "type": "general", "reasonName": "globalInteractionReason"}]}, "venue": {"id": "4d8f4af1c479a35d17cb5897", "name": "Sports Direct", "location": {"address": "19-20 Kings Mall Shopping Centre", "crossStreet": "at King St.", "lat": 51.49306783255498, "lng": -0.22653750090374142, "labeledLatLngs": [{"label": "display", "lat": 51.49306783255498, "lng": -0.22653750090374142}], "distance": 123, "postalCode": "W6 0QS", "cc": "GB", "city": "Hammersmith", "state": "Greater London", "country": "United Kingdom", "formattedAddress": ["19-20 Kings Mall Shopping Centre (at King St.)", "Hammersmith", "Greater London", "W6 0QS", "United Kingdom"]}, "categories": [{"id": "4bf58dd8d48988d1f2941735", "name": "Sporting Goods Shop", "pluralName": "Sporting Goods Shops", "shortName": "Sporting Goods", "icon": {"prefix": "https://ss3.4sqi.net/img/categories_v2/shops/sports_outdoors_", "suffix": ".png"}, "primary": true}], "photos": {"count": 0, "groups": []}}, "referralId": "e-0-4d8f4af1c479a35d17cb5897-48"}, {"reasons": {"count": 0, "items": [{"summary": "This spot is popular", "type": "general", "reasonName": "globalInteractionReason"}]}, "venue": {"id": "4caf176bb4b0a35d35ef3dce", "name": "Krisp", "location": {"address": "Unit 12 Kings Mall Shopping Centre", "lat": 51.493529, "lng": -0.22709199554534504, "labeledLatLngs": [{"label": "display", "lat": 51.493529, "lng": -0.22709199554534504}], "distance": 62, "postalCode": "W6 9HN", "cc": "GB", "city": "Hammersmith", "state": "Greater London", "country": "United Kingdom", "formattedAddress": ["Unit 12 Kings Mall Shopping Centre", "Hammersmith", "Greater London", "W6 9HN", "United Kingdom"]}, "categories": [{"id": "4bf58dd8d48988d108951735", "name": "Women's Store", "pluralName": "Women's Stores", "shortName": "Women's Store", "icon": {"prefix": "https://ss3.4sqi.net/img/categories_v2/shops/apparel_women_", "suffix": ".png"}, "primary": true}], "photos": {"count": 0, "groups": []}}, "referralId": "e-0-4caf176bb4b0a35d35ef3dce-49"}, {"reasons": {"count": 0, "items": [{"summary": "This spot is popular", "type": "general", "reasonName": "globalInteractionReason"}]}, "venue": {"id": "54ca3cf8498e9126fafc65e9", "name": "Rush Hair", "location": {"lat": 51.492621, "lng": -0.229324, "labeledLatLngs": [{"label": "display", "lat": 51.492621, "lng": -0.229324}], "distance": 214, "cc": "GB", "city": "London", "state": "Greater London", "country": "United Kingdom", "formattedAddress": ["London", "Greater London", "United Kingdom"]}, "categories": [{"id": "54541900498ea6ccd0202697", "name": "Health & Beauty Service", "pluralName": "Health & Beauty Services", "shortName": "Health & Beauty", "icon": {"prefix": "https://ss3.4sqi.net/img/categories_v2/shops/salon_barber_", "suffix": ".png"}, "primary": true}], "photos": {"count": 0, "groups": []}}, "referralId": "e-0-54ca3cf8498e9126fafc65e9-50"}, {"reasons": {"count": 0, "items": [{"summary": "This spot is popular", "type": "general", "reasonName": "globalInteractionReason"}]}, "venue": {"id": "4fd63fc1bb3dedc90f9cc3d8", "name": "Ultralase", "location": {"address": "3 Albion Place", "lat": 51.49313429044569, "lng": -0.23279428482055664, "labeledLatLngs": [{"label": "display", "lat": 51.49313429044569, "lng": -0.23279428482055664}], "distance": 395, "postalCode": "W6 0QT", "cc": "GB", "city": "Hammersmith", "state": "Greater London", "country": "United Kingdom", "formattedAddress": ["3 Albion Place", "Hammersmith", "Greater London", "W6 0QT", "United Kingdom"]}, "categories": [{"id": "4d954afda243a5684865b473", "name": "Optical Shop", "pluralName": "Optical Shops", "shortName": "Optical", "icon": {"prefix": "https://ss3.4sqi.net/img/categories_v2/building/medical_opticalshop_", "suffix": ".png"}, "primary": true}], "photos": {"count": 0, "groups": []}}, "referralId": "e-0-4fd63fc1bb3dedc90f9cc3d8-51"}, {"reasons": {"count": 0, "items": [{"summary": "This spot is popular", "type": "general", "reasonName": "globalInteractionReason"}]}, "venue": {"id": "4d442a16c3e5f04ddb639720", "name": "Cancer Research UK", "location": {"address": "123a King St", "lat": 51.492611230761526, "lng": -0.22989916317744777, "labeledLatLngs": [{"label": "display", "lat": 51.492611230761526, "lng": -0.22989916317744777}], "distance": 242, "postalCode": "W6 9JG", "cc": "GB", "city": "London", "state": "Greater London", "country": "United Kingdom", "formattedAddress": ["123a King St", "London", "Greater London", "W6 9JG", "United Kingdom"]}, "categories": [{"id": "4bf58dd8d48988d101951735", "name": "Thrift / Vintage Store", "pluralName": "Thrift / Vintage Stores", "shortName": "Thrift / Vintage", "icon": {"prefix": "https://ss3.4sqi.net/img/categories_v2/shops/default_", "suffix": ".png"}, "primary": true}], "photos": {"count": 0, "groups": []}}, "referralId": "e-0-4d442a16c3e5f04ddb639720-52"}, {"reasons": {"count": 0, "items": [{"summary": "This spot is popular", "type": "general", "reasonName": "globalInteractionReason"}]}, "venue": {"id": "4c9a4564b8e9224b7e714c3d", "name": "Thomas Exchange Global", "location": {"address": "Unit 3 Broadway Shopping Centre", "lat": 51.492614829098976, "lng": -0.22411957990861378, "labeledLatLngs": [{"label": "display", "lat": 51.492614829098976, "lng": -0.22411957990861378}], "distance": 273, "postalCode": "W6 9YD", "cc": "GB", "neighborhood": "Hammer", "city": "London", "state": "Greater London", "country": "United Kingdom", "formattedAddress": ["Unit 3 Broadway Shopping Centre", "London", "Greater London", "W6 9YD", "United Kingdom"]}, "categories": [{"id": "5744ccdfe4b0c0459246b4be", "name": "Currency Exchange", "pluralName": "Currency Exchanges", "shortName": "Currency Exchange", "icon": {"prefix": "https://ss3.4sqi.net/img/categories_v2/shops/financial_", "suffix": ".png"}, "primary": true}], "photos": {"count": 0, "groups": []}}, "referralId": "e-0-4c9a4564b8e9224b7e714c3d-53"}, {"reasons": {"count": 0, "items": [{"summary": "This spot is popular", "type": "general", "reasonName": "globalInteractionReason"}]}, "venue": {"id": "4edb9ba1f9abeea3db110c5f", "name": "Smokemart", "location": {"address": "123b King St.", "lat": 51.49262884199672, "lng": -0.23087088188685273, "labeledLatLngs": [{"label": "display", "lat": 51.49262884199672, "lng": -0.23087088188685273}], "distance": 295, "postalCode": "W6 9JG", "cc": "GB", "city": "London", "state": "Greater London", "country": "United Kingdom", "formattedAddress": ["123b King St.", "London", "Greater London", "W6 9JG", "United Kingdom"]}, "categories": [{"id": "4d954b0ea243a5684a65b473", "name": "Convenience Store", "pluralName": "Convenience Stores", "shortName": "Convenience Store", "icon": {"prefix": "https://ss3.4sqi.net/img/categories_v2/shops/conveniencestore_", "suffix": ".png"}, "primary": true}], "photos": {"count": 0, "groups": []}}, "referralId": "e-0-4edb9ba1f9abeea3db110c5f-54"}, {"reasons": {"count": 0, "items": [{"summary": "This spot is popular", "type": "general", "reasonName": "globalInteractionReason"}]}, "venue": {"id": "5708c1e5498e618219c492ff", "name": "Paddy Power", "location": {"address": "118 King Street", "lat": 51.49268673738915, "lng": -0.2309274673461914, "labeledLatLngs": [{"label": "display", "lat": 51.49268673738915, "lng": -0.2309274673461914}], "distance": 295, "postalCode": "W6 0QP", "cc": "GB", "city": "London", "state": "Greater London", "country": "United Kingdom", "formattedAddress": ["118 King Street", "Hammersmith and Fulham", "Greater London", "W6 0QP", "United Kingdom"]}, "categories": [{"id": "52f2ab2ebcbc57f1066b8b40", "name": "Betting Shop", "pluralName": "Betting Shops", "shortName": "Betting Shop", "icon": {"prefix": "https://ss3.4sqi.net/img/categories_v2/shops/financial_", "suffix": ".png"}, "primary": true}], "photos": {"count": 0, "groups": []}, "venuePage": {"id": "548111738"}}, "referralId": "e-0-5708c1e5498e618219c492ff-55"}, {"reasons": {"count": 0, "items": [{"summary": "This spot is popular", "type": "general", "reasonName": "globalInteractionReason"}]}, "venue": {"id": "5294c912498e11ceb765bdd0", "name": "Timpson", "location": {"lat": 51.492323, "lng": -0.223972, "labeledLatLngs": [{"label": "display", "lat": 51.492323, "lng": -0.223972}], "distance": 301, "cc": "GB", "country": "United Kingdom", "formattedAddress": ["United Kingdom"]}, "categories": [{"id": "52f2ab2ebcbc57f1066b8b39", "name": "Shoe Repair", "pluralName": "Shoe Repair Shops", "shortName": "Shoe Repair", "icon": {"prefix": "https://ss3.4sqi.net/img/categories_v2/shops/apparel_shoestore_", "suffix": ".png"}, "primary": true}], "photos": {"count": 0, "groups": []}}, "referralId": "e-0-5294c912498e11ceb765bdd0-56"}, {"reasons": {"count": 0, "items": [{"summary": "This spot is popular", "type": "general", "reasonName": "globalInteractionReason"}]}, "venue": {"id": "5ed61fff0ac2020008ee221b", "name": "H And T Pawnbrokers", "location": {"address": "116 King Street", "lat": 51.49268923, "lng": -0.23106259, "labeledLatLngs": [{"label": "display", "lat": 51.49268923, "lng": -0.23106259}], "distance": 302, "postalCode": "W6 0QU", "cc": "GB", "city": "Hammersmith", "state": "Greater London", "country": "United Kingdom", "formattedAddress": ["116 King Street", "Hammersmith", "Greater London", "W6 0QU", "United Kingdom"]}, "categories": [{"id": "52f2ab2ebcbc57f1066b8b34", "name": "Pawn Shop", "pluralName": "Pawn Shops", "shortName": "Pawn Shop", "icon": {"prefix": "https://ss3.4sqi.net/img/categories_v2/shops/default_", "suffix": ".png"}, "primary": true}], "photos": {"count": 0, "groups": []}, "venuePage": {"id": "582029159"}}, "referralId": "e-0-5ed61fff0ac2020008ee221b-57"}, {"reasons": {"count": 0, "items": [{"summary": "This spot is popular", "type": "general", "reasonName": "globalInteractionReason"}]}, "venue": {"id": "4af5a12cf964a52091fa21e3", "name": "Kings Mall", "location": {"address": "King St", "lat": 51.492976207302334, "lng": -0.22720199415494507, "labeledLatLngs": [{"label": "display", "lat": 51.492976207302334, "lng": -0.22720199415494507}], "distance": 122, "postalCode": "W6 9HW", "cc": "GB", "city": "London", "state": "Greater London", "country": "United Kingdom", "formattedAddress": ["King St", "London", "Greater London", "W6 9HW", "United Kingdom"]}, "categories": [{"id": "4bf58dd8d48988d1fd941735", "name": "Shopping Mall", "pluralName": "Shopping Malls", "shortName": "Mall", "icon": {"prefix": "https://ss3.4sqi.net/img/categories_v2/shops/mall_", "suffix": ".png"}, "primary": true}], "photos": {"count": 0, "groups": []}}, "referralId": "e-0-4af5a12cf964a52091fa21e3-58"}, {"reasons": {"count": 0, "items": [{"summary": "This spot is popular", "type": "general", "reasonName": "globalInteractionReason"}]}, "venue": {"id": "4b97ba48f964a520201235e3", "name": "Hammersmith Broadway Shopping Centre", "location": {"address": "Hammersmith Broadway", "crossStreet": "King St", "lat": 51.49200026921131, "lng": -0.22372967246697162, "labeledLatLngs": [{"label": "display", "lat": 51.49200026921131, "lng": -0.22372967246697162}], "distance": 338, "postalCode": "W6 9YE", "cc": "GB", "neighborhood": "Hammersmith", "city": "London", "state": "Greater London", "country": "United Kingdom", "formattedAddress": ["Hammersmith Broadway (King St)", "London", "Greater London", "W6 9YE", "United Kingdom"]}, "categories": [{"id": "4bf58dd8d48988d1fd941735", "name": "Shopping Mall", "pluralName": "Shopping Malls", "shortName": "Mall", "icon": {"prefix": "https://ss3.4sqi.net/img/categories_v2/shops/mall_", "suffix": ".png"}, "primary": true}], "photos": {"count": 0, "groups": []}}, "referralId": "e-0-4b97ba48f964a520201235e3-59"}, {"reasons": {"count": 0, "items": [{"summary": "This spot is popular", "type": "general", "reasonName": "globalInteractionReason"}]}, "venue": {"id": "501fea7de4b004b1c7791a79", "name": "The Body Shop", "location": {"address": "Hammersmith Shopping Centre", "lat": 51.49299982619678, "lng": -0.2219459613123344, "labeledLatLngs": [{"label": "display", "lat": 51.49299982619678, "lng": -0.2219459613123344}], "distance": 389, "cc": "GB", "city": "Hammersmith", "state": "Greater London", "country": "United Kingdom", "formattedAddress": ["Hammersmith Shopping Centre", "Hammersmith", "Greater London", "United Kingdom"]}, "categories": [{"id": "4bf58dd8d48988d10c951735", "name": "Cosmetics Shop", "pluralName": "Cosmetics Shops", "shortName": "Cosmetics", "icon": {"prefix": "https://ss3.4sqi.net/img/categories_v2/shops/beauty_cosmetic_", "suffix": ".png"}, "primary": true}], "photos": {"count": 0, "groups": []}}, "referralId": "e-0-501fea7de4b004b1c7791a79-60"}, {"reasons": {"count": 0, "items": [{"summary": "This spot is popular", "type": "general", "reasonName": "globalInteractionReason"}]}, "venue": {"id": "559be32a498e35243fa9b89f", "name": "Lansbury Worthington", "location": {"address": "11 Galena Road", "lat": 51.49351504107947, "lng": -0.23298740386962888, "labeledLatLngs": [{"label": "display", "lat": 51.49351504107947, "lng": -0.23298740386962888}], "distance": 399, "postalCode": "W6 0LT", "cc": "GB", "city": "London", "state": "Greater London", "country": "United Kingdom", "formattedAddress": ["11 Galena Road", "London", "Greater London", "W6 0LT", "United Kingdom"]}, "categories": [{"id": "52f2ab2ebcbc57f1066b8b3f", "name": "Lawyer", "pluralName": "Lawyers", "shortName": "Lawyer", "icon": {"prefix": "https://ss3.4sqi.net/img/categories_v2/education/lawschool_", "suffix": ".png"}, "primary": true}], "photos": {"count": 0, "groups": []}, "venuePage": {"id": "150945815"}}, "referralId": "e-0-559be32a498e35243fa9b89f-61"}]}]}}