{"meta": {"code": 200, "requestId": "5fedda4591aecb7c6e162cb4"}, "response": {"suggestedFilters": {"header": "Tap to show:", "filters": [{"name": "Open now", "key": "openNow"}]}, "headerLocation": "Lambeth", "headerFullLocation": "Lambeth, London", "headerLocationGranularity": "neighborhood", "query": "food", "totalResults": 17, "suggestedBounds": {"ne": {"lat": 51.49466400360001, "lng": -0.11650392666271835}, "sw": {"lat": 51.487463996399995, "lng": -0.12804607333728166}}, "groups": [{"type": "Recommended Places", "name": "recommended", "items": [{"reasons": {"count": 0, "items": [{"summary": "This spot is popular", "type": "general", "reasonName": "globalInteractionReason"}]}, "venue": {"id": "4d457345bbb1a1433e5f5272", "name": "Tate Britain Members Room", "location": {"address": "Millbank", "crossStreet": "Tate Britain", "lat": 51.490792718841796, "lng": -0.12734314086960544, "labeledLatLngs": [{"label": "display", "lat": 51.490792718841796, "lng": -0.12734314086960544}], "distance": 352, "postalCode": "SW1P 4RG", "cc": "GB", "city": "London", "state": "Greater London", "country": "United Kingdom", "formattedAddress": ["Millbank (Tate Britain)", "London", "Greater London", "SW1P 4RG", "United Kingdom"]}, "categories": [{"id": "4bf58dd8d48988d16d941735", "name": "Caf\u00e9", "pluralName": "Caf\u00e9s", "shortName": "Caf\u00e9", "icon": {"prefix": "https://ss3.4sqi.net/img/categories_v2/food/cafe_", "suffix": ".png"}, "primary": true}], "photos": {"count": 0, "groups": []}}, "referralId": "e-0-4d457345bbb1a1433e5f5272-0"}, {"reasons": {"count": 0, "items": [{"summary": "This spot is popular", "type": "general", "reasonName": "globalInteractionReason"}]}, "venue": {"id": "598821e4bfc6d0756dcd3fa8", "name": "Park Plaza Riverbank Restaurant", "location": {"address": "Park Plaza Riverbank Hotel", "lat": 51.491482979898926, "lng": -0.12150662548881307, "labeledLatLngs": [{"label": "display", "lat": 51.491482979898926, "lng": -0.12150662548881307}], "distance": 70, "postalCode": "SE1 7TJ", "cc": "GB", "city": "London", "state": "Greater London", "country": "United Kingdom", "formattedAddress": ["Park Plaza Riverbank Hotel", "London", "Greater London", "SE1 7TJ", "United Kingdom"]}, "categories": [{"id": "4bf58dd8d48988d1c4941735", "name": "Restaurant", "pluralName": "Restaurants", "shortName": "Restaurant", "icon": {"prefix": "https://ss3.4sqi.net/img/categories_v2/food/default_", "suffix": ".png"}, "primary": true}], "photos": {"count": 0, "groups": []}}, "referralId": "e-0-598821e4bfc6d0756dcd3fa8-1"}, {"reasons": {"count": 0, "items": [{"summary": "This spot is popular", "type": "general", "reasonName": "globalInteractionReason"}]}, "venue": {"id": "4ad71b60f964a520b30821e3", "name": "Casa Madeira", "location": {"address": "46 Albert Embankment", "lat": 51.488609637771205, "lng": -0.12309667248996244, "labeledLatLngs": [{"label": "display", "lat": 51.488609637771205, "lng": -0.12309667248996244}], "distance": 279, "postalCode": "SE1 7TN", "cc": "GB", "city": "London", "state": "Greater London", "country": "United Kingdom", "formattedAddress": ["46 Albert Embankment", "London", "Greater London", "SE1 7TN", "United Kingdom"]}, "categories": [{"id": "4def73e84765ae376e57713a", "name": "Portuguese Restaurant", "pluralName": "Portuguese Restaurants", "shortName": "Portuguese", "icon": {"prefix": "https://ss3.4sqi.net/img/categories_v2/food/portuguese_", "suffix": ".png"}, "primary": true}], "photos": {"count": 0, "groups": []}}, "referralId": "e-0-4ad71b60f964a520b30821e3-2"}, {"reasons": {"count": 0, "items": [{"summary": "This spot is popular", "type": "general", "reasonName": "globalInteractionReason"}]}, "venue": {"id": "4b16c598f964a52037bd23e3", "name": "Pizza Express", "location": {"address": "25 Millbank", "lat": 51.49198098695869, "lng": -0.1259089270009781, "labeledLatLngs": [{"label": "display", "lat": 51.49198098695869, "lng": -0.1259089270009781}], "distance": 271, "postalCode": "SW1P 4QP", "cc": "GB", "city": "Millbank", "state": "Greater London", "country": "United Kingdom", "formattedAddress": ["25 Millbank", "Millbank", "Greater London", "SW1P 4QP", "United Kingdom"]}, "categories": [{"id": "4bf58dd8d48988d1ca941735", "name": "Pizza Place", "pluralName": "Pizza Places", "shortName": "Pizza", "icon": {"prefix": "https://ss3.4sqi.net/img/categories_v2/food/pizza_", "suffix": ".png"}, "primary": true}], "photos": {"count": 0, "groups": []}}, "referralId": "e-0-4b16c598f964a52037bd23e3-3"}, {"reasons": {"count": 0, "items": [{"summary": "This spot is popular", "type": "general", "reasonName": "globalInteractionReason"}]}, "venue": {"id": "4acf113af964a5205dd220e3", "name": "Sirena's", "location": {"address": "Black Prince Road", "lat": 51.4921927022502, "lng": -0.12049410887936866, "labeledLatLngs": [{"label": "display", "lat": 51.4921927022502, "lng": -0.12049410887936866}], "distance": 176, "postalCode": "Se1 7sj", "cc": "GB", "city": "London", "state": "Greater London", "country": "United Kingdom", "formattedAddress": ["Black Prince Road", "London", "Greater London", "Se1 7sj", "United Kingdom"]}, "categories": [{"id": "4bf58dd8d48988d110941735", "name": "Italian Restaurant", "pluralName": "Italian Restaurants", "shortName": "Italian", "icon": {"prefix": "https://ss3.4sqi.net/img/categories_v2/food/italian_", "suffix": ".png"}, "primary": true}], "photos": {"count": 0, "groups": []}}, "referralId": "e-0-4acf113af964a5205dd220e3-4"}, {"reasons": {"count": 0, "items": [{"summary": "This spot is popular", "type": "general", "reasonName": "globalInteractionReason"}]}, "venue": {"id": "5d010e93419a9e002cc241f0", "name": "Mezemiso", "location": {"address": "Crowne Plaza London", "crossStreet": "15th Floor", "lat": 51.491888, "lng": -0.121383, "labeledLatLngs": [{"label": "display", "lat": 51.491888, "lng": -0.121383}], "distance": 110, "postalCode": "SE1 7SP", "cc": "GB", "city": "South Bank", "state": "Greater London", "country": "United Kingdom", "formattedAddress": ["Crowne Plaza London (15th Floor)", "South Bank", "Greater London", "SE1 7SP", "United Kingdom"]}, "categories": [{"id": "4bf58dd8d48988d1c4941735", "name": "Restaurant", "pluralName": "Restaurants", "shortName": "Restaurant", "icon": {"prefix": "https://ss3.4sqi.net/img/categories_v2/food/default_", "suffix": ".png"}, "primary": true}], "photos": {"count": 0, "groups": []}}, "referralId": "e-0-5d010e93419a9e002cc241f0-5"}, {"reasons": {"count": 0, "items": [{"summary": "This spot is popular", "type": "general", "reasonName": "globalInteractionReason"}]}, "venue": {"id": "4cb6ee2e9c7ba35de3169506", "name": "Ragged Canteen", "location": {"address": "22 Newport St", "lat": 51.49189299615052, "lng": -0.11898362605324145, "labeledLatLngs": [{"label": "display", "lat": 51.49189299615052, "lng": -0.11898362605324145}], "distance": 246, "postalCode": "SE11 6AY", "cc": "GB", "city": "London", "state": "Greater London", "country": "United Kingdom", "formattedAddress": ["22 Newport St", "London", "Greater London", "SE11 6AY", "United Kingdom"]}, "categories": [{"id": "4bf58dd8d48988d1d3941735", "name": "Vegetarian / Vegan Restaurant", "pluralName": "Vegetarian / Vegan Restaurants", "shortName": "Vegetarian / Vegan", "icon": {"prefix": "https://ss3.4sqi.net/img/categories_v2/food/vegetarian_", "suffix": ".png"}, "primary": true}], "photos": {"count": 0, "groups": []}}, "referralId": "e-0-4cb6ee2e9c7ba35de3169506-6"}, {"reasons": {"count": 0, "items": [{"summary": "This spot is popular", "type": "general", "reasonName": "globalInteractionReason"}]}, "venue": {"id": "4ad6f281f964a520670821e3", "name": "Queens Head", "location": {"address": "71 Black Prince Rd", "lat": 51.491710295453096, "lng": -0.11884029019178509, "labeledLatLngs": [{"label": "display", "lat": 51.491710295453096, "lng": -0.11884029019178509}], "distance": 248, "postalCode": "SE11 6ab", "cc": "GB", "city": "London", "state": "Greater London", "country": "United Kingdom", "formattedAddress": ["71 Black Prince Rd", "London", "Greater London", "SE11 6ab", "United Kingdom"]}, "categories": [{"id": "4bf58dd8d48988d16d941735", "name": "Caf\u00e9", "pluralName": "Caf\u00e9s", "shortName": "Caf\u00e9", "icon": {"prefix": "https://ss3.4sqi.net/img/categories_v2/food/cafe_", "suffix": ".png"}, "primary": true}], "photos": {"count": 0, "groups": []}}, "referralId": "e-0-4ad6f281f964a520670821e3-7"}, {"reasons": {"count": 0, "items": [{"summary": "This spot is popular", "type": "general", "reasonName": "globalInteractionReason"}]}, "venue": {"id": "4b51d576f964a520495727e3", "name": "Rex Whistler", "location": {"address": "Millbank", "crossStreet": "Tate Britain", "lat": 51.49081631885529, "lng": -0.12744719919282943, "labeledLatLngs": [{"label": "display", "lat": 51.49081631885529, "lng": -0.12744719919282943}], "distance": 359, "postalCode": "SW1P 4RG", "cc": "GB", "city": "London", "state": "Greater London", "country": "United Kingdom", "formattedAddress": ["Millbank (Tate Britain)", "London", "Greater London", "SW1P 4RG", "United Kingdom"]}, "categories": [{"id": "4bf58dd8d48988d1c4941735", "name": "Restaurant", "pluralName": "Restaurants", "shortName": "Restaurant", "icon": {"prefix": "https://ss3.4sqi.net/img/categories_v2/food/default_", "suffix": ".png"}, "primary": true}], "photos": {"count": 0, "groups": []}}, "referralId": "e-0-4b51d576f964a520495727e3-8"}, {"reasons": {"count": 0, "items": [{"summary": "This spot is popular", "type": "general", "reasonName": "globalInteractionReason"}]}, "venue": {"id": "4ac518c0f964a52070a320e3", "name": "City Cafe", "location": {"address": "30 John Islip St", "lat": 51.49313149958701, "lng": -0.12671784947520215, "labeledLatLngs": [{"label": "display", "lat": 51.49313149958701, "lng": -0.12671784947520215}], "distance": 384, "postalCode": "SW1P 4DD", "cc": "GB", "city": "London", "state": "Greater London", "country": "United Kingdom", "formattedAddress": ["30 John Islip St", "London", "Greater London", "SW1P 4DD", "United Kingdom"]}, "categories": [{"id": "4bf58dd8d48988d1c4941735", "name": "Restaurant", "pluralName": "Restaurants", "shortName": "Restaurant", "icon": {"prefix": "https://ss3.4sqi.net/img/categories_v2/food/default_", "suffix": ".png"}, "primary": true}], "photos": {"count": 0, "groups": []}}, "referralId": "e-0-4ac518c0f964a52070a320e3-9"}, {"reasons": {"count": 0, "items": [{"summary": "This spot is popular", "type": "general", "reasonName": "globalInteractionReason"}]}, "venue": {"id": "4ac518c2f964a520fba320e3", "name": "Chino Latino", "location": {"address": "18 Albert Embankment", "lat": 51.491542592532774, "lng": -0.12173547166968025, "labeledLatLngs": [{"label": "display", "lat": 51.491542592532774, "lng": -0.12173547166968025}], "distance": 65, "postalCode": "SE1 7TJ", "cc": "GB", "city": "London", "state": "Greater London", "country": "United Kingdom", "formattedAddress": ["18 Albert Embankment", "London", "Greater London", "SE1 7TJ", "United Kingdom"]}, "categories": [{"id": "4bf58dd8d48988d142941735", "name": "Asian Restaurant", "pluralName": "Asian Restaurants", "shortName": "Asian", "icon": {"prefix": "https://ss3.4sqi.net/img/categories_v2/food/asian_", "suffix": ".png"}, "primary": true}], "photos": {"count": 0, "groups": []}, "venuePage": {"id": "353142993"}}, "referralId": "e-0-4ac518c2f964a520fba320e3-10"}, {"reasons": {"count": 0, "items": [{"summary": "This spot is popular", "type": "general", "reasonName": "globalInteractionReason"}]}, "venue": {"id": "4c434a5dcc410f472300ae61", "name": "Pico Bar & Grill", "location": {"address": "74 Albert Embankment", "lat": 51.48775215879393, "lng": -0.12322807076796248, "labeledLatLngs": [{"label": "display", "lat": 51.48775215879393, "lng": -0.12322807076796248}], "distance": 374, "postalCode": "SE1 7TL", "cc": "GB", "city": "Vauxhall", "state": "Greater London", "country": "United Kingdom", "formattedAddress": ["74 Albert Embankment", "Vauxhall", "Greater London", "SE1 7TL", "United Kingdom"]}, "categories": [{"id": "4def73e84765ae376e57713a", "name": "Portuguese Restaurant", "pluralName": "Portuguese Restaurants", "shortName": "Portuguese", "icon": {"prefix": "https://ss3.4sqi.net/img/categories_v2/food/portuguese_", "suffix": ".png"}, "primary": true}], "photos": {"count": 0, "groups": []}}, "referralId": "e-0-4c434a5dcc410f472300ae61-11"}, {"reasons": {"count": 0, "items": [{"summary": "This spot is popular", "type": "general", "reasonName": "globalInteractionReason"}]}, "venue": {"id": "4de8b6af52b1741cdb086f7f", "name": "Mick Darnald's", "location": {"lat": 51.491136025967535, "lng": -0.11996766055833397, "labeledLatLngs": [{"label": "display", "lat": 51.491136025967535, "lng": -0.11996766055833397}], "distance": 160, "cc": "GB", "city": "London", "state": "Greater London", "country": "United Kingdom", "formattedAddress": ["London", "Greater London", "United Kingdom"]}, "categories": [{"id": "4bf58dd8d48988d16c941735", "name": "Burger Joint", "pluralName": "Burger Joints", "shortName": "Burgers", "icon": {"prefix": "https://ss3.4sqi.net/img/categories_v2/food/burger_", "suffix": ".png"}, "primary": true}], "photos": {"count": 0, "groups": []}}, "referralId": "e-0-4de8b6af52b1741cdb086f7f-12"}, {"reasons": {"count": 0, "items": [{"summary": "This spot is popular", "type": "general", "reasonName": "globalInteractionReason"}]}, "venue": {"id": "4ba22d52f964a52081e137e3", "name": "Etsu Cafe", "location": {"address": "30 Millbank", "lat": 51.492610001727805, "lng": -0.125133353506938, "labeledLatLngs": [{"label": "display", "lat": 51.492610001727805, "lng": -0.125133353506938}], "distance": 262, "postalCode": "SW1P 4RD", "cc": "GB", "neighborhood": "Millbank, London, Greater London", "city": "London", "state": "Greater London", "country": "United Kingdom", "formattedAddress": ["30 Millbank", "London", "Greater London", "SW1P 4RD", "United Kingdom"]}, "categories": [{"id": "4bf58dd8d48988d16d941735", "name": "Caf\u00e9", "pluralName": "Caf\u00e9s", "shortName": "Caf\u00e9", "icon": {"prefix": "https://ss3.4sqi.net/img/categories_v2/food/cafe_", "suffix": ".png"}, "primary": true}], "photos": {"count": 0, "groups": []}}, "referralId": "e-0-4ba22d52f964a52081e137e3-13"}, {"reasons": {"count": 0, "items": [{"summary": "This spot is popular", "type": "general", "reasonName": "globalInteractionReason"}]}, "venue": {"id": "590338418f2c1a0693de4174", "name": "Burrito Kitchen", "location": {"lat": 51.492674, "lng": -0.125577, "labeledLatLngs": [{"label": "display", "lat": 51.492674, "lng": -0.125577}], "distance": 290, "postalCode": "SW1P 4DU", "cc": "GB", "city": "London", "state": "Greater London", "country": "United Kingdom", "formattedAddress": ["London", "Greater London", "SW1P 4DU", "United Kingdom"]}, "categories": [{"id": "4bf58dd8d48988d153941735", "name": "Burrito Place", "pluralName": "Burrito Places", "shortName": "Burritos", "icon": {"prefix": "https://ss3.4sqi.net/img/categories_v2/food/burrito_", "suffix": ".png"}, "primary": true}], "photos": {"count": 0, "groups": []}}, "referralId": "e-0-590338418f2c1a0693de4174-14"}, {"reasons": {"count": 0, "items": [{"summary": "This spot is popular", "type": "general", "reasonName": "globalInteractionReason"}]}, "venue": {"id": "4acef8d8f964a52028d220e3", "name": "Cafe 89", "location": {"address": "89 Albert Embankment", "lat": 51.487803196440694, "lng": -0.12328522465288184, "labeledLatLngs": [{"label": "display", "lat": 51.487803196440694, "lng": -0.12328522465288184}], "distance": 369, "postalCode": "SE1 7TP", "cc": "GB", "city": "London", "state": "Greater London", "country": "United Kingdom", "formattedAddress": ["89 Albert Embankment", "London", "Greater London", "SE1 7TP", "United Kingdom"]}, "categories": [{"id": "4bf58dd8d48988d16d941735", "name": "Caf\u00e9", "pluralName": "Caf\u00e9s", "shortName": "Caf\u00e9", "icon": {"prefix": "https://ss3.4sqi.net/img/categories_v2/food/cafe_", "suffix": ".png"}, "primary": true}], "photos": {"count": 0, "groups": []}}, "referralId": "e-0-4acef8d8f964a52028d220e3-15"}, {"reasons": {"count": 0, "items": [{"summary": "This spot is popular", "type": "general", "reasonName": "globalInteractionReason"}]}, "venue": {"id": "5b7913b0acc5f5003420cece", "name": "Art St Kitchen", "location": {"address": "30 John Islip St", "lat": 51.493214, "lng": -0.126749, "labeledLatLngs": [{"label": "display", "lat": 51.493214, "lng": -0.126749}], "distance": 391, "postalCode": "SW1P 4DD", "cc": "GB", "city": "London", "state": "Greater London", "country": "United Kingdom", "formattedAddress": ["30 John Islip St", "London", "Greater London", "SW1P 4DD", "United Kingdom"]}, "categories": [{"id": "4bf58dd8d48988d1c4941735", "name": "Restaurant", "pluralName": "Restaurants", "shortName": "Restaurant", "icon": {"prefix": "https://ss3.4sqi.net/img/categories_v2/food/default_", "suffix": ".png"}, "primary": true}], "photos": {"count": 0, "groups": []}}, "referralId": "e-0-5b7913b0acc5f5003420cece-16"}]}]}}