{"meta": {"code": 200, "requestId": "5fedd9d13a6741584203cb8f"}, "response": {"headerLocation": "Childs Hill", "headerFullLocation": "Childs Hill, London", "headerLocationGranularity": "neighborhood", "query": "food", "totalResults": 4, "suggestedBounds": {"ne": {"lat": 51.5665150036, "lng": -0.19140481233988632}, "sw": {"lat": 51.55931499639999, "lng": -0.20296518766011368}}, "groups": [{"type": "Recommended Places", "name": "recommended", "items": [{"reasons": {"count": 0, "items": [{"summary": "This spot is popular", "type": "general", "reasonName": "globalInteractionReason"}]}, "venue": {"id": "51b07673498e70adc4fdaec9", "name": "The Frenchie", "location": {"address": "Whitecross Street", "lat": 51.56508754425789, "lng": -0.1973406449258422, "labeledLatLngs": [{"label": "display", "lat": 51.56508754425789, "lng": -0.1973406449258422}], "distance": 242, "cc": "GB", "city": "London", "state": "Greater London", "country": "United Kingdom", "formattedAddress": ["Whitecross Street", "London", "Greater London", "United Kingdom"]}, "categories": [{"id": "4bf58dd8d48988d1cb941735", "name": "Food Truck", "pluralName": "Food Trucks", "shortName": "Food Truck", "icon": {"prefix": "https://ss3.4sqi.net/img/categories_v2/food/streetfood_", "suffix": ".png"}, "primary": true}], "photos": {"count": 0, "groups": []}}, "referralId": "e-0-51b07673498e70adc4fdaec9-0"}, {"reasons": {"count": 0, "items": [{"summary": "This spot is popular", "type": "general", "reasonName": "globalInteractionReason"}]}, "venue": {"id": "576f8674498e38f2bc19444e", "name": "Koyama", "location": {"address": "757 Finchley Rd", "lat": 51.56411, "lng": -0.19693348, "labeledLatLngs": [{"label": "display", "lat": 51.56411, "lng": -0.19693348}], "distance": 134, "postalCode": "NW11 8DL", "cc": "GB", "country": "United Kingdom", "formattedAddress": ["757 Finchley Rd", "NW11 8DL", "United Kingdom"]}, "categories": [{"id": "4bf58dd8d48988d1d2941735", "name": "Sushi Restaurant", "pluralName": "Sushi Restaurants", "shortName": "Sushi", "icon": {"prefix": "https://ss3.4sqi.net/img/categories_v2/food/sushi_", "suffix": ".png"}, "primary": true}], "photos": {"count": 0, "groups": []}}, "referralId": "e-0-576f8674498e38f2bc19444e-1"}, {"reasons": {"count": 0, "items": [{"summary": "This spot is popular", "type": "general", "reasonName": "globalInteractionReason"}]}, "venue": {"id": "4b9b81e0f964a520cd0b36e3", "name": "Papa's Cafe", "location": {"address": "667 Finchley Rd.", "lat": 51.56110689258302, "lng": -0.1971418874368043, "labeledLatLngs": [{"label": "display", "lat": 51.56110689258302, "lng": -0.1971418874368043}], "distance": 201, "postalCode": "NW2 2HN", "cc": "GB", "city": "Childs Hill", "state": "Greater London", "country": "United Kingdom", "formattedAddress": ["667 Finchley Rd.", "Childs Hill", "Greater London", "NW2 2HN", "United Kingdom"]}, "categories": [{"id": "4bf58dd8d48988d143941735", "name": "Breakfast Spot", "pluralName": "Breakfast Spots", "shortName": "Breakfast", "icon": {"prefix": "https://ss3.4sqi.net/img/categories_v2/food/breakfast_", "suffix": ".png"}, "primary": true}], "photos": {"count": 0, "groups": []}}, "referralId": "e-0-4b9b81e0f964a520cd0b36e3-2"}, {"reasons": {"count": 0, "items": [{"summary": "This spot is popular", "type": "general", "reasonName": "globalInteractionReason"}]}, "venue": {"id": "4d5fbb801ee8721e59e2a121", "name": "Giacomo's", "location": {"address": "428 Finchley Road", "lat": 51.56222599695503, "lng": -0.19719115472450843, "labeledLatLngs": [{"label": "display", "lat": 51.56222599695503, "lng": -0.19719115472450843}], "distance": 76, "postalCode": "NW2 2HY", "cc": "GB", "city": "London", "state": "Greater London", "country": "United Kingdom", "formattedAddress": ["428 Finchley Road", "London", "Greater London", "NW2 2HY", "United Kingdom"]}, "categories": [{"id": "4bf58dd8d48988d110941735", "name": "Italian Restaurant", "pluralName": "Italian Restaurants", "shortName": "Italian", "icon": {"prefix": "https://ss3.4sqi.net/img/categories_v2/food/italian_", "suffix": ".png"}, "primary": true}], "photos": {"count": 0, "groups": []}}, "referralId": "e-0-4d5fbb801ee8721e59e2a121-3"}]}]}}