{"meta": {"code": 200, "requestId": "5fedda3ed5239e00e2fec3ff"}, "response": {"headerLocation": "Childs Hill", "headerFullLocation": "Childs Hill, London", "headerLocationGranularity": "neighborhood", "query": "food", "totalResults": 4, "suggestedBounds": {"ne": {"lat": 51.56872800360001, "lng": -0.1896825310187079}, "sw": {"lat": 51.561527996399995, "lng": -0.20124346898129208}}, "groups": [{"type": "Recommended Places", "name": "recommended", "items": [{"reasons": {"count": 0, "items": [{"summary": "This spot is popular", "type": "general", "reasonName": "globalInteractionReason"}]}, "venue": {"id": "51b07673498e70adc4fdaec9", "name": "The Frenchie", "location": {"address": "Whitecross Street", "lat": 51.56508754425789, "lng": -0.1973406449258422, "labeledLatLngs": [{"label": "display", "lat": 51.56508754425789, "lng": -0.1973406449258422}], "distance": 130, "cc": "GB", "city": "London", "state": "Greater London", "country": "United Kingdom", "formattedAddress": ["Whitecross Street", "London", "Greater London", "United Kingdom"]}, "categories": [{"id": "4bf58dd8d48988d1cb941735", "name": "Food Truck", "pluralName": "Food Trucks", "shortName": "Food Truck", "icon": {"prefix": "https://ss3.4sqi.net/img/categories_v2/food/streetfood_", "suffix": ".png"}, "primary": true}], "photos": {"count": 0, "groups": []}}, "referralId": "e-0-51b07673498e70adc4fdaec9-0"}, {"reasons": {"count": 0, "items": [{"summary": "This spot is popular", "type": "general", "reasonName": "globalInteractionReason"}]}, "venue": {"id": "576f8674498e38f2bc19444e", "name": "Koyama", "location": {"address": "757 Finchley Rd", "lat": 51.56411, "lng": -0.19693348, "labeledLatLngs": [{"label": "display", "lat": 51.56411, "lng": -0.19693348}], "distance": 152, "postalCode": "NW11 8DL", "cc": "GB", "country": "United Kingdom", "formattedAddress": ["757 Finchley Rd", "NW11 8DL", "United Kingdom"]}, "categories": [{"id": "4bf58dd8d48988d1d2941735", "name": "Sushi Restaurant", "pluralName": "Sushi Restaurants", "shortName": "Sushi", "icon": {"prefix": "https://ss3.4sqi.net/img/categories_v2/food/sushi_", "suffix": ".png"}, "primary": true}], "photos": {"count": 0, "groups": []}}, "referralId": "e-0-576f8674498e38f2bc19444e-1"}, {"reasons": {"count": 0, "items": [{"summary": "This spot is popular", "type": "general", "reasonName": "globalInteractionReason"}]}, "venue": {"id": "4d90e7e71d06b1f75dd97e3b", "name": "happy villa", "location": {"address": "Finchley road", "lat": 51.56231962742947, "lng": -0.19724664374979306, "labeledLatLngs": [{"label": "display", "lat": 51.56231962742947, "lng": -0.19724664374979306}], "distance": 336, "cc": "GB", "city": "London", "state": "Greater London", "country": "United Kingdom", "formattedAddress": ["Finchley road", "London", "Greater London", "United Kingdom"]}, "categories": [{"id": "4bf58dd8d48988d145941735", "name": "Chinese Restaurant", "pluralName": "Chinese Restaurants", "shortName": "Chinese", "icon": {"prefix": "https://ss3.4sqi.net/img/categories_v2/food/asian_", "suffix": ".png"}, "primary": true}], "photos": {"count": 0, "groups": []}}, "referralId": "e-0-4d90e7e71d06b1f75dd97e3b-2"}, {"reasons": {"count": 0, "items": [{"summary": "This spot is popular", "type": "general", "reasonName": "globalInteractionReason"}]}, "venue": {"id": "4d5fbb801ee8721e59e2a121", "name": "Giacomo's", "location": {"address": "428 Finchley Road", "lat": 51.56222599695503, "lng": -0.19719115472450843, "labeledLatLngs": [{"label": "display", "lat": 51.56222599695503, "lng": -0.19719115472450843}], "distance": 344, "postalCode": "NW2 2HY", "cc": "GB", "city": "London", "state": "Greater London", "country": "United Kingdom", "formattedAddress": ["428 Finchley Road", "London", "Greater London", "NW2 2HY", "United Kingdom"]}, "categories": [{"id": "4bf58dd8d48988d110941735", "name": "Italian Restaurant", "pluralName": "Italian Restaurants", "shortName": "Italian", "icon": {"prefix": "https://ss3.4sqi.net/img/categories_v2/food/italian_", "suffix": ".png"}, "primary": true}], "photos": {"count": 0, "groups": []}}, "referralId": "e-0-4d5fbb801ee8721e59e2a121-3"}]}]}}