{"meta": {"code": 200, "requestId": "5fedda13823a4a5812a4e316"}, "response": {"suggestedFilters": {"header": "Tap to show:", "filters": [{"name": "Open now", "key": "openNow"}]}, "headerLocation": "Finsbury Park", "headerFullLocation": "Finsbury Park, London", "headerLocationGranularity": "neighborhood", "query": "travel", "totalResults": 22, "suggestedBounds": {"ne": {"lat": 51.56868000360001, "lng": -0.10188953712095013}, "sw": {"lat": 51.561479996399996, "lng": -0.11345046287904988}}, "groups": [{"type": "Recommended Places", "name": "recommended", "items": [{"reasons": {"count": 0, "items": [{"summary": "This spot is popular", "type": "general", "reasonName": "globalInteractionReason"}]}, "venue": {"id": "4d918b8af5388cfacd70b73d", "name": "Central Park Hotel", "location": {"address": "49 Queensborough Terrace", "lat": 51.565106925678066, "lng": -0.10221619391799155, "labeledLatLngs": [{"label": "display", "lat": 51.565106925678066, "lng": -0.10221619391799155}], "distance": 377, "cc": "GB", "city": "London", "state": "Greater London", "country": "United Kingdom", "formattedAddress": ["49 Queensborough Terrace", "London", "Greater London", "United Kingdom"]}, "categories": [{"id": "4bf58dd8d48988d1fa931735", "name": "Hotel", "pluralName": "Hotels", "shortName": "Hotel", "icon": {"prefix": "https://ss3.4sqi.net/img/categories_v2/travel/hotel_", "suffix": ".png"}, "primary": true}], "photos": {"count": 0, "groups": []}}, "referralId": "e-0-4d918b8af5388cfacd70b73d-0"}, {"reasons": {"count": 0, "items": [{"summary": "This spot is popular", "type": "general", "reasonName": "globalInteractionReason"}]}, "venue": {"id": "4ea49e1c490102dac3885793", "name": "Queens Hotel", "location": {"address": "324 Seven Sisters Road", "crossStreet": "Finsbury Park", "lat": 51.56594332216051, "lng": -0.10232772901877607, "labeledLatLngs": [{"label": "display", "lat": 51.56594332216051, "lng": -0.10232772901877607}], "distance": 381, "postalCode": "N4 2AP", "cc": "GB", "city": "London", "state": "Greater London", "country": "United Kingdom", "formattedAddress": ["324 Seven Sisters Road (Finsbury Park)", "London", "Greater London", "N4 2AP", "United Kingdom"]}, "categories": [{"id": "4bf58dd8d48988d1fa931735", "name": "Hotel", "pluralName": "Hotels", "shortName": "Hotel", "icon": {"prefix": "https://ss3.4sqi.net/img/categories_v2/travel/hotel_", "suffix": ".png"}, "primary": true}], "photos": {"count": 0, "groups": []}}, "referralId": "e-0-4ea49e1c490102dac3885793-1"}, {"reasons": {"count": 0, "items": [{"summary": "This spot is popular", "type": "general", "reasonName": "globalInteractionReason"}]}, "venue": {"id": "4e8d4fff7ee6bb6ad42a9449", "name": "Platform 6", "location": {"address": "Finsbury Park Railway Station (FPK)", "lat": 51.56459797350985, "lng": -0.10659631801337348, "labeledLatLngs": [{"label": "display", "lat": 51.56459797350985, "lng": -0.10659631801337348}], "distance": 91, "cc": "GB", "city": "London", "state": "Greater London", "country": "United Kingdom", "formattedAddress": ["Finsbury Park Railway Station (FPK)", "London", "Greater London", "United Kingdom"]}, "categories": [{"id": "4f4531504b9074f6e4fb0102", "name": "Platform", "pluralName": "Platforms", "shortName": "Platform", "icon": {"prefix": "https://ss3.4sqi.net/img/categories_v2/travel/trainstation_", "suffix": ".png"}, "primary": true}], "photos": {"count": 0, "groups": []}}, "referralId": "e-0-4e8d4fff7ee6bb6ad42a9449-2"}, {"reasons": {"count": 0, "items": [{"summary": "This spot is popular", "type": "general", "reasonName": "globalInteractionReason"}]}, "venue": {"id": "4e11fc5cfa769d21e9f1cae1", "name": "Finsbury Park (R)", "location": {"lat": 51.56340617334805, "lng": -0.1078907565534439, "labeledLatLngs": [{"label": "display", "lat": 51.56340617334805, "lng": -0.1078907565534439}], "distance": 186, "cc": "GB", "city": "Islington", "state": "Greater London", "country": "United Kingdom", "formattedAddress": ["Islington", "Greater London", "United Kingdom"]}, "categories": [{"id": "52f2ab2ebcbc57f1066b8b4f", "name": "Bus Stop", "pluralName": "Bus Stops", "shortName": "Bus Stop", "icon": {"prefix": "https://ss3.4sqi.net/img/categories_v2/travel/busstation_", "suffix": ".png"}, "primary": true}], "photos": {"count": 0, "groups": []}}, "referralId": "e-0-4e11fc5cfa769d21e9f1cae1-3"}, {"reasons": {"count": 0, "items": [{"summary": "This spot is popular", "type": "general", "reasonName": "globalInteractionReason"}]}, "venue": {"id": "4dd61d7d7d8b322663cf438d", "name": "Finsbury Park Traincrew Messroom", "location": {"address": "Islington, City of London N4 2DH", "lat": 51.56480527, "lng": -0.10635972, "labeledLatLngs": [{"label": "display", "lat": 51.56480527, "lng": -0.10635972}], "distance": 95, "postalCode": "N4 2DH", "cc": "GB", "city": "London", "state": "Greater London", "country": "United Kingdom", "formattedAddress": ["Islington, City of London N4 2DH", "London", "Greater London", "N4 2DH", "United Kingdom"]}, "categories": [{"id": "4bf58dd8d48988d129951735", "name": "Train Station", "pluralName": "Train Stations", "shortName": "Train Station", "icon": {"prefix": "https://ss3.4sqi.net/img/categories_v2/travel/trainstation_", "suffix": ".png"}, "primary": true}], "photos": {"count": 0, "groups": []}}, "referralId": "e-0-4dd61d7d7d8b322663cf438d-4"}, {"reasons": {"count": 0, "items": [{"summary": "This spot is popular", "type": "general", "reasonName": "globalInteractionReason"}]}, "venue": {"id": "4f0d46f4e4b03544974c4f3f", "name": "Platform 2", "location": {"address": "Finsbury Park Railway Station", "lat": 51.564808581598236, "lng": -0.10609820817753096, "labeledLatLngs": [{"label": "display", "lat": 51.564808581598236, "lng": -0.10609820817753096}], "distance": 112, "cc": "GB", "city": "Finsbury Park", "state": "Greater London", "country": "United Kingdom", "formattedAddress": ["Finsbury Park Railway Station", "Finsbury Park", "Greater London", "United Kingdom"]}, "categories": [{"id": "4f4531504b9074f6e4fb0102", "name": "Platform", "pluralName": "Platforms", "shortName": "Platform", "icon": {"prefix": "https://ss3.4sqi.net/img/categories_v2/travel/trainstation_", "suffix": ".png"}, "primary": true}], "photos": {"count": 0, "groups": []}}, "referralId": "e-0-4f0d46f4e4b03544974c4f3f-5"}, {"reasons": {"count": 0, "items": [{"summary": "This spot is popular", "type": "general", "reasonName": "globalInteractionReason"}]}, "venue": {"id": "4f90929ee4b0082e43ad3467", "name": "Platform 3", "location": {"address": "Finsbury Park Railway Station", "lat": 51.56484554667707, "lng": -0.1063450008461579, "labeledLatLngs": [{"label": "display", "lat": 51.56484554667707, "lng": -0.1063450008461579}], "distance": 95, "cc": "GB", "city": "Finsbury Park", "state": "Greater London", "country": "United Kingdom", "formattedAddress": ["Finsbury Park Railway Station", "Finsbury Park", "Greater London", "United Kingdom"]}, "categories": [{"id": "4f4531504b9074f6e4fb0102", "name": "Platform", "pluralName": "Platforms", "shortName": "Platform", "icon": {"prefix": "https://ss3.4sqi.net/img/categories_v2/travel/trainstation_", "suffix": ".png"}, "primary": true}], "photos": {"count": 0, "groups": []}}, "referralId": "e-0-4f90929ee4b0082e43ad3467-6"}, {"reasons": {"count": 0, "items": [{"summary": "This spot is popular", "type": "general", "reasonName": "globalInteractionReason"}]}, "venue": {"id": "4c8a7f0de51e6dcb6e8669de", "name": "Finsbury Park Bus Station", "location": {"address": "Wells Terrace", "lat": 51.56566135515522, "lng": -0.10707854235302595, "labeledLatLngs": [{"label": "display", "lat": 51.56566135515522, "lng": -0.10707854235302595}], "distance": 76, "postalCode": "N4 3JU", "cc": "GB", "city": "London", "state": "Greater London", "country": "United Kingdom", "formattedAddress": ["Wells Terrace", "London", "Greater London", "N4 3JU", "United Kingdom"]}, "categories": [{"id": "4bf58dd8d48988d1fe931735", "name": "Bus Station", "pluralName": "Bus Stations", "shortName": "Bus Station", "icon": {"prefix": "https://ss3.4sqi.net/img/categories_v2/travel/busstation_", "suffix": ".png"}, "primary": true}], "photos": {"count": 0, "groups": []}}, "referralId": "e-0-4c8a7f0de51e6dcb6e8669de-7"}, {"reasons": {"count": 0, "items": [{"summary": "This spot is popular", "type": "general", "reasonName": "globalInteractionReason"}]}, "venue": {"id": "4e7094d2d1649bf270188705", "name": "Bus Stop H", "location": {"address": "Station Place", "lat": 51.56485785442565, "lng": -0.10543110093735135, "labeledLatLngs": [{"label": "display", "lat": 51.56485785442565, "lng": -0.10543110093735135}], "distance": 156, "cc": "GB", "country": "United Kingdom", "formattedAddress": ["Station Place", "United Kingdom"]}, "categories": [{"id": "52f2ab2ebcbc57f1066b8b4f", "name": "Bus Stop", "pluralName": "Bus Stops", "shortName": "Bus Stop", "icon": {"prefix": "https://ss3.4sqi.net/img/categories_v2/travel/busstation_", "suffix": ".png"}, "primary": true}], "photos": {"count": 0, "groups": []}}, "referralId": "e-0-4e7094d2d1649bf270188705-8"}, {"reasons": {"count": 0, "items": [{"summary": "This spot is popular", "type": "general", "reasonName": "globalInteractionReason"}]}, "venue": {"id": "4de5529ad164804164861c81", "name": "Finsbury Park London Underground Station", "location": {"address": "Wells Terrace", "lat": 51.56473219291197, "lng": -0.10655102677529431, "labeledLatLngs": [{"label": "display", "lat": 51.56473219291197, "lng": -0.10655102677529431}], "distance": 86, "postalCode": "N4 3JU", "cc": "GB", "city": "Islington", "state": "Greater London", "country": "United Kingdom", "formattedAddress": ["Wells Terrace", "Islington", "Greater London", "N4 3JU", "United Kingdom"]}, "categories": [{"id": "4bf58dd8d48988d1fd931735", "name": "Metro Station", "pluralName": "Metro Stations", "shortName": "Metro", "icon": {"prefix": "https://ss3.4sqi.net/img/categories_v2/travel/subway_", "suffix": ".png"}, "primary": true}], "photos": {"count": 0, "groups": []}}, "referralId": "e-0-4de5529ad164804164861c81-9"}, {"reasons": {"count": 0, "items": [{"summary": "This spot is popular", "type": "general", "reasonName": "globalInteractionReason"}]}, "venue": {"id": "4ed134a230f81894af49d614", "name": "Bus Stop G (Finsbury Park)", "location": {"address": "Station Pl.", "lat": 51.56494252329716, "lng": -0.10547572636330785, "labeledLatLngs": [{"label": "display", "lat": 51.56494252329716, "lng": -0.10547572636330785}], "distance": 152, "postalCode": "N4 2DH", "cc": "GB", "city": "Finsbury Park", "state": "Greater London", "country": "United Kingdom", "formattedAddress": ["Station Pl.", "Finsbury Park", "Greater London", "N4 2DH", "United Kingdom"]}, "categories": [{"id": "52f2ab2ebcbc57f1066b8b4f", "name": "Bus Stop", "pluralName": "Bus Stops", "shortName": "Bus Stop", "icon": {"prefix": "https://ss3.4sqi.net/img/categories_v2/travel/busstation_", "suffix": ".png"}, "primary": true}], "photos": {"count": 0, "groups": []}}, "referralId": "e-0-4ed134a230f81894af49d614-10"}, {"reasons": {"count": 0, "items": [{"summary": "This spot is popular", "type": "general", "reasonName": "globalInteractionReason"}]}, "venue": {"id": "519cf76b498ea76aca1e4697", "name": "Platform 7", "location": {"address": "Finsbury Park Railway Station", "lat": 51.56477742644943, "lng": -0.10655344938262357, "labeledLatLngs": [{"label": "display", "lat": 51.56477742644943, "lng": -0.10655344938262357}], "distance": 84, "cc": "GB", "neighborhood": "Finsbury Park", "city": "Finsbury Park", "state": "Greater London", "country": "United Kingdom", "formattedAddress": ["Finsbury Park Railway Station", "Finsbury Park", "Greater London", "United Kingdom"]}, "categories": [{"id": "4f4531504b9074f6e4fb0102", "name": "Platform", "pluralName": "Platforms", "shortName": "Platform", "icon": {"prefix": "https://ss3.4sqi.net/img/categories_v2/travel/trainstation_", "suffix": ".png"}, "primary": true}], "photos": {"count": 0, "groups": []}}, "referralId": "e-0-519cf76b498ea76aca1e4697-11"}, {"reasons": {"count": 0, "items": [{"summary": "This spot is popular", "type": "general", "reasonName": "globalInteractionReason"}]}, "venue": {"id": "519cf730498ed38d4004a8ef", "name": "Platform 4 (S'bound Victoria)", "location": {"address": "Finsbury Park Underground Station", "lat": 51.56464675194802, "lng": -0.10623952305902645, "labeledLatLngs": [{"label": "display", "lat": 51.56464675194802, "lng": -0.10623952305902645}], "distance": 110, "cc": "GB", "city": "Finsbury Park", "state": "Greater London", "country": "United Kingdom", "formattedAddress": ["Finsbury Park Underground Station", "Finsbury Park", "Greater London", "United Kingdom"]}, "categories": [{"id": "4f4531504b9074f6e4fb0102", "name": "Platform", "pluralName": "Platforms", "shortName": "Platform", "icon": {"prefix": "https://ss3.4sqi.net/img/categories_v2/travel/trainstation_", "suffix": ".png"}, "primary": true}], "photos": {"count": 0, "groups": []}}, "referralId": "e-0-519cf730498ed38d4004a8ef-12"}, {"reasons": {"count": 0, "items": [{"summary": "This spot is popular", "type": "general", "reasonName": "globalInteractionReason"}]}, "venue": {"id": "4cb704713ac93704ba1fd80a", "name": "Platform 1", "location": {"address": "Finsbury Park Railway Station", "crossStreet": "Station Pl.", "lat": 51.56464323512861, "lng": -0.10602394749450493, "labeledLatLngs": [{"label": "display", "lat": 51.56464323512861, "lng": -0.10602394749450493}], "distance": 123, "postalCode": "N4 2DH", "cc": "GB", "city": "London", "state": "Greater London", "country": "United Kingdom", "formattedAddress": ["Finsbury Park Railway Station (Station Pl.)", "London", "Greater London", "N4 2DH", "United Kingdom"]}, "categories": [{"id": "4f4531504b9074f6e4fb0102", "name": "Platform", "pluralName": "Platforms", "shortName": "Platform", "icon": {"prefix": "https://ss3.4sqi.net/img/categories_v2/travel/trainstation_", "suffix": ".png"}, "primary": true}], "photos": {"count": 0, "groups": []}}, "referralId": "e-0-4cb704713ac93704ba1fd80a-13"}, {"reasons": {"count": 0, "items": [{"summary": "This spot is popular", "type": "general", "reasonName": "globalInteractionReason"}]}, "venue": {"id": "51b0c3cd498eb1f581a0a2bd", "name": "Platform 8", "location": {"address": "Finsbury Park Station", "lat": 51.56476057903838, "lng": -0.10687615351993447, "labeledLatLngs": [{"label": "display", "lat": 51.56476057903838, "lng": -0.10687615351993447}], "distance": 65, "cc": "GB", "country": "United Kingdom", "formattedAddress": ["Finsbury Park Station", "United Kingdom"]}, "categories": [{"id": "4f4531504b9074f6e4fb0102", "name": "Platform", "pluralName": "Platforms", "shortName": "Platform", "icon": {"prefix": "https://ss3.4sqi.net/img/categories_v2/travel/trainstation_", "suffix": ".png"}, "primary": true}], "photos": {"count": 0, "groups": []}}, "referralId": "e-0-51b0c3cd498eb1f581a0a2bd-14"}, {"reasons": {"count": 0, "items": [{"summary": "This spot is popular", "type": "general", "reasonName": "globalInteractionReason"}]}, "venue": {"id": "4fcee81de4b00eed05b18496", "name": "Finsbury Park Station Bus Stop S", "location": {"lat": 51.56418846182967, "lng": -0.10600178733194433, "labeledLatLngs": [{"label": "display", "lat": 51.56418846182967, "lng": -0.10600178733194433}], "distance": 152, "cc": "GB", "country": "United Kingdom", "formattedAddress": ["United Kingdom"]}, "categories": [{"id": "52f2ab2ebcbc57f1066b8b4f", "name": "Bus Stop", "pluralName": "Bus Stops", "shortName": "Bus Stop", "icon": {"prefix": "https://ss3.4sqi.net/img/categories_v2/travel/busstation_", "suffix": ".png"}, "primary": true}], "photos": {"count": 0, "groups": []}}, "referralId": "e-0-4fcee81de4b00eed05b18496-15"}, {"reasons": {"count": 0, "items": [{"summary": "This spot is popular", "type": "general", "reasonName": "globalInteractionReason"}]}, "venue": {"id": "4dcff801d4c065592fa43cc2", "name": "Travelodge", "location": {"address": "185-187 Isledon Rd", "lat": 51.561904983006144, "lng": -0.10796427726745604, "labeledLatLngs": [{"label": "display", "lat": 51.561904983006144, "lng": -0.10796427726745604}], "distance": 354, "postalCode": "N7 7JR", "cc": "GB", "city": "Finsbury Park", "state": "Greater London", "country": "United Kingdom", "formattedAddress": ["185-187 Isledon Rd", "Finsbury Park", "Greater London", "N7 7JR", "United Kingdom"]}, "categories": [{"id": "4bf58dd8d48988d1fa931735", "name": "Hotel", "pluralName": "Hotels", "shortName": "Hotel", "icon": {"prefix": "https://ss3.4sqi.net/img/categories_v2/travel/hotel_", "suffix": ".png"}, "primary": true}], "photos": {"count": 0, "groups": []}}, "referralId": "e-0-4dcff801d4c065592fa43cc2-16"}, {"reasons": {"count": 0, "items": [{"summary": "This spot is popular", "type": "general", "reasonName": "globalInteractionReason"}]}, "venue": {"id": "526bb69e11d25ebb2be64198", "name": "Finsbury Park Interchange", "location": {"lat": 51.56383850634809, "lng": -0.10537850653140568, "labeledLatLngs": [{"label": "display", "lat": 51.56383850634809, "lng": -0.10537850653140568}], "distance": 210, "cc": "GB", "city": "London", "state": "Greater London", "country": "United Kingdom", "formattedAddress": ["London", "Greater London", "United Kingdom"]}, "categories": [{"id": "4bf58dd8d48988d1fe931735", "name": "Bus Station", "pluralName": "Bus Stations", "shortName": "Bus Station", "icon": {"prefix": "https://ss3.4sqi.net/img/categories_v2/travel/busstation_", "suffix": ".png"}, "primary": true}], "photos": {"count": 0, "groups": []}}, "referralId": "e-0-526bb69e11d25ebb2be64198-17"}, {"reasons": {"count": 0, "items": [{"summary": "This spot is popular", "type": "general", "reasonName": "globalInteractionReason"}]}, "venue": {"id": "5108decce4b075eab281fb60", "name": "Bus Stop L Finsbury Park/Blackstock Road", "location": {"lat": 51.565463, "lng": -0.103363, "labeledLatLngs": [{"label": "display", "lat": 51.565463, "lng": -0.103363}], "distance": 301, "cc": "GB", "country": "United Kingdom", "formattedAddress": ["United Kingdom"]}, "categories": [{"id": "52f2ab2ebcbc57f1066b8b4f", "name": "Bus Stop", "pluralName": "Bus Stops", "shortName": "Bus Stop", "icon": {"prefix": "https://ss3.4sqi.net/img/categories_v2/travel/busstation_", "suffix": ".png"}, "primary": true}], "photos": {"count": 0, "groups": []}}, "referralId": "e-0-5108decce4b075eab281fb60-18"}, {"reasons": {"count": 0, "items": [{"summary": "This spot is popular", "type": "general", "reasonName": "globalInteractionReason"}]}, "venue": {"id": "4eaa914a30f823f86de91b02", "name": "Bus Stop N (Blackstock Road)", "location": {"lat": 51.56399174366172, "lng": -0.1033074398951766, "labeledLatLngs": [{"label": "display", "lat": 51.56399174366172, "lng": -0.1033074398951766}], "distance": 325, "cc": "GB", "city": "Islington", "state": "Greater London", "country": "United Kingdom", "formattedAddress": ["Islington", "Greater London", "United Kingdom"]}, "categories": [{"id": "52f2ab2ebcbc57f1066b8b4f", "name": "Bus Stop", "pluralName": "Bus Stops", "shortName": "Bus Stop", "icon": {"prefix": "https://ss3.4sqi.net/img/categories_v2/travel/busstation_", "suffix": ".png"}, "primary": true}], "photos": {"count": 0, "groups": []}}, "referralId": "e-0-4eaa914a30f823f86de91b02-19"}, {"reasons": {"count": 0, "items": [{"summary": "This spot is popular", "type": "general", "reasonName": "globalInteractionReason"}]}, "venue": {"id": "4bc78b2093bdeee1867f37ae", "name": "Pembury Hotel London", "location": {"address": "326 - 328 Seven Sisters Road", "lat": 51.56606293926408, "lng": -0.10217344751541699, "labeledLatLngs": [{"label": "display", "lat": 51.56606293926408, "lng": -0.10217344751541699}], "distance": 395, "postalCode": "N 4 2", "cc": "GB", "city": "Hackney", "state": "Greater London", "country": "United Kingdom", "formattedAddress": ["326 - 328 Seven Sisters Road", "Hackney", "Greater London", "N 4 2", "United Kingdom"]}, "categories": [{"id": "4bf58dd8d48988d1fa931735", "name": "Hotel", "pluralName": "Hotels", "shortName": "Hotel", "icon": {"prefix": "https://ss3.4sqi.net/img/categories_v2/travel/hotel_", "suffix": ".png"}, "primary": true}], "photos": {"count": 0, "groups": []}}, "referralId": "e-0-4bc78b2093bdeee1867f37ae-20"}, {"reasons": {"count": 0, "items": [{"summary": "This spot is popular", "type": "general", "reasonName": "globalInteractionReason"}]}, "venue": {"id": "4ad31370f964a5200ce320e3", "name": "Finsbury Park Railway Station (FPK)", "location": {"address": "Station Place", "crossStreet": "Seven Sisters Rd", "lat": 51.564772898674875, "lng": -0.1064300537109375, "labeledLatLngs": [{"label": "display", "lat": 51.564772898674875, "lng": -0.1064300537109375}], "distance": 92, "postalCode": "N4 2DH", "cc": "GB", "neighborhood": "Finsbury Park", "city": "London", "state": "Greater London", "country": "United Kingdom", "formattedAddress": ["Station Place (Seven Sisters Rd)", "London", "Greater London", "N4 2DH", "United Kingdom"]}, "categories": [{"id": "4bf58dd8d48988d129951735", "name": "Train Station", "pluralName": "Train Stations", "shortName": "Train Station", "icon": {"prefix": "https://ss3.4sqi.net/img/categories_v2/travel/trainstation_", "suffix": ".png"}, "primary": true}], "photos": {"count": 0, "groups": []}}, "referralId": "e-0-4ad31370f964a5200ce320e3-21"}]}]}}