{"meta": {"code": 200, "requestId": "5fedd9e2ba6fa474b860a7e8"}, "response": {"warning": {"text": "There aren't a lot of results near you. Try something more general, reset your filters, or expand the search area."}, "headerLocation": "Brunswick Park", "headerFullLocation": "Brunswick Park, London", "headerLocationGranularity": "neighborhood", "query": "food", "totalResults": 0, "suggestedBounds": {"ne": {"lat": 51.63008000360001, "lng": -0.1399417174654033}, "sw": {"lat": 51.622879996399995, "lng": -0.1515182825345967}}, "groups": [{"type": "Recommended Places", "name": "recommended", "items": []}]}}