{"meta": {"code": 200, "requestId": "5fedda2b0062d40d7ed5f493"}, "response": {"suggestedFilters": {"header": "Tap to show:", "filters": [{"name": "Open now", "key": "openNow"}]}, "headerLocation": "Hammersmith Broadway", "headerFullLocation": "Hammersmith Broadway, London", "headerLocationGranularity": "neighborhood", "query": "food", "totalResults": 48, "suggestedBounds": {"ne": {"lat": 51.49767200360001, "lng": -0.2215255458553905}, "sw": {"lat": 51.4904719964, "lng": -0.2330684541446095}}, "groups": [{"type": "Recommended Places", "name": "recommended", "items": [{"reasons": {"count": 0, "items": [{"summary": "This spot is popular", "type": "general", "reasonName": "globalInteractionReason"}]}, "venue": {"id": "4fc4c125e4b087a3e2ff2974", "name": "La Petite Bretagne", "location": {"address": "5-7 Beadon Rd", "lat": 51.49327, "lng": -0.225631, "labeledLatLngs": [{"label": "display", "lat": 51.49327, "lng": -0.225631}], "distance": 145, "postalCode": "W6 0EA", "cc": "GB", "city": "London", "state": "Greater London", "country": "United Kingdom", "formattedAddress": ["5-7 Beadon Rd", "London", "Greater London", "W6 0EA", "United Kingdom"]}, "categories": [{"id": "52e81612bcbc57f1066b79f2", "name": "Creperie", "pluralName": "Creperies", "shortName": "Creperie", "icon": {"prefix": "https://ss3.4sqi.net/img/categories_v2/food/creperie_", "suffix": ".png"}, "primary": true}], "photos": {"count": 0, "groups": []}, "venuePage": {"id": "33849592"}}, "referralId": "e-0-4fc4c125e4b087a3e2ff2974-0"}, {"reasons": {"count": 0, "items": [{"summary": "This spot is popular", "type": "general", "reasonName": "globalInteractionReason"}]}, "venue": {"id": "51c16182498e9abf83405a45", "name": "Scotties Coffee Van", "location": {"address": "King Street (Nr Swan Pub)", "crossStreet": "Beadon Road", "lat": 51.49291139940193, "lng": -0.2245254015335418, "labeledLatLngs": [{"label": "display", "lat": 51.49291139940193, "lng": -0.2245254015335418}], "distance": 231, "cc": "GB", "city": "Hammersmith", "state": "Greater London", "country": "United Kingdom", "formattedAddress": ["King Street (Nr Swan Pub) (Beadon Road)", "Hammersmith", "Greater London", "United Kingdom"]}, "categories": [{"id": "4bf58dd8d48988d1cb941735", "name": "Food Truck", "pluralName": "Food Trucks", "shortName": "Food Truck", "icon": {"prefix": "https://ss3.4sqi.net/img/categories_v2/food/streetfood_", "suffix": ".png"}, "primary": true}], "photos": {"count": 0, "groups": []}}, "referralId": "e-0-51c16182498e9abf83405a45-1"}, {"reasons": {"count": 0, "items": [{"summary": "This spot is popular", "type": "general", "reasonName": "globalInteractionReason"}]}, "venue": {"id": "4ddd24761838306b8216a8f4", "name": "Tortilla", "location": {"address": "6A King St", "lat": 51.493018671356765, "lng": -0.22544996650835117, "labeledLatLngs": [{"label": "display", "lat": 51.493018671356765, "lng": -0.22544996650835117}], "distance": 173, "postalCode": "W6 0QA", "cc": "GB", "city": "Hammersmith", "state": "Greater London", "country": "United Kingdom", "formattedAddress": ["6A King St", "Hammersmith", "Greater London", "W6 0QA", "United Kingdom"]}, "categories": [{"id": "4bf58dd8d48988d153941735", "name": "Burrito Place", "pluralName": "Burrito Places", "shortName": "Burritos", "icon": {"prefix": "https://ss3.4sqi.net/img/categories_v2/food/burrito_", "suffix": ".png"}, "primary": true}], "photos": {"count": 0, "groups": []}}, "referralId": "e-0-4ddd24761838306b8216a8f4-2"}, {"reasons": {"count": 0, "items": [{"summary": "This spot is popular", "type": "general", "reasonName": "globalInteractionReason"}]}, "venue": {"id": "4b4ae69df964a520a58f26e3", "name": "Pret A Manger", "location": {"address": "8-10 King Street, Hammersmith", "lat": 51.493068825484855, "lng": -0.22559595876984861, "labeledLatLngs": [{"label": "display", "lat": 51.493068825484855, "lng": -0.22559595876984861}], "distance": 162, "postalCode": "W6 0QA", "cc": "GB", "city": "London", "state": "Greater London", "country": "United Kingdom", "formattedAddress": ["8-10 King Street, Hammersmith", "London", "Greater London", "W6 0QA", "United Kingdom"]}, "categories": [{"id": "4bf58dd8d48988d1c5941735", "name": "Sandwich Place", "pluralName": "Sandwich Places", "shortName": "Sandwiches", "icon": {"prefix": "https://ss3.4sqi.net/img/categories_v2/food/deli_", "suffix": ".png"}, "primary": true}], "photos": {"count": 0, "groups": []}}, "referralId": "e-0-4b4ae69df964a520a58f26e3-3"}, {"reasons": {"count": 0, "items": [{"summary": "This spot is popular", "type": "general", "reasonName": "globalInteractionReason"}]}, "venue": {"id": "56ec2d7b498ef62eb7e4d029", "name": "Caf\u00e9 de Nata", "location": {"address": "25b, Broadway Shopping Centre", "lat": 51.49205528446088, "lng": -0.22378678725596382, "labeledLatLngs": [{"label": "display", "lat": 51.49205528446088, "lng": -0.22378678725596382}], "distance": 331, "postalCode": "W6 9YD", "cc": "GB", "city": "Hammersmith Broadway", "state": "Greater London", "country": "United Kingdom", "formattedAddress": ["25b, Broadway Shopping Centre", "Hammersmith Broadway", "Greater London", "W6 9YD", "United Kingdom"]}, "categories": [{"id": "4bf58dd8d48988d16d941735", "name": "Caf\u00e9", "pluralName": "Caf\u00e9s", "shortName": "Caf\u00e9", "icon": {"prefix": "https://ss3.4sqi.net/img/categories_v2/food/cafe_", "suffix": ".png"}, "primary": true}], "photos": {"count": 0, "groups": []}}, "referralId": "e-0-56ec2d7b498ef62eb7e4d029-4"}, {"reasons": {"count": 0, "items": [{"summary": "This spot is popular", "type": "general", "reasonName": "globalInteractionReason"}]}, "venue": {"id": "55d5bfdf498e6941d31858da", "name": "Poppy's", "location": {"address": "78 Glenthorne Rd", "lat": 51.494477220745495, "lng": -0.2319420753736231, "labeledLatLngs": [{"label": "display", "lat": 51.494477220745495, "lng": -0.2319420753736231}], "distance": 325, "postalCode": "W6 0LR", "cc": "GB", "neighborhood": "Ravenscourt Park", "city": "Hammersmith", "state": "Greater London", "country": "United Kingdom", "formattedAddress": ["78 Glenthorne Rd", "Hammersmith", "Greater London", "W6 0LR", "United Kingdom"]}, "categories": [{"id": "4bf58dd8d48988d149941735", "name": "Thai Restaurant", "pluralName": "Thai Restaurants", "shortName": "Thai", "icon": {"prefix": "https://ss3.4sqi.net/img/categories_v2/food/thai_", "suffix": ".png"}, "primary": true}], "photos": {"count": 0, "groups": []}}, "referralId": "e-0-55d5bfdf498e6941d31858da-5"}, {"reasons": {"count": 0, "items": [{"summary": "This spot is popular", "type": "general", "reasonName": "globalInteractionReason"}]}, "venue": {"id": "53af0314498e3f6a6731cded", "name": "Toro Gordo", "location": {"address": "121 King St", "lat": 51.49259418687095, "lng": -0.2301166660199997, "labeledLatLngs": [{"label": "display", "lat": 51.49259418687095, "lng": -0.2301166660199997}], "distance": 255, "postalCode": "W6 9JG", "cc": "GB", "city": "London", "state": "Greater London", "country": "United Kingdom", "formattedAddress": ["121 King St", "London", "Greater London", "W6 9JG", "United Kingdom"]}, "categories": [{"id": "4bf58dd8d48988d1db931735", "name": "Tapas Restaurant", "pluralName": "Tapas Restaurants", "shortName": "Tapas", "icon": {"prefix": "https://ss3.4sqi.net/img/categories_v2/food/tapas_", "suffix": ".png"}, "primary": true}], "photos": {"count": 0, "groups": []}, "venuePage": {"id": "91671944"}}, "referralId": "e-0-53af0314498e3f6a6731cded-6"}, {"reasons": {"count": 0, "items": [{"summary": "This spot is popular", "type": "general", "reasonName": "globalInteractionReason"}]}, "venue": {"id": "50bca574e4b019584ff99b7e", "name": "Nando's", "location": {"address": "22-26 Hammersmith Broadway", "crossStreet": "btw Shepherds Bush Rd & Beadon Rd", "lat": 51.49343904, "lng": -0.22425682, "labeledLatLngs": [{"label": "display", "lat": 51.49343904, "lng": -0.22425682}], "distance": 222, "postalCode": "W6 7AB", "cc": "GB", "city": "London", "state": "Greater London", "country": "United Kingdom", "formattedAddress": ["22-26 Hammersmith Broadway (btw Shepherds Bush Rd & Beadon Rd)", "London", "Greater London", "W6 7AB", "United Kingdom"]}, "categories": [{"id": "4def73e84765ae376e57713a", "name": "Portuguese Restaurant", "pluralName": "Portuguese Restaurants", "shortName": "Portuguese", "icon": {"prefix": "https://ss3.4sqi.net/img/categories_v2/food/portuguese_", "suffix": ".png"}, "primary": true}], "photos": {"count": 0, "groups": []}, "venuePage": {"id": "558713520"}}, "referralId": "e-0-50bca574e4b019584ff99b7e-7"}, {"reasons": {"count": 0, "items": [{"summary": "This spot is popular", "type": "general", "reasonName": "globalInteractionReason"}]}, "venue": {"id": "578347d3498e62d44a98707d", "name": "Nurture W6", "location": {"address": "16 Beadon Rd", "lat": 51.493808, "lng": -0.226205, "labeledLatLngs": [{"label": "display", "lat": 51.493808, "lng": -0.226205}], "distance": 81, "postalCode": "W6 0DA", "cc": "GB", "country": "United Kingdom", "formattedAddress": ["16 Beadon Rd", "W6 0DA", "United Kingdom"]}, "categories": [{"id": "4bf58dd8d48988d1c5941735", "name": "Sandwich Place", "pluralName": "Sandwich Places", "shortName": "Sandwiches", "icon": {"prefix": "https://ss3.4sqi.net/img/categories_v2/food/deli_", "suffix": ".png"}, "primary": true}], "photos": {"count": 0, "groups": []}}, "referralId": "e-0-578347d3498e62d44a98707d-8"}, {"reasons": {"count": 0, "items": [{"summary": "This spot is popular", "type": "general", "reasonName": "globalInteractionReason"}]}, "venue": {"id": "51efe796498ecf0cbe72ea91", "name": "wagamama", "location": {"address": "244 shepherds bush rd, the old fire station, hammersmith", "lat": 51.4938867, "lng": -0.224121, "labeledLatLngs": [{"label": "display", "lat": 51.4938867, "lng": -0.224121}], "distance": 221, "postalCode": "W6 7NL", "cc": "GB", "neighborhood": "Hammersmith Broadway", "city": "London", "state": "Greater London", "country": "United Kingdom", "formattedAddress": ["244 shepherds bush rd, the old fire station, hammersmith", "London", "Greater London", "W6 7NL", "United Kingdom"]}, "categories": [{"id": "4bf58dd8d48988d142941735", "name": "Asian Restaurant", "pluralName": "Asian Restaurants", "shortName": "Asian", "icon": {"prefix": "https://ss3.4sqi.net/img/categories_v2/food/asian_", "suffix": ".png"}, "primary": true}], "photos": {"count": 0, "groups": []}}, "referralId": "e-0-51efe796498ecf0cbe72ea91-9"}, {"reasons": {"count": 0, "items": [{"summary": "This spot is popular", "type": "general", "reasonName": "globalInteractionReason"}]}, "venue": {"id": "52e271c4498eec3e42c7d054", "name": "Wasabi", "location": {"address": "Unit 24 Kings Mall,", "crossStreet": "43 Kings St", "lat": 51.49273139656879, "lng": -0.22759825302484435, "labeledLatLngs": [{"label": "display", "lat": 51.49273139656879, "lng": -0.22759825302484435}], "distance": 150, "postalCode": "W6 9HW", "cc": "GB", "neighborhood": "Hammersmith and Fulham, London, Greater London", "city": "London", "state": "Greater London", "country": "United Kingdom", "formattedAddress": ["Unit 24 Kings Mall, (43 Kings St)", "London", "Greater London", "W6 9HW", "United Kingdom"]}, "categories": [{"id": "4bf58dd8d48988d1d2941735", "name": "Sushi Restaurant", "pluralName": "Sushi Restaurants", "shortName": "Sushi", "icon": {"prefix": "https://ss3.4sqi.net/img/categories_v2/food/sushi_", "suffix": ".png"}, "primary": true}], "photos": {"count": 0, "groups": []}}, "referralId": "e-0-52e271c4498eec3e42c7d054-10"}, {"reasons": {"count": 0, "items": [{"summary": "This spot is popular", "type": "general", "reasonName": "globalInteractionReason"}]}, "venue": {"id": "5a588a7b3fcee83be01e96cf", "name": "Paul", "location": {"address": "Unit 34B Broadway Shopping Centre", "lat": 51.492653018455506, "lng": -0.224194323529356, "labeledLatLngs": [{"label": "display", "lat": 51.492653018455506, "lng": -0.224194323529356}], "distance": 266, "postalCode": "W6 9YD", "cc": "GB", "city": "Hammersmith", "state": "Greater London", "country": "United Kingdom", "formattedAddress": ["Unit 34B Broadway Shopping Centre", "Hammersmith", "Greater London", "W6 9YD", "United Kingdom"]}, "categories": [{"id": "4bf58dd8d48988d16a941735", "name": "Bakery", "pluralName": "Bakeries", "shortName": "Bakery", "icon": {"prefix": "https://ss3.4sqi.net/img/categories_v2/food/bakery_", "suffix": ".png"}, "primary": true}], "photos": {"count": 0, "groups": []}}, "referralId": "e-0-5a588a7b3fcee83be01e96cf-11"}, {"reasons": {"count": 0, "items": [{"summary": "This spot is popular", "type": "general", "reasonName": "globalInteractionReason"}]}, "venue": {"id": "4c194090838020a1436fe561", "name": "The Grove Bar & Restaurant", "location": {"address": "83 Hammersmith Grove", "lat": 51.49602959482245, "lng": -0.2273659416823648, "labeledLatLngs": [{"label": "display", "lat": 51.49602959482245, "lng": -0.2273659416823648}], "distance": 217, "postalCode": "W6 0NQ", "cc": "GB", "city": "London", "state": "Greater London", "country": "United Kingdom", "formattedAddress": ["83 Hammersmith Grove", "London", "Greater London", "W6 0NQ", "United Kingdom"]}, "categories": [{"id": "4bf58dd8d48988d155941735", "name": "Gastropub", "pluralName": "Gastropubs", "shortName": "Gastropub", "icon": {"prefix": "https://ss3.4sqi.net/img/categories_v2/food/gastropub_", "suffix": ".png"}, "primary": true}], "photos": {"count": 0, "groups": []}}, "referralId": "e-0-4c194090838020a1436fe561-12"}, {"reasons": {"count": 0, "items": [{"summary": "This spot is popular", "type": "general", "reasonName": "globalInteractionReason"}]}, "venue": {"id": "57473ab8498ed4b1e927c266", "name": "Pret A Manger", "location": {"address": "Unit 1, Hammersmith Station, Beadon Road", "lat": 51.49351, "lng": -0.224847, "labeledLatLngs": [{"label": "display", "lat": 51.49351, "lng": -0.224847}], "distance": 180, "postalCode": "W6 7AA", "cc": "GB", "city": "London", "state": "Greater London", "country": "United Kingdom", "formattedAddress": ["Unit 1, Hammersmith Station, Beadon Road", "London", "Greater London", "W6 7AA", "United Kingdom"]}, "categories": [{"id": "4bf58dd8d48988d1c5941735", "name": "Sandwich Place", "pluralName": "Sandwich Places", "shortName": "Sandwiches", "icon": {"prefix": "https://ss3.4sqi.net/img/categories_v2/food/deli_", "suffix": ".png"}, "primary": true}], "photos": {"count": 0, "groups": []}}, "referralId": "e-0-57473ab8498ed4b1e927c266-13"}, {"reasons": {"count": 0, "items": [{"summary": "This spot is popular", "type": "general", "reasonName": "globalInteractionReason"}]}, "venue": {"id": "4b326cd9f964a520630b25e3", "name": "Sagar", "location": {"address": "157 King St, Hammersmith", "lat": 51.4924381, "lng": -0.232177, "labeledLatLngs": [{"label": "display", "lat": 51.4924381, "lng": -0.232177}], "distance": 384, "postalCode": "W6 9JT", "cc": "GB", "neighborhood": "City of Westminster", "city": "London", "state": "Greater London", "country": "United Kingdom", "formattedAddress": ["157 King St, Hammersmith", "London", "Greater London", "W6 9JT", "United Kingdom"]}, "categories": [{"id": "4bf58dd8d48988d1d3941735", "name": "Vegetarian / Vegan Restaurant", "pluralName": "Vegetarian / Vegan Restaurants", "shortName": "Vegetarian / Vegan", "icon": {"prefix": "https://ss3.4sqi.net/img/categories_v2/food/vegetarian_", "suffix": ".png"}, "primary": true}], "photos": {"count": 0, "groups": []}}, "referralId": "e-0-4b326cd9f964a520630b25e3-14"}, {"reasons": {"count": 0, "items": [{"summary": "This spot is popular", "type": "general", "reasonName": "globalInteractionReason"}]}, "venue": {"id": "55a62910498e608a38057633", "name": "Zack's", "location": {"lat": 51.49331283569336, "lng": -0.22580209374427795, "labeledLatLngs": [{"label": "display", "lat": 51.49331283569336, "lng": -0.22580209374427795}], "distance": 133, "cc": "GB", "country": "United Kingdom", "formattedAddress": ["United Kingdom"]}, "categories": [{"id": "4bf58dd8d48988d143941735", "name": "Breakfast Spot", "pluralName": "Breakfast Spots", "shortName": "Breakfast", "icon": {"prefix": "https://ss3.4sqi.net/img/categories_v2/food/breakfast_", "suffix": ".png"}, "primary": true}], "photos": {"count": 0, "groups": []}}, "referralId": "e-0-55a62910498e608a38057633-15"}, {"reasons": {"count": 0, "items": [{"summary": "This spot is popular", "type": "general", "reasonName": "globalInteractionReason"}]}, "venue": {"id": "5aafaf12cd441c1ee95841e5", "name": "Wing Wing", "location": {"address": "18-20 Hammersmith Broadway", "lat": 51.49351285845202, "lng": -0.2239886345307534, "labeledLatLngs": [{"label": "display", "lat": 51.49351285845202, "lng": -0.2239886345307534}], "distance": 237, "postalCode": "W6 7AB", "cc": "GB", "city": "London", "state": "Greater London", "country": "United Kingdom", "formattedAddress": ["18-20 Hammersmith Broadway", "London", "Greater London", "W6 7AB", "United Kingdom"]}, "categories": [{"id": "4bf58dd8d48988d14c941735", "name": "Wings Joint", "pluralName": "Wings Joints", "shortName": "Wings", "icon": {"prefix": "https://ss3.4sqi.net/img/categories_v2/food/wings_", "suffix": ".png"}, "primary": true}], "photos": {"count": 0, "groups": []}}, "referralId": "e-0-5aafaf12cd441c1ee95841e5-16"}, {"reasons": {"count": 0, "items": [{"summary": "This spot is popular", "type": "general", "reasonName": "globalInteractionReason"}]}, "venue": {"id": "56536c5b498edc1816b17aec", "name": "Leon", "location": {"address": "Unit 27 The Broadway Shopping Centre", "lat": 51.49209112994895, "lng": -0.22387622485154995, "labeledLatLngs": [{"label": "display", "lat": 51.49209112994895, "lng": -0.22387622485154995}], "distance": 323, "postalCode": "W6 9YD", "cc": "GB", "neighborhood": "Hammersmith Broadway, London, Greater London", "city": "Hammersmith", "state": "Greater London", "country": "United Kingdom", "formattedAddress": ["Unit 27 The Broadway Shopping Centre", "Hammersmith", "Greater London", "W6 9YD", "United Kingdom"]}, "categories": [{"id": "4bf58dd8d48988d16e941735", "name": "Fast Food Restaurant", "pluralName": "Fast Food Restaurants", "shortName": "Fast Food", "icon": {"prefix": "https://ss3.4sqi.net/img/categories_v2/food/fastfood_", "suffix": ".png"}, "primary": true}], "photos": {"count": 0, "groups": []}}, "referralId": "e-0-56536c5b498edc1816b17aec-17"}, {"reasons": {"count": 0, "items": [{"summary": "This spot is popular", "type": "general", "reasonName": "globalInteractionReason"}]}, "venue": {"id": "599444115c6838585303ecde", "name": "Nando's", "location": {"address": "133-135 King Street", "lat": 51.49242826, "lng": -0.23072595, "labeledLatLngs": [{"label": "display", "lat": 51.49242826, "lng": -0.23072595}], "distance": 299, "postalCode": "W6 9JG", "cc": "GB", "city": "Hammersmith", "state": "Greater London", "country": "United Kingdom", "formattedAddress": ["133-135 King Street", "Hammersmith", "Greater London", "W6 9JG", "United Kingdom"]}, "categories": [{"id": "4def73e84765ae376e57713a", "name": "Portuguese Restaurant", "pluralName": "Portuguese Restaurants", "shortName": "Portuguese", "icon": {"prefix": "https://ss3.4sqi.net/img/categories_v2/food/portuguese_", "suffix": ".png"}, "primary": true}], "photos": {"count": 0, "groups": []}, "venuePage": {"id": "559712057"}}, "referralId": "e-0-599444115c6838585303ecde-18"}, {"reasons": {"count": 0, "items": [{"summary": "This spot is popular", "type": "general", "reasonName": "globalInteractionReason"}]}, "venue": {"id": "4dcae16dd16478749f96c104", "name": "Villagio", "location": {"address": "206-208 Hammersmith Road", "lat": 51.4929926046101, "lng": -0.22183530779841834, "labeledLatLngs": [{"label": "display", "lat": 51.4929926046101, "lng": -0.22183530779841834}], "distance": 397, "postalCode": "W6 7DH", "cc": "GB", "city": "Hammersmith", "state": "Greater London", "country": "United Kingdom", "formattedAddress": ["206-208 Hammersmith Road", "Hammersmith", "Greater London", "W6 7DH", "United Kingdom"]}, "categories": [{"id": "4bf58dd8d48988d110941735", "name": "Italian Restaurant", "pluralName": "Italian Restaurants", "shortName": "Italian", "icon": {"prefix": "https://ss3.4sqi.net/img/categories_v2/food/italian_", "suffix": ".png"}, "primary": true}], "photos": {"count": 0, "groups": []}}, "referralId": "e-0-4dcae16dd16478749f96c104-19"}, {"reasons": {"count": 0, "items": [{"summary": "This spot is popular", "type": "general", "reasonName": "globalInteractionReason"}]}, "venue": {"id": "5597dd51498e02153dad0f58", "name": "Patisserie Valerie", "location": {"address": "Unit 21 Kings Mall", "lat": 51.49284656747389, "lng": -0.22698378818528156, "labeledLatLngs": [{"label": "display", "lat": 51.49284656747389, "lng": -0.22698378818528156}], "distance": 138, "postalCode": "W6 9HW", "cc": "GB", "city": "Hammersmith", "state": "Greater London", "country": "United Kingdom", "formattedAddress": ["Unit 21 Kings Mall", "Hammersmith", "Greater London", "W6 9HW", "United Kingdom"]}, "categories": [{"id": "4bf58dd8d48988d16d941735", "name": "Caf\u00e9", "pluralName": "Caf\u00e9s", "shortName": "Caf\u00e9", "icon": {"prefix": "https://ss3.4sqi.net/img/categories_v2/food/cafe_", "suffix": ".png"}, "primary": true}], "photos": {"count": 0, "groups": []}}, "referralId": "e-0-5597dd51498e02153dad0f58-20"}, {"reasons": {"count": 0, "items": [{"summary": "This spot is popular", "type": "general", "reasonName": "globalInteractionReason"}]}, "venue": {"id": "5283dca911d2a1fdf9957cf1", "name": "Byron", "location": {"address": "10 Hammersmith Grove", "crossStreet": "Beadon Rd", "lat": 51.493559626072866, "lng": -0.22567156914806405, "labeledLatLngs": [{"label": "display", "lat": 51.493559626072866, "lng": -0.22567156914806405}], "distance": 126, "postalCode": "W6 7AP", "cc": "GB", "city": "London", "state": "Greater London", "country": "United Kingdom", "formattedAddress": ["10 Hammersmith Grove (Beadon Rd)", "London", "Greater London", "W6 7AP", "United Kingdom"]}, "categories": [{"id": "4bf58dd8d48988d16c941735", "name": "Burger Joint", "pluralName": "Burger Joints", "shortName": "Burgers", "icon": {"prefix": "https://ss3.4sqi.net/img/categories_v2/food/burger_", "suffix": ".png"}, "primary": true}], "photos": {"count": 0, "groups": []}}, "referralId": "e-0-5283dca911d2a1fdf9957cf1-21"}, {"reasons": {"count": 0, "items": [{"summary": "This spot is popular", "type": "general", "reasonName": "globalInteractionReason"}]}, "venue": {"id": "570d6969cd1023cffa6d1ef2", "name": "Krispy Kreme", "location": {"address": "Unit 38 Broadway Shopping Centre, Hammersmith", "lat": 51.4917545, "lng": -0.2237059, "labeledLatLngs": [{"label": "display", "lat": 51.4917545, "lng": -0.2237059}], "distance": 358, "postalCode": "W6 9YE", "cc": "GB", "city": "London", "state": "Greater London", "country": "United Kingdom", "formattedAddress": ["Unit 38 Broadway Shopping Centre, Hammersmith", "London", "Greater London", "W6 9YE", "United Kingdom"]}, "categories": [{"id": "4bf58dd8d48988d148941735", "name": "Donut Shop", "pluralName": "Donut Shops", "shortName": "Donuts", "icon": {"prefix": "https://ss3.4sqi.net/img/categories_v2/food/donuts_", "suffix": ".png"}, "primary": true}], "photos": {"count": 0, "groups": []}}, "referralId": "e-0-570d6969cd1023cffa6d1ef2-22"}, {"reasons": {"count": 0, "items": [{"summary": "This spot is popular", "type": "general", "reasonName": "globalInteractionReason"}]}, "venue": {"id": "4bd821840b779c749a6406a0", "name": "Subway", "location": {"address": "1-15 King Street, Hammersmith", "lat": 51.49272135206542, "lng": -0.22534125032137586, "labeledLatLngs": [{"label": "display", "lat": 51.49272135206542, "lng": -0.22534125032137586}], "distance": 202, "postalCode": "W6 9HR", "cc": "GB", "city": "London", "country": "United Kingdom", "formattedAddress": ["1-15 King Street, Hammersmith", "London", "W6 9HR", "United Kingdom"]}, "categories": [{"id": "4bf58dd8d48988d1c5941735", "name": "Sandwich Place", "pluralName": "Sandwich Places", "shortName": "Sandwiches", "icon": {"prefix": "https://ss3.4sqi.net/img/categories_v2/food/deli_", "suffix": ".png"}, "primary": true}], "photos": {"count": 0, "groups": []}}, "referralId": "e-0-4bd821840b779c749a6406a0-23"}, {"reasons": {"count": 0, "items": [{"summary": "This spot is popular", "type": "general", "reasonName": "globalInteractionReason"}]}, "venue": {"id": "520901a011d2ffb554283d18", "name": "Capital Restaurant", "location": {"address": "30 Hammersmith Broadway", "lat": 51.49305921995115, "lng": -0.22446481242024965, "labeledLatLngs": [{"label": "display", "lat": 51.49305921995115, "lng": -0.22446481242024965}], "distance": 226, "postalCode": "W6 7AB", "cc": "GB", "city": "London", "state": "Greater London", "country": "United Kingdom", "formattedAddress": ["30 Hammersmith Broadway", "London", "Greater London", "W6 7AB", "United Kingdom"]}, "categories": [{"id": "4f04af1f2fb6e1c99f3db0bb", "name": "Turkish Restaurant", "pluralName": "Turkish Restaurants", "shortName": "Turkish", "icon": {"prefix": "https://ss3.4sqi.net/img/categories_v2/food/turkish_", "suffix": ".png"}, "primary": true}], "photos": {"count": 0, "groups": []}}, "referralId": "e-0-520901a011d2ffb554283d18-24"}, {"reasons": {"count": 0, "items": [{"summary": "This spot is popular", "type": "general", "reasonName": "globalInteractionReason"}]}, "venue": {"id": "528ba6bc11d2a4a63c3a9d16", "name": "Bill's Restaurant", "location": {"address": "10 Hammersmith Grove", "lat": 51.49349608056298, "lng": -0.2255275997830049, "labeledLatLngs": [{"label": "display", "lat": 51.49349608056298, "lng": -0.2255275997830049}], "distance": 138, "postalCode": "W6 7AP", "cc": "GB", "city": "Hammersmith", "state": "Greater London", "country": "United Kingdom", "formattedAddress": ["10 Hammersmith Grove", "Hammersmith", "Greater London", "W6 7AP", "United Kingdom"]}, "categories": [{"id": "52e81612bcbc57f1066b7a05", "name": "English Restaurant", "pluralName": "English Restaurants", "shortName": "English", "icon": {"prefix": "https://ss3.4sqi.net/img/categories_v2/food/default_", "suffix": ".png"}, "primary": true}], "photos": {"count": 0, "groups": []}}, "referralId": "e-0-528ba6bc11d2a4a63c3a9d16-25"}, {"reasons": {"count": 0, "items": [{"summary": "This spot is popular", "type": "general", "reasonName": "globalInteractionReason"}]}, "venue": {"id": "4aeb013ff964a52027bd21e3", "name": "Sagar Vegetarian", "location": {"address": "157 King St", "lat": 51.49260001488867, "lng": -0.2321515697334005, "labeledLatLngs": [{"label": "display", "lat": 51.49260001488867, "lng": -0.2321515697334005}], "distance": 374, "postalCode": "W6 9JT", "cc": "GB", "city": "Hammersmith", "state": "Greater London", "country": "United Kingdom", "formattedAddress": ["157 King St", "Hammersmith", "Greater London", "W6 9JT", "United Kingdom"]}, "categories": [{"id": "4bf58dd8d48988d10f941735", "name": "Indian Restaurant", "pluralName": "Indian Restaurants", "shortName": "Indian", "icon": {"prefix": "https://ss3.4sqi.net/img/categories_v2/food/indian_", "suffix": ".png"}, "primary": true}], "photos": {"count": 0, "groups": []}}, "referralId": "e-0-4aeb013ff964a52027bd21e3-26"}, {"reasons": {"count": 0, "items": [{"summary": "This spot is popular", "type": "general", "reasonName": "globalInteractionReason"}]}, "venue": {"id": "4ce2b065825e721e75808245", "name": "B\u00e4kehaus", "location": {"address": "71 King St.", "crossStreet": "at Angel Walk", "lat": 51.49263565402312, "lng": -0.2280597647839406, "labeledLatLngs": [{"label": "display", "lat": 51.49263565402312, "lng": -0.2280597647839406}], "distance": 168, "postalCode": "W6 9HW", "cc": "GB", "city": "London", "state": "Greater London", "country": "United Kingdom", "formattedAddress": ["71 King St. (at Angel Walk)", "London", "Greater London", "W6 9HW", "United Kingdom"]}, "categories": [{"id": "4bf58dd8d48988d10d941735", "name": "German Restaurant", "pluralName": "German Restaurants", "shortName": "German", "icon": {"prefix": "https://ss3.4sqi.net/img/categories_v2/food/german_", "suffix": ".png"}, "primary": true}], "photos": {"count": 0, "groups": []}}, "referralId": "e-0-4ce2b065825e721e75808245-27"}, {"reasons": {"count": 0, "items": [{"summary": "This spot is popular", "type": "general", "reasonName": "globalInteractionReason"}]}, "venue": {"id": "4c763120c219224b848da428", "name": "Cafe Kix", "location": {"address": "26-28 Hammersmith Grove", "lat": 51.49513683363743, "lng": -0.226081354765724, "labeledLatLngs": [{"label": "display", "lat": 51.49513683363743, "lng": -0.226081354765724}], "distance": 145, "postalCode": "W6  7ha", "cc": "GB", "city": "Hammersmith", "state": "Greater London", "country": "United Kingdom", "formattedAddress": ["26-28 Hammersmith Grove", "Hammersmith", "Greater London", "W6  7ha", "United Kingdom"]}, "categories": [{"id": "4bf58dd8d48988d16d941735", "name": "Caf\u00e9", "pluralName": "Caf\u00e9s", "shortName": "Caf\u00e9", "icon": {"prefix": "https://ss3.4sqi.net/img/categories_v2/food/cafe_", "suffix": ".png"}, "primary": true}], "photos": {"count": 0, "groups": []}}, "referralId": "e-0-4c763120c219224b848da428-28"}, {"reasons": {"count": 0, "items": [{"summary": "This spot is popular", "type": "general", "reasonName": "globalInteractionReason"}]}, "venue": {"id": "4b8d0f7bf964a5204ce632e3", "name": "Blanche Eatery", "location": {"address": "13 Beadon Rd", "lat": 51.49331613563343, "lng": -0.22581357936283844, "labeledLatLngs": [{"label": "display", "lat": 51.49331613563343, "lng": -0.22581357936283844}], "distance": 132, "postalCode": "W6 0EA", "cc": "GB", "neighborhood": "Hammersmith Broadway, London, Greater London", "city": "Hammersmith", "state": "Greater London", "country": "United Kingdom", "formattedAddress": ["13 Beadon Rd", "Hammersmith", "Greater London", "W6 0EA", "United Kingdom"]}, "categories": [{"id": "4bf58dd8d48988d146941735", "name": "Deli / Bodega", "pluralName": "Delis / Bodegas", "shortName": "Deli / Bodega", "icon": {"prefix": "https://ss3.4sqi.net/img/categories_v2/food/deli_", "suffix": ".png"}, "primary": true}], "photos": {"count": 0, "groups": []}}, "referralId": "e-0-4b8d0f7bf964a5204ce632e3-29"}, {"reasons": {"count": 0, "items": [{"summary": "This spot is popular", "type": "general", "reasonName": "globalInteractionReason"}]}, "venue": {"id": "4c99393780958cfa1a8738d4", "name": "Pizza Hut", "location": {"address": "100 King St", "lat": 51.49263151000441, "lng": -0.2303041930304736, "labeledLatLngs": [{"label": "display", "lat": 51.49263151000441, "lng": -0.2303041930304736}], "distance": 262, "postalCode": "W6 0QW", "cc": "GB", "city": "London", "state": "Greater London", "country": "United Kingdom", "formattedAddress": ["100 King St", "London", "Greater London", "W6 0QW", "United Kingdom"]}, "categories": [{"id": "4bf58dd8d48988d1ca941735", "name": "Pizza Place", "pluralName": "Pizza Places", "shortName": "Pizza", "icon": {"prefix": "https://ss3.4sqi.net/img/categories_v2/food/pizza_", "suffix": ".png"}, "primary": true}], "photos": {"count": 0, "groups": []}}, "referralId": "e-0-4c99393780958cfa1a8738d4-30"}, {"reasons": {"count": 0, "items": [{"summary": "This spot is popular", "type": "general", "reasonName": "globalInteractionReason"}]}, "venue": {"id": "55ffdf5f498e48f49c685064", "name": "Hands in Pasta", "location": {"address": "2 Holcombe street", "lat": 51.49257219903119, "lng": -0.23253851832541236, "labeledLatLngs": [{"label": "display", "lat": 51.49257219903119, "lng": -0.23253851832541236}], "distance": 399, "postalCode": "W6 9JR", "cc": "GB", "city": "London", "state": "Greater London", "country": "United Kingdom", "formattedAddress": ["2 Holcombe street", "London", "Greater London", "W6 9JR", "United Kingdom"]}, "categories": [{"id": "4bf58dd8d48988d110941735", "name": "Italian Restaurant", "pluralName": "Italian Restaurants", "shortName": "Italian", "icon": {"prefix": "https://ss3.4sqi.net/img/categories_v2/food/italian_", "suffix": ".png"}, "primary": true}], "photos": {"count": 0, "groups": []}, "venuePage": {"id": "140576513"}}, "referralId": "e-0-55ffdf5f498e48f49c685064-31"}, {"reasons": {"count": 0, "items": [{"summary": "This spot is popular", "type": "general", "reasonName": "globalInteractionReason"}]}, "venue": {"id": "4b7c08daf964a5208c792fe3", "name": "Pret A Manger", "location": {"address": "Unit 30 Broadway Shopping Centre", "lat": 51.49222193288179, "lng": -0.22397176050114687, "labeledLatLngs": [{"label": "display", "lat": 51.49222193288179, "lng": -0.22397176050114687}], "distance": 309, "postalCode": "W6 9YE", "cc": "GB", "city": "London", "state": "Greater London", "country": "United Kingdom", "formattedAddress": ["Unit 30 Broadway Shopping Centre", "London", "Greater London", "W6 9YE", "United Kingdom"]}, "categories": [{"id": "4bf58dd8d48988d1c5941735", "name": "Sandwich Place", "pluralName": "Sandwich Places", "shortName": "Sandwiches", "icon": {"prefix": "https://ss3.4sqi.net/img/categories_v2/food/deli_", "suffix": ".png"}, "primary": true}], "photos": {"count": 0, "groups": []}}, "referralId": "e-0-4b7c08daf964a5208c792fe3-32"}, {"reasons": {"count": 0, "items": [{"summary": "This spot is popular", "type": "general", "reasonName": "globalInteractionReason"}]}, "venue": {"id": "4cb713d69c7ba35d795a9606", "name": "Greggs", "location": {"address": "129 King St", "lat": 51.492608525901076, "lng": -0.23068772143115962, "labeledLatLngs": [{"label": "display", "lat": 51.492608525901076, "lng": -0.23068772143115962}], "distance": 285, "postalCode": "W6 9JG", "cc": "GB", "city": "Hammersmith", "state": "Greater London", "country": "United Kingdom", "formattedAddress": ["129 King St", "Hammersmith", "Greater London", "W6 9JG", "United Kingdom"]}, "categories": [{"id": "4bf58dd8d48988d16a941735", "name": "Bakery", "pluralName": "Bakeries", "shortName": "Bakery", "icon": {"prefix": "https://ss3.4sqi.net/img/categories_v2/food/bakery_", "suffix": ".png"}, "primary": true}], "photos": {"count": 0, "groups": []}}, "referralId": "e-0-4cb713d69c7ba35d795a9606-33"}, {"reasons": {"count": 0, "items": [{"summary": "This spot is popular", "type": "general", "reasonName": "globalInteractionReason"}]}, "venue": {"id": "4d876a65651041bd54179b30", "name": "Subway", "location": {"address": "U18/18 A Broadway", "lat": 51.49187530090936, "lng": -0.22428045224819126, "labeledLatLngs": [{"label": "display", "lat": 51.49187530090936, "lng": -0.22428045224819126}], "distance": 321, "postalCode": "W6 9EY", "cc": "GB", "city": "Hammersmith", "state": "Greater London", "country": "United Kingdom", "formattedAddress": ["U18/18 A Broadway", "Hammersmith", "Greater London", "W6 9EY", "United Kingdom"]}, "categories": [{"id": "4bf58dd8d48988d1c5941735", "name": "Sandwich Place", "pluralName": "Sandwich Places", "shortName": "Sandwiches", "icon": {"prefix": "https://ss3.4sqi.net/img/categories_v2/food/deli_", "suffix": ".png"}, "primary": true}], "photos": {"count": 0, "groups": []}}, "referralId": "e-0-4d876a65651041bd54179b30-34"}, {"reasons": {"count": 0, "items": [{"summary": "This spot is popular", "type": "general", "reasonName": "globalInteractionReason"}]}, "venue": {"id": "4bc70ca6af07a593a1677e2d", "name": "Subway", "location": {"address": "126 King Street, Hammersmith", "lat": 51.4927368, "lng": -0.2316872, "labeledLatLngs": [{"label": "display", "lat": 51.4927368, "lng": -0.2316872}], "distance": 338, "postalCode": "W6 0QU", "cc": "GB", "city": "London", "country": "United Kingdom", "formattedAddress": ["126 King Street, Hammersmith", "London", "W6 0QU", "United Kingdom"]}, "categories": [{"id": "4bf58dd8d48988d1c5941735", "name": "Sandwich Place", "pluralName": "Sandwich Places", "shortName": "Sandwiches", "icon": {"prefix": "https://ss3.4sqi.net/img/categories_v2/food/deli_", "suffix": ".png"}, "primary": true}], "photos": {"count": 0, "groups": []}}, "referralId": "e-0-4bc70ca6af07a593a1677e2d-35"}, {"reasons": {"count": 0, "items": [{"summary": "This spot is popular", "type": "general", "reasonName": "globalInteractionReason"}]}, "venue": {"id": "4c973ecb4f16b713a4a5cc3f", "name": "Wasabi", "location": {"address": "Unit 28, Broadway Shopping Centre", "lat": 51.49215140835591, "lng": -0.22390817832464793, "labeledLatLngs": [{"label": "display", "lat": 51.49215140835591, "lng": -0.22390817832464793}], "distance": 317, "postalCode": "W6 9YD", "cc": "GB", "city": "London", "state": "Greater London", "country": "United Kingdom", "formattedAddress": ["Unit 28, Broadway Shopping Centre", "London", "Greater London", "W6 9YD", "United Kingdom"]}, "categories": [{"id": "4bf58dd8d48988d1d2941735", "name": "Sushi Restaurant", "pluralName": "Sushi Restaurants", "shortName": "Sushi", "icon": {"prefix": "https://ss3.4sqi.net/img/categories_v2/food/sushi_", "suffix": ".png"}, "primary": true}], "photos": {"count": 0, "groups": []}}, "referralId": "e-0-4c973ecb4f16b713a4a5cc3f-36"}, {"reasons": {"count": 0, "items": [{"summary": "This spot is popular", "type": "general", "reasonName": "globalInteractionReason"}]}, "venue": {"id": "5b604f6766f3cd002ccc0908", "name": "Baba G", "location": {"lat": 51.493213, "lng": -0.225777, "labeledLatLngs": [{"label": "display", "lat": 51.493213, "lng": -0.225777}], "distance": 142, "postalCode": "W6 0ED", "cc": "GB", "city": "London", "state": "Greater London", "country": "United Kingdom", "formattedAddress": ["London", "Greater London", "W6 0ED", "United Kingdom"]}, "categories": [{"id": "58daa1558bbb0b01f18ec1cd", "name": "Lebanese Restaurant", "pluralName": "Lebanese Restaurants", "shortName": "Lebanese", "icon": {"prefix": "https://ss3.4sqi.net/img/categories_v2/food/middleeastern_", "suffix": ".png"}, "primary": true}], "photos": {"count": 0, "groups": []}}, "referralId": "e-0-5b604f6766f3cd002ccc0908-37"}, {"reasons": {"count": 0, "items": [{"summary": "This spot is popular", "type": "general", "reasonName": "globalInteractionReason"}]}, "venue": {"id": "520523cb11d29e51cfe1d2e6", "name": "French Crepe", "location": {"lat": 51.49350543297873, "lng": -0.22578391328908826, "labeledLatLngs": [{"label": "display", "lat": 51.49350543297873, "lng": -0.22578391328908826}], "distance": 122, "cc": "GB", "neighborhood": "Hammersmith Broadway", "country": "United Kingdom", "formattedAddress": ["United Kingdom"]}, "categories": [{"id": "4bf58dd8d48988d10c941735", "name": "French Restaurant", "pluralName": "French Restaurants", "shortName": "French", "icon": {"prefix": "https://ss3.4sqi.net/img/categories_v2/food/french_", "suffix": ".png"}, "primary": true}], "photos": {"count": 0, "groups": []}}, "referralId": "e-0-520523cb11d29e51cfe1d2e6-38"}, {"reasons": {"count": 0, "items": [{"summary": "This spot is popular", "type": "general", "reasonName": "globalInteractionReason"}]}, "venue": {"id": "4bbb7b8fafe1b713f93c2f4b", "name": "Charcoal Grill", "location": {"address": "30 Hammersmith Broadway", "lat": 51.493087079999995, "lng": -0.22455, "labeledLatLngs": [{"label": "display", "lat": 51.493087079999995, "lng": -0.22455}], "distance": 219, "postalCode": "W6 7AB", "cc": "GB", "city": "Hammersmith", "state": "Greater London", "country": "United Kingdom", "formattedAddress": ["30 Hammersmith Broadway", "Hammersmith", "Greater London", "W6 7AB", "United Kingdom"]}, "categories": [{"id": "4bf58dd8d48988d115941735", "name": "Middle Eastern Restaurant", "pluralName": "Middle Eastern Restaurants", "shortName": "Middle Eastern", "icon": {"prefix": "https://ss3.4sqi.net/img/categories_v2/food/middleeastern_", "suffix": ".png"}, "primary": true}], "photos": {"count": 0, "groups": []}}, "referralId": "e-0-4bbb7b8fafe1b713f93c2f4b-39"}, {"reasons": {"count": 0, "items": [{"summary": "This spot is popular", "type": "general", "reasonName": "globalInteractionReason"}]}, "venue": {"id": "50210366e4b0b82d5f5cb9ac", "name": "street EATS", "location": {"address": "2b Brookhouse, Hammersmith Broadway, Shepherds Bush Road", "lat": 51.493689587000645, "lng": -0.22386956425592455, "labeledLatLngs": [{"label": "display", "lat": 51.493689587000645, "lng": -0.22386956425592455}], "distance": 241, "postalCode": "W6 7AL", "cc": "GB", "city": "Hammersmith", "state": "Greater London", "country": "United Kingdom", "formattedAddress": ["2b Brookhouse, Hammersmith Broadway, Shepherds Bush Road", "Hammersmith", "Greater London", "W6 7AL", "United Kingdom"]}, "categories": [{"id": "4bf58dd8d48988d146941735", "name": "Deli / Bodega", "pluralName": "Delis / Bodegas", "shortName": "Deli / Bodega", "icon": {"prefix": "https://ss3.4sqi.net/img/categories_v2/food/deli_", "suffix": ".png"}, "primary": true}], "photos": {"count": 0, "groups": []}}, "referralId": "e-0-50210366e4b0b82d5f5cb9ac-40"}, {"reasons": {"count": 0, "items": [{"summary": "This spot is popular", "type": "general", "reasonName": "globalInteractionReason"}]}, "venue": {"id": "5b645e4ad03360002c27c2e4", "name": "Taco Bell", "location": {"address": "100 King St", "lat": 51.49266077, "lng": -0.23017494, "labeledLatLngs": [{"label": "display", "lat": 51.49266077, "lng": -0.23017494}], "distance": 253, "postalCode": "W6 0QW", "cc": "GB", "city": "London", "state": "Greater London", "country": "United Kingdom", "formattedAddress": ["100 King St", "London", "Greater London", "W6 0QW", "United Kingdom"]}, "categories": [{"id": "4bf58dd8d48988d16e941735", "name": "Fast Food Restaurant", "pluralName": "Fast Food Restaurants", "shortName": "Fast Food", "icon": {"prefix": "https://ss3.4sqi.net/img/categories_v2/food/fastfood_", "suffix": ".png"}, "primary": true}], "photos": {"count": 0, "groups": []}}, "referralId": "e-0-5b645e4ad03360002c27c2e4-41"}, {"reasons": {"count": 0, "items": [{"summary": "This spot is popular", "type": "general", "reasonName": "globalInteractionReason"}]}, "venue": {"id": "5899b993409f5676406050b4", "name": "Hasty Tasty", "location": {"address": "35a Broadway Shopping Centre", "lat": 51.49251, "lng": -0.22436343, "labeledLatLngs": [{"label": "display", "lat": 51.49251, "lng": -0.22436343}], "distance": 267, "postalCode": "W6 9YE", "cc": "GB", "city": "London", "state": "Greater London", "country": "United Kingdom", "formattedAddress": ["35a Broadway Shopping Centre", "London", "Greater London", "W6 9YE", "United Kingdom"]}, "categories": [{"id": "4bf58dd8d48988d120951735", "name": "Food Court", "pluralName": "Food Courts", "shortName": "Food Court", "icon": {"prefix": "https://ss3.4sqi.net/img/categories_v2/shops/food_foodcourt_", "suffix": ".png"}, "primary": true}], "photos": {"count": 0, "groups": []}}, "referralId": "e-0-5899b993409f5676406050b4-42"}, {"reasons": {"count": 0, "items": [{"summary": "This spot is popular", "type": "general", "reasonName": "globalInteractionReason"}]}, "venue": {"id": "4c0abb79bbc676b08d654ad5", "name": "Buddha Kitchen", "location": {"address": "133-135 King Street", "lat": 51.492546162016744, "lng": -0.230824, "labeledLatLngs": [{"label": "display", "lat": 51.492546162016744, "lng": -0.230824}], "distance": 297, "postalCode": "W6 9JG", "cc": "GB", "city": "Hammersmith", "state": "Greater London", "country": "United Kingdom", "formattedAddress": ["133-135 King Street", "Hammersmith", "Greater London", "W6 9JG", "United Kingdom"]}, "categories": [{"id": "4bf58dd8d48988d145941735", "name": "Chinese Restaurant", "pluralName": "Chinese Restaurants", "shortName": "Chinese", "icon": {"prefix": "https://ss3.4sqi.net/img/categories_v2/food/asian_", "suffix": ".png"}, "primary": true}], "photos": {"count": 0, "groups": []}}, "referralId": "e-0-4c0abb79bbc676b08d654ad5-43"}, {"reasons": {"count": 0, "items": [{"summary": "This spot is popular", "type": "general", "reasonName": "globalInteractionReason"}]}, "venue": {"id": "57001786498e759742d8e09f", "name": "Barburrito", "location": {"lat": 51.49222902644568, "lng": -0.2239626646065953, "labeledLatLngs": [{"label": "display", "lat": 51.49222902644568, "lng": -0.2239626646065953}], "distance": 309, "postalCode": "W6 9YD", "cc": "GB", "city": "London", "state": "Greater London", "country": "United Kingdom", "formattedAddress": ["London", "Greater London", "W6 9YD", "United Kingdom"]}, "categories": [{"id": "4bf58dd8d48988d153941735", "name": "Burrito Place", "pluralName": "Burrito Places", "shortName": "Burritos", "icon": {"prefix": "https://ss3.4sqi.net/img/categories_v2/food/burrito_", "suffix": ".png"}, "primary": true}], "photos": {"count": 0, "groups": []}}, "referralId": "e-0-57001786498e759742d8e09f-44"}, {"reasons": {"count": 0, "items": [{"summary": "This spot is popular", "type": "general", "reasonName": "globalInteractionReason"}]}, "venue": {"id": "4be93b1ee1b39521a04e21c1", "name": "Mays Cafe", "location": {"address": "78 Glenthorne Road", "lat": 51.494483032378824, "lng": -0.23176070919001363, "labeledLatLngs": [{"label": "display", "lat": 51.494483032378824, "lng": -0.23176070919001363}], "distance": 312, "postalCode": "W6 0LR", "cc": "GB", "city": "Hammersmith", "state": "Greater London", "country": "United Kingdom", "formattedAddress": ["78 Glenthorne Road", "Hammersmith", "Greater London", "W6 0LR", "United Kingdom"]}, "categories": [{"id": "4bf58dd8d48988d149941735", "name": "Thai Restaurant", "pluralName": "Thai Restaurants", "shortName": "Thai", "icon": {"prefix": "https://ss3.4sqi.net/img/categories_v2/food/thai_", "suffix": ".png"}, "primary": true}], "photos": {"count": 0, "groups": []}}, "referralId": "e-0-4be93b1ee1b39521a04e21c1-45"}, {"reasons": {"count": 0, "items": [{"summary": "This spot is popular", "type": "general", "reasonName": "globalInteractionReason"}]}, "venue": {"id": "4d90c2473bfef04df371ca86", "name": "China Express", "location": {"lat": 51.491718, "lng": -0.22439360618591309, "labeledLatLngs": [{"label": "display", "lat": 51.491718, "lng": -0.22439360618591309}], "distance": 330, "cc": "GB", "country": "United Kingdom", "formattedAddress": ["United Kingdom"]}, "categories": [{"id": "4bf58dd8d48988d145941735", "name": "Chinese Restaurant", "pluralName": "Chinese Restaurants", "shortName": "Chinese", "icon": {"prefix": "https://ss3.4sqi.net/img/categories_v2/food/asian_", "suffix": ".png"}, "primary": true}], "photos": {"count": 0, "groups": []}}, "referralId": "e-0-4d90c2473bfef04df371ca86-46"}, {"reasons": {"count": 0, "items": [{"summary": "This spot is popular", "type": "general", "reasonName": "globalInteractionReason"}]}, "venue": {"id": "519b7062498e27ed8a1a13c0", "name": "Kattara", "location": {"address": "130 King St.", "lat": 51.492676, "lng": -0.231932, "labeledLatLngs": [{"label": "display", "lat": 51.492676, "lng": -0.231932}], "distance": 356, "postalCode": "W6 0QU", "cc": "GB", "city": "London", "state": "Greater London", "country": "United Kingdom", "formattedAddress": ["130 King St.", "London", "Greater London", "W6 0QU", "United Kingdom"]}, "categories": [{"id": "4bf58dd8d48988d1c0941735", "name": "Mediterranean Restaurant", "pluralName": "Mediterranean Restaurants", "shortName": "Mediterranean", "icon": {"prefix": "https://ss3.4sqi.net/img/categories_v2/food/mediterranean_", "suffix": ".png"}, "primary": true}], "photos": {"count": 0, "groups": []}}, "referralId": "e-0-519b7062498e27ed8a1a13c0-47"}]}]}}