{"meta": {"code": 200, "requestId": "5fedda3276cf540ef156b980"}, "response": {"headerLocation": "Highbury East", "headerFullLocation": "Highbury East, London", "headerLocationGranularity": "neighborhood", "query": "arts entertainment", "totalResults": 5, "suggestedBounds": {"ne": {"lat": 51.55440000360001, "lng": -0.10306135178607571}, "sw": {"lat": 51.547199996399996, "lng": -0.1146186482139243}}, "groups": [{"type": "Recommended Places", "name": "recommended", "items": [{"reasons": {"count": 0, "items": [{"summary": "This spot is popular", "type": "general", "reasonName": "globalInteractionReason"}]}, "venue": {"id": "58b5ced1d772f9552f3fc0c4", "name": "Breakin' Escape Rooms", "location": {"address": "89 Holloway Road", "lat": 51.547889923984734, "lng": -0.10627473940920265, "labeledLatLngs": [{"label": "display", "lat": 51.547889923984734, "lng": -0.10627473940920265}], "distance": 369, "postalCode": "N7 8LT", "cc": "GB", "city": "London", "state": "Greater London", "country": "United Kingdom", "formattedAddress": ["89 Holloway Road", "London", "Greater London", "N7 8LT", "United Kingdom"]}, "categories": [{"id": "5f2c2834b6d05514c704451e", "name": "Escape Room", "pluralName": "Escape Rooms", "shortName": "Escape Room", "icon": {"prefix": "https://ss3.4sqi.net/img/categories_v2/arts_entertainment/default_", "suffix": ".png"}, "primary": true}], "photos": {"count": 0, "groups": []}}, "referralId": "e-0-58b5ced1d772f9552f3fc0c4-0"}, {"reasons": {"count": 0, "items": [{"summary": "This spot is popular", "type": "general", "reasonName": "globalInteractionReason"}]}, "venue": {"id": "5b166b8e6fea59001ce565c7", "name": "Plonk Crazy Golf", "location": {"address": "203 Holloway Rd", "lat": 51.55085, "lng": -0.110409, "labeledLatLngs": [{"label": "display", "lat": 51.55085, "lng": -0.110409}], "distance": 108, "postalCode": "N7 8DL", "cc": "GB", "city": "London", "state": "Greater London", "country": "United Kingdom", "formattedAddress": ["203 Holloway Rd", "London", "Greater London", "N7 8DL", "United Kingdom"]}, "categories": [{"id": "52e81612bcbc57f1066b79eb", "name": "Mini Golf", "pluralName": "Mini Golf Courses", "shortName": "Mini Golf", "icon": {"prefix": "https://ss3.4sqi.net/img/categories_v2/parks_outdoors/golfcourse_", "suffix": ".png"}, "primary": true}], "photos": {"count": 0, "groups": []}}, "referralId": "e-0-5b166b8e6fea59001ce565c7-1"}, {"reasons": {"count": 0, "items": [{"summary": "This spot is popular", "type": "general", "reasonName": "globalInteractionReason"}]}, "venue": {"id": "4e1b51021f6e24238ddf4ad8", "name": "Storm Rehearsal Studios", "location": {"lat": 51.55261043100241, "lng": -0.11326444645480362, "labeledLatLngs": [{"label": "display", "lat": 51.55261043100241, "lng": -0.11326444645480362}], "distance": 366, "cc": "GB", "city": "London", "state": "Greater London", "country": "United Kingdom", "formattedAddress": ["London", "Greater London", "United Kingdom"]}, "categories": [{"id": "4bf58dd8d48988d1e5931735", "name": "Music Venue", "pluralName": "Music Venues", "shortName": "Music Venue", "icon": {"prefix": "https://ss3.4sqi.net/img/categories_v2/arts_entertainment/musicvenue_", "suffix": ".png"}, "primary": true}], "photos": {"count": 0, "groups": []}}, "referralId": "e-0-4e1b51021f6e24238ddf4ad8-2"}, {"reasons": {"count": 0, "items": [{"summary": "This spot is popular", "type": "general", "reasonName": "globalInteractionReason"}]}, "venue": {"id": "52ee525b11d23672f38486ee", "name": "Thierry Henry Statue", "location": {"address": "Emirates Stadium", "lat": 51.55409867645994, "lng": -0.10958966099115601, "labeledLatLngs": [{"label": "display", "lat": 51.55409867645994, "lng": -0.10958966099115601}], "distance": 370, "cc": "GB", "country": "United Kingdom", "formattedAddress": ["Emirates Stadium", "United Kingdom"]}, "categories": [{"id": "52e81612bcbc57f1066b79ed", "name": "Outdoor Sculpture", "pluralName": "Outdoor Sculptures", "shortName": "Outdoor Sculpture", "icon": {"prefix": "https://ss3.4sqi.net/img/categories_v2/parks_outdoors/sculpture_", "suffix": ".png"}, "primary": true}], "photos": {"count": 0, "groups": []}}, "referralId": "e-0-52ee525b11d23672f38486ee-3"}, {"reasons": {"count": 0, "items": [{"summary": "This spot is popular", "type": "general", "reasonName": "globalInteractionReason"}]}, "venue": {"id": "5d9ddbddc7f86100089bdc0f", "name": "A R S E N A L", "location": {"address": "Drayton Park", "lat": 51.553325, "lng": -0.104999, "labeledLatLngs": [{"label": "display", "lat": 51.553325, "lng": -0.104999}], "distance": 386, "postalCode": "N5 1AN", "cc": "GB", "city": "London", "state": "Greater London", "country": "United Kingdom", "formattedAddress": ["Drayton Park", "London", "Greater London", "N5 1AN", "United Kingdom"]}, "categories": [{"id": "52e81612bcbc57f1066b79ed", "name": "Outdoor Sculpture", "pluralName": "Outdoor Sculptures", "shortName": "Outdoor Sculpture", "icon": {"prefix": "https://ss3.4sqi.net/img/categories_v2/parks_outdoors/sculpture_", "suffix": ".png"}, "primary": true}], "photos": {"count": 0, "groups": []}}, "referralId": "e-0-5d9ddbddc7f86100089bdc0f-4"}]}]}}