{"meta": {"code": 200, "requestId": "5fedda234bde931d9e1e6334"}, "response": {"warning": {"text": "There aren't a lot of results near you. Try something more general, reset your filters, or expand the search area."}, "headerLocation": "Sands End", "headerFullLocation": "Sands End, London", "headerLocationGranularity": "neighborhood", "query": "arts entertainment", "totalResults": 1, "suggestedBounds": {"ne": {"lat": 51.477571003600005, "lng": -0.17726508934984267}, "sw": {"lat": 51.47037099639999, "lng": -0.18880291065015734}}, "groups": [{"type": "Recommended Places", "name": "recommended", "items": [{"reasons": {"count": 0, "items": [{"summary": "This spot is popular", "type": "general", "reasonName": "globalInteractionReason"}]}, "venue": {"id": "4b8904e2f964a520761832e3", "name": "Karen Hardy Dance Studio", "location": {"address": "Imperial Wharf", "crossStreet": "Fulham", "lat": 51.47301679093139, "lng": -0.18162471762017673, "labeledLatLngs": [{"label": "display", "lat": 51.47301679093139, "lng": -0.18162471762017673}], "distance": 144, "cc": "GB", "city": "London", "state": "Greater London", "country": "United Kingdom", "formattedAddress": ["Imperial Wharf (Fulham)", "London", "Greater London", "United Kingdom"]}, "categories": [{"id": "4bf58dd8d48988d134941735", "name": "Dance Studio", "pluralName": "Dance Studios", "shortName": "Dance Studio", "icon": {"prefix": "https://ss3.4sqi.net/img/categories_v2/arts_entertainment/performingarts_dancestudio_", "suffix": ".png"}, "primary": true}], "photos": {"count": 0, "groups": []}}, "referralId": "e-0-4b8904e2f964a520761832e3-0"}]}]}}