{"meta": {"code": 200, "requestId": "5fedda3476cf540ef156c2f4"}, "response": {"suggestedFilters": {"header": "Tap to show:", "filters": [{"name": "Open now", "key": "openNow"}]}, "headerLocation": "Islington", "headerFullLocation": "Islington, London", "headerLocationGranularity": "neighborhood", "query": "food", "totalResults": 11, "suggestedBounds": {"ne": {"lat": 51.532340003600005, "lng": -0.09027415216988188}, "sw": {"lat": 51.52513999639999, "lng": -0.10182584783011811}}, "groups": [{"type": "Recommended Places", "name": "recommended", "items": [{"reasons": {"count": 0, "items": [{"summary": "This spot is popular", "type": "general", "reasonName": "globalInteractionReason"}]}, "venue": {"id": "4b728badf964a520ef7d2de3", "name": "King Square Bakery", "location": {"address": "143-145 Central Street", "lat": 51.527393497758126, "lng": -0.09730072032193196, "labeledLatLngs": [{"label": "display", "lat": 51.527393497758126, "lng": -0.09730072032193196}], "distance": 173, "cc": "GB", "city": "Islington", "state": "Greater London", "country": "United Kingdom", "formattedAddress": ["143-145 Central Street", "Islington", "Greater London", "United Kingdom"]}, "categories": [{"id": "4bf58dd8d48988d16a941735", "name": "Bakery", "pluralName": "Bakeries", "shortName": "Bakery", "icon": {"prefix": "https://ss3.4sqi.net/img/categories_v2/food/bakery_", "suffix": ".png"}, "primary": true}], "photos": {"count": 0, "groups": []}}, "referralId": "e-0-4b728badf964a520ef7d2de3-0"}, {"reasons": {"count": 0, "items": [{"summary": "This spot is popular", "type": "general", "reasonName": "globalInteractionReason"}]}, "venue": {"id": "4b50e0fcf964a5209f3627e3", "name": "Fish Central", "location": {"address": "149-151 Central St", "lat": 51.527214, "lng": -0.097064, "labeledLatLngs": [{"label": "display", "lat": 51.527214, "lng": -0.097064}], "distance": 183, "postalCode": "EC1V 8BY", "cc": "GB", "neighborhood": "Islington", "city": "London", "state": "Greater London", "country": "United Kingdom", "formattedAddress": ["149-151 Central St", "St. Luke's", "Greater London", "EC1V 8BY", "United Kingdom"]}, "categories": [{"id": "4bf58dd8d48988d1ce941735", "name": "Seafood Restaurant", "pluralName": "Seafood Restaurants", "shortName": "Seafood", "icon": {"prefix": "https://ss3.4sqi.net/img/categories_v2/food/seafood_", "suffix": ".png"}, "primary": true}], "photos": {"count": 0, "groups": []}}, "referralId": "e-0-4b50e0fcf964a5209f3627e3-1"}, {"reasons": {"count": 0, "items": [{"summary": "This spot is popular", "type": "general", "reasonName": "globalInteractionReason"}]}, "venue": {"id": "4bade718f964a52038713be3", "name": "Kennedy's Fish Restaurant", "location": {"address": "184-186 Goswell Rd", "lat": 51.52618910379098, "lng": -0.10004330924719573, "labeledLatLngs": [{"label": "display", "lat": 51.52618910379098, "lng": -0.10004330924719573}], "distance": 396, "postalCode": "EC1 7DT", "cc": "GB", "city": "Islington", "state": "Greater London", "country": "United Kingdom", "formattedAddress": ["184-186 Goswell Rd", "Islington", "Greater London", "EC1 7DT", "United Kingdom"]}, "categories": [{"id": "4edd64a0c7ddd24ca188df1a", "name": "Fish & Chips Shop", "pluralName": "Fish & Chips Shops", "shortName": "Fish & Chips", "icon": {"prefix": "https://ss3.4sqi.net/img/categories_v2/food/fishandchips_", "suffix": ".png"}, "primary": true}], "photos": {"count": 0, "groups": []}}, "referralId": "e-0-4bade718f964a52038713be3-2"}, {"reasons": {"count": 0, "items": [{"summary": "This spot is popular", "type": "general", "reasonName": "globalInteractionReason"}]}, "venue": {"id": "4b484a94f964a520324b26e3", "name": "Aquila Cafe", "location": {"address": "214 City Road", "lat": 51.528455159859625, "lng": -0.09218653461982049, "labeledLatLngs": [{"label": "display", "lat": 51.528455159859625, "lng": -0.09218653461982049}], "distance": 269, "postalCode": "EC1V 2PN", "cc": "GB", "city": "London", "state": "Greater London", "country": "United Kingdom", "formattedAddress": ["214 City Road", "London", "Greater London", "EC1V 2PN", "United Kingdom"]}, "categories": [{"id": "4bf58dd8d48988d1c5941735", "name": "Sandwich Place", "pluralName": "Sandwich Places", "shortName": "Sandwiches", "icon": {"prefix": "https://ss3.4sqi.net/img/categories_v2/food/deli_", "suffix": ".png"}, "primary": true}], "photos": {"count": 0, "groups": []}}, "referralId": "e-0-4b484a94f964a520324b26e3-3"}, {"reasons": {"count": 0, "items": [{"summary": "This spot is popular", "type": "general", "reasonName": "globalInteractionReason"}]}, "venue": {"id": "587d1b806431e516ca5b8f2c", "name": "Palatino", "location": {"address": "71 Central Street", "lat": 51.52666023160683, "lng": -0.09672226058439458, "labeledLatLngs": [{"label": "display", "lat": 51.52666023160683, "lng": -0.09672226058439458}], "distance": 236, "postalCode": "EC1V 8AB", "cc": "GB", "city": "London", "state": "Greater London", "country": "United Kingdom", "formattedAddress": ["71 Central Street", "London", "Greater London", "EC1V 8AB", "United Kingdom"]}, "categories": [{"id": "4bf58dd8d48988d110941735", "name": "Italian Restaurant", "pluralName": "Italian Restaurants", "shortName": "Italian", "icon": {"prefix": "https://ss3.4sqi.net/img/categories_v2/food/italian_", "suffix": ".png"}, "primary": true}], "photos": {"count": 0, "groups": []}}, "referralId": "e-0-587d1b806431e516ca5b8f2c-4"}, {"reasons": {"count": 0, "items": [{"summary": "This spot is popular", "type": "general", "reasonName": "globalInteractionReason"}]}, "venue": {"id": "4ac5dfc6f964a52084b220e3", "name": "McDonald's", "location": {"address": "241 CITY ROAD", "lat": 51.529572, "lng": -0.094651, "labeledLatLngs": [{"label": "display", "lat": 51.529572, "lng": -0.094651}], "distance": 134, "postalCode": "EC1V 1JQ", "cc": "GB", "city": "London", "state": "Greater London", "country": "United Kingdom", "formattedAddress": ["241 CITY ROAD", "London", "Greater London", "EC1V 1JQ", "United Kingdom"]}, "categories": [{"id": "4bf58dd8d48988d16e941735", "name": "Fast Food Restaurant", "pluralName": "Fast Food Restaurants", "shortName": "Fast Food", "icon": {"prefix": "https://ss3.4sqi.net/img/categories_v2/food/fastfood_", "suffix": ".png"}, "primary": true}], "photos": {"count": 0, "groups": []}, "venuePage": {"id": "556468720"}}, "referralId": "e-0-4ac5dfc6f964a52084b220e3-5"}, {"reasons": {"count": 0, "items": [{"summary": "This spot is popular", "type": "general", "reasonName": "globalInteractionReason"}]}, "venue": {"id": "557ade61498e2f0253159e93", "name": "Bodean's", "location": {"address": "201 City Rd", "lat": 51.52816150642481, "lng": -0.09101245115579085, "labeledLatLngs": [{"label": "display", "lat": 51.52816150642481, "lng": -0.09101245115579085}], "distance": 354, "postalCode": "EC1V 1JN", "cc": "GB", "city": "London", "state": "Greater London", "country": "United Kingdom", "formattedAddress": ["201 City Rd", "London", "Greater London", "EC1V 1JN", "United Kingdom"]}, "categories": [{"id": "4bf58dd8d48988d1df931735", "name": "BBQ Joint", "pluralName": "BBQ Joints", "shortName": "BBQ", "icon": {"prefix": "https://ss3.4sqi.net/img/categories_v2/food/bbqalt_", "suffix": ".png"}, "primary": true}], "photos": {"count": 0, "groups": []}}, "referralId": "e-0-557ade61498e2f0253159e93-6"}, {"reasons": {"count": 0, "items": [{"summary": "This spot is popular", "type": "general", "reasonName": "globalInteractionReason"}]}, "venue": {"id": "4b4b89c1f964a5208a9f26e3", "name": "William IV Pub", "location": {"address": "7 Sheperdess Walk", "lat": 51.53034756865413, "lng": -0.09238349317083247, "labeledLatLngs": [{"label": "display", "lat": 51.53034756865413, "lng": -0.09238349317083247}], "distance": 310, "postalCode": "N1 7QE", "cc": "GB", "city": "London", "state": "Greater London", "country": "United Kingdom", "formattedAddress": ["7 Sheperdess Walk", "London", "Greater London", "N1 7QE", "United Kingdom"]}, "categories": [{"id": "4bf58dd8d48988d155941735", "name": "Gastropub", "pluralName": "Gastropubs", "shortName": "Gastropub", "icon": {"prefix": "https://ss3.4sqi.net/img/categories_v2/food/gastropub_", "suffix": ".png"}, "primary": true}], "photos": {"count": 0, "groups": []}}, "referralId": "e-0-4b4b89c1f964a5208a9f26e3-7"}, {"reasons": {"count": 0, "items": [{"summary": "This spot is popular", "type": "general", "reasonName": "globalInteractionReason"}]}, "venue": {"id": "4b484a24f964a5202d4b26e3", "name": "La Lampara Sandwich Shop", "location": {"address": "216 City Road", "lat": 51.52851807290212, "lng": -0.09248422260986003, "labeledLatLngs": [{"label": "display", "lat": 51.52851807290212, "lng": -0.09248422260986003}], "distance": 248, "postalCode": "EC1V 2PN", "cc": "GB", "city": "London", "state": "Greater London", "country": "United Kingdom", "formattedAddress": ["216 City Road", "London", "Greater London", "EC1V 2PN", "United Kingdom"]}, "categories": [{"id": "4bf58dd8d48988d1c5941735", "name": "Sandwich Place", "pluralName": "Sandwich Places", "shortName": "Sandwiches", "icon": {"prefix": "https://ss3.4sqi.net/img/categories_v2/food/deli_", "suffix": ".png"}, "primary": true}], "photos": {"count": 0, "groups": []}}, "referralId": "e-0-4b484a24f964a5202d4b26e3-8"}, {"reasons": {"count": 0, "items": [{"summary": "This spot is popular", "type": "general", "reasonName": "globalInteractionReason"}]}, "venue": {"id": "5a16a5a098fbfc0aa529ba70", "name": "Pedlar", "location": {"lat": 51.53208839695056, "lng": -0.09605929973079602, "labeledLatLngs": [{"label": "display", "lat": 51.53208839695056, "lng": -0.09605929973079602}], "distance": 372, "postalCode": "N1 7GS", "cc": "GB", "city": "London", "state": "Greater London", "country": "United Kingdom", "formattedAddress": ["London", "Greater London", "N1 7GS", "United Kingdom"]}, "categories": [{"id": "4bf58dd8d48988d16d941735", "name": "Caf\u00e9", "pluralName": "Caf\u00e9s", "shortName": "Caf\u00e9", "icon": {"prefix": "https://ss3.4sqi.net/img/categories_v2/food/cafe_", "suffix": ".png"}, "primary": true}], "photos": {"count": 0, "groups": []}}, "referralId": "e-0-5a16a5a098fbfc0aa529ba70-9"}, {"reasons": {"count": 0, "items": [{"summary": "This spot is popular", "type": "general", "reasonName": "globalInteractionReason"}]}, "venue": {"id": "5d72e53031b76600082be802", "name": "Nando's", "location": {"address": "197 City Road", "lat": 51.528193, "lng": -0.090825, "labeledLatLngs": [{"label": "display", "lat": 51.528193, "lng": -0.090825}], "distance": 366, "postalCode": "EC1V 1JN", "cc": "GB", "city": "Hoxton", "state": "Greater London", "country": "United Kingdom", "formattedAddress": ["197 City Road", "Hoxton", "Greater London", "EC1V 1JN", "United Kingdom"]}, "categories": [{"id": "4def73e84765ae376e57713a", "name": "Portuguese Restaurant", "pluralName": "Portuguese Restaurants", "shortName": "Portuguese", "icon": {"prefix": "https://ss3.4sqi.net/img/categories_v2/food/portuguese_", "suffix": ".png"}, "primary": true}], "photos": {"count": 0, "groups": []}, "venuePage": {"id": "563460611"}}, "referralId": "e-0-5d72e53031b76600082be802-10"}]}]}}