{"meta": {"code": 200, "requestId": "5fedd9c754a4277f8f3d6883"}, "response": {"suggestedFilters": {"header": "Tap to show:", "filters": [{"name": "Open now", "key": "openNow"}]}, "headerLocation": "Golders Green", "headerFullLocation": "Golders Green, London", "headerLocationGranularity": "neighborhood", "query": "college education", "totalResults": 9, "suggestedBounds": {"ne": {"lat": 51.57896300360001, "lng": -0.19978222945565963}, "sw": {"lat": 51.5717629964, "lng": -0.21134577054434037}}, "groups": [{"type": "Recommended Places", "name": "recommended", "items": [{"reasons": {"count": 0, "items": [{"summary": "This spot is popular", "type": "general", "reasonName": "globalInteractionReason"}]}, "venue": {"id": "4baf6080f964a52063fb3be3", "name": "Kosher Kingdom", "location": {"address": "7 Russell Parade, Golders Green Rd", "lat": 51.57803654896019, "lng": -0.20723442414025434, "labeledLatLngs": [{"label": "display", "lat": 51.57803654896019, "lng": -0.20723442414025434}], "distance": 319, "postalCode": "NW11 9NN", "cc": "GB", "country": "United Kingdom", "formattedAddress": ["7 Russell Parade, Golders Green Rd", "NW11 9NN", "United Kingdom"]}, "categories": [{"id": "4bf58dd8d48988d118951735", "name": "Grocery Store", "pluralName": "Grocery Stores", "shortName": "Grocery Store", "icon": {"prefix": "https://ss3.4sqi.net/img/categories_v2/shops/food_grocery_", "suffix": ".png"}, "primary": true}], "photos": {"count": 0, "groups": []}}, "referralId": "e-0-4baf6080f964a52063fb3be3-0"}, {"reasons": {"count": 0, "items": [{"summary": "This spot is popular", "type": "general", "reasonName": "globalInteractionReason"}]}, "venue": {"id": "4b69688ff964a52049a12be3", "name": "Tesco Express", "location": {"address": "136-144 Golders Green Rd", "lat": 51.57430904421148, "lng": -0.2013119263608587, "labeledLatLngs": [{"label": "display", "lat": 51.57430904421148, "lng": -0.2013119263608587}], "distance": 316, "postalCode": "NW11 8HB", "cc": "GB", "city": "London", "state": "Greater London", "country": "United Kingdom", "formattedAddress": ["136-144 Golders Green Rd", "London", "Greater London", "NW11 8HB", "United Kingdom"]}, "categories": [{"id": "4bf58dd8d48988d118951735", "name": "Grocery Store", "pluralName": "Grocery Stores", "shortName": "Grocery Store", "icon": {"prefix": "https://ss3.4sqi.net/img/categories_v2/shops/food_grocery_", "suffix": ".png"}, "primary": true}], "photos": {"count": 0, "groups": []}}, "referralId": "e-0-4b69688ff964a52049a12be3-1"}, {"reasons": {"count": 0, "items": [{"summary": "This spot is popular", "type": "general", "reasonName": "globalInteractionReason"}]}, "venue": {"id": "5f44aed95c47f16f011d9a96", "name": "The London Loft Converters Ltd", "location": {"address": "32 Montpelier Rise, Golders Green", "lat": 51.5740352, "lng": -0.2088597, "labeledLatLngs": [{"label": "display", "lat": 51.5740352, "lng": -0.2088597}], "distance": 271, "postalCode": "NW11 9DS", "cc": "GB", "city": "London", "state": "Greater London", "country": "United Kingdom", "formattedAddress": ["32 Montpelier Rise, Golders Green", "London", "Greater London", "NW11 9DS", "United Kingdom"]}, "categories": [{"id": "545419b1498ea6ccd0202f58", "name": "Home Service", "pluralName": "Home Services & Repairs", "shortName": "Home Services", "icon": {"prefix": "https://ss3.4sqi.net/img/categories_v2/shops/hardware_", "suffix": ".png"}, "primary": true}], "photos": {"count": 0, "groups": []}, "venuePage": {"id": "588708873"}}, "referralId": "e-0-5f44aed95c47f16f011d9a96-2"}, {"reasons": {"count": 0, "items": [{"summary": "This spot is popular", "type": "general", "reasonName": "globalInteractionReason"}]}, "venue": {"id": "5f7e48ef57f53b229dbe54c5", "name": "The London Loft Converters Ltd", "location": {"address": "32 Montpelier Rise", "lat": 51.5740352, "lng": -0.2088597, "labeledLatLngs": [{"label": "display", "lat": 51.5740352, "lng": -0.2088597}], "distance": 271, "postalCode": "NW11 9DS", "cc": "GB", "city": "London", "state": "Greater London", "country": "United Kingdom", "formattedAddress": ["32 Montpelier Rise", "London", "Greater London", "NW11 9DS", "United Kingdom"]}, "categories": [{"id": "545419b1498ea6ccd0202f58", "name": "Home Service", "pluralName": "Home Services & Repairs", "shortName": "Home Services", "icon": {"prefix": "https://ss3.4sqi.net/img/categories_v2/shops/hardware_", "suffix": ".png"}, "primary": true}], "photos": {"count": 0, "groups": []}, "venuePage": {"id": "594567021"}}, "referralId": "e-0-5f7e48ef57f53b229dbe54c5-3"}, {"reasons": {"count": 0, "items": [{"summary": "This spot is popular", "type": "general", "reasonName": "globalInteractionReason"}]}, "venue": {"id": "5384d1e7498e2acde3a1b0a9", "name": "Tesco Express", "location": {"address": "405 KILBURN HIGH ROAD", "lat": 51.57836533488604, "lng": -0.20431334115090388, "labeledLatLngs": [{"label": "display", "lat": 51.57836533488604, "lng": -0.20431334115090388}], "distance": 345, "postalCode": "NW6 7QF", "cc": "GB", "city": "London", "state": "Greater London", "country": "United Kingdom", "formattedAddress": ["405 KILBURN HIGH ROAD", "London", "Greater London", "NW6 7QF", "United Kingdom"]}, "categories": [{"id": "4bf58dd8d48988d118951735", "name": "Grocery Store", "pluralName": "Grocery Stores", "shortName": "Grocery Store", "icon": {"prefix": "https://ss3.4sqi.net/img/categories_v2/shops/food_grocery_", "suffix": ".png"}, "primary": true}], "photos": {"count": 0, "groups": []}}, "referralId": "e-0-5384d1e7498e2acde3a1b0a9-4"}, {"reasons": {"count": 0, "items": [{"summary": "This spot is popular", "type": "general", "reasonName": "globalInteractionReason"}]}, "venue": {"id": "541894dd498e7e91cabdec37", "name": "Tesco Express", "location": {"lat": 51.574233200447374, "lng": -0.2013623659514469, "labeledLatLngs": [{"label": "display", "lat": 51.574233200447374, "lng": -0.2013623659514469}], "distance": 316, "cc": "GB", "country": "United Kingdom", "formattedAddress": ["United Kingdom"]}, "categories": [{"id": "4bf58dd8d48988d118951735", "name": "Grocery Store", "pluralName": "Grocery Stores", "shortName": "Grocery Store", "icon": {"prefix": "https://ss3.4sqi.net/img/categories_v2/shops/food_grocery_", "suffix": ".png"}, "primary": true}], "photos": {"count": 0, "groups": []}}, "referralId": "e-0-541894dd498e7e91cabdec37-5"}, {"reasons": {"count": 0, "items": [{"summary": "This spot is popular", "type": "general", "reasonName": "globalInteractionReason"}]}, "venue": {"id": "4dcc03671fc7eca44b1ee752", "name": "Yarden", "location": {"address": "Golder Greens Road", "lat": 51.573959078547624, "lng": -0.20108611707749838, "labeledLatLngs": [{"label": "display", "lat": 51.573959078547624, "lng": -0.20108611707749838}], "distance": 346, "cc": "GB", "city": "London", "state": "Greater London", "country": "United Kingdom", "formattedAddress": ["Golder Greens Road", "London", "Greater London", "United Kingdom"]}, "categories": [{"id": "4bf58dd8d48988d118951735", "name": "Grocery Store", "pluralName": "Grocery Stores", "shortName": "Grocery Store", "icon": {"prefix": "https://ss3.4sqi.net/img/categories_v2/shops/food_grocery_", "suffix": ".png"}, "primary": true}], "photos": {"count": 0, "groups": []}}, "referralId": "e-0-4dcc03671fc7eca44b1ee752-6"}, {"reasons": {"count": 0, "items": [{"summary": "This spot is popular", "type": "general", "reasonName": "globalInteractionReason"}]}, "venue": {"id": "5426f24f498e4c803e1ad19f", "name": "dukla", "location": {"lat": 51.57837102736912, "lng": -0.20793488445596367, "labeledLatLngs": [{"label": "display", "lat": 51.57837102736912, "lng": -0.20793488445596367}], "distance": 372, "cc": "GB", "country": "United Kingdom", "formattedAddress": ["United Kingdom"]}, "categories": [{"id": "50be8ee891d4fa8dcc7199a7", "name": "Market", "pluralName": "Markets", "shortName": "Market", "icon": {"prefix": "https://ss3.4sqi.net/img/categories_v2/shops/market_", "suffix": ".png"}, "primary": true}], "photos": {"count": 0, "groups": []}}, "referralId": "e-0-5426f24f498e4c803e1ad19f-7"}, {"reasons": {"count": 0, "items": [{"summary": "This spot is popular", "type": "general", "reasonName": "globalInteractionReason"}]}, "venue": {"id": "5e42f284f2e6be000837fe91", "name": "All Car Glass", "location": {"address": "28 Wessex Gardens", "lat": 51.57232857, "lng": -0.20800438, "labeledLatLngs": [{"label": "display", "lat": 51.57232857, "lng": -0.20800438}], "distance": 377, "postalCode": "NW11 9RT", "cc": "GB", "city": "London", "state": "Greater London", "country": "United Kingdom", "formattedAddress": ["28 Wessex Gardens", "London", "Greater London", "NW11 9RT", "United Kingdom"]}, "categories": [{"id": "52f2ab2ebcbc57f1066b8b44", "name": "Auto Garage", "pluralName": "Auto Garages", "shortName": "Auto Garage", "icon": {"prefix": "https://ss3.4sqi.net/img/categories_v2/shops/automotive_", "suffix": ".png"}, "primary": true}], "photos": {"count": 0, "groups": []}, "venuePage": {"id": "575286884"}}, "referralId": "e-0-5e42f284f2e6be000837fe91-8"}]}]}}