{"meta": {"code": 200, "requestId": "5fedd9febec16445af289a4f"}, "response": {"warning": {"text": "There aren't a lot of results near you. Try something more general, reset your filters, or expand the search area."}, "headerLocation": "London Fields", "headerFullLocation": "London Fields, London", "headerLocationGranularity": "neighborhood", "query": "arts entertainment", "totalResults": 3, "suggestedBounds": {"ne": {"lat": 51.544574003600005, "lng": -0.05109359957855017}, "sw": {"lat": 51.53737399639999, "lng": -0.06264840042144983}}, "groups": [{"type": "Recommended Places", "name": "recommended", "items": [{"reasons": {"count": 0, "items": [{"summary": "This spot is popular", "type": "general", "reasonName": "globalInteractionReason"}]}, "venue": {"id": "553bcb22498eb9779e53a9d7", "name": "Time-Run", "location": {"address": "9-15 Helmsley Pl", "lat": 51.53960013075101, "lng": -0.058446391786932894, "labeledLatLngs": [{"label": "display", "lat": 51.53960013075101, "lng": -0.058446391786932894}], "distance": 187, "postalCode": "E8 3SB", "cc": "GB", "city": "London", "state": "Greater London", "country": "United Kingdom", "formattedAddress": ["9-15 Helmsley Pl", "London", "Greater London", "E8 3SB", "United Kingdom"]}, "categories": [{"id": "5f2c2834b6d05514c704451e", "name": "Escape Room", "pluralName": "Escape Rooms", "shortName": "Escape Room", "icon": {"prefix": "https://ss3.4sqi.net/img/categories_v2/arts_entertainment/default_", "suffix": ".png"}, "primary": true}], "photos": {"count": 0, "groups": []}}, "referralId": "e-0-553bcb22498eb9779e53a9d7-0"}, {"reasons": {"count": 0, "items": [{"summary": "This spot is popular", "type": "general", "reasonName": "globalInteractionReason"}]}, "venue": {"id": "4acdccb4f964a5200fcd20e3", "name": "SPACE Studios", "location": {"address": "129 - 131 Mare St", "lat": 51.538340702671356, "lng": -0.05717531167672621, "labeledLatLngs": [{"label": "display", "lat": 51.538340702671356, "lng": -0.05717531167672621}], "distance": 293, "postalCode": "E8 3RH", "cc": "GB", "neighborhood": "London Fields", "city": "Hackney", "state": "Greater London", "country": "United Kingdom", "formattedAddress": ["129 - 131 Mare St", "Hackney", "Greater London", "E8 3RH", "United Kingdom"]}, "categories": [{"id": "4bf58dd8d48988d1e2931735", "name": "Art Gallery", "pluralName": "Art Galleries", "shortName": "Art Gallery", "icon": {"prefix": "https://ss3.4sqi.net/img/categories_v2/arts_entertainment/artgallery_", "suffix": ".png"}, "primary": true}], "photos": {"count": 0, "groups": []}}, "referralId": "e-0-4acdccb4f964a5200fcd20e3-1"}, {"reasons": {"count": 0, "items": [{"summary": "This spot is popular", "type": "general", "reasonName": "globalInteractionReason"}]}, "venue": {"id": "4e2b1fc3227197a112d66bd6", "name": "Arthaus Building", "location": {"address": "195-205 Richmond Rd.", "lat": 51.543517, "lng": -0.057192, "labeledLatLngs": [{"label": "display", "lat": 51.543517, "lng": -0.057192}], "distance": 283, "postalCode": "E8 3NJ", "cc": "GB", "city": "Hackney", "state": "Greater London", "country": "United Kingdom", "formattedAddress": ["195-205 Richmond Rd.", "Hackney", "Greater London", "E8 3NJ", "United Kingdom"]}, "categories": [{"id": "4bf58dd8d48988d1e2931735", "name": "Art Gallery", "pluralName": "Art Galleries", "shortName": "Art Gallery", "icon": {"prefix": "https://ss3.4sqi.net/img/categories_v2/arts_entertainment/artgallery_", "suffix": ".png"}, "primary": true}], "photos": {"count": 0, "groups": []}}, "referralId": "e-0-4e2b1fc3227197a112d66bd6-2"}]}]}}