{"meta": {"code": 200, "requestId": "5fedd9e51a514c11a75013e8"}, "response": {"headerLocation": "Childs Hill", "headerFullLocation": "Childs Hill, London", "headerLocationGranularity": "neighborhood", "query": "travel", "totalResults": 5, "suggestedBounds": {"ne": {"lat": 51.568600003600004, "lng": -0.19521954729131616}, "sw": {"lat": 51.56139999639999, "lng": -0.20678045270868387}}, "groups": [{"type": "Recommended Places", "name": "recommended", "items": [{"reasons": {"count": 0, "items": [{"summary": "This spot is popular", "type": "general", "reasonName": "globalInteractionReason"}]}, "venue": {"id": "4bd74615304fce72184c33ab", "name": "Best Western Palm Hotel", "location": {"address": "64-76 Hendon Way", "lat": 51.56360488731814, "lng": -0.2045612873488109, "labeledLatLngs": [{"label": "display", "lat": 51.56360488731814, "lng": -0.2045612873488109}], "distance": 291, "postalCode": "NW2 2NL", "cc": "GB", "city": "London", "state": "Greater London", "country": "United Kingdom", "formattedAddress": ["64-76 Hendon Way", "London", "Greater London", "NW2 2NL", "United Kingdom"]}, "categories": [{"id": "4bf58dd8d48988d1fa931735", "name": "Hotel", "pluralName": "Hotels", "shortName": "Hotel", "icon": {"prefix": "https://ss3.4sqi.net/img/categories_v2/travel/hotel_", "suffix": ".png"}, "primary": true}], "photos": {"count": 0, "groups": []}}, "referralId": "e-0-4bd74615304fce72184c33ab-0"}, {"reasons": {"count": 0, "items": [{"summary": "This spot is popular", "type": "general", "reasonName": "globalInteractionReason"}]}, "venue": {"id": "529590e2498ea202f7f49053", "name": "Best Western Palm Hotel London", "location": {"address": "64-76 Hendon Way", "crossStreet": "North West London", "lat": 51.56310552785504, "lng": -0.20140171051025388, "labeledLatLngs": [{"label": "display", "lat": 51.56310552785504, "lng": -0.20140171051025388}], "distance": 212, "postalCode": "NW2 2NL", "cc": "GB", "city": "London", "state": "Greater London", "country": "United Kingdom", "formattedAddress": ["64-76 Hendon Way (North West London)", "London", "Greater London", "NW2 2NL", "United Kingdom"]}, "categories": [{"id": "4bf58dd8d48988d1fa931735", "name": "Hotel", "pluralName": "Hotels", "shortName": "Hotel", "icon": {"prefix": "https://ss3.4sqi.net/img/categories_v2/travel/hotel_", "suffix": ".png"}, "primary": true}], "photos": {"count": 0, "groups": []}}, "referralId": "e-0-529590e2498ea202f7f49053-1"}, {"reasons": {"count": 0, "items": [{"summary": "This spot is popular", "type": "general", "reasonName": "globalInteractionReason"}]}, "venue": {"id": "506a9cb3e4b06e02d9596637", "name": "Garth Road Bus Stop", "location": {"address": "Hendon Way A41", "lat": 51.564388, "lng": -0.205118, "labeledLatLngs": [{"label": "display", "lat": 51.564388, "lng": -0.205118}], "distance": 292, "cc": "GB", "city": "London", "state": "Greater London", "country": "United Kingdom", "formattedAddress": ["Hendon Way A41", "London", "Greater London", "United Kingdom"]}, "categories": [{"id": "52f2ab2ebcbc57f1066b8b4f", "name": "Bus Stop", "pluralName": "Bus Stops", "shortName": "Bus Stop", "icon": {"prefix": "https://ss3.4sqi.net/img/categories_v2/travel/busstation_", "suffix": ".png"}, "primary": true}], "photos": {"count": 0, "groups": []}}, "referralId": "e-0-506a9cb3e4b06e02d9596637-2"}, {"reasons": {"count": 0, "items": [{"summary": "This spot is popular", "type": "general", "reasonName": "globalInteractionReason"}]}, "venue": {"id": "50643d12e4b05cb353616cc5", "name": "bus stop d", "location": {"lat": 51.56516110205261, "lng": -0.19636174116724248, "labeledLatLngs": [{"label": "display", "lat": 51.56516110205261, "lng": -0.19636174116724248}], "distance": 321, "cc": "GB", "country": "United Kingdom", "formattedAddress": ["United Kingdom"]}, "categories": [{"id": "52f2ab2ebcbc57f1066b8b4f", "name": "Bus Stop", "pluralName": "Bus Stops", "shortName": "Bus Stop", "icon": {"prefix": "https://ss3.4sqi.net/img/categories_v2/travel/busstation_", "suffix": ".png"}, "primary": true}], "photos": {"count": 0, "groups": []}}, "referralId": "e-0-50643d12e4b05cb353616cc5-3"}, {"reasons": {"count": 0, "items": [{"summary": "This spot is popular", "type": "general", "reasonName": "globalInteractionReason"}]}, "venue": {"id": "505b805de4b0ae6952580985", "name": "The Vale Hendon Way bus stop", "location": {"address": "The Vale", "lat": 51.567133369988056, "lng": -0.20563550809168668, "labeledLatLngs": [{"label": "display", "lat": 51.567133369988056, "lng": -0.20563550809168668}], "distance": 399, "cc": "GB", "city": "London", "state": "Greater London", "country": "United Kingdom", "formattedAddress": ["The Vale", "London", "Greater London", "United Kingdom"]}, "categories": [{"id": "52f2ab2ebcbc57f1066b8b4f", "name": "Bus Stop", "pluralName": "Bus Stops", "shortName": "Bus Stop", "icon": {"prefix": "https://ss3.4sqi.net/img/categories_v2/travel/busstation_", "suffix": ".png"}, "primary": true}], "photos": {"count": 0, "groups": []}}, "referralId": "e-0-505b805de4b0ae6952580985-4"}]}]}}