{"meta": {"code": 200, "requestId": "5fedda368ed5f550e580501b"}, "response": {"suggestedFilters": {"header": "Tap to show:", "filters": [{"name": "Open now", "key": "openNow"}]}, "headerLocation": "London Fields", "headerFullLocation": "London Fields, London", "headerLocationGranularity": "neighborhood", "query": "college education", "totalResults": 36, "suggestedBounds": {"ne": {"lat": 51.53801000360001, "lng": -0.054193432738560185}, "sw": {"lat": 51.530809996399995, "lng": -0.06574656726143982}}, "groups": [{"type": "Recommended Places", "name": "recommended", "items": [{"reasons": {"count": 0, "items": [{"summary": "This spot is popular", "type": "general", "reasonName": "globalInteractionReason"}]}, "venue": {"id": "4c669a0e9cb82d7f94f390d2", "name": "The Broadway Bookshop", "location": {"address": "6 Broadway Market", "lat": 51.5358209375085, "lng": -0.062136275897725385, "labeledLatLngs": [{"label": "display", "lat": 51.5358209375085, "lng": -0.062136275897725385}], "distance": 217, "postalCode": "E8 4QJ", "cc": "GB", "city": "Hackney", "state": "Greater London", "country": "United Kingdom", "formattedAddress": ["6 Broadway Market", "Hackney", "Greater London", "E8 4QJ", "United Kingdom"]}, "categories": [{"id": "4bf58dd8d48988d114951735", "name": "Bookstore", "pluralName": "Bookstores", "shortName": "Bookstore", "icon": {"prefix": "https://ss3.4sqi.net/img/categories_v2/shops/bookstore_", "suffix": ".png"}, "primary": true}], "photos": {"count": 0, "groups": []}}, "referralId": "e-0-4c669a0e9cb82d7f94f390d2-0"}, {"reasons": {"count": 0, "items": [{"summary": "This spot is popular", "type": "general", "reasonName": "globalInteractionReason"}]}, "venue": {"id": "4ca87fd8d971b1f7e5eb14e1", "name": "Artwords Bookshop", "location": {"address": "20-22 Broadway Market", "lat": 51.53623559069535, "lng": -0.061951850214517705, "labeledLatLngs": [{"label": "display", "lat": 51.53623559069535, "lng": -0.061951850214517705}], "distance": 245, "postalCode": "E8 4QJ", "cc": "GB", "neighborhood": "London Fields", "city": "Hackney", "state": "Greater London", "country": "United Kingdom", "formattedAddress": ["20-22 Broadway Market", "Hackney", "Greater London", "E8 4QJ", "United Kingdom"]}, "categories": [{"id": "4bf58dd8d48988d114951735", "name": "Bookstore", "pluralName": "Bookstores", "shortName": "Bookstore", "icon": {"prefix": "https://ss3.4sqi.net/img/categories_v2/shops/bookstore_", "suffix": ".png"}, "primary": true}], "photos": {"count": 0, "groups": []}}, "referralId": "e-0-4ca87fd8d971b1f7e5eb14e1-1"}, {"reasons": {"count": 0, "items": [{"summary": "This spot is popular", "type": "general", "reasonName": "globalInteractionReason"}]}, "venue": {"id": "4ac518d2f964a5200aa720e3", "name": "Broadway Market", "location": {"address": "Broadway Market", "crossStreet": "Westgate St", "lat": 51.536596, "lng": -0.061796, "labeledLatLngs": [{"label": "display", "lat": 51.536596, "lng": -0.061796}], "distance": 274, "postalCode": "E8 4QJ", "cc": "GB", "city": "London", "state": "Greater London", "country": "United Kingdom", "formattedAddress": ["Broadway Market (Westgate St)", "London", "Greater London", "E8 4QJ", "United Kingdom"]}, "categories": [{"id": "50be8ee891d4fa8dcc7199a7", "name": "Market", "pluralName": "Markets", "shortName": "Market", "icon": {"prefix": "https://ss3.4sqi.net/img/categories_v2/shops/market_", "suffix": ".png"}, "primary": true}], "photos": {"count": 0, "groups": []}}, "referralId": "e-0-4ac518d2f964a5200aa720e3-2"}, {"reasons": {"count": 0, "items": [{"summary": "This spot is popular", "type": "general", "reasonName": "globalInteractionReason"}]}, "venue": {"id": "56c0849bcd10e3e8d23bff8f", "name": "Conservatory Archives", "location": {"address": "493-495 Hackney Rd", "lat": 51.53239979404792, "lng": -0.05860212412582749, "labeledLatLngs": [{"label": "display", "lat": 51.53239979404792, "lng": -0.05860212412582749}], "distance": 242, "postalCode": "E2 9ED", "cc": "GB", "city": "London", "state": "Greater London", "country": "United Kingdom", "formattedAddress": ["493-495 Hackney Rd", "London", "Greater London", "E2 9ED", "United Kingdom"]}, "categories": [{"id": "4bf58dd8d48988d11b951735", "name": "Flower Shop", "pluralName": "Flower Shops", "shortName": "Flower Shop", "icon": {"prefix": "https://ss3.4sqi.net/img/categories_v2/shops/flowershop_", "suffix": ".png"}, "primary": true}], "photos": {"count": 0, "groups": []}}, "referralId": "e-0-56c0849bcd10e3e8d23bff8f-3"}, {"reasons": {"count": 0, "items": [{"summary": "This spot is popular", "type": "general", "reasonName": "globalInteractionReason"}]}, "venue": {"id": "5841bfc0ca107064b18eb479", "name": "Flower Warehouse", "location": {"address": "519-523 Cambridge Heath Rd, London E2 9BU", "lat": 51.53386127934853, "lng": -0.057397090561792506, "labeledLatLngs": [{"label": "display", "lat": 51.53386127934853, "lng": -0.057397090561792506}], "distance": 188, "postalCode": "E2 9BU", "cc": "GB", "city": "London", "state": "Greater London", "country": "United Kingdom", "formattedAddress": ["519-523 Cambridge Heath Rd, London E2 9BU", "London", "Greater London", "E2 9BU", "United Kingdom"]}, "categories": [{"id": "4bf58dd8d48988d11b951735", "name": "Flower Shop", "pluralName": "Flower Shops", "shortName": "Flower Shop", "icon": {"prefix": "https://ss3.4sqi.net/img/categories_v2/shops/flowershop_", "suffix": ".png"}, "primary": true}], "photos": {"count": 0, "groups": []}}, "referralId": "e-0-5841bfc0ca107064b18eb479-4"}, {"reasons": {"count": 0, "items": [{"summary": "This spot is popular", "type": "general", "reasonName": "globalInteractionReason"}]}, "venue": {"id": "55cf1d13498e45d9fc799541", "name": "A\u0113sop", "location": {"address": "5 Broadway Market", "lat": 51.535826, "lng": -0.062218, "labeledLatLngs": [{"label": "display", "lat": 51.535826, "lng": -0.062218}], "distance": 221, "postalCode": "E8 4PH", "cc": "GB", "city": "London", "state": "Greater London", "country": "United Kingdom", "formattedAddress": ["5 Broadway Market", "London", "Greater London", "E8 4PH", "United Kingdom"]}, "categories": [{"id": "4bf58dd8d48988d10c951735", "name": "Cosmetics Shop", "pluralName": "Cosmetics Shops", "shortName": "Cosmetics", "icon": {"prefix": "https://ss3.4sqi.net/img/categories_v2/shops/beauty_cosmetic_", "suffix": ".png"}, "primary": true}], "photos": {"count": 0, "groups": []}}, "referralId": "e-0-55cf1d13498e45d9fc799541-5"}, {"reasons": {"count": 0, "items": [{"summary": "This spot is popular", "type": "general", "reasonName": "globalInteractionReason"}]}, "venue": {"id": "5088862545b02a855f3d6200", "name": "Noble Fine Liquor", "location": {"address": "27 Broadway Market", "lat": 51.53638596303166, "lng": -0.06192070047635445, "labeledLatLngs": [{"label": "display", "lat": 51.53638596303166, "lng": -0.06192070047635445}], "distance": 258, "postalCode": "E8 4TS", "cc": "GB", "city": "London", "state": "Greater London", "country": "United Kingdom", "formattedAddress": ["27 Broadway Market", "London", "Greater London", "E8 4TS", "United Kingdom"]}, "categories": [{"id": "4bf58dd8d48988d119951735", "name": "Wine Shop", "pluralName": "Wine Shops", "shortName": "Wine Shop", "icon": {"prefix": "https://ss3.4sqi.net/img/categories_v2/shops/food_wineshop_", "suffix": ".png"}, "primary": true}], "photos": {"count": 0, "groups": []}}, "referralId": "e-0-5088862545b02a855f3d6200-6"}, {"reasons": {"count": 0, "items": [{"summary": "This spot is popular", "type": "general", "reasonName": "globalInteractionReason"}]}, "venue": {"id": "4dea293e814d76ba540705f4", "name": "Netil Market", "location": {"address": "13-23 Westgate St", "lat": 51.53764123683916, "lng": -0.058590588199562754, "labeledLatLngs": [{"label": "display", "lat": 51.53764123683916, "lng": -0.058590588199562754}], "distance": 372, "postalCode": "E8 3RL", "cc": "GB", "city": "Hackney", "state": "Greater London", "country": "United Kingdom", "formattedAddress": ["13-23 Westgate St", "Hackney", "Greater London", "E8 3RL", "United Kingdom"]}, "categories": [{"id": "4bf58dd8d48988d1f7941735", "name": "Flea Market", "pluralName": "Flea Markets", "shortName": "Flea Market", "icon": {"prefix": "https://ss3.4sqi.net/img/categories_v2/shops/fleamarket_", "suffix": ".png"}, "primary": true}], "photos": {"count": 0, "groups": []}}, "referralId": "e-0-4dea293e814d76ba540705f4-7"}, {"reasons": {"count": 0, "items": [{"summary": "This spot is popular", "type": "general", "reasonName": "globalInteractionReason"}]}, "venue": {"id": "4b8eb366f964a520e93133e3", "name": "Donlon Books", "location": {"address": "77 Broadway Market", "lat": 51.53766321829613, "lng": -0.06103399982238975, "labeledLatLngs": [{"label": "display", "lat": 51.53766321829613, "lng": -0.06103399982238975}], "distance": 369, "postalCode": "E8 4PH", "cc": "GB", "city": "London", "state": "Greater London", "country": "United Kingdom", "formattedAddress": ["77 Broadway Market", "Dalston", "Greater London", "E8 4PH", "United Kingdom"]}, "categories": [{"id": "4bf58dd8d48988d114951735", "name": "Bookstore", "pluralName": "Bookstores", "shortName": "Bookstore", "icon": {"prefix": "https://ss3.4sqi.net/img/categories_v2/shops/bookstore_", "suffix": ".png"}, "primary": true}], "photos": {"count": 0, "groups": []}}, "referralId": "e-0-4b8eb366f964a520e93133e3-8"}, {"reasons": {"count": 0, "items": [{"summary": "This spot is popular", "type": "general", "reasonName": "globalInteractionReason"}]}, "venue": {"id": "4befba1251f2c9b6f6def092", "name": "London Fields Farmers' Market", "location": {"address": "London Fields Primary School, Westgate St", "lat": 51.537382752592194, "lng": -0.060392594907740405, "labeledLatLngs": [{"label": "display", "lat": 51.537382752592194, "lng": -0.060392594907740405}], "distance": 332, "postalCode": "E8 3RL", "cc": "GB", "city": "Hackney", "state": "Greater London", "country": "United Kingdom", "formattedAddress": ["London Fields Primary School, Westgate St", "Hackney", "Greater London", "E8 3RL", "United Kingdom"]}, "categories": [{"id": "4bf58dd8d48988d1fa941735", "name": "Farmers Market", "pluralName": "Farmers Markets", "shortName": "Farmer's Market", "icon": {"prefix": "https://ss3.4sqi.net/img/categories_v2/shops/food_farmersmarket_", "suffix": ".png"}, "primary": true}], "photos": {"count": 0, "groups": []}}, "referralId": "e-0-4befba1251f2c9b6f6def092-9"}, {"reasons": {"count": 0, "items": [{"summary": "This spot is popular", "type": "general", "reasonName": "globalInteractionReason"}]}, "venue": {"id": "5c6ff1529e0d540039724fee", "name": "Co-Op", "location": {"address": "Cambridge Heath Road", "lat": 51.532287, "lng": -0.057036, "labeledLatLngs": [{"label": "display", "lat": 51.532287, "lng": -0.057036}], "distance": 311, "postalCode": "E2", "cc": "GB", "city": "London", "state": "Greater London", "country": "United Kingdom", "formattedAddress": ["Cambridge Heath Road", "London", "Greater London", "E2", "United Kingdom"]}, "categories": [{"id": "4bf58dd8d48988d118951735", "name": "Grocery Store", "pluralName": "Grocery Stores", "shortName": "Grocery Store", "icon": {"prefix": "https://ss3.4sqi.net/img/categories_v2/shops/food_grocery_", "suffix": ".png"}, "primary": true}], "photos": {"count": 0, "groups": []}}, "referralId": "e-0-5c6ff1529e0d540039724fee-10"}, {"reasons": {"count": 0, "items": [{"summary": "This spot is popular", "type": "general", "reasonName": "globalInteractionReason"}]}, "venue": {"id": "585925f488cfcc44b1beea2e", "name": "V&V club of Beauty", "location": {"address": "274 Cambridge Heath Road", "lat": 51.5334, "lng": -0.057938, "labeledLatLngs": [{"label": "display", "lat": 51.5334, "lng": -0.057938}], "distance": 180, "postalCode": "E2 9DA", "cc": "GB", "city": "London", "state": "Greater London", "country": "United Kingdom", "formattedAddress": ["274 Cambridge Heath Road", "London", "Greater London", "E2 9DA", "United Kingdom"]}, "categories": [{"id": "4bf58dd8d48988d10c951735", "name": "Cosmetics Shop", "pluralName": "Cosmetics Shops", "shortName": "Cosmetics", "icon": {"prefix": "https://ss3.4sqi.net/img/categories_v2/shops/beauty_cosmetic_", "suffix": ".png"}, "primary": true}], "photos": {"count": 0, "groups": []}, "venuePage": {"id": "405686334"}}, "referralId": "e-0-585925f488cfcc44b1beea2e-11"}, {"reasons": {"count": 0, "items": [{"summary": "This spot is popular", "type": "general", "reasonName": "globalInteractionReason"}]}, "venue": {"id": "58b6a60ad772f9552f896ced", "name": "Creme Beau-Le", "location": {"address": "21 Mare St", "lat": 51.5348884172421, "lng": -0.05739859312132012, "labeledLatLngs": [{"label": "display", "lat": 51.5348884172421, "lng": -0.05739859312132012}], "distance": 185, "postalCode": "E8 4RP", "cc": "GB", "city": "London", "state": "Greater London", "country": "United Kingdom", "formattedAddress": ["21 Mare St", "London", "Greater London", "E8 4RP", "United Kingdom"]}, "categories": [{"id": "54541900498ea6ccd0202697", "name": "Health & Beauty Service", "pluralName": "Health & Beauty Services", "shortName": "Health & Beauty", "icon": {"prefix": "https://ss3.4sqi.net/img/categories_v2/shops/salon_barber_", "suffix": ".png"}, "primary": true}], "photos": {"count": 0, "groups": []}, "venuePage": {"id": "396622610"}}, "referralId": "e-0-58b6a60ad772f9552f896ced-12"}, {"reasons": {"count": 0, "items": [{"summary": "This spot is popular", "type": "general", "reasonName": "globalInteractionReason"}]}, "venue": {"id": "4c7a87ff81bca093daa60015", "name": "Fabrications", "location": {"address": "7 Broadway Market, London", "lat": 51.53585366299104, "lng": -0.06213622151995901, "labeledLatLngs": [{"label": "display", "lat": 51.53585366299104, "lng": -0.06213622151995901}], "distance": 219, "postalCode": "E8 4PH", "cc": "GB", "country": "United Kingdom", "formattedAddress": ["7 Broadway Market, London", "E8 4PH", "United Kingdom"]}, "categories": [{"id": "4bf58dd8d48988d127951735", "name": "Arts & Crafts Store", "pluralName": "Arts & Crafts Stores", "shortName": "Arts & Crafts", "icon": {"prefix": "https://ss3.4sqi.net/img/categories_v2/shops/artstore_", "suffix": ".png"}, "primary": true}], "photos": {"count": 0, "groups": []}}, "referralId": "e-0-4c7a87ff81bca093daa60015-13"}, {"reasons": {"count": 0, "items": [{"summary": "This spot is popular", "type": "general", "reasonName": "globalInteractionReason"}]}, "venue": {"id": "565254b0498e598070bf4cc4", "name": "five star dry cleaners", "location": {"address": "256 Cambridge Heath Road", "lat": 51.53315670000001, "lng": -0.05697269999996024, "labeledLatLngs": [{"label": "display", "lat": 51.53315670000001, "lng": -0.05697269999996024}], "distance": 250, "postalCode": "E2 9DA", "cc": "GB", "city": "London", "state": "Greater London", "country": "United Kingdom", "formattedAddress": ["256 Cambridge Heath Road", "London", "Greater London", "E2 9DA", "United Kingdom"]}, "categories": [{"id": "52f2ab2ebcbc57f1066b8b1d", "name": "Dry Cleaner", "pluralName": "Dry Cleaners", "shortName": "Dry Cleaner", "icon": {"prefix": "https://ss3.4sqi.net/img/categories_v2/shops/drycleaner_", "suffix": ".png"}, "primary": true}], "photos": {"count": 0, "groups": []}, "venuePage": {"id": "147131325"}}, "referralId": "e-0-565254b0498e598070bf4cc4-14"}, {"reasons": {"count": 0, "items": [{"summary": "This spot is popular", "type": "general", "reasonName": "globalInteractionReason"}]}, "venue": {"id": "4c6192cbfa7bc928570b0c27", "name": "Buggies & Bikes", "location": {"address": "23 Broadway Market", "lat": 51.536264398673325, "lng": -0.06206781871453834, "labeledLatLngs": [{"label": "display", "lat": 51.536264398673325, "lng": -0.06206781871453834}], "distance": 252, "postalCode": "E8 4PH", "cc": "GB", "neighborhood": "Hackney", "city": "London", "state": "Greater London", "country": "United Kingdom", "formattedAddress": ["23 Broadway Market", "London", "Greater London", "E8 4PH", "United Kingdom"]}, "categories": [{"id": "4bf58dd8d48988d1f3941735", "name": "Toy / Game Store", "pluralName": "Toy / Game Stores", "shortName": "Toys & Games", "icon": {"prefix": "https://ss3.4sqi.net/img/categories_v2/shops/toys_", "suffix": ".png"}, "primary": true}], "photos": {"count": 0, "groups": []}}, "referralId": "e-0-4c6192cbfa7bc928570b0c27-15"}, {"reasons": {"count": 0, "items": [{"summary": "This spot is popular", "type": "general", "reasonName": "globalInteractionReason"}]}, "venue": {"id": "5fba5f6659f0977677c5fabe", "name": "AEQUILL", "location": {"address": "Broadway Market", "crossStreet": "London", "lat": 51.536098948918685, "lng": -0.06250619888305664, "labeledLatLngs": [{"label": "display", "lat": 51.536098948918685, "lng": -0.06250619888305664}], "distance": 257, "postalCode": "E8 4PH", "cc": "GB", "city": "London", "state": "Greater London", "country": "United Kingdom", "formattedAddress": ["Broadway Market (London)", "London", "Greater London", "E8 4PH", "United Kingdom"]}, "categories": [{"id": "52f2ab2ebcbc57f1066b8b23", "name": "Perfume Shop", "pluralName": "Perfume Shops", "shortName": "Perfume Shop", "icon": {"prefix": "https://ss3.4sqi.net/img/categories_v2/shops/default_", "suffix": ".png"}, "primary": true}], "photos": {"count": 0, "groups": []}, "venuePage": {"id": "603929272"}}, "referralId": "e-0-5fba5f6659f0977677c5fabe-16"}, {"reasons": {"count": 0, "items": [{"summary": "This spot is popular", "type": "general", "reasonName": "globalInteractionReason"}]}, "venue": {"id": "5b6c328e1ffe97003924eeca", "name": "The Green House Ethical Property", "location": {"address": "244-254 Cambridge Heath Rd", "lat": 51.532778, "lng": -0.057003, "labeledLatLngs": [{"label": "display", "lat": 51.532778, "lng": -0.057003}], "distance": 274, "postalCode": "E2 9DA", "cc": "GB", "city": "London", "state": "Greater London", "country": "United Kingdom", "formattedAddress": ["244-254 Cambridge Heath Rd", "London", "Greater London", "E2 9DA", "United Kingdom"]}, "categories": [{"id": "56aa371be4b08b9a8d573552", "name": "Rental Service", "pluralName": "Rental Services", "shortName": "Rental Service", "icon": {"prefix": "https://ss3.4sqi.net/img/categories_v2/shops/default_", "suffix": ".png"}, "primary": true}], "photos": {"count": 0, "groups": []}, "venuePage": {"id": "580367741"}}, "referralId": "e-0-5b6c328e1ffe97003924eeca-17"}, {"reasons": {"count": 0, "items": [{"summary": "This spot is popular", "type": "general", "reasonName": "globalInteractionReason"}]}, "venue": {"id": "53f4a6b1498e2a569444fe62", "name": "Green Island Whole Foods", "location": {"address": "47 Broadway Market", "lat": 51.53696823120117, "lng": -0.061547499150037766, "labeledLatLngs": [{"label": "display", "lat": 51.53696823120117, "lng": -0.061547499150037766}], "distance": 305, "cc": "GB", "country": "United Kingdom", "formattedAddress": ["47 Broadway Market", "United Kingdom"]}, "categories": [{"id": "52f2ab2ebcbc57f1066b8b1c", "name": "Fruit & Vegetable Store", "pluralName": "Fruit & Vegetable Stores", "shortName": "Fruit & Vegetable Store", "icon": {"prefix": "https://ss3.4sqi.net/img/categories_v2/shops/food_grocery_", "suffix": ".png"}, "primary": true}], "photos": {"count": 0, "groups": []}}, "referralId": "e-0-53f4a6b1498e2a569444fe62-18"}, {"reasons": {"count": 0, "items": [{"summary": "This spot is popular", "type": "general", "reasonName": "globalInteractionReason"}]}, "venue": {"id": "55d3b09b498e88992a3547fd", "name": "Lightwell Lamps", "location": {"address": "422 Hackney Rd", "lat": 51.53158788, "lng": -0.06171886, "labeledLatLngs": [{"label": "display", "lat": 51.53158788, "lng": -0.06171886}], "distance": 336, "postalCode": "E2 7SY", "cc": "GB", "city": "London", "state": "Greater London", "country": "United Kingdom", "formattedAddress": ["422 Hackney Rd", "London", "Greater London", "E2 7SY", "United Kingdom"]}, "categories": [{"id": "55888a5a498e782e3303b43a", "name": "Lighting Store", "pluralName": "Lighting Stores", "shortName": "Lighting", "icon": {"prefix": "https://ss3.4sqi.net/img/categories_v2/shops/default_", "suffix": ".png"}, "primary": true}], "photos": {"count": 0, "groups": []}, "venuePage": {"id": "137621630"}}, "referralId": "e-0-55d3b09b498e88992a3547fd-19"}, {"reasons": {"count": 0, "items": [{"summary": "This spot is popular", "type": "general", "reasonName": "globalInteractionReason"}]}, "venue": {"id": "56ed74ec498eaa1cd679b937", "name": "Broadway Market's Schoolyard", "location": {"lat": 51.53744615811021, "lng": -0.06060711992009093, "labeledLatLngs": [{"label": "display", "lat": 51.53744615811021, "lng": -0.06060711992009093}], "distance": 340, "cc": "GB", "country": "United Kingdom", "formattedAddress": ["United Kingdom"]}, "categories": [{"id": "50be8ee891d4fa8dcc7199a7", "name": "Market", "pluralName": "Markets", "shortName": "Market", "icon": {"prefix": "https://ss3.4sqi.net/img/categories_v2/shops/market_", "suffix": ".png"}, "primary": true}], "photos": {"count": 0, "groups": []}}, "referralId": "e-0-56ed74ec498eaa1cd679b937-20"}, {"reasons": {"count": 0, "items": [{"summary": "This spot is popular", "type": "general", "reasonName": "globalInteractionReason"}]}, "venue": {"id": "53ea4cbf498e35f3ec6233b2", "name": "Light Rabbit", "location": {"address": "414-422 Hackney Rd", "lat": 51.53153432, "lng": -0.06178162, "labeledLatLngs": [{"label": "display", "lat": 51.53153432, "lng": -0.06178162}], "distance": 343, "postalCode": "E2 6QJ", "cc": "GB", "city": "London", "state": "Greater London", "country": "United Kingdom", "formattedAddress": ["414-422 Hackney Rd", "London", "Greater London", "E2 6QJ", "United Kingdom"]}, "categories": [{"id": "55888a5a498e782e3303b43a", "name": "Lighting Store", "pluralName": "Lighting Stores", "shortName": "Lighting", "icon": {"prefix": "https://ss3.4sqi.net/img/categories_v2/shops/default_", "suffix": ".png"}, "primary": true}], "photos": {"count": 0, "groups": []}, "venuePage": {"id": "563079253"}}, "referralId": "e-0-53ea4cbf498e35f3ec6233b2-21"}, {"reasons": {"count": 0, "items": [{"summary": "This spot is popular", "type": "general", "reasonName": "globalInteractionReason"}]}, "venue": {"id": "55dccebc498efa9c7149b7f9", "name": "London Wedding Makeup & Hair", "location": {"address": "West London", "lat": 51.5320226, "lng": -0.06311619999996765, "labeledLatLngs": [{"label": "display", "lat": 51.5320226, "lng": -0.06311619999996765}], "distance": 343, "postalCode": "UB6", "cc": "GB", "city": "London", "state": "Greater London", "country": "United Kingdom", "formattedAddress": ["West London", "London", "Greater London", "UB6", "United Kingdom"]}, "categories": [{"id": "54541900498ea6ccd0202697", "name": "Health & Beauty Service", "pluralName": "Health & Beauty Services", "shortName": "Health & Beauty", "icon": {"prefix": "https://ss3.4sqi.net/img/categories_v2/shops/salon_barber_", "suffix": ".png"}, "primary": true}], "photos": {"count": 0, "groups": []}, "venuePage": {"id": "138258226"}}, "referralId": "e-0-55dccebc498efa9c7149b7f9-22"}, {"reasons": {"count": 0, "items": [{"summary": "This spot is popular", "type": "general", "reasonName": "globalInteractionReason"}]}, "venue": {"id": "55dccebc498e47f5e608cab0", "name": "Tamara Tott Make-up & Hair", "location": {"address": "West London", "lat": 51.5320226, "lng": -0.06311619999996765, "labeledLatLngs": [{"label": "display", "lat": 51.5320226, "lng": -0.06311619999996765}], "distance": 343, "postalCode": "W13", "cc": "GB", "city": "London", "state": "Greater London", "country": "United Kingdom", "formattedAddress": ["West London", "London", "Greater London", "W13", "United Kingdom"]}, "categories": [{"id": "54541900498ea6ccd0202697", "name": "Health & Beauty Service", "pluralName": "Health & Beauty Services", "shortName": "Health & Beauty", "icon": {"prefix": "https://ss3.4sqi.net/img/categories_v2/shops/salon_barber_", "suffix": ".png"}, "primary": true}], "photos": {"count": 0, "groups": []}, "venuePage": {"id": "138258225"}}, "referralId": "e-0-55dccebc498e47f5e608cab0-23"}, {"reasons": {"count": 0, "items": [{"summary": "This spot is popular", "type": "general", "reasonName": "globalInteractionReason"}]}, "venue": {"id": "4bc06212abf495219527bf93", "name": "Black Truffle", "location": {"address": "74 Broadway Market", "lat": 51.53711569230196, "lng": -0.06246801922669685, "labeledLatLngs": [{"label": "display", "lat": 51.53711569230196, "lng": -0.06246801922669685}], "distance": 347, "postalCode": "E8 4QL", "cc": "GB", "city": "Hackney", "state": "Greater London", "country": "United Kingdom", "formattedAddress": ["74 Broadway Market", "Hackney", "Greater London", "E8 4QL", "United Kingdom"]}, "categories": [{"id": "4bf58dd8d48988d104951735", "name": "Boutique", "pluralName": "Boutiques", "shortName": "Boutique", "icon": {"prefix": "https://ss3.4sqi.net/img/categories_v2/shops/apparel_boutique_", "suffix": ".png"}, "primary": true}], "photos": {"count": 0, "groups": []}}, "referralId": "e-0-4bc06212abf495219527bf93-24"}, {"reasons": {"count": 0, "items": [{"summary": "This spot is popular", "type": "general", "reasonName": "globalInteractionReason"}]}, "venue": {"id": "4e7232c28998183ccf218f26", "name": "MiniMarket", "location": {"address": "399 Hackney Road", "lat": 51.53158, "lng": -0.062531, "labeledLatLngs": [{"label": "display", "lat": 51.53158, "lng": -0.062531}], "distance": 361, "cc": "GB", "city": "Poplar", "state": "Greater London", "country": "United Kingdom", "formattedAddress": ["399 Hackney Road", "Poplar", "Greater London", "United Kingdom"]}, "categories": [{"id": "4d954b0ea243a5684a65b473", "name": "Convenience Store", "pluralName": "Convenience Stores", "shortName": "Convenience Store", "icon": {"prefix": "https://ss3.4sqi.net/img/categories_v2/shops/conveniencestore_", "suffix": ".png"}, "primary": true}], "photos": {"count": 0, "groups": []}}, "referralId": "e-0-4e7232c28998183ccf218f26-25"}, {"reasons": {"count": 0, "items": [{"summary": "This spot is popular", "type": "general", "reasonName": "globalInteractionReason"}]}, "venue": {"id": "4b745299f964a52033d52de3", "name": "Umut Supermarket & Off License", "location": {"address": "Broadway Market", "lat": 51.53765279923271, "lng": -0.06076984698478482, "labeledLatLngs": [{"label": "display", "lat": 51.53765279923271, "lng": -0.06076984698478482}], "distance": 365, "postalCode": "E 8 4", "cc": "GB", "city": "Hackney", "state": "Greater London", "country": "United Kingdom", "formattedAddress": ["Broadway Market", "Hackney", "Greater London", "E 8 4", "United Kingdom"]}, "categories": [{"id": "4bf58dd8d48988d118951735", "name": "Grocery Store", "pluralName": "Grocery Stores", "shortName": "Grocery Store", "icon": {"prefix": "https://ss3.4sqi.net/img/categories_v2/shops/food_grocery_", "suffix": ".png"}, "primary": true}], "photos": {"count": 0, "groups": []}}, "referralId": "e-0-4b745299f964a52033d52de3-26"}, {"reasons": {"count": 0, "items": [{"summary": "This spot is popular", "type": "general", "reasonName": "globalInteractionReason"}]}, "venue": {"id": "4bc060db2a89ef3b6c6df088", "name": "Rebel Rebel", "location": {"address": "Rebel Rebel in Spar", "crossStreet": "64-66 Brooksby's Walk", "lat": 51.53712084913002, "lng": -0.0629872272768357, "labeledLatLngs": [{"label": "display", "lat": 51.53712084913002, "lng": -0.0629872272768357}], "distance": 367, "cc": "GB", "city": "London", "state": "Greater London", "country": "United Kingdom", "formattedAddress": ["Rebel Rebel in Spar (64-66 Brooksby's Walk)", "London", "Greater London", "United Kingdom"]}, "categories": [{"id": "4bf58dd8d48988d11b951735", "name": "Flower Shop", "pluralName": "Flower Shops", "shortName": "Flower Shop", "icon": {"prefix": "https://ss3.4sqi.net/img/categories_v2/shops/flowershop_", "suffix": ".png"}, "primary": true}], "photos": {"count": 0, "groups": []}}, "referralId": "e-0-4bc060db2a89ef3b6c6df088-27"}, {"reasons": {"count": 0, "items": [{"summary": "This spot is popular", "type": "general", "reasonName": "globalInteractionReason"}]}, "venue": {"id": "588a41a64745864e81011c90", "name": "theeventzcompany", "location": {"address": "Pritchards Road", "lat": 51.5337903, "lng": -0.06250729999999294, "labeledLatLngs": [{"label": "display", "lat": 51.5337903, "lng": -0.06250729999999294}], "distance": 188, "postalCode": "E2 9AP", "cc": "GB", "city": "London", "state": "Greater London", "country": "United Kingdom", "formattedAddress": ["Pritchards Road", "London", "Greater London", "E2 9AP", "United Kingdom"]}, "categories": [{"id": "5454152e498ef71e2b9132c6", "name": "Event Service", "pluralName": "Event Services", "shortName": "Event Services", "icon": {"prefix": "https://ss3.4sqi.net/img/categories_v2/event/default_", "suffix": ".png"}, "primary": true}], "photos": {"count": 0, "groups": []}, "venuePage": {"id": "389797903"}}, "referralId": "e-0-588a41a64745864e81011c90-28"}, {"reasons": {"count": 0, "items": [{"summary": "This spot is popular", "type": "general", "reasonName": "globalInteractionReason"}]}, "venue": {"id": "4fb11d66e4b05b8b56c2eec1", "name": "Sainsbury's Local", "location": {"address": "19 Central Square,", "lat": 51.535214363152285, "lng": -0.05746624498223607, "labeledLatLngs": [{"label": "display", "lat": 51.535214363152285, "lng": -0.05746624498223607}], "distance": 195, "postalCode": "E8 4RP", "cc": "GB", "city": "London", "state": "Greater London", "country": "United Kingdom", "formattedAddress": ["19 Central Square,", "London", "Greater London", "E8 4RP", "United Kingdom"]}, "categories": [{"id": "4bf58dd8d48988d118951735", "name": "Grocery Store", "pluralName": "Grocery Stores", "shortName": "Grocery Store", "icon": {"prefix": "https://ss3.4sqi.net/img/categories_v2/shops/food_grocery_", "suffix": ".png"}, "primary": true}], "photos": {"count": 0, "groups": []}}, "referralId": "e-0-4fb11d66e4b05b8b56c2eec1-29"}, {"reasons": {"count": 0, "items": [{"summary": "This spot is popular", "type": "general", "reasonName": "globalInteractionReason"}]}, "venue": {"id": "4e69b6c51495acb0c66e9b4e", "name": "Sultan Food and Wine Centre", "location": {"address": "83-85 Broadway Market", "lat": 51.537542649405005, "lng": -0.06246054040631834, "labeledLatLngs": [{"label": "display", "lat": 51.537542649405005, "lng": -0.06246054040631834}], "distance": 389, "postalCode": "E8 4PH", "cc": "GB", "city": "Hackney", "state": "Greater London", "country": "United Kingdom", "formattedAddress": ["83-85 Broadway Market", "Hackney", "Greater London", "E8 4PH", "United Kingdom"]}, "categories": [{"id": "4d954b0ea243a5684a65b473", "name": "Convenience Store", "pluralName": "Convenience Stores", "shortName": "Convenience Store", "icon": {"prefix": "https://ss3.4sqi.net/img/categories_v2/shops/conveniencestore_", "suffix": ".png"}, "primary": true}], "photos": {"count": 0, "groups": []}}, "referralId": "e-0-4e69b6c51495acb0c66e9b4e-30"}, {"reasons": {"count": 0, "items": [{"summary": "This spot is popular", "type": "general", "reasonName": "globalInteractionReason"}]}, "venue": {"id": "4c433160cc410f4762d3ad61", "name": "Organic Food Fresh Fruit & Veg", "location": {"lat": 51.536304040429464, "lng": -0.061937126263985946, "labeledLatLngs": [{"label": "display", "lat": 51.536304040429464, "lng": -0.061937126263985946}], "distance": 251, "cc": "GB", "country": "United Kingdom", "formattedAddress": ["United Kingdom"]}, "categories": [{"id": "4bf58dd8d48988d1f5941735", "name": "Gourmet Shop", "pluralName": "Gourmet Shops", "shortName": "Gourmet", "icon": {"prefix": "https://ss3.4sqi.net/img/categories_v2/shops/food_gourmet_", "suffix": ".png"}, "primary": true}], "photos": {"count": 0, "groups": []}}, "referralId": "e-0-4c433160cc410f4762d3ad61-31"}, {"reasons": {"count": 0, "items": [{"summary": "This spot is popular", "type": "general", "reasonName": "globalInteractionReason"}]}, "venue": {"id": "4c60825d1e5cd13a40dca1ed", "name": "Costcutter Broadway Market", "location": {"address": "42 Broadway Market", "lat": 51.53680765478815, "lng": -0.061727771801134174, "labeledLatLngs": [{"label": "display", "lat": 51.53680765478815, "lng": -0.061727771801134174}], "distance": 293, "cc": "GB", "city": "Hackney", "state": "Greater London", "country": "United Kingdom", "formattedAddress": ["42 Broadway Market", "Hackney", "Greater London", "United Kingdom"]}, "categories": [{"id": "4d954b0ea243a5684a65b473", "name": "Convenience Store", "pluralName": "Convenience Stores", "shortName": "Convenience Store", "icon": {"prefix": "https://ss3.4sqi.net/img/categories_v2/shops/conveniencestore_", "suffix": ".png"}, "primary": true}], "photos": {"count": 0, "groups": []}}, "referralId": "e-0-4c60825d1e5cd13a40dca1ed-32"}, {"reasons": {"count": 0, "items": [{"summary": "This spot is popular", "type": "general", "reasonName": "globalInteractionReason"}]}, "venue": {"id": "4c081dd47e3fc92855cfef82", "name": "Elegant Food Market", "location": {"address": "430 Hackney Rd.", "lat": 51.531301, "lng": -0.060831, "labeledLatLngs": [{"label": "display", "lat": 51.531301, "lng": -0.060831}], "distance": 351, "cc": "GB", "city": "Bethnal Green", "state": "Greater London", "country": "United Kingdom", "formattedAddress": ["430 Hackney Rd.", "Bethnal Green", "Greater London", "United Kingdom"]}, "categories": [{"id": "4bf58dd8d48988d1f9941735", "name": "Food & Drink Shop", "pluralName": "Food & Drink Shops", "shortName": "Food & Drink", "icon": {"prefix": "https://ss3.4sqi.net/img/categories_v2/shops/foodanddrink_", "suffix": ".png"}, "primary": true}], "photos": {"count": 0, "groups": []}}, "referralId": "e-0-4c081dd47e3fc92855cfef82-33"}, {"reasons": {"count": 0, "items": [{"summary": "This spot is popular", "type": "general", "reasonName": "globalInteractionReason"}]}, "venue": {"id": "57599579498e16b16cfd6efe", "name": "Jamie McGregor Smith Ltd", "location": {"address": "Emerald Apartments Homerton Road", "lat": 51.5375635, "lng": -0.05830979999996089, "labeledLatLngs": [{"label": "display", "lat": 51.5375635, "lng": -0.05830979999996089}], "distance": 369, "postalCode": "E9 5FF", "cc": "GB", "city": "London", "state": "Greater London", "country": "United Kingdom", "formattedAddress": ["Emerald Apartments Homerton Road", "London", "Greater London", "E9 5FF", "United Kingdom"]}, "categories": [{"id": "554a5e17498efabeda6cc559", "name": "Photography Studio", "pluralName": "Photography Studios", "shortName": "Photo Studio", "icon": {"prefix": "https://ss3.4sqi.net/img/categories_v2/shops/camerastore_", "suffix": ".png"}, "primary": true}], "photos": {"count": 0, "groups": []}, "venuePage": {"id": "200202613"}}, "referralId": "e-0-57599579498e16b16cfd6efe-34"}, {"reasons": {"count": 0, "items": [{"summary": "This spot is popular", "type": "general", "reasonName": "globalInteractionReason"}]}, "venue": {"id": "4b92838cf964a520c0ff33e3", "name": "Tesco Express", "location": {"address": "452 Hackney Rd, Bethnal Green", "crossStreet": "452 HACKNEY ROAD", "lat": 51.53207290164685, "lng": -0.0594221754067803, "labeledLatLngs": [{"label": "display", "lat": 51.53207290164685, "lng": -0.0594221754067803}], "distance": 262, "postalCode": "E2 9EG", "cc": "GB", "city": "London", "state": "Greater London", "country": "United Kingdom", "formattedAddress": ["452 Hackney Rd, Bethnal Green (452 HACKNEY ROAD)", "London", "Greater London", "E2 9EG", "United Kingdom"]}, "categories": [{"id": "4bf58dd8d48988d118951735", "name": "Grocery Store", "pluralName": "Grocery Stores", "shortName": "Grocery Store", "icon": {"prefix": "https://ss3.4sqi.net/img/categories_v2/shops/food_grocery_", "suffix": ".png"}, "primary": true}], "photos": {"count": 0, "groups": []}}, "referralId": "e-0-4b92838cf964a520c0ff33e3-35"}]}]}}