{"meta": {"code": 200, "requestId": "5fedda158c47f042d7c23c4b"}, "response": {"warning": {"text": "There aren't a lot of results near you. Try something more general, reset your filters, or expand the search area."}, "headerLocation": "Barnet", "headerFullLocation": "Barnet, London", "headerLocationGranularity": "neighborhood", "query": "arts entertainment", "totalResults": 2, "suggestedBounds": {"ne": {"lat": 51.57493100360001, "lng": -0.18050974228845873}, "sw": {"lat": 51.567730996399995, "lng": -0.1920722577115413}}, "groups": [{"type": "Recommended Places", "name": "recommended", "items": [{"reasons": {"count": 0, "items": [{"summary": "This spot is popular", "type": "general", "reasonName": "globalInteractionReason"}]}, "venue": {"id": "5b1293d5bed483002c320071", "name": "Puparium Butterfly House and Garden", "location": {"lat": 51.568314, "lng": -0.18738717, "labeledLatLngs": [{"label": "display", "lat": 51.568314, "lng": -0.18738717}], "distance": 344, "postalCode": "NW11 7ST", "cc": "GB", "city": "London", "state": "Greater London", "country": "United Kingdom", "formattedAddress": ["London", "Greater London", "NW11 7ST", "United Kingdom"]}, "categories": [{"id": "58daa1558bbb0b01f18ec1fd", "name": "Zoo Exhibit", "pluralName": "Zoo Exhibits", "shortName": "Zoo Exhibit", "icon": {"prefix": "https://ss3.4sqi.net/img/categories_v2/arts_entertainment/zoo_", "suffix": ".png"}, "primary": true}], "photos": {"count": 0, "groups": []}}, "referralId": "e-0-5b1293d5bed483002c320071-0"}, {"reasons": {"count": 0, "items": [{"summary": "This spot is popular", "type": "general", "reasonName": "globalInteractionReason"}]}, "venue": {"id": "5426a925498e0b0d251e19ed", "name": "Anna Pavlova's house", "location": {"lat": 51.568353, "lng": -0.184314, "labeledLatLngs": [{"label": "display", "lat": 51.568353, "lng": -0.184314}], "distance": 358, "cc": "GB", "country": "United Kingdom", "formattedAddress": ["United Kingdom"]}, "categories": [{"id": "4bf58dd8d48988d18f941735", "name": "Art Museum", "pluralName": "Art Museums", "shortName": "Art Museum", "icon": {"prefix": "https://ss3.4sqi.net/img/categories_v2/arts_entertainment/museum_art_", "suffix": ".png"}, "primary": true}], "photos": {"count": 0, "groups": []}}, "referralId": "e-0-5426a925498e0b0d251e19ed-1"}]}]}}