{"meta": {"code": 200, "requestId": "5fedda3c79763a1bc493b633"}, "response": {"warning": {"text": "There aren't a lot of results near you. Try something more general, reset your filters, or expand the search area."}, "headerLocation": "Sands End", "headerFullLocation": "Sands End, London", "headerLocationGranularity": "neighborhood", "query": "arts entertainment", "totalResults": 2, "suggestedBounds": {"ne": {"lat": 51.478446003600006, "lng": -0.1793979786925407}, "sw": {"lat": 51.47124599639999, "lng": -0.1909360213074593}}, "groups": [{"type": "Recommended Places", "name": "recommended", "items": [{"reasons": {"count": 0, "items": [{"summary": "This spot is popular", "type": "general", "reasonName": "globalInteractionReason"}]}, "venue": {"id": "4b8904e2f964a520761832e3", "name": "Karen Hardy Dance Studio", "location": {"address": "Imperial Wharf", "crossStreet": "Fulham", "lat": 51.47301679093139, "lng": -0.18162471762017673, "labeledLatLngs": [{"label": "display", "lat": 51.47301679093139, "lng": -0.18162471762017673}], "distance": 319, "cc": "GB", "city": "London", "state": "Greater London", "country": "United Kingdom", "formattedAddress": ["Imperial Wharf (Fulham)", "London", "Greater London", "United Kingdom"]}, "categories": [{"id": "4bf58dd8d48988d134941735", "name": "Dance Studio", "pluralName": "Dance Studios", "shortName": "Dance Studio", "icon": {"prefix": "https://ss3.4sqi.net/img/categories_v2/arts_entertainment/performingarts_dancestudio_", "suffix": ".png"}, "primary": true}], "photos": {"count": 0, "groups": []}}, "referralId": "e-0-4b8904e2f964a520761832e3-0"}, {"reasons": {"count": 0, "items": [{"summary": "This spot is popular", "type": "general", "reasonName": "globalInteractionReason"}]}, "venue": {"id": "4d791a9cece5a1cd9b13a0a4", "name": "Hidde van Seggelen Gallery", "location": {"lat": 51.477028000706795, "lng": -0.18832886300880985, "labeledLatLngs": [{"label": "display", "lat": 51.477028000706795, "lng": -0.18832886300880985}], "distance": 327, "cc": "GB", "country": "United Kingdom", "formattedAddress": ["United Kingdom"]}, "categories": [{"id": "4bf58dd8d48988d1e2931735", "name": "Art Gallery", "pluralName": "Art Galleries", "shortName": "Art Gallery", "icon": {"prefix": "https://ss3.4sqi.net/img/categories_v2/arts_entertainment/artgallery_", "suffix": ".png"}, "primary": true}], "photos": {"count": 0, "groups": []}}, "referralId": "e-0-4d791a9cece5a1cd9b13a0a4-1"}]}]}}