{"meta": {"code": 200, "requestId": "5fedd9ba54b55051514a047c"}, "response": {"suggestedFilters": {"header": "Tap to show:", "filters": [{"name": "Open now", "key": "openNow"}]}, "headerLocation": "Upton Park", "headerFullLocation": "Upton Park, London", "headerLocationGranularity": "neighborhood", "query": "college education", "totalResults": 10, "suggestedBounds": {"ne": {"lat": 51.536860003600005, "lng": 0.04241642132597241}, "sw": {"lat": 51.52965999639999, "lng": 0.030863578674027583}}, "groups": [{"type": "Recommended Places", "name": "recommended", "items": [{"reasons": {"count": 0, "items": [{"summary": "This spot is popular", "type": "general", "reasonName": "globalInteractionReason"}]}, "venue": {"id": "4d65093580185481c6ff5068", "name": "The Who Shop & Museum", "location": {"address": "39-41 Barking Rd.", "lat": 51.53057695616843, "lng": 0.03977780646912918, "labeledLatLngs": [{"label": "display", "lat": 51.53057695616843, "lng": 0.03977780646912918}], "distance": 369, "postalCode": "E6 1PY", "cc": "GB", "city": "Upton Park", "state": "Greater London", "country": "United Kingdom", "formattedAddress": ["39-41 Barking Rd.", "Upton Park", "Greater London", "E6 1PY", "United Kingdom"]}, "categories": [{"id": "4bf58dd8d48988d1f3941735", "name": "Toy / Game Store", "pluralName": "Toy / Game Stores", "shortName": "Toys & Games", "icon": {"prefix": "https://ss3.4sqi.net/img/categories_v2/shops/toys_", "suffix": ".png"}, "primary": true}], "photos": {"count": 0, "groups": []}}, "referralId": "e-0-4d65093580185481c6ff5068-0"}, {"reasons": {"count": 0, "items": [{"summary": "This spot is popular", "type": "general", "reasonName": "globalInteractionReason"}]}, "venue": {"id": "4c4aab4d9e6dbe9a5b41e60a", "name": "Queen's Market", "location": {"address": "412-416 Green St", "lat": 51.53459069801548, "lng": 0.03510475158691406, "labeledLatLngs": [{"label": "display", "lat": 51.53459069801548, "lng": 0.03510475158691406}], "distance": 182, "postalCode": "E13 9JJ", "cc": "GB", "city": "Upton Park", "state": "Greater London", "country": "United Kingdom", "formattedAddress": ["412-416 Green St", "Upton Park", "Greater London", "E13 9JJ", "United Kingdom"]}, "categories": [{"id": "50be8ee891d4fa8dcc7199a7", "name": "Market", "pluralName": "Markets", "shortName": "Market", "icon": {"prefix": "https://ss3.4sqi.net/img/categories_v2/shops/market_", "suffix": ".png"}, "primary": true}], "photos": {"count": 0, "groups": []}}, "referralId": "e-0-4c4aab4d9e6dbe9a5b41e60a-1"}, {"reasons": {"count": 0, "items": [{"summary": "This spot is popular", "type": "general", "reasonName": "globalInteractionReason"}]}, "venue": {"id": "4f158733e4b0d59e23ff3c40", "name": "Iceland", "location": {"address": "358/362 Green St", "crossStreet": "Raymond Rd", "lat": 51.53644597302752, "lng": 0.03471851348876953, "labeledLatLngs": [{"label": "display", "lat": 51.53644597302752, "lng": 0.03471851348876953}], "distance": 378, "postalCode": "E13 9AP", "cc": "GB", "city": "Upton Park", "state": "Greater London", "country": "United Kingdom", "formattedAddress": ["358/362 Green St (Raymond Rd)", "Upton Park", "Greater London", "E13 9AP", "United Kingdom"]}, "categories": [{"id": "4bf58dd8d48988d118951735", "name": "Grocery Store", "pluralName": "Grocery Stores", "shortName": "Grocery Store", "icon": {"prefix": "https://ss3.4sqi.net/img/categories_v2/shops/food_grocery_", "suffix": ".png"}, "primary": true}], "photos": {"count": 0, "groups": []}}, "referralId": "e-0-4f158733e4b0d59e23ff3c40-2"}, {"reasons": {"count": 0, "items": [{"summary": "This spot is popular", "type": "general", "reasonName": "globalInteractionReason"}]}, "venue": {"id": "4d9b1e4c422ea1cd939df44c", "name": "Superdrug", "location": {"address": "321-325 Green St", "lat": 51.53637923782746, "lng": 0.03478288650512695, "labeledLatLngs": [{"label": "display", "lat": 51.53637923782746, "lng": 0.03478288650512695}], "distance": 370, "postalCode": "E13 9AR", "cc": "GB", "city": "Upton Park", "state": "Greater London", "country": "United Kingdom", "formattedAddress": ["321-325 Green St", "Upton Park", "Greater London", "E13 9AR", "United Kingdom"]}, "categories": [{"id": "4bf58dd8d48988d10f951735", "name": "Pharmacy", "pluralName": "Pharmacies", "shortName": "Pharmacy", "icon": {"prefix": "https://ss3.4sqi.net/img/categories_v2/shops/pharmacy_", "suffix": ".png"}, "primary": true}], "photos": {"count": 0, "groups": []}}, "referralId": "e-0-4d9b1e4c422ea1cd939df44c-3"}, {"reasons": {"count": 0, "items": [{"summary": "This spot is popular", "type": "general", "reasonName": "globalInteractionReason"}]}, "venue": {"id": "4c2336ad11de20a1d40286ce", "name": "Newham Bookshop", "location": {"address": "745-747 Barking Rd", "lat": 51.53043034282228, "lng": 0.03766401010251731, "labeledLatLngs": [{"label": "display", "lat": 51.53043034282228, "lng": 0.03766401010251731}], "distance": 322, "postalCode": "E13 9ER", "cc": "GB", "city": "London", "state": "Greater London", "country": "United Kingdom", "formattedAddress": ["745-747 Barking Rd", "London", "Greater London", "E13 9ER", "United Kingdom"]}, "categories": [{"id": "4bf58dd8d48988d114951735", "name": "Bookstore", "pluralName": "Bookstores", "shortName": "Bookstore", "icon": {"prefix": "https://ss3.4sqi.net/img/categories_v2/shops/bookstore_", "suffix": ".png"}, "primary": true}], "photos": {"count": 0, "groups": []}, "venuePage": {"id": "145058178"}}, "referralId": "e-0-4c2336ad11de20a1d40286ce-4"}, {"reasons": {"count": 0, "items": [{"summary": "This spot is popular", "type": "general", "reasonName": "globalInteractionReason"}]}, "venue": {"id": "4e85ae589adf071fee2d4528", "name": "Tesco Express", "location": {"address": "36-40 Barking Rd, Upton Park", "crossStreet": "WEST HAM", "lat": 51.53038935514133, "lng": 0.039830803871154785, "labeledLatLngs": [{"label": "display", "lat": 51.53038935514133, "lng": 0.039830803871154785}], "distance": 388, "postalCode": "E6 1PU", "cc": "GB", "city": "Upton Park", "state": "Greater London", "country": "United Kingdom", "formattedAddress": ["36-40 Barking Rd, Upton Park (WEST HAM)", "Upton Park", "Greater London", "E6 1PU", "United Kingdom"]}, "categories": [{"id": "4bf58dd8d48988d118951735", "name": "Grocery Store", "pluralName": "Grocery Stores", "shortName": "Grocery Store", "icon": {"prefix": "https://ss3.4sqi.net/img/categories_v2/shops/food_grocery_", "suffix": ".png"}, "primary": true}], "photos": {"count": 0, "groups": []}}, "referralId": "e-0-4e85ae589adf071fee2d4528-5"}, {"reasons": {"count": 0, "items": [{"summary": "This spot is popular", "type": "general", "reasonName": "globalInteractionReason"}]}, "venue": {"id": "5b06819ec62b49002c6ee078", "name": "Ultratech Consulting Ltd", "location": {"address": "776-778 Barking Road", "lat": 51.5300265, "lng": 0.037358400000016445, "labeledLatLngs": [{"label": "display", "lat": 51.5300265, "lng": 0.037358400000016445}], "distance": 363, "postalCode": "E13 9PJ", "cc": "GB", "city": "London", "state": "Greater London", "country": "United Kingdom", "formattedAddress": ["776-778 Barking Road", "London", "Greater London", "E13 9PJ", "United Kingdom"]}, "categories": [{"id": "52f2ab2ebcbc57f1066b8b36", "name": "IT Services", "pluralName": "IT Services", "shortName": "IT Services", "icon": {"prefix": "https://ss3.4sqi.net/img/categories_v2/shops/technology_", "suffix": ".png"}, "primary": true}], "photos": {"count": 0, "groups": []}, "venuePage": {"id": "488617918"}}, "referralId": "e-0-5b06819ec62b49002c6ee078-6"}, {"reasons": {"count": 0, "items": [{"summary": "This spot is popular", "type": "general", "reasonName": "globalInteractionReason"}]}, "venue": {"id": "59ce3e7935811b5e351636f7", "name": "Top Banana Bouncy Castles", "location": {"address": "776-778 Barking Rd", "lat": 51.5299892967381, "lng": 0.03691076949417038, "labeledLatLngs": [{"label": "display", "lat": 51.5299892967381, "lng": 0.03691076949417038}], "distance": 364, "postalCode": "E13 9PJ", "cc": "GB", "city": "London", "state": "Greater London", "country": "United Kingdom", "formattedAddress": ["776-778 Barking Rd", "London", "Greater London", "E13 9PJ", "United Kingdom"]}, "categories": [{"id": "5454152e498ef71e2b9132c6", "name": "Event Service", "pluralName": "Event Services", "shortName": "Event Services", "icon": {"prefix": "https://ss3.4sqi.net/img/categories_v2/event/default_", "suffix": ".png"}, "primary": true}], "photos": {"count": 0, "groups": []}, "venuePage": {"id": "449798333"}}, "referralId": "e-0-59ce3e7935811b5e351636f7-7"}, {"reasons": {"count": 0, "items": [{"summary": "This spot is popular", "type": "general", "reasonName": "globalInteractionReason"}]}, "venue": {"id": "55883f2e498edb3d8681c52c", "name": "Direct Access UK Barristers", "location": {"address": "764 Barking Rd", "lat": 51.5299888, "lng": 0.03678330000002461, "labeledLatLngs": [{"label": "display", "lat": 51.5299888, "lng": 0.03678330000002461}], "distance": 364, "postalCode": "E13 9PJ", "cc": "GB", "city": "London", "state": "Greater London", "country": "United Kingdom", "formattedAddress": ["764 Barking Rd", "London", "Greater London", "E13 9PJ", "United Kingdom"]}, "categories": [{"id": "52f2ab2ebcbc57f1066b8b3f", "name": "Lawyer", "pluralName": "Lawyers", "shortName": "Lawyer", "icon": {"prefix": "https://ss3.4sqi.net/img/categories_v2/education/lawschool_", "suffix": ".png"}, "primary": true}], "photos": {"count": 0, "groups": []}, "venuePage": {"id": "132186274"}}, "referralId": "e-0-55883f2e498edb3d8681c52c-8"}, {"reasons": {"count": 0, "items": [{"summary": "This spot is popular", "type": "general", "reasonName": "globalInteractionReason"}]}, "venue": {"id": "56f20d39498ee1d1e1303ab7", "name": "Paddy Power", "location": {"address": "351 Green Street", "lat": 51.53670132514127, "lng": 0.03631742933048642, "labeledLatLngs": [{"label": "display", "lat": 51.53670132514127, "lng": 0.03631742933048642}], "distance": 383, "postalCode": "E13 9AR", "cc": "GB", "city": "Upton Park", "state": "Greater London", "country": "United Kingdom", "formattedAddress": ["351 Green Street", "Upton Park", "Greater London", "E13 9AR", "United Kingdom"]}, "categories": [{"id": "52f2ab2ebcbc57f1066b8b40", "name": "Betting Shop", "pluralName": "Betting Shops", "shortName": "Betting Shop", "icon": {"prefix": "https://ss3.4sqi.net/img/categories_v2/shops/financial_", "suffix": ".png"}, "primary": true}], "photos": {"count": 0, "groups": []}, "venuePage": {"id": "544608008"}}, "referralId": "e-0-56f20d39498ee1d1e1303ab7-9"}]}]}}