{"meta": {"code": 200, "requestId": "5fedd9aeafd2f83d5fbf757e"}, "response": {"suggestedFilters": {"header": "Tap to show:", "filters": [{"name": "Open now", "key": "openNow"}]}, "headerLocation": "Barnsbury", "headerFullLocation": "Barnsbury, London", "headerLocationGranularity": "neighborhood", "query": "arts entertainment", "totalResults": 4, "suggestedBounds": {"ne": {"lat": 51.535334003600006, "lng": -0.10748377230907165}, "sw": {"lat": 51.528133996399994, "lng": -0.11903622769092835}}, "groups": [{"type": "Recommended Places", "name": "recommended", "items": [{"reasons": {"count": 0, "items": [{"summary": "This spot is popular", "type": "general", "reasonName": "globalInteractionReason"}]}, "venue": {"id": "4ac518cdf964a520cca520e3", "name": "The Lexington", "location": {"address": "96-98 Pentonville Rd", "lat": 51.53166897299987, "lng": -0.11135887713385406, "labeledLatLngs": [{"label": "display", "lat": 51.53166897299987, "lng": -0.11135887713385406}], "distance": 131, "postalCode": "N1 9JB", "cc": "GB", "city": "London", "state": "Greater London", "country": "United Kingdom", "formattedAddress": ["96-98 Pentonville Rd", "London", "Greater London", "N1 9JB", "United Kingdom"]}, "categories": [{"id": "4bf58dd8d48988d1e9931735", "name": "Rock Club", "pluralName": "Rock Clubs", "shortName": "Rock Club", "icon": {"prefix": "https://ss3.4sqi.net/img/categories_v2/arts_entertainment/musicvenue_rockclub_", "suffix": ".png"}, "primary": true}], "photos": {"count": 0, "groups": []}, "venuePage": {"id": "37102732"}}, "referralId": "e-0-4ac518cdf964a520cca520e3-0"}, {"reasons": {"count": 0, "items": [{"summary": "This spot is popular", "type": "general", "reasonName": "globalInteractionReason"}]}, "venue": {"id": "4c66b5eac2ead13aa665b480", "name": "Gagosian Gallery", "location": {"address": "6-24 Britannia St", "lat": 51.53012536622044, "lng": -0.11806534057711696, "labeledLatLngs": [{"label": "display", "lat": 51.53012536622044, "lng": -0.11806534057711696}], "distance": 377, "postalCode": "WC1X 9JD", "cc": "GB", "city": "St Pancras", "state": "Greater London", "country": "United Kingdom", "formattedAddress": ["6-24 Britannia St", "Saint Pancras", "Greater London", "WC1X 9JD", "United Kingdom"]}, "categories": [{"id": "4bf58dd8d48988d1e2931735", "name": "Art Gallery", "pluralName": "Art Galleries", "shortName": "Art Gallery", "icon": {"prefix": "https://ss3.4sqi.net/img/categories_v2/arts_entertainment/artgallery_", "suffix": ".png"}, "primary": true}], "photos": {"count": 0, "groups": []}}, "referralId": "e-0-4c66b5eac2ead13aa665b480-1"}, {"reasons": {"count": 0, "items": [{"summary": "This spot is popular", "type": "general", "reasonName": "globalInteractionReason"}]}, "venue": {"id": "4c50715fc2b4952135b988f7", "name": "Surya", "location": {"address": "156 Pentonville Road", "lat": 51.53135102502097, "lng": -0.11540409629148933, "labeledLatLngs": [{"label": "display", "lat": 51.53135102502097, "lng": -0.11540409629148933}], "distance": 154, "postalCode": "N1 9JL", "cc": "GB", "city": "London", "state": "Greater London", "country": "United Kingdom", "formattedAddress": ["156 Pentonville Road", "London", "Greater London", "N1 9JL", "United Kingdom"]}, "categories": [{"id": "4bf58dd8d48988d1e5931735", "name": "Music Venue", "pluralName": "Music Venues", "shortName": "Music Venue", "icon": {"prefix": "https://ss3.4sqi.net/img/categories_v2/arts_entertainment/musicvenue_", "suffix": ".png"}, "primary": true}], "photos": {"count": 0, "groups": []}}, "referralId": "e-0-4c50715fc2b4952135b988f7-2"}, {"reasons": {"count": 0, "items": [{"summary": "This spot is popular", "type": "general", "reasonName": "globalInteractionReason"}]}, "venue": {"id": "563daa52cd100d9901d23a4c", "name": "Work - Bar/Nightclub", "location": {"address": "3 Chapel Market", "lat": 51.53349, "lng": -0.1106586, "labeledLatLngs": [{"label": "display", "lat": 51.53349, "lng": -0.1106586}], "distance": 265, "postalCode": "N1 9EZ", "cc": "GB", "neighborhood": "Barnsbury", "city": "London", "state": "Greater London", "country": "United Kingdom", "formattedAddress": ["3 Chapel Market", "London", "Greater London", "N1 9EZ", "United Kingdom"]}, "categories": [{"id": "4bf58dd8d48988d1e5931735", "name": "Music Venue", "pluralName": "Music Venues", "shortName": "Music Venue", "icon": {"prefix": "https://ss3.4sqi.net/img/categories_v2/arts_entertainment/musicvenue_", "suffix": ".png"}, "primary": true}], "photos": {"count": 0, "groups": []}}, "referralId": "e-0-563daa52cd100d9901d23a4c-3"}]}]}}