{"meta": {"code": 200, "requestId": "5fedda63499ac81c6061964e"}, "response": {"suggestedFilters": {"header": "Tap to show:", "filters": [{"name": "Open now", "key": "openNow"}]}, "headerLocation": "Brentford", "headerFullLocation": "Brentford, London", "headerLocationGranularity": "neighborhood", "query": "food", "totalResults": 5, "suggestedBounds": {"ne": {"lat": 51.49463000360001, "lng": -0.28041893096667836}, "sw": {"lat": 51.487429996399996, "lng": -0.29196106903332164}}, "groups": [{"type": "Recommended Places", "name": "recommended", "items": [{"reasons": {"count": 0, "items": [{"summary": "This spot is popular", "type": "general", "reasonName": "globalInteractionReason"}]}, "venue": {"id": "4c10a7d7ce640f47c3423a52", "name": "The Strand", "location": {"address": "109 Strand On The Green", "crossStreet": "Kew Bridge", "lat": 51.488368615678645, "lng": -0.2871636840250307, "labeledLatLngs": [{"label": "display", "lat": 51.488368615678645, "lng": -0.2871636840250307}], "distance": 303, "postalCode": "W4 3NQ", "cc": "GB", "city": "Chiswick", "state": "Greater London", "country": "United Kingdom", "formattedAddress": ["109 Strand On The Green (Kew Bridge)", "Chiswick", "Greater London", "W4 3NQ", "United Kingdom"]}, "categories": [{"id": "4bf58dd8d48988d149941735", "name": "Thai Restaurant", "pluralName": "Thai Restaurants", "shortName": "Thai", "icon": {"prefix": "https://ss3.4sqi.net/img/categories_v2/food/thai_", "suffix": ".png"}, "primary": true}], "photos": {"count": 0, "groups": []}}, "referralId": "e-0-4c10a7d7ce640f47c3423a52-0"}, {"reasons": {"count": 0, "items": [{"summary": "This spot is popular", "type": "general", "reasonName": "globalInteractionReason"}]}, "venue": {"id": "57af3008498e129a628fdb56", "name": "The Stable", "location": {"address": "8 Kew Bridge Rd", "lat": 51.487905, "lng": -0.288039, "labeledLatLngs": [{"label": "display", "lat": 51.487905, "lng": -0.288039}], "distance": 370, "postalCode": "TW8 0FJ", "cc": "GB", "city": "Brentford", "state": "Greater London", "country": "United Kingdom", "formattedAddress": ["8 Kew Bridge Rd", "Brentford", "Greater London", "TW8 0FJ", "United Kingdom"]}, "categories": [{"id": "4bf58dd8d48988d1ca941735", "name": "Pizza Place", "pluralName": "Pizza Places", "shortName": "Pizza", "icon": {"prefix": "https://ss3.4sqi.net/img/categories_v2/food/pizza_", "suffix": ".png"}, "primary": true}], "photos": {"count": 0, "groups": []}}, "referralId": "e-0-57af3008498e129a628fdb56-1"}, {"reasons": {"count": 0, "items": [{"summary": "This spot is popular", "type": "general", "reasonName": "globalInteractionReason"}]}, "venue": {"id": "576d1f2c498e916f99d12c4a", "name": "Subway", "location": {"address": "1 Great West Road", "crossStreet": "1 Great West Rd", "lat": 51.49157292033435, "lng": -0.28336855243514947, "labeledLatLngs": [{"label": "display", "lat": 51.49157292033435, "lng": -0.28336855243514947}], "distance": 204, "postalCode": "W4 5QJ", "cc": "GB", "city": "London", "country": "United Kingdom", "formattedAddress": ["1 Great West Road (1 Great West Rd)", "London", "W4 5QJ", "United Kingdom"]}, "categories": [{"id": "4bf58dd8d48988d1c5941735", "name": "Sandwich Place", "pluralName": "Sandwich Places", "shortName": "Sandwiches", "icon": {"prefix": "https://ss3.4sqi.net/img/categories_v2/food/deli_", "suffix": ".png"}, "primary": true}], "photos": {"count": 0, "groups": []}}, "referralId": "e-0-576d1f2c498e916f99d12c4a-2"}, {"reasons": {"count": 0, "items": [{"summary": "This spot is popular", "type": "general", "reasonName": "globalInteractionReason"}]}, "venue": {"id": "4dbd1a1a5da3ff58ec5c151c", "name": "The Bridge Cafe", "location": {"lat": 51.489916, "lng": -0.28582, "labeledLatLngs": [{"label": "display", "lat": 51.489916, "lng": -0.28582}], "distance": 126, "cc": "GB", "city": "Hounslow", "state": "Greater London", "country": "United Kingdom", "formattedAddress": ["Hounslow", "Greater London", "United Kingdom"]}, "categories": [{"id": "4bf58dd8d48988d143941735", "name": "Breakfast Spot", "pluralName": "Breakfast Spots", "shortName": "Breakfast", "icon": {"prefix": "https://ss3.4sqi.net/img/categories_v2/food/breakfast_", "suffix": ".png"}, "primary": true}], "photos": {"count": 0, "groups": []}}, "referralId": "e-0-4dbd1a1a5da3ff58ec5c151c-3"}, {"reasons": {"count": 0, "items": [{"summary": "This spot is popular", "type": "general", "reasonName": "globalInteractionReason"}]}, "venue": {"id": "4bd576d4cfa7b713e6c625da", "name": "Kew Bridge Deli", "location": {"address": "553 Chiswick High Road", "lat": 51.49073, "lng": -0.284481, "labeledLatLngs": [{"label": "display", "lat": 51.49073, "lng": -0.284481}], "distance": 123, "postalCode": "W4 3AY", "cc": "GB", "neighborhood": "Brentford", "city": "London", "state": "Greater London", "country": "United Kingdom", "formattedAddress": ["553 Chiswick High Road", "London", "Greater London", "W4 3AY", "United Kingdom"]}, "categories": [{"id": "4bf58dd8d48988d146941735", "name": "Deli / Bodega", "pluralName": "Delis / Bodegas", "shortName": "Deli / Bodega", "icon": {"prefix": "https://ss3.4sqi.net/img/categories_v2/food/deli_", "suffix": ".png"}, "primary": true}], "photos": {"count": 0, "groups": []}}, "referralId": "e-0-4bd576d4cfa7b713e6c625da-4"}]}]}}