{"meta": {"code": 200, "requestId": "5fedd9a5ba6fa474b85fcdb2"}, "response": {"suggestedFilters": {"header": "Tap to show:", "filters": [{"name": "Open now", "key": "openNow"}]}, "headerLocation": "Hackney", "headerFullLocation": "Hackney, London", "headerLocationGranularity": "neighborhood", "query": "arts entertainment", "totalResults": 24, "suggestedBounds": {"ne": {"lat": 51.52780000360001, "lng": -0.07790172805252965}, "sw": {"lat": 51.520599996399994, "lng": -0.08945227194747035}}, "groups": [{"type": "Recommended Places", "name": "recommended", "items": [{"reasons": {"count": 0, "items": [{"summary": "This spot is popular", "type": "general", "reasonName": "globalInteractionReason"}]}, "venue": {"id": "500d904de4b07957c405c8d3", "name": "71a gallery", "location": {"address": "71a Leonard St", "lat": 51.52474254402463, "lng": -0.08315457136755083, "labeledLatLngs": [{"label": "display", "lat": 51.52474254402463, "lng": -0.08315457136755083}], "distance": 70, "postalCode": "EC2A 4QS", "cc": "GB", "city": "London", "state": "Greater London", "country": "United Kingdom", "formattedAddress": ["71a Leonard St", "London", "Greater London", "EC2A 4QS", "United Kingdom"]}, "categories": [{"id": "4bf58dd8d48988d1e2931735", "name": "Art Gallery", "pluralName": "Art Galleries", "shortName": "Art Gallery", "icon": {"prefix": "https://ss3.4sqi.net/img/categories_v2/arts_entertainment/artgallery_", "suffix": ".png"}, "primary": true}], "photos": {"count": 0, "groups": []}}, "referralId": "e-0-500d904de4b07957c405c8d3-0"}, {"reasons": {"count": 0, "items": [{"summary": "This spot is popular", "type": "general", "reasonName": "globalInteractionReason"}]}, "venue": {"id": "54c10a21498eb34a1c78cb15", "name": "Jealous Gallery", "location": {"address": "53 Curtain Rd", "lat": 51.52411601255718, "lng": -0.08020458135831798, "labeledLatLngs": [{"label": "display", "lat": 51.52411601255718, "lng": -0.08020458135831798}], "distance": 240, "postalCode": "EC2A 3PT", "cc": "GB", "country": "United Kingdom", "formattedAddress": ["53 Curtain Rd", "EC2A 3PT", "United Kingdom"]}, "categories": [{"id": "4bf58dd8d48988d1e2931735", "name": "Art Gallery", "pluralName": "Art Galleries", "shortName": "Art Gallery", "icon": {"prefix": "https://ss3.4sqi.net/img/categories_v2/arts_entertainment/artgallery_", "suffix": ".png"}, "primary": true}], "photos": {"count": 0, "groups": []}}, "referralId": "e-0-54c10a21498eb34a1c78cb15-1"}, {"reasons": {"count": 0, "items": [{"summary": "This spot is popular", "type": "general", "reasonName": "globalInteractionReason"}]}, "venue": {"id": "4ac518ebf964a52041ac20e3", "name": "Village Underground", "location": {"address": "54 Holywell Ln", "lat": 51.52355222406034, "lng": -0.0785581572500486, "labeledLatLngs": [{"label": "display", "lat": 51.52355222406034, "lng": -0.0785581572500486}], "distance": 361, "postalCode": "EC2A 3PQ", "cc": "GB", "city": "Shoreditch", "state": "Greater London", "country": "United Kingdom", "formattedAddress": ["54 Holywell Ln", "Shoreditch", "Greater London", "EC2A 3PQ", "United Kingdom"]}, "categories": [{"id": "4bf58dd8d48988d1e5931735", "name": "Music Venue", "pluralName": "Music Venues", "shortName": "Music Venue", "icon": {"prefix": "https://ss3.4sqi.net/img/categories_v2/arts_entertainment/musicvenue_", "suffix": ".png"}, "primary": true}], "photos": {"count": 0, "groups": []}, "venuePage": {"id": "72090689"}}, "referralId": "e-0-4ac518ebf964a52041ac20e3-2"}, {"reasons": {"count": 0, "items": [{"summary": "This spot is popular", "type": "general", "reasonName": "globalInteractionReason"}]}, "venue": {"id": "4c26924b136d20a133a1e561", "name": "Red Gallery", "location": {"address": "1-3 Rivington St", "lat": 51.526164688935246, "lng": -0.083336962729634, "labeledLatLngs": [{"label": "display", "lat": 51.526164688935246, "lng": -0.083336962729634}], "distance": 219, "postalCode": "EC2A 3DT", "cc": "GB", "city": "Shoreditch", "state": "Greater London", "country": "United Kingdom", "formattedAddress": ["1-3 Rivington St", "Shoreditch", "Greater London", "EC2A 3DT", "United Kingdom"]}, "categories": [{"id": "4bf58dd8d48988d1e2931735", "name": "Art Gallery", "pluralName": "Art Galleries", "shortName": "Art Gallery", "icon": {"prefix": "https://ss3.4sqi.net/img/categories_v2/arts_entertainment/artgallery_", "suffix": ".png"}, "primary": true}], "photos": {"count": 0, "groups": []}}, "referralId": "e-0-4c26924b136d20a133a1e561-3"}, {"reasons": {"count": 0, "items": [{"summary": "This spot is popular", "type": "general", "reasonName": "globalInteractionReason"}]}, "venue": {"id": "4bcc3079b6c49c74c04a9391", "name": "Wesley's Chapel and Leysian Mission", "location": {"address": "49 City Rd", "lat": 51.52324233381468, "lng": -0.08711655372401403, "labeledLatLngs": [{"label": "display", "lat": 51.52324233381468, "lng": -0.08711655372401403}], "distance": 260, "postalCode": "EC1Y 1AU", "cc": "GB", "city": "London", "state": "Greater London", "country": "United Kingdom", "formattedAddress": ["49 City Rd", "London", "Greater London", "EC1Y 1AU", "United Kingdom"]}, "categories": [{"id": "4bf58dd8d48988d181941735", "name": "Museum", "pluralName": "Museums", "shortName": "Museum", "icon": {"prefix": "https://ss3.4sqi.net/img/categories_v2/arts_entertainment/museum_", "suffix": ".png"}, "primary": true}], "photos": {"count": 0, "groups": []}}, "referralId": "e-0-4bcc3079b6c49c74c04a9391-4"}, {"reasons": {"count": 0, "items": [{"summary": "This spot is popular", "type": "general", "reasonName": "globalInteractionReason"}]}, "venue": {"id": "50c0f007e4b06f3d18b32747", "name": "Hot Tub Cinema", "location": {"address": "Plough Yard", "lat": 51.52291962402734, "lng": -0.07988245524571938, "labeledLatLngs": [{"label": "display", "lat": 51.52291962402734, "lng": -0.07988245524571938}], "distance": 298, "postalCode": "E C2A", "cc": "GB", "city": "London", "state": "Greater London", "country": "United Kingdom", "formattedAddress": ["Plough Yard", "London", "Greater London", "E C2A", "United Kingdom"]}, "categories": [{"id": "4bf58dd8d48988d17f941735", "name": "Movie Theater", "pluralName": "Movie Theaters", "shortName": "Movie Theater", "icon": {"prefix": "https://ss3.4sqi.net/img/categories_v2/arts_entertainment/movietheater_", "suffix": ".png"}, "primary": true}], "photos": {"count": 0, "groups": []}}, "referralId": "e-0-50c0f007e4b06f3d18b32747-5"}, {"reasons": {"count": 0, "items": [{"summary": "This spot is popular", "type": "general", "reasonName": "globalInteractionReason"}]}, "venue": {"id": "4bb0a104f964a52085503ce3", "name": "Rivington Place", "location": {"address": "Rivington Place", "lat": 51.52637104293089, "lng": -0.07915929493090493, "labeledLatLngs": [{"label": "display", "lat": 51.52637104293089, "lng": -0.07915929493090493}], "distance": 395, "postalCode": "EC2A 3BA", "cc": "GB", "city": "London", "state": "Greater London", "country": "United Kingdom", "formattedAddress": ["Rivington Place", "London", "Greater London", "EC2A 3BA", "United Kingdom"]}, "categories": [{"id": "4bf58dd8d48988d1e2931735", "name": "Art Gallery", "pluralName": "Art Galleries", "shortName": "Art Gallery", "icon": {"prefix": "https://ss3.4sqi.net/img/categories_v2/arts_entertainment/artgallery_", "suffix": ".png"}, "primary": true}], "photos": {"count": 0, "groups": []}}, "referralId": "e-0-4bb0a104f964a52085503ce3-6"}, {"reasons": {"count": 0, "items": [{"summary": "This spot is popular", "type": "general", "reasonName": "globalInteractionReason"}]}, "venue": {"id": "4b1fb6cdf964a520512824e3", "name": "YCN", "location": {"address": "72 Rivington St", "lat": 51.52627029340944, "lng": -0.0792049639571928, "labeledLatLngs": [{"label": "display", "lat": 51.52627029340944, "lng": -0.0792049639571928}], "distance": 386, "postalCode": "EC2A 3AY", "cc": "GB", "city": "London", "state": "Greater London", "country": "United Kingdom", "formattedAddress": ["72 Rivington St", "London", "Greater London", "EC2A 3AY", "United Kingdom"]}, "categories": [{"id": "4bf58dd8d48988d1e2931735", "name": "Art Gallery", "pluralName": "Art Galleries", "shortName": "Art Gallery", "icon": {"prefix": "https://ss3.4sqi.net/img/categories_v2/arts_entertainment/artgallery_", "suffix": ".png"}, "primary": true}], "photos": {"count": 0, "groups": []}}, "referralId": "e-0-4b1fb6cdf964a520512824e3-7"}, {"reasons": {"count": 0, "items": [{"summary": "This spot is popular", "type": "general", "reasonName": "globalInteractionReason"}]}, "venue": {"id": "4be31311b02ec9b6627f4ec0", "name": "Pure Evil Gallery", "location": {"address": "108 Leonard St", "lat": 51.5247561263815, "lng": -0.08130175485523647, "labeledLatLngs": [{"label": "display", "lat": 51.5247561263815, "lng": -0.08130175485523647}], "distance": 175, "postalCode": "EC2A 4XS", "cc": "GB", "city": "London", "state": "Greater London", "country": "United Kingdom", "formattedAddress": ["108 Leonard St", "London", "Greater London", "EC2A 4XS", "United Kingdom"]}, "categories": [{"id": "4bf58dd8d48988d1e2931735", "name": "Art Gallery", "pluralName": "Art Galleries", "shortName": "Art Gallery", "icon": {"prefix": "https://ss3.4sqi.net/img/categories_v2/arts_entertainment/artgallery_", "suffix": ".png"}, "primary": true}], "photos": {"count": 0, "groups": []}}, "referralId": "e-0-4be31311b02ec9b6627f4ec0-8"}, {"reasons": {"count": 0, "items": [{"summary": "This spot is popular", "type": "general", "reasonName": "globalInteractionReason"}]}, "venue": {"id": "4c3f00c151dee21eef55eb6e", "name": "Shoreditch Studios", "location": {"address": "37 Batemans Row", "lat": 51.525033158671896, "lng": -0.07835451556633584, "labeledLatLngs": [{"label": "display", "lat": 51.525033158671896, "lng": -0.07835451556633584}], "distance": 380, "postalCode": "EC2A 3HH", "cc": "GB", "city": "Shoreditch", "state": "Greater London", "country": "United Kingdom", "formattedAddress": ["37 Batemans Row", "Shoreditch", "Greater London", "EC2A 3HH", "United Kingdom"]}, "categories": [{"id": "4bf58dd8d48988d1e2931735", "name": "Art Gallery", "pluralName": "Art Galleries", "shortName": "Art Gallery", "icon": {"prefix": "https://ss3.4sqi.net/img/categories_v2/arts_entertainment/artgallery_", "suffix": ".png"}, "primary": true}], "photos": {"count": 0, "groups": []}}, "referralId": "e-0-4c3f00c151dee21eef55eb6e-9"}, {"reasons": {"count": 0, "items": [{"summary": "This spot is popular", "type": "general", "reasonName": "globalInteractionReason"}]}, "venue": {"id": "57ab731a498e80efe7aaf9d0", "name": "Kamio", "location": {"address": "1-3 Rivington St", "lat": 51.52609526458774, "lng": -0.08334465527077282, "labeledLatLngs": [{"label": "display", "lat": 51.52609526458774, "lng": -0.08334465527077282}], "distance": 212, "postalCode": "EC2A 3DT", "cc": "GB", "city": "London", "state": "Greater London", "country": "United Kingdom", "formattedAddress": ["1-3 Rivington St", "London", "Greater London", "EC2A 3DT", "United Kingdom"]}, "categories": [{"id": "4bf58dd8d48988d1e5931735", "name": "Music Venue", "pluralName": "Music Venues", "shortName": "Music Venue", "icon": {"prefix": "https://ss3.4sqi.net/img/categories_v2/arts_entertainment/musicvenue_", "suffix": ".png"}, "primary": true}], "photos": {"count": 0, "groups": []}}, "referralId": "e-0-57ab731a498e80efe7aaf9d0-10"}, {"reasons": {"count": 0, "items": [{"summary": "This spot is popular", "type": "general", "reasonName": "globalInteractionReason"}]}, "venue": {"id": "4ea7f2ff6c25a76b7ce5c33d", "name": "Blackall Studios", "location": {"address": "73 Leonard St", "lat": 51.52475206735155, "lng": -0.08301289185574491, "labeledLatLngs": [{"label": "display", "lat": 51.52475206735155, "lng": -0.08301289185574491}], "distance": 76, "cc": "GB", "city": "Hackney", "state": "Greater London", "country": "United Kingdom", "formattedAddress": ["73 Leonard St", "Hackney", "Greater London", "United Kingdom"]}, "categories": [{"id": "4bf58dd8d48988d1e2931735", "name": "Art Gallery", "pluralName": "Art Galleries", "shortName": "Art Gallery", "icon": {"prefix": "https://ss3.4sqi.net/img/categories_v2/arts_entertainment/artgallery_", "suffix": ".png"}, "primary": true}], "photos": {"count": 0, "groups": []}}, "referralId": "e-0-4ea7f2ff6c25a76b7ce5c33d-11"}, {"reasons": {"count": 0, "items": [{"summary": "This spot is popular", "type": "general", "reasonName": "globalInteractionReason"}]}, "venue": {"id": "503691c0e4b06fa331e5a11e", "name": "Victorian Vaults", "location": {"lat": 51.52605933744479, "lng": -0.08318020353251715, "labeledLatLngs": [{"label": "display", "lat": 51.52605933744479, "lng": -0.08318020353251715}], "distance": 209, "cc": "GB", "country": "United Kingdom", "formattedAddress": ["United Kingdom"]}, "categories": [{"id": "4bf58dd8d48988d1e5931735", "name": "Music Venue", "pluralName": "Music Venues", "shortName": "Music Venue", "icon": {"prefix": "https://ss3.4sqi.net/img/categories_v2/arts_entertainment/musicvenue_", "suffix": ".png"}, "primary": true}], "photos": {"count": 0, "groups": []}, "venuePage": {"id": "48117717"}}, "referralId": "e-0-503691c0e4b06fa331e5a11e-12"}, {"reasons": {"count": 0, "items": [{"summary": "This spot is popular", "type": "general", "reasonName": "globalInteractionReason"}]}, "venue": {"id": "5dfa8b22d382100007e998b2", "name": "Junkyard Golf", "location": {"lat": 51.52183, "lng": -0.08291546, "labeledLatLngs": [{"label": "display", "lat": 51.52183, "lng": -0.08291546}], "distance": 269, "postalCode": "EC2A 2EZ", "cc": "GB", "country": "United Kingdom", "formattedAddress": ["EC2A 2EZ", "United Kingdom"]}, "categories": [{"id": "52e81612bcbc57f1066b79eb", "name": "Mini Golf", "pluralName": "Mini Golf Courses", "shortName": "Mini Golf", "icon": {"prefix": "https://ss3.4sqi.net/img/categories_v2/parks_outdoors/golfcourse_", "suffix": ".png"}, "primary": true}], "photos": {"count": 0, "groups": []}}, "referralId": "e-0-5dfa8b22d382100007e998b2-13"}, {"reasons": {"count": 0, "items": [{"summary": "This spot is popular", "type": "general", "reasonName": "globalInteractionReason"}]}, "venue": {"id": "5165c9d2e4b08d17cf94e0b5", "name": "Pole People Shoreditch Studio", "location": {"lat": 51.52290438201886, "lng": -0.0796471253688412, "labeledLatLngs": [{"label": "display", "lat": 51.52290438201886, "lng": -0.0796471253688412}], "distance": 314, "cc": "GB", "country": "United Kingdom", "formattedAddress": ["United Kingdom"]}, "categories": [{"id": "4bf58dd8d48988d134941735", "name": "Dance Studio", "pluralName": "Dance Studios", "shortName": "Dance Studio", "icon": {"prefix": "https://ss3.4sqi.net/img/categories_v2/arts_entertainment/performingarts_dancestudio_", "suffix": ".png"}, "primary": true}], "photos": {"count": 0, "groups": []}}, "referralId": "e-0-5165c9d2e4b08d17cf94e0b5-14"}, {"reasons": {"count": 0, "items": [{"summary": "This spot is popular", "type": "general", "reasonName": "globalInteractionReason"}]}, "venue": {"id": "4d83625b5e70224bdd25f608", "name": "ISTD2 Studios", "location": {"address": "346 Old St", "lat": 51.526728745817884, "lng": -0.08103755053764873, "labeledLatLngs": [{"label": "display", "lat": 51.526728745817884, "lng": -0.08103755053764873}], "distance": 335, "postalCode": "EC1V 9NQ", "cc": "GB", "city": "Shoreditch", "state": "Greater London", "country": "United Kingdom", "formattedAddress": ["346 Old St", "Shoreditch", "Greater London", "EC1V 9NQ", "United Kingdom"]}, "categories": [{"id": "4bf58dd8d48988d134941735", "name": "Dance Studio", "pluralName": "Dance Studios", "shortName": "Dance Studio", "icon": {"prefix": "https://ss3.4sqi.net/img/categories_v2/arts_entertainment/performingarts_dancestudio_", "suffix": ".png"}, "primary": true}], "photos": {"count": 0, "groups": []}}, "referralId": "e-0-4d83625b5e70224bdd25f608-15"}, {"reasons": {"count": 0, "items": [{"summary": "This spot is popular", "type": "general", "reasonName": "globalInteractionReason"}]}, "venue": {"id": "4f3c07c8e4b01e334690e999", "name": "ISTD2 dance studio old street", "location": {"lat": 51.52686170442652, "lng": -0.08111627224668488, "labeledLatLngs": [{"label": "display", "lat": 51.52686170442652, "lng": -0.08111627224668488}], "distance": 345, "cc": "GB", "country": "United Kingdom", "formattedAddress": ["United Kingdom"]}, "categories": [{"id": "4bf58dd8d48988d134941735", "name": "Dance Studio", "pluralName": "Dance Studios", "shortName": "Dance Studio", "icon": {"prefix": "https://ss3.4sqi.net/img/categories_v2/arts_entertainment/performingarts_dancestudio_", "suffix": ".png"}, "primary": true}], "photos": {"count": 0, "groups": []}}, "referralId": "e-0-4f3c07c8e4b01e334690e999-16"}, {"reasons": {"count": 0, "items": [{"summary": "This spot is popular", "type": "general", "reasonName": "globalInteractionReason"}]}, "venue": {"id": "50b7a87cd63e0d3bc5d0b637", "name": "Make Rivington St Snow", "location": {"address": "Rivington St.", "crossStreet": "Shoreditch", "lat": 51.52615424940099, "lng": -0.07979035377502441, "labeledLatLngs": [{"label": "display", "lat": 51.52615424940099, "lng": -0.07979035377502441}], "distance": 346, "postalCode": "E C2A", "cc": "GB", "city": "London", "state": "Greater London", "country": "United Kingdom", "formattedAddress": ["Rivington St. (Shoreditch)", "London", "Greater London", "E C2A", "United Kingdom"]}, "categories": [{"id": "507c8c4091d498d9fc8c67a9", "name": "Public Art", "pluralName": "Public Art", "shortName": "Public Art", "icon": {"prefix": "https://ss3.4sqi.net/img/categories_v2/arts_entertainment/default_", "suffix": ".png"}, "primary": true}], "photos": {"count": 0, "groups": []}, "venuePage": {"id": "42382844"}}, "referralId": "e-0-50b7a87cd63e0d3bc5d0b637-17"}, {"reasons": {"count": 0, "items": [{"summary": "This spot is popular", "type": "general", "reasonName": "globalInteractionReason"}]}, "venue": {"id": "58beaf51260327740ca3db1c", "name": "Autograph ABP", "location": {"address": "Rivington Place", "lat": 51.526241, "lng": -0.079588, "labeledLatLngs": [{"label": "display", "lat": 51.526241, "lng": -0.079588}], "distance": 363, "postalCode": "EC2A 3BA", "cc": "GB", "neighborhood": "Shoreditch", "country": "United Kingdom", "formattedAddress": ["Rivington Place", "EC2A 3BA", "United Kingdom"]}, "categories": [{"id": "4bf58dd8d48988d1e2931735", "name": "Art Gallery", "pluralName": "Art Galleries", "shortName": "Art Gallery", "icon": {"prefix": "https://ss3.4sqi.net/img/categories_v2/arts_entertainment/artgallery_", "suffix": ".png"}, "primary": true}], "photos": {"count": 0, "groups": []}}, "referralId": "e-0-58beaf51260327740ca3db1c-18"}, {"reasons": {"count": 0, "items": [{"summary": "This spot is popular", "type": "general", "reasonName": "globalInteractionReason"}]}, "venue": {"id": "5ca728503fffb400254ca22c", "name": "Forr\u00f3 Foundations", "location": {"address": "62 Rivington Street, London", "lat": 51.5262395, "lng": -0.07955709999998817, "labeledLatLngs": [{"label": "display", "lat": 51.5262395, "lng": -0.07955709999998817}], "distance": 364, "postalCode": "EC2A 3AY", "cc": "GB", "city": "London", "state": "Greater London", "country": "United Kingdom", "formattedAddress": ["62 Rivington Street, London", "London", "Greater London", "EC2A 3AY", "United Kingdom"]}, "categories": [{"id": "4bf58dd8d48988d134941735", "name": "Dance Studio", "pluralName": "Dance Studios", "shortName": "Dance Studio", "icon": {"prefix": "https://ss3.4sqi.net/img/categories_v2/arts_entertainment/performingarts_dancestudio_", "suffix": ".png"}, "primary": true}], "photos": {"count": 0, "groups": []}, "venuePage": {"id": "540009544"}}, "referralId": "e-0-5ca728503fffb400254ca22c-19"}, {"reasons": {"count": 0, "items": [{"summary": "This spot is popular", "type": "general", "reasonName": "globalInteractionReason"}]}, "venue": {"id": "58f6612a286fda6822078471", "name": "Shoreditch Art Wall", "location": {"address": "Great Eastern St", "lat": 51.52332, "lng": -0.07851295, "labeledLatLngs": [{"label": "display", "lat": 51.52332, "lng": -0.07851295}], "distance": 370, "postalCode": "EC2A 3NT", "cc": "GB", "neighborhood": "Shoreditch", "city": "London", "state": "Greater London", "country": "United Kingdom", "formattedAddress": ["Great Eastern St", "London", "Greater London", "EC2A 3NT", "United Kingdom"]}, "categories": [{"id": "52e81612bcbc57f1066b79ee", "name": "Street Art", "pluralName": "Street Art Installations", "shortName": "Street Art", "icon": {"prefix": "https://ss3.4sqi.net/img/categories_v2/arts_entertainment/default_", "suffix": ".png"}, "primary": true}], "photos": {"count": 0, "groups": []}}, "referralId": "e-0-58f6612a286fda6822078471-20"}, {"reasons": {"count": 0, "items": [{"summary": "This spot is popular", "type": "general", "reasonName": "globalInteractionReason"}]}, "venue": {"id": "4e7c9d848998971354f566b3", "name": "Epio HQ", "location": {"address": "32-38 Scrutton St", "lat": 51.52321846829664, "lng": -0.0818206994558742, "labeledLatLngs": [{"label": "display", "lat": 51.52321846829664, "lng": -0.0818206994558742}], "distance": 168, "postalCode": "EC2A  4R", "cc": "GB", "city": "Hackney", "state": "Greater London", "country": "United Kingdom", "formattedAddress": ["32-38 Scrutton St", "Hackney", "Greater London", "EC2A  4R", "United Kingdom"]}, "categories": [{"id": "4bf58dd8d48988d191941735", "name": "Science Museum", "pluralName": "Science Museums", "shortName": "Science Museum", "icon": {"prefix": "https://ss3.4sqi.net/img/categories_v2/arts_entertainment/museum_science_", "suffix": ".png"}, "primary": true}], "photos": {"count": 0, "groups": []}}, "referralId": "e-0-4e7c9d848998971354f566b3-21"}, {"reasons": {"count": 0, "items": [{"summary": "This spot is popular", "type": "general", "reasonName": "globalInteractionReason"}]}, "venue": {"id": "4eaa99306c250fcc7439050a", "name": "ICN Gallery", "location": {"address": "96-98 Leonard Street", "lat": 51.52481925096546, "lng": -0.08164428566408995, "labeledLatLngs": [{"label": "display", "lat": 51.52481925096546, "lng": -0.08164428566408995}], "distance": 156, "postalCode": "EC2A 4RH", "cc": "GB", "city": "London", "state": "Greater London", "country": "United Kingdom", "formattedAddress": ["96-98 Leonard Street", "London", "Greater London", "EC2A 4RH", "United Kingdom"]}, "categories": [{"id": "4bf58dd8d48988d1e2931735", "name": "Art Gallery", "pluralName": "Art Galleries", "shortName": "Art Gallery", "icon": {"prefix": "https://ss3.4sqi.net/img/categories_v2/arts_entertainment/artgallery_", "suffix": ".png"}, "primary": true}], "photos": {"count": 0, "groups": []}}, "referralId": "e-0-4eaa99306c250fcc7439050a-22"}, {"reasons": {"count": 0, "items": [{"summary": "This spot is popular", "type": "general", "reasonName": "globalInteractionReason"}]}, "venue": {"id": "4fbeafe6e4b01b86c414b11e", "name": "Rooftop Film Club", "location": {"address": "1 Curtain Road", "lat": 51.522143505020665, "lng": -0.08121159500432398, "labeledLatLngs": [{"label": "display", "lat": 51.522143505020665, "lng": -0.08121159500432398}], "distance": 285, "cc": "GB", "city": "London", "state": "Greater London", "country": "United Kingdom", "formattedAddress": ["1 Curtain Road", "London", "Greater London", "United Kingdom"]}, "categories": [{"id": "4bf58dd8d48988d17e941735", "name": "Indie Movie Theater", "pluralName": "Indie Movie Theaters", "shortName": "Indie Movies", "icon": {"prefix": "https://ss3.4sqi.net/img/categories_v2/arts_entertainment/movietheater_", "suffix": ".png"}, "primary": true}], "photos": {"count": 0, "groups": []}}, "referralId": "e-0-4fbeafe6e4b01b86c414b11e-23"}]}]}}