{"meta": {"code": 200, "requestId": "5fedd9c5ba6fa474b8603f4a"}, "response": {"headerLocation": "Hoxton", "headerFullLocation": "Hoxton, London", "headerLocationGranularity": "neighborhood", "query": "arts entertainment", "totalResults": 6, "suggestedBounds": {"ne": {"lat": 51.534451003600005, "lng": -0.07691188434566434}, "sw": {"lat": 51.52725099639999, "lng": -0.08846411565433565}}, "groups": [{"type": "Recommended Places", "name": "recommended", "items": [{"reasons": {"count": 0, "items": [{"summary": "This spot is popular", "type": "general", "reasonName": "globalInteractionReason"}]}, "venue": {"id": "4ac518ebf964a52032ac20e3", "name": "Hoxton Hall", "location": {"address": "130 Hoxton St", "lat": 51.5318281091589, "lng": -0.07987574837604071, "labeledLatLngs": [{"label": "display", "lat": 51.5318281091589, "lng": -0.07987574837604071}], "distance": 223, "postalCode": "N1 6SH", "cc": "GB", "neighborhood": "Hackney", "city": "London", "state": "Greater London", "country": "United Kingdom", "formattedAddress": ["130 Hoxton St", "London", "Greater London", "N1 6SH", "United Kingdom"]}, "categories": [{"id": "4bf58dd8d48988d137941735", "name": "Theater", "pluralName": "Theaters", "shortName": "Theater", "icon": {"prefix": "https://ss3.4sqi.net/img/categories_v2/arts_entertainment/performingarts_theater_", "suffix": ".png"}, "primary": true}], "photos": {"count": 0, "groups": []}}, "referralId": "e-0-4ac518ebf964a52032ac20e3-0"}, {"reasons": {"count": 0, "items": [{"summary": "This spot is popular", "type": "general", "reasonName": "globalInteractionReason"}]}, "venue": {"id": "4ad046f3f964a520cbd720e3", "name": "theprintspace", "location": {"address": "74 Kingsland Road", "lat": 51.52940473953908, "lng": -0.07754408999996312, "labeledLatLngs": [{"label": "display", "lat": 51.52940473953908, "lng": -0.07754408999996312}], "distance": 390, "postalCode": "E2 8DL", "cc": "GB", "city": "London", "state": "Greater London", "country": "United Kingdom", "formattedAddress": ["74 Kingsland Road", "London", "Greater London", "E2 8DL", "United Kingdom"]}, "categories": [{"id": "4bf58dd8d48988d1e2931735", "name": "Art Gallery", "pluralName": "Art Galleries", "shortName": "Art Gallery", "icon": {"prefix": "https://ss3.4sqi.net/img/categories_v2/arts_entertainment/artgallery_", "suffix": ".png"}, "primary": true}], "photos": {"count": 0, "groups": []}, "venuePage": {"id": "38734595"}}, "referralId": "e-0-4ad046f3f964a520cbd720e3-1"}, {"reasons": {"count": 0, "items": [{"summary": "This spot is popular", "type": "general", "reasonName": "globalInteractionReason"}]}, "venue": {"id": "4cc2ce39bde8f04d90a7a04b", "name": "Flowers", "location": {"address": "82 Kingsland Road", "lat": 51.52970533709714, "lng": -0.07731842627016952, "labeledLatLngs": [{"label": "display", "lat": 51.52970533709714, "lng": -0.07731842627016952}], "distance": 393, "postalCode": "E2 8DP", "cc": "GB", "city": "Hackney", "state": "Greater London", "country": "United Kingdom", "formattedAddress": ["82 Kingsland Road", "Hackney", "Greater London", "E2 8DP", "United Kingdom"]}, "categories": [{"id": "4bf58dd8d48988d1e2931735", "name": "Art Gallery", "pluralName": "Art Galleries", "shortName": "Art Gallery", "icon": {"prefix": "https://ss3.4sqi.net/img/categories_v2/arts_entertainment/artgallery_", "suffix": ".png"}, "primary": true}], "photos": {"count": 0, "groups": []}}, "referralId": "e-0-4cc2ce39bde8f04d90a7a04b-2"}, {"reasons": {"count": 0, "items": [{"summary": "This spot is popular", "type": "general", "reasonName": "globalInteractionReason"}]}, "venue": {"id": "4ac518c6f964a52016a520e3", "name": "The Macbeth", "location": {"address": "70 Hoxton St", "lat": 51.53014148695542, "lng": -0.08015701681055523, "labeledLatLngs": [{"label": "display", "lat": 51.53014148695542, "lng": -0.08015701681055523}], "distance": 192, "postalCode": "N1 6LP", "cc": "GB", "neighborhood": "Hackney", "city": "London", "state": "Greater London", "country": "United Kingdom", "formattedAddress": ["70 Hoxton St", "London", "Greater London", "N1 6LP", "United Kingdom"]}, "categories": [{"id": "4bf58dd8d48988d1e9931735", "name": "Rock Club", "pluralName": "Rock Clubs", "shortName": "Rock Club", "icon": {"prefix": "https://ss3.4sqi.net/img/categories_v2/arts_entertainment/musicvenue_rockclub_", "suffix": ".png"}, "primary": true}], "photos": {"count": 0, "groups": []}}, "referralId": "e-0-4ac518c6f964a52016a520e3-3"}, {"reasons": {"count": 0, "items": [{"summary": "This spot is popular", "type": "general", "reasonName": "globalInteractionReason"}]}, "venue": {"id": "4bec4fad976ac92844d3600b", "name": "Hoxton Square Projects", "location": {"address": "20 Hoxton Sq", "lat": 51.52815871489833, "lng": -0.08114379670587368, "labeledLatLngs": [{"label": "display", "lat": 51.52815871489833, "lng": -0.08114379670587368}], "distance": 318, "postalCode": "N1 6PA", "cc": "GB", "city": "London", "state": "Greater London", "country": "United Kingdom", "formattedAddress": ["20 Hoxton Sq", "London", "Greater London", "N1 6PA", "United Kingdom"]}, "categories": [{"id": "4bf58dd8d48988d1e2931735", "name": "Art Gallery", "pluralName": "Art Galleries", "shortName": "Art Gallery", "icon": {"prefix": "https://ss3.4sqi.net/img/categories_v2/arts_entertainment/artgallery_", "suffix": ".png"}, "primary": true}], "photos": {"count": 0, "groups": []}}, "referralId": "e-0-4bec4fad976ac92844d3600b-4"}, {"reasons": {"count": 0, "items": [{"summary": "This spot is popular", "type": "general", "reasonName": "globalInteractionReason"}]}, "venue": {"id": "4ac518ebf964a52045ac20e3", "name": "The Courtyard Theatre", "location": {"address": "Bowling Green Walk", "crossStreet": "40 Pitfield St", "lat": 51.528060729161325, "lng": -0.08340070793546986, "labeledLatLngs": [{"label": "display", "lat": 51.528060729161325, "lng": -0.08340070793546986}], "distance": 314, "postalCode": "N1 6EU", "cc": "GB", "city": "Hackney", "state": "Greater London", "country": "United Kingdom", "formattedAddress": ["Bowling Green Walk (40 Pitfield St)", "Hackney", "Greater London", "N1 6EU", "United Kingdom"]}, "categories": [{"id": "4bf58dd8d48988d137941735", "name": "Theater", "pluralName": "Theaters", "shortName": "Theater", "icon": {"prefix": "https://ss3.4sqi.net/img/categories_v2/arts_entertainment/performingarts_theater_", "suffix": ".png"}, "primary": true}], "photos": {"count": 0, "groups": []}}, "referralId": "e-0-4ac518ebf964a52045ac20e3-5"}]}]}}