{"meta": {"code": 200, "requestId": "5fedda371539512b525c68eb"}, "response": {"warning": {"text": "There aren't a lot of results near you. Try something more general, reset your filters, or expand the search area."}, "headerLocation": "Childs Hill", "headerFullLocation": "Childs Hill, London", "headerLocationGranularity": "neighborhood", "query": "arts entertainment", "totalResults": 0, "suggestedBounds": {"ne": {"lat": 51.56867400360001, "lng": -0.19126953788372922}, "sw": {"lat": 51.5614739964, "lng": -0.2028304621162708}}, "groups": [{"type": "Recommended Places", "name": "recommended", "items": []}]}}