{"meta": {"code": 200, "requestId": "5fedda27e2c947606eef968c"}, "response": {"warning": {"text": "There aren't a lot of results near you. Try something more general, reset your filters, or expand the search area."}, "headerLocation": "Barnet", "headerFullLocation": "Barnet, London", "headerLocationGranularity": "neighborhood", "query": "college education", "totalResults": 0, "suggestedBounds": {"ne": {"lat": 51.57493100360001, "lng": -0.18050974228845873}, "sw": {"lat": 51.567730996399995, "lng": -0.1920722577115413}}, "groups": [{"type": "Recommended Places", "name": "recommended", "items": []}]}}