{"meta": {"code": 200, "requestId": "5fedda1d87013231d6b9ca0a"}, "response": {"headerLocation": "Canning Town South", "headerFullLocation": "Canning Town South, London", "headerLocationGranularity": "neighborhood", "query": "college education", "totalResults": 5, "suggestedBounds": {"ne": {"lat": 51.51189000360001, "lng": 0.02501325501334355}, "sw": {"lat": 51.504689996399996, "lng": 0.01346674498665645}}, "groups": [{"type": "Recommended Places", "name": "recommended", "items": [{"reasons": {"count": 0, "items": [{"summary": "This spot is popular", "type": "general", "reasonName": "globalInteractionReason"}]}, "venue": {"id": "4f9baf55e4b09fef53079c8b", "name": "Tesco Express", "location": {"address": "Unit B, The Oxygen, 18 Western Gateway", "crossStreet": "Western Gateway", "lat": 51.5082499, "lng": 0.0192534, "labeledLatLngs": [{"label": "display", "lat": 51.5082499, "lng": 0.0192534}], "distance": 4, "postalCode": "E16 1BL", "cc": "GB", "city": "Custom House", "state": "Greater London", "country": "United Kingdom", "formattedAddress": ["Unit B, The Oxygen, 18 Western Gateway (Western Gateway)", "Custom House", "Greater London", "E16 1BL", "United Kingdom"]}, "categories": [{"id": "4bf58dd8d48988d118951735", "name": "Grocery Store", "pluralName": "Grocery Stores", "shortName": "Grocery Store", "icon": {"prefix": "https://ss3.4sqi.net/img/categories_v2/shops/food_grocery_", "suffix": ".png"}, "primary": true}], "photos": {"count": 0, "groups": []}}, "referralId": "e-0-4f9baf55e4b09fef53079c8b-0"}, {"reasons": {"count": 0, "items": [{"summary": "This spot is popular", "type": "general", "reasonName": "globalInteractionReason"}]}, "venue": {"id": "4cfcf6e2fabc2d43ddd3ddd2", "name": "PC repair London", "location": {"address": "79 Kildare Road", "lat": 51.50917, "lng": 0.01798, "labeledLatLngs": [{"label": "display", "lat": 51.50917, "lng": 0.01798}], "distance": 131, "postalCode": "E16 4AJ", "cc": "GB", "city": "London", "state": "Greater London", "country": "United Kingdom", "formattedAddress": ["79 Kildare Road", "London", "Greater London", "E16 4AJ", "United Kingdom"]}, "categories": [{"id": "4bf58dd8d48988d122951735", "name": "Electronics Store", "pluralName": "Electronics Stores", "shortName": "Electronics", "icon": {"prefix": "https://ss3.4sqi.net/img/categories_v2/shops/technology_", "suffix": ".png"}, "primary": true}], "photos": {"count": 0, "groups": []}}, "referralId": "e-0-4cfcf6e2fabc2d43ddd3ddd2-1"}, {"reasons": {"count": 0, "items": [{"summary": "This spot is popular", "type": "general", "reasonName": "globalInteractionReason"}]}, "venue": {"id": "4eb7e58c61af0dda91624f2b", "name": "Feel Dry Cleaners", "location": {"lat": 51.50781710002022, "lng": 0.020735511071100967, "labeledLatLngs": [{"label": "display", "lat": 51.50781710002022, "lng": 0.020735511071100967}], "distance": 116, "cc": "GB", "country": "United Kingdom", "formattedAddress": ["United Kingdom"]}, "categories": [{"id": "52f2ab2ebcbc57f1066b8b1d", "name": "Dry Cleaner", "pluralName": "Dry Cleaners", "shortName": "Dry Cleaner", "icon": {"prefix": "https://ss3.4sqi.net/img/categories_v2/shops/drycleaner_", "suffix": ".png"}, "primary": true}], "photos": {"count": 0, "groups": []}}, "referralId": "e-0-4eb7e58c61af0dda91624f2b-2"}, {"reasons": {"count": 0, "items": [{"summary": "This spot is popular", "type": "general", "reasonName": "globalInteractionReason"}]}, "venue": {"id": "4bffe5a392a6c928824043e2", "name": "Londis", "location": {"address": "Unit 1, Capital East, Phase 2", "lat": 51.50853094556383, "lng": 0.01894330870368795, "labeledLatLngs": [{"label": "display", "lat": 51.50853094556383, "lng": 0.01894330870368795}], "distance": 33, "postalCode": "E16 1AL", "cc": "GB", "city": "Royal Victoria Dock", "country": "United Kingdom", "formattedAddress": ["Unit 1, Capital East, Phase 2", "Royal Victoria Dock", "E16 1AL", "United Kingdom"]}, "categories": [{"id": "4d954b0ea243a5684a65b473", "name": "Convenience Store", "pluralName": "Convenience Stores", "shortName": "Convenience Store", "icon": {"prefix": "https://ss3.4sqi.net/img/categories_v2/shops/conveniencestore_", "suffix": ".png"}, "primary": true}], "photos": {"count": 0, "groups": []}}, "referralId": "e-0-4bffe5a392a6c928824043e2-3"}, {"reasons": {"count": 0, "items": [{"summary": "This spot is popular", "type": "general", "reasonName": "globalInteractionReason"}]}, "venue": {"id": "4d9a3d4d8163a35d28e4567e", "name": "Nisa", "location": {"address": "14 Western Gateway-Unit C", "lat": 51.50828740469971, "lng": 0.021588241733525138, "labeledLatLngs": [{"label": "display", "lat": 51.50828740469971, "lng": 0.021588241733525138}], "distance": 162, "postalCode": "E16 1BJ", "cc": "GB", "city": "London", "state": "Greater London", "country": "United Kingdom", "formattedAddress": ["14 Western Gateway-Unit C", "London", "Greater London", "E16 1BJ", "United Kingdom"]}, "categories": [{"id": "4d954b0ea243a5684a65b473", "name": "Convenience Store", "pluralName": "Convenience Stores", "shortName": "Convenience Store", "icon": {"prefix": "https://ss3.4sqi.net/img/categories_v2/shops/conveniencestore_", "suffix": ".png"}, "primary": true}], "photos": {"count": 0, "groups": []}}, "referralId": "e-0-4d9a3d4d8163a35d28e4567e-4"}]}]}}