{"meta": {"code": 200, "requestId": "5fedda50ba6fa474b86232ba"}, "response": {"suggestedFilters": {"header": "Tap to show:", "filters": [{"name": "Open now", "key": "openNow"}]}, "headerLocation": "Hackney", "headerFullLocation": "Hackney, London", "headerLocationGranularity": "neighborhood", "query": "food", "totalResults": 37, "suggestedBounds": {"ne": {"lat": 51.53233000360001, "lng": -0.07079415343851193}, "sw": {"lat": 51.5251299964, "lng": -0.08234584656148806}}, "groups": [{"type": "Recommended Places", "name": "recommended", "items": [{"reasons": {"count": 0, "items": [{"summary": "This spot is popular", "type": "general", "reasonName": "globalInteractionReason"}]}, "venue": {"id": "566c18da498ea7697febe43c", "name": "The Grocery Cafe", "location": {"address": "52 Kingsland Rd", "lat": 51.52882539882658, "lng": -0.07778749765161179, "labeledLatLngs": [{"label": "display", "lat": 51.52882539882658, "lng": -0.07778749765161179}], "distance": 84, "postalCode": "E2 8DP", "cc": "GB", "neighborhood": "Hackney, London, Greater London", "city": "London", "state": "Greater London", "country": "United Kingdom", "formattedAddress": ["52 Kingsland Rd", "London", "Greater London", "E2 8DP", "United Kingdom"]}, "categories": [{"id": "4bf58dd8d48988d16d941735", "name": "Caf\u00e9", "pluralName": "Caf\u00e9s", "shortName": "Caf\u00e9", "icon": {"prefix": "https://ss3.4sqi.net/img/categories_v2/food/cafe_", "suffix": ".png"}, "primary": true}], "photos": {"count": 0, "groups": []}}, "referralId": "e-0-566c18da498ea7697febe43c-0"}, {"reasons": {"count": 0, "items": [{"summary": "This spot is popular", "type": "general", "reasonName": "globalInteractionReason"}]}, "venue": {"id": "54086528498e4f691ec091b3", "name": "BunBunBun Vietnamese Food", "location": {"address": "134B Kingsland Rd", "lat": 51.53093012782418, "lng": -0.07708444328536329, "labeledLatLngs": [{"label": "display", "lat": 51.53093012782418, "lng": -0.07708444328536329}], "distance": 247, "postalCode": "E2 8DY", "cc": "GB", "city": "London", "state": "Greater London", "country": "United Kingdom", "formattedAddress": ["134B Kingsland Rd", "London", "Greater London", "E2 8DY", "United Kingdom"]}, "categories": [{"id": "4bf58dd8d48988d14a941735", "name": "Vietnamese Restaurant", "pluralName": "Vietnamese Restaurants", "shortName": "Vietnamese", "icon": {"prefix": "https://ss3.4sqi.net/img/categories_v2/food/vietnamese_", "suffix": ".png"}, "primary": true}], "photos": {"count": 0, "groups": []}, "venuePage": {"id": "96617935"}}, "referralId": "e-0-54086528498e4f691ec091b3-1"}, {"reasons": {"count": 0, "items": [{"summary": "This spot is popular", "type": "general", "reasonName": "globalInteractionReason"}]}, "venue": {"id": "56372298498eccf54c9b7aef", "name": "The Bike Shed", "location": {"address": "384 Old St", "lat": 51.52716467475097, "lng": -0.0785338000638642, "labeledLatLngs": [{"label": "display", "lat": 51.52716467475097, "lng": -0.0785338000638642}], "distance": 221, "postalCode": "EC1V 9LT", "cc": "GB", "neighborhood": "Shoreditch", "city": "London", "state": "Greater London", "country": "United Kingdom", "formattedAddress": ["384 Old St", "London", "Greater London", "EC1V 9LT", "United Kingdom"]}, "categories": [{"id": "4bf58dd8d48988d16d941735", "name": "Caf\u00e9", "pluralName": "Caf\u00e9s", "shortName": "Caf\u00e9", "icon": {"prefix": "https://ss3.4sqi.net/img/categories_v2/food/cafe_", "suffix": ".png"}, "primary": true}], "photos": {"count": 0, "groups": []}, "venuePage": {"id": "485177955"}}, "referralId": "e-0-56372298498eccf54c9b7aef-2"}, {"reasons": {"count": 0, "items": [{"summary": "This spot is popular", "type": "general", "reasonName": "globalInteractionReason"}]}, "venue": {"id": "5127d8e5e4b0e1bb8f9ca805", "name": "The Clove Club", "location": {"address": "380 Old St", "lat": 51.52707038722568, "lng": -0.07946312427520752, "labeledLatLngs": [{"label": "display", "lat": 51.52707038722568, "lng": -0.07946312427520752}], "distance": 272, "postalCode": "EC1V 9LT", "cc": "GB", "city": "London", "state": "Greater London", "country": "United Kingdom", "formattedAddress": ["380 Old St", "London", "Greater London", "EC1V 9LT", "United Kingdom"]}, "categories": [{"id": "4bf58dd8d48988d1c4941735", "name": "Restaurant", "pluralName": "Restaurants", "shortName": "Restaurant", "icon": {"prefix": "https://ss3.4sqi.net/img/categories_v2/food/default_", "suffix": ".png"}, "primary": true}], "photos": {"count": 0, "groups": []}}, "referralId": "e-0-5127d8e5e4b0e1bb8f9ca805-3"}, {"reasons": {"count": 0, "items": [{"summary": "This spot is popular", "type": "general", "reasonName": "globalInteractionReason"}]}, "venue": {"id": "565f5a3e498e305de0a17f07", "name": "Homeslice Pizza", "location": {"address": "374-378 Old St", "lat": 51.52710033, "lng": -0.07968906, "labeledLatLngs": [{"label": "display", "lat": 51.52710033, "lng": -0.07968906}], "distance": 282, "postalCode": "EC1V 9LT", "cc": "GB", "city": "London", "state": "Greater London", "country": "United Kingdom", "formattedAddress": ["374-378 Old St", "London", "Greater London", "EC1V 9LT", "United Kingdom"]}, "categories": [{"id": "4bf58dd8d48988d1ca941735", "name": "Pizza Place", "pluralName": "Pizza Places", "shortName": "Pizza", "icon": {"prefix": "https://ss3.4sqi.net/img/categories_v2/food/pizza_", "suffix": ".png"}, "primary": true}], "photos": {"count": 0, "groups": []}}, "referralId": "e-0-565f5a3e498e305de0a17f07-4"}, {"reasons": {"count": 0, "items": [{"summary": "This spot is popular", "type": "general", "reasonName": "globalInteractionReason"}]}, "venue": {"id": "4acf3132f964a520aed220e3", "name": "S\u00f4ng Qu\u00ea", "location": {"address": "134 Kingsland Rd", "crossStreet": "Falkirk St", "lat": 51.53069111901953, "lng": -0.07708650216838302, "labeledLatLngs": [{"label": "display", "lat": 51.53069111901953, "lng": -0.07708650216838302}], "distance": 221, "postalCode": "E2 8DY", "cc": "GB", "neighborhood": "Hoxton, London, Greater London", "city": "Hoxton", "state": "Greater London", "country": "United Kingdom", "formattedAddress": ["134 Kingsland Rd (Falkirk St)", "Hoxton", "Greater London", "E2 8DY", "United Kingdom"]}, "categories": [{"id": "4bf58dd8d48988d14a941735", "name": "Vietnamese Restaurant", "pluralName": "Vietnamese Restaurants", "shortName": "Vietnamese", "icon": {"prefix": "https://ss3.4sqi.net/img/categories_v2/food/vietnamese_", "suffix": ".png"}, "primary": true}], "photos": {"count": 0, "groups": []}}, "referralId": "e-0-4acf3132f964a520aed220e3-5"}, {"reasons": {"count": 0, "items": [{"summary": "This spot is popular", "type": "general", "reasonName": "globalInteractionReason"}]}, "venue": {"id": "4e95cdbc02d5c92d4685122d", "name": "Amici Miei", "location": {"address": "28-30 Kingsland Rd", "lat": 51.527939562724335, "lng": -0.07803048177596657, "labeledLatLngs": [{"label": "display", "lat": 51.527939562724335, "lng": -0.07803048177596657}], "distance": 134, "postalCode": "E2 8DA", "cc": "GB", "city": "London", "state": "Greater London", "country": "United Kingdom", "formattedAddress": ["28-30 Kingsland Rd", "London", "Greater London", "E2 8DA", "United Kingdom"]}, "categories": [{"id": "4bf58dd8d48988d110941735", "name": "Italian Restaurant", "pluralName": "Italian Restaurants", "shortName": "Italian", "icon": {"prefix": "https://ss3.4sqi.net/img/categories_v2/food/italian_", "suffix": ".png"}, "primary": true}], "photos": {"count": 0, "groups": []}}, "referralId": "e-0-4e95cdbc02d5c92d4685122d-6"}, {"reasons": {"count": 0, "items": [{"summary": "This spot is popular", "type": "general", "reasonName": "globalInteractionReason"}]}, "venue": {"id": "59ecdd6d3731ee7f323645e4", "name": "Via Emilia", "location": {"address": "37A Hoxton Square", "lat": 51.527335004628625, "lng": -0.08048369162054024, "labeledLatLngs": [{"label": "display", "lat": 51.527335004628625, "lng": -0.08048369162054024}], "distance": 312, "postalCode": "N1 6NN", "cc": "GB", "city": "London", "state": "Greater London", "country": "United Kingdom", "formattedAddress": ["37A Hoxton Square", "London", "Greater London", "N1 6NN", "United Kingdom"]}, "categories": [{"id": "4bf58dd8d48988d110941735", "name": "Italian Restaurant", "pluralName": "Italian Restaurants", "shortName": "Italian", "icon": {"prefix": "https://ss3.4sqi.net/img/categories_v2/food/italian_", "suffix": ".png"}, "primary": true}], "photos": {"count": 0, "groups": []}}, "referralId": "e-0-59ecdd6d3731ee7f323645e4-7"}, {"reasons": {"count": 0, "items": [{"summary": "This spot is popular", "type": "general", "reasonName": "globalInteractionReason"}]}, "venue": {"id": "52e01f72498ec75d48300391", "name": "Green Papaya", "location": {"address": "97 Kingsland Road", "lat": 51.5305599001313, "lng": -0.0772069554136478, "labeledLatLngs": [{"label": "display", "lat": 51.5305599001313, "lng": -0.0772069554136478}], "distance": 208, "postalCode": "E2 8AG", "cc": "GB", "city": "Hoxton", "state": "Greater London", "country": "United Kingdom", "formattedAddress": ["97 Kingsland Road", "Hoxton", "Greater London", "E2 8AG", "United Kingdom"]}, "categories": [{"id": "4bf58dd8d48988d14a941735", "name": "Vietnamese Restaurant", "pluralName": "Vietnamese Restaurants", "shortName": "Vietnamese", "icon": {"prefix": "https://ss3.4sqi.net/img/categories_v2/food/vietnamese_", "suffix": ".png"}, "primary": true}], "photos": {"count": 0, "groups": []}}, "referralId": "e-0-52e01f72498ec75d48300391-8"}, {"reasons": {"count": 0, "items": [{"summary": "This spot is popular", "type": "general", "reasonName": "globalInteractionReason"}]}, "venue": {"id": "50b0bbf4e4b0a2172dcf18a4", "name": "Fabrique Bakery", "location": {"address": "Arch 385", "crossStreet": "Geffryre Street", "lat": 51.532036, "lng": -0.07566042, "labeledLatLngs": [{"label": "display", "lat": 51.532036, "lng": -0.07566042}], "distance": 373, "postalCode": "E2 8HZ", "cc": "GB", "neighborhood": "Hackney", "city": "London", "state": "Greater London", "country": "United Kingdom", "formattedAddress": ["Arch 385 (Geffryre Street)", "London", "Greater London", "E2 8HZ", "United Kingdom"]}, "categories": [{"id": "4bf58dd8d48988d16a941735", "name": "Bakery", "pluralName": "Bakeries", "shortName": "Bakery", "icon": {"prefix": "https://ss3.4sqi.net/img/categories_v2/food/bakery_", "suffix": ".png"}, "primary": true}], "photos": {"count": 0, "groups": []}}, "referralId": "e-0-50b0bbf4e4b0a2172dcf18a4-9"}, {"reasons": {"count": 0, "items": [{"summary": "This spot is popular", "type": "general", "reasonName": "globalInteractionReason"}]}, "venue": {"id": "4b81544cf964a520b89f30e3", "name": "Leila's Shop", "location": {"address": "15-17 Calvert Ave", "crossStreet": "Arnold Circus", "lat": 51.52615120780902, "lng": -0.07565516491985984, "labeledLatLngs": [{"label": "display", "lat": 51.52615120780902, "lng": -0.07565516491985984}], "distance": 293, "postalCode": "E2 7JP", "cc": "GB", "city": "Shoreditch", "state": "Greater London", "country": "United Kingdom", "formattedAddress": ["15-17 Calvert Ave (Arnold Circus)", "Shoreditch", "Greater London", "E2 7JP", "United Kingdom"]}, "categories": [{"id": "4bf58dd8d48988d16d941735", "name": "Caf\u00e9", "pluralName": "Caf\u00e9s", "shortName": "Caf\u00e9", "icon": {"prefix": "https://ss3.4sqi.net/img/categories_v2/food/cafe_", "suffix": ".png"}, "primary": true}], "photos": {"count": 0, "groups": []}}, "referralId": "e-0-4b81544cf964a520b89f30e3-10"}, {"reasons": {"count": 0, "items": [{"summary": "This spot is popular", "type": "general", "reasonName": "globalInteractionReason"}]}, "venue": {"id": "557583c1498e61f5350ee6b9", "name": "Essential Vegan", "location": {"address": "6 Calvert Avenue", "lat": 51.526287, "lng": -0.07745113, "labeledLatLngs": [{"label": "display", "lat": 51.526287, "lng": -0.07745113}], "distance": 278, "postalCode": "E2 7JP", "cc": "GB", "neighborhood": "Shoreditch", "city": "London", "state": "Greater London", "country": "United Kingdom", "formattedAddress": ["6 Calvert Avenue", "London", "Greater London", "E2 7JP", "United Kingdom"]}, "categories": [{"id": "4bf58dd8d48988d1d3941735", "name": "Vegetarian / Vegan Restaurant", "pluralName": "Vegetarian / Vegan Restaurants", "shortName": "Vegetarian / Vegan", "icon": {"prefix": "https://ss3.4sqi.net/img/categories_v2/food/vegetarian_", "suffix": ".png"}, "primary": true}], "photos": {"count": 0, "groups": []}}, "referralId": "e-0-557583c1498e61f5350ee6b9-11"}, {"reasons": {"count": 0, "items": [{"summary": "This spot is popular", "type": "general", "reasonName": "globalInteractionReason"}]}, "venue": {"id": "4cebd08ae1eeb60cdf67b5ae", "name": "Rochelle Canteen", "location": {"address": "Rochelle School", "crossStreet": "Arnold Circus", "lat": 51.52576187555667, "lng": -0.07442877848285737, "labeledLatLngs": [{"label": "display", "lat": 51.52576187555667, "lng": -0.07442877848285737}], "distance": 362, "postalCode": "E2 7ES", "cc": "GB", "city": "London", "state": "Greater London", "country": "United Kingdom", "formattedAddress": ["Rochelle School (Arnold Circus)", "London", "Greater London", "E2 7ES", "United Kingdom"]}, "categories": [{"id": "4bf58dd8d48988d1c4941735", "name": "Restaurant", "pluralName": "Restaurants", "shortName": "Restaurant", "icon": {"prefix": "https://ss3.4sqi.net/img/categories_v2/food/default_", "suffix": ".png"}, "primary": true}], "photos": {"count": 0, "groups": []}}, "referralId": "e-0-4cebd08ae1eeb60cdf67b5ae-12"}, {"reasons": {"count": 0, "items": [{"summary": "This spot is popular", "type": "general", "reasonName": "globalInteractionReason"}]}, "venue": {"id": "4ac518dcf964a5204ba920e3", "name": "Hanoi Caf\u00e9", "location": {"address": "98 Kingsland Road", "lat": 51.529923474618066, "lng": -0.07737396786626731, "labeledLatLngs": [{"label": "display", "lat": 51.529923474618066, "lng": -0.07737396786626731}], "distance": 144, "postalCode": "E2 8DP", "cc": "GB", "city": "London", "state": "Greater London", "country": "United Kingdom", "formattedAddress": ["98 Kingsland Road", "London", "Greater London", "E2 8DP", "United Kingdom"]}, "categories": [{"id": "4bf58dd8d48988d14a941735", "name": "Vietnamese Restaurant", "pluralName": "Vietnamese Restaurants", "shortName": "Vietnamese", "icon": {"prefix": "https://ss3.4sqi.net/img/categories_v2/food/vietnamese_", "suffix": ".png"}, "primary": true}], "photos": {"count": 0, "groups": []}, "venuePage": {"id": "139216100"}}, "referralId": "e-0-4ac518dcf964a5204ba920e3-13"}, {"reasons": {"count": 0, "items": [{"summary": "This spot is popular", "type": "general", "reasonName": "globalInteractionReason"}]}, "venue": {"id": "53683683498e2748cac74a56", "name": "The Blues Kitchen", "location": {"address": "134-146 Curtain Rd", "crossStreet": "Old St", "lat": 51.5264647, "lng": -0.0801611, "labeledLatLngs": [{"label": "display", "lat": 51.5264647, "lng": -0.0801611}], "distance": 354, "postalCode": "EC2A 3AR", "cc": "GB", "neighborhood": "Shoreditch, London, Greater London", "city": "London", "state": "Greater London", "country": "United Kingdom", "formattedAddress": ["134-146 Curtain Rd (Old St)", "London", "Greater London", "EC2A 3AR", "United Kingdom"]}, "categories": [{"id": "4bf58dd8d48988d1df931735", "name": "BBQ Joint", "pluralName": "BBQ Joints", "shortName": "BBQ", "icon": {"prefix": "https://ss3.4sqi.net/img/categories_v2/food/bbqalt_", "suffix": ".png"}, "primary": true}], "photos": {"count": 0, "groups": []}, "venuePage": {"id": "138383092"}}, "referralId": "e-0-53683683498e2748cac74a56-14"}, {"reasons": {"count": 0, "items": [{"summary": "This spot is popular", "type": "general", "reasonName": "globalInteractionReason"}]}, "venue": {"id": "572dcf4b498e6743a25b14dc", "name": "Morito", "location": {"address": "195 Hackney Rd", "lat": 51.530903807600346, "lng": -0.0721104801932266, "labeledLatLngs": [{"label": "display", "lat": 51.530903807600346, "lng": -0.0721104801932266}], "distance": 392, "postalCode": "E2 8JL", "cc": "GB", "neighborhood": "Hackney", "city": "London", "state": "Greater London", "country": "United Kingdom", "formattedAddress": ["195 Hackney Rd", "London", "Greater London", "E2 8JL", "United Kingdom"]}, "categories": [{"id": "4bf58dd8d48988d1db931735", "name": "Tapas Restaurant", "pluralName": "Tapas Restaurants", "shortName": "Tapas", "icon": {"prefix": "https://ss3.4sqi.net/img/categories_v2/food/tapas_", "suffix": ".png"}, "primary": true}], "photos": {"count": 0, "groups": []}, "venuePage": {"id": "354125193"}}, "referralId": "e-0-572dcf4b498e6743a25b14dc-15"}, {"reasons": {"count": 0, "items": [{"summary": "This spot is popular", "type": "general", "reasonName": "globalInteractionReason"}]}, "venue": {"id": "5bfeeebf28374e002cf4ee9e", "name": "Burger & Beyond", "location": {"address": "147 High St", "lat": 51.52581932656734, "lng": -0.07777467409600922, "labeledLatLngs": [{"label": "display", "lat": 51.52581932656734, "lng": -0.07777467409600922}], "distance": 334, "postalCode": "E1 6JE", "cc": "GB", "city": "Shoreditch", "state": "Greater London", "country": "United Kingdom", "formattedAddress": ["147 High St", "Shoreditch", "Greater London", "E1 6JE", "United Kingdom"]}, "categories": [{"id": "4bf58dd8d48988d16c941735", "name": "Burger Joint", "pluralName": "Burger Joints", "shortName": "Burgers", "icon": {"prefix": "https://ss3.4sqi.net/img/categories_v2/food/burger_", "suffix": ".png"}, "primary": true}], "photos": {"count": 0, "groups": []}}, "referralId": "e-0-5bfeeebf28374e002cf4ee9e-16"}, {"reasons": {"count": 0, "items": [{"summary": "This spot is popular", "type": "general", "reasonName": "globalInteractionReason"}]}, "venue": {"id": "4bf2444670779521e1ae3e7c", "name": "Franco's", "location": {"address": "67 Rivington St", "crossStreet": "btw Curtain Rd & Shoreditch High St", "lat": 51.5262233775817, "lng": -0.07977965250468101, "labeledLatLngs": [{"label": "display", "lat": 51.5262233775817, "lng": -0.07977965250468101}], "distance": 356, "postalCode": "EC2A 3AY", "cc": "GB", "neighborhood": "Shoreditch", "city": "London", "state": "Greater London", "country": "United Kingdom", "formattedAddress": ["67 Rivington St (btw Curtain Rd & Shoreditch High St)", "London", "Greater London", "EC2A 3AY", "United Kingdom"]}, "categories": [{"id": "4bf58dd8d48988d1c5941735", "name": "Sandwich Place", "pluralName": "Sandwich Places", "shortName": "Sandwiches", "icon": {"prefix": "https://ss3.4sqi.net/img/categories_v2/food/deli_", "suffix": ".png"}, "primary": true}], "photos": {"count": 0, "groups": []}}, "referralId": "e-0-4bf2444670779521e1ae3e7c-17"}, {"reasons": {"count": 0, "items": [{"summary": "This spot is popular", "type": "general", "reasonName": "globalInteractionReason"}]}, "venue": {"id": "4d454ad9e198721e4ba8c48b", "name": "Cafe 12", "location": {"address": "12 Hackney Rd.", "lat": 51.52829748845306, "lng": -0.07582897809968918, "labeledLatLngs": [{"label": "display", "lat": 51.52829748845306, "lng": -0.07582897809968918}], "distance": 70, "postalCode": "E2 7NX", "cc": "GB", "city": "Poplar", "state": "Greater London", "country": "United Kingdom", "formattedAddress": ["12 Hackney Rd.", "Poplar", "Greater London", "E2 7NX", "United Kingdom"]}, "categories": [{"id": "4bf58dd8d48988d110941735", "name": "Italian Restaurant", "pluralName": "Italian Restaurants", "shortName": "Italian", "icon": {"prefix": "https://ss3.4sqi.net/img/categories_v2/food/italian_", "suffix": ".png"}, "primary": true}], "photos": {"count": 0, "groups": []}}, "referralId": "e-0-4d454ad9e198721e4ba8c48b-18"}, {"reasons": {"count": 0, "items": [{"summary": "This spot is popular", "type": "general", "reasonName": "globalInteractionReason"}]}, "venue": {"id": "5747443d498e298f69724f43", "name": "Petit Pois", "location": {"address": "9 Hoxton Sq", "lat": 51.52774923857484, "lng": -0.08136203090673678, "labeledLatLngs": [{"label": "display", "lat": 51.52774923857484, "lng": -0.08136203090673678}], "distance": 349, "postalCode": "N1 6NU", "cc": "GB", "neighborhood": "Hackney", "country": "United Kingdom", "formattedAddress": ["9 Hoxton Sq", "N1 6NU", "United Kingdom"]}, "categories": [{"id": "52e81612bcbc57f1066b79f1", "name": "Bistro", "pluralName": "Bistros", "shortName": "Bistro", "icon": {"prefix": "https://ss3.4sqi.net/img/categories_v2/food/default_", "suffix": ".png"}, "primary": true}], "photos": {"count": 0, "groups": []}}, "referralId": "e-0-5747443d498e298f69724f43-19"}, {"reasons": {"count": 0, "items": [{"summary": "This spot is popular", "type": "general", "reasonName": "globalInteractionReason"}]}, "venue": {"id": "4ac5bda6f964a5206cb220e3", "name": "The Breakfast Club", "location": {"address": "2-4 Rufus St", "crossStreet": "Hoxton Sq", "lat": 51.52705990980856, "lng": -0.08122720866375154, "labeledLatLngs": [{"label": "display", "lat": 51.52705990980856, "lng": -0.08122720866375154}], "distance": 372, "postalCode": "N1 6PE", "cc": "GB", "city": "Hoxton", "state": "Greater London", "country": "United Kingdom", "formattedAddress": ["2-4 Rufus St (Hoxton Sq)", "Hoxton", "Greater London", "N1 6PE", "United Kingdom"]}, "categories": [{"id": "4bf58dd8d48988d143941735", "name": "Breakfast Spot", "pluralName": "Breakfast Spots", "shortName": "Breakfast", "icon": {"prefix": "https://ss3.4sqi.net/img/categories_v2/food/breakfast_", "suffix": ".png"}, "primary": true}], "photos": {"count": 0, "groups": []}}, "referralId": "e-0-4ac5bda6f964a5206cb220e3-20"}, {"reasons": {"count": 0, "items": [{"summary": "This spot is popular", "type": "general", "reasonName": "globalInteractionReason"}]}, "venue": {"id": "59773f3d82a750601f73a8db", "name": "Beans & Greens", "location": {"address": "Calvert Avenue", "lat": 51.526311, "lng": -0.077411, "labeledLatLngs": [{"label": "display", "lat": 51.526311, "lng": -0.077411}], "distance": 275, "postalCode": "E2 7JP", "cc": "GB", "city": "London", "state": "Greater London", "country": "United Kingdom", "formattedAddress": ["Calvert Avenue", "London", "Greater London", "E2 7JP", "United Kingdom"]}, "categories": [{"id": "4bf58dd8d48988d16d941735", "name": "Caf\u00e9", "pluralName": "Caf\u00e9s", "shortName": "Caf\u00e9", "icon": {"prefix": "https://ss3.4sqi.net/img/categories_v2/food/cafe_", "suffix": ".png"}, "primary": true}], "photos": {"count": 0, "groups": []}}, "referralId": "e-0-59773f3d82a750601f73a8db-21"}, {"reasons": {"count": 0, "items": [{"summary": "This spot is popular", "type": "general", "reasonName": "globalInteractionReason"}]}, "venue": {"id": "52482fbd498ec22aa7d95532", "name": "Hoi Polloi", "location": {"address": "Ace Hotel, 100 Shoreditch High St", "lat": 51.52587609175958, "lng": -0.07777425995751673, "labeledLatLngs": [{"label": "display", "lat": 51.52587609175958, "lng": -0.07777425995751673}], "distance": 328, "postalCode": "E1 6JQ", "cc": "GB", "city": "Shoreditch", "state": "Greater London", "country": "United Kingdom", "formattedAddress": ["Ace Hotel, 100 Shoreditch High St", "Shoreditch", "Greater London", "E1 6JQ", "United Kingdom"]}, "categories": [{"id": "4bf58dd8d48988d1c4941735", "name": "Restaurant", "pluralName": "Restaurants", "shortName": "Restaurant", "icon": {"prefix": "https://ss3.4sqi.net/img/categories_v2/food/default_", "suffix": ".png"}, "primary": true}], "photos": {"count": 0, "groups": []}, "venuePage": {"id": "91964079"}}, "referralId": "e-0-52482fbd498ec22aa7d95532-22"}, {"reasons": {"count": 0, "items": [{"summary": "This spot is popular", "type": "general", "reasonName": "globalInteractionReason"}]}, "venue": {"id": "58bd6d511d21ba1e3b0f4ed6", "name": "Pizza Pilgrims", "location": {"address": "136 Shoreditch High St", "lat": 51.52630468898333, "lng": -0.07803978227036894, "labeledLatLngs": [{"label": "display", "lat": 51.52630468898333, "lng": -0.07803978227036894}], "distance": 288, "postalCode": "E1 6JE", "cc": "GB", "city": "London", "state": "Greater London", "country": "United Kingdom", "formattedAddress": ["136 Shoreditch High St", "London", "Greater London", "E1 6JE", "United Kingdom"]}, "categories": [{"id": "4bf58dd8d48988d1ca941735", "name": "Pizza Place", "pluralName": "Pizza Places", "shortName": "Pizza", "icon": {"prefix": "https://ss3.4sqi.net/img/categories_v2/food/pizza_", "suffix": ".png"}, "primary": true}], "photos": {"count": 0, "groups": []}}, "referralId": "e-0-58bd6d511d21ba1e3b0f4ed6-23"}, {"reasons": {"count": 0, "items": [{"summary": "This spot is popular", "type": "general", "reasonName": "globalInteractionReason"}]}, "venue": {"id": "4ad20e3ef964a52015df20e3", "name": "Viet Grill", "location": {"address": "58 Kingsland Rd", "lat": 51.52912712195311, "lng": -0.0777401487671565, "labeledLatLngs": [{"label": "display", "lat": 51.52912712195311, "lng": -0.0777401487671565}], "distance": 92, "postalCode": "E2 8DP", "cc": "GB", "city": "London", "state": "Greater London", "country": "United Kingdom", "formattedAddress": ["58 Kingsland Rd", "London", "Greater London", "E2 8DP", "United Kingdom"]}, "categories": [{"id": "4bf58dd8d48988d14a941735", "name": "Vietnamese Restaurant", "pluralName": "Vietnamese Restaurants", "shortName": "Vietnamese", "icon": {"prefix": "https://ss3.4sqi.net/img/categories_v2/food/vietnamese_", "suffix": ".png"}, "primary": true}], "photos": {"count": 0, "groups": []}, "venuePage": {"id": "47725119"}}, "referralId": "e-0-4ad20e3ef964a52015df20e3-24"}, {"reasons": {"count": 0, "items": [{"summary": "This spot is popular", "type": "general", "reasonName": "globalInteractionReason"}]}, "venue": {"id": "52666aa2498ed2f1c6785708", "name": "Bulldog Edition", "location": {"address": "100 Shoreditch High St", "lat": 51.525711465050776, "lng": -0.07763504701548994, "labeledLatLngs": [{"label": "display", "lat": 51.525711465050776, "lng": -0.07763504701548994}], "distance": 344, "postalCode": "E1 6JQ", "cc": "GB", "city": "Shoreditch", "state": "Greater London", "country": "United Kingdom", "formattedAddress": ["100 Shoreditch High St", "Shoreditch", "Greater London", "E1 6JQ", "United Kingdom"]}, "categories": [{"id": "4bf58dd8d48988d16d941735", "name": "Caf\u00e9", "pluralName": "Caf\u00e9s", "shortName": "Caf\u00e9", "icon": {"prefix": "https://ss3.4sqi.net/img/categories_v2/food/cafe_", "suffix": ".png"}, "primary": true}], "photos": {"count": 0, "groups": []}}, "referralId": "e-0-52666aa2498ed2f1c6785708-25"}, {"reasons": {"count": 0, "items": [{"summary": "This spot is popular", "type": "general", "reasonName": "globalInteractionReason"}]}, "venue": {"id": "5cc493b62aff3100391156b3", "name": "Rapsa", "location": {"lat": 51.530989, "lng": -0.080161, "labeledLatLngs": [{"label": "display", "lat": 51.530989, "lng": -0.080161}], "distance": 353, "postalCode": "N1 6SG", "cc": "GB", "city": "London", "state": "Greater London", "country": "United Kingdom", "formattedAddress": ["London", "Greater London", "N1 6SG", "United Kingdom"]}, "categories": [{"id": "4eb1bd1c3b7b55596b4a748f", "name": "Filipino Restaurant", "pluralName": "Filipino Restaurants", "shortName": "Filipino", "icon": {"prefix": "https://ss3.4sqi.net/img/categories_v2/food/filipino_", "suffix": ".png"}, "primary": true}], "photos": {"count": 0, "groups": []}}, "referralId": "e-0-5cc493b62aff3100391156b3-26"}, {"reasons": {"count": 0, "items": [{"summary": "This spot is popular", "type": "general", "reasonName": "globalInteractionReason"}]}, "venue": {"id": "4f9321a1e4b0f888dcf9b08f", "name": "AIDA", "location": {"address": "133 High St", "lat": 51.526550358201035, "lng": -0.07803935190870648, "labeledLatLngs": [{"label": "display", "lat": 51.526550358201035, "lng": -0.07803935190870648}], "distance": 263, "postalCode": "E1 6JE", "cc": "GB", "city": "Shoreditch", "state": "Greater London", "country": "United Kingdom", "formattedAddress": ["133 High St", "Shoreditch", "Greater London", "E1 6JE", "United Kingdom"]}, "categories": [{"id": "4bf58dd8d48988d16d941735", "name": "Caf\u00e9", "pluralName": "Caf\u00e9s", "shortName": "Caf\u00e9", "icon": {"prefix": "https://ss3.4sqi.net/img/categories_v2/food/cafe_", "suffix": ".png"}, "primary": true}], "photos": {"count": 0, "groups": []}}, "referralId": "e-0-4f9321a1e4b0f888dcf9b08f-27"}, {"reasons": {"count": 0, "items": [{"summary": "This spot is popular", "type": "general", "reasonName": "globalInteractionReason"}]}, "venue": {"id": "4c6ed297d5c3a1cd0c7bc92b", "name": "Busaba Eathai", "location": {"address": "319 Old St", "crossStreet": "at Charlotte Rd", "lat": 51.526889485691726, "lng": -0.0811351817928289, "labeledLatLngs": [{"label": "display", "lat": 51.526889485691726, "lng": -0.0811351817928289}], "distance": 376, "postalCode": "EC1V 9LE", "cc": "GB", "city": "London", "state": "Greater London", "country": "United Kingdom", "formattedAddress": ["319 Old St (at Charlotte Rd)", "London", "Greater London", "EC1V 9LE", "United Kingdom"]}, "categories": [{"id": "4bf58dd8d48988d149941735", "name": "Thai Restaurant", "pluralName": "Thai Restaurants", "shortName": "Thai", "icon": {"prefix": "https://ss3.4sqi.net/img/categories_v2/food/thai_", "suffix": ".png"}, "primary": true}], "photos": {"count": 0, "groups": []}}, "referralId": "e-0-4c6ed297d5c3a1cd0c7bc92b-28"}, {"reasons": {"count": 0, "items": [{"summary": "This spot is popular", "type": "general", "reasonName": "globalInteractionReason"}]}, "venue": {"id": "5045e765e4b0e2ca0b3526f3", "name": "Tapas Brindisa", "location": {"address": "152-154 Curtain Rd", "lat": 51.526903744371715, "lng": -0.08025327087529185, "labeledLatLngs": [{"label": "display", "lat": 51.526903744371715, "lng": -0.08025327087529185}], "distance": 326, "postalCode": "EC2A 3AT", "cc": "GB", "city": "London", "state": "Greater London", "country": "United Kingdom", "formattedAddress": ["152-154 Curtain Rd", "London", "Greater London", "EC2A 3AT", "United Kingdom"]}, "categories": [{"id": "4bf58dd8d48988d1db931735", "name": "Tapas Restaurant", "pluralName": "Tapas Restaurants", "shortName": "Tapas", "icon": {"prefix": "https://ss3.4sqi.net/img/categories_v2/food/tapas_", "suffix": ".png"}, "primary": true}], "photos": {"count": 0, "groups": []}}, "referralId": "e-0-5045e765e4b0e2ca0b3526f3-29"}, {"reasons": {"count": 0, "items": [{"summary": "This spot is popular", "type": "general", "reasonName": "globalInteractionReason"}]}, "venue": {"id": "4afabdf6f964a520761822e3", "name": "Mien Tay", "location": {"address": "122 Kingsland Rd", "lat": 51.53044043644521, "lng": -0.0771797386520526, "labeledLatLngs": [{"label": "display", "lat": 51.53044043644521, "lng": -0.0771797386520526}], "distance": 195, "postalCode": "E2 8DP", "cc": "GB", "city": "London", "state": "Greater London", "country": "United Kingdom", "formattedAddress": ["122 Kingsland Rd", "London", "Greater London", "E2 8DP", "United Kingdom"]}, "categories": [{"id": "4bf58dd8d48988d14a941735", "name": "Vietnamese Restaurant", "pluralName": "Vietnamese Restaurants", "shortName": "Vietnamese", "icon": {"prefix": "https://ss3.4sqi.net/img/categories_v2/food/vietnamese_", "suffix": ".png"}, "primary": true}], "photos": {"count": 0, "groups": []}}, "referralId": "e-0-4afabdf6f964a520761822e3-30"}, {"reasons": {"count": 0, "items": [{"summary": "This spot is popular", "type": "general", "reasonName": "globalInteractionReason"}]}, "venue": {"id": "5ae1bcb2b8fd9d002ce9867d", "name": "Cocotte", "location": {"address": "8 Hoxton Square", "lat": 51.527798, "lng": -0.081583, "labeledLatLngs": [{"label": "display", "lat": 51.527798, "lng": -0.081583}], "distance": 362, "postalCode": "N1", "cc": "GB", "city": "London", "state": "Greater London", "country": "United Kingdom", "formattedAddress": ["8 Hoxton Square", "London", "Greater London", "N1", "United Kingdom"]}, "categories": [{"id": "4bf58dd8d48988d10c941735", "name": "French Restaurant", "pluralName": "French Restaurants", "shortName": "French", "icon": {"prefix": "https://ss3.4sqi.net/img/categories_v2/food/french_", "suffix": ".png"}, "primary": true}], "photos": {"count": 0, "groups": []}}, "referralId": "e-0-5ae1bcb2b8fd9d002ce9867d-31"}, {"reasons": {"count": 0, "items": [{"summary": "This spot is popular", "type": "general", "reasonName": "globalInteractionReason"}]}, "venue": {"id": "4ad8f139f964a5203b1621e3", "name": "Hach\u00e9", "location": {"address": "147 Curtain Rd", "lat": 51.526613481661435, "lng": -0.08041603133146778, "labeledLatLngs": [{"label": "display", "lat": 51.526613481661435, "lng": -0.08041603133146778}], "distance": 355, "postalCode": "EC2A 3QE", "cc": "GB", "city": "London", "state": "Greater London", "country": "United Kingdom", "formattedAddress": ["147 Curtain Rd", "London", "Greater London", "EC2A 3QE", "United Kingdom"]}, "categories": [{"id": "4bf58dd8d48988d16c941735", "name": "Burger Joint", "pluralName": "Burger Joints", "shortName": "Burgers", "icon": {"prefix": "https://ss3.4sqi.net/img/categories_v2/food/burger_", "suffix": ".png"}, "primary": true}], "photos": {"count": 0, "groups": []}, "venuePage": {"id": "49109855"}}, "referralId": "e-0-4ad8f139f964a5203b1621e3-32"}, {"reasons": {"count": 0, "items": [{"summary": "This spot is popular", "type": "general", "reasonName": "globalInteractionReason"}]}, "venue": {"id": "4e07092918a8382643b1bca3", "name": "Long White Cloud", "location": {"address": "151 Hackney Rd.", "lat": 51.53038835195166, "lng": -0.07357744459981226, "labeledLatLngs": [{"label": "display", "lat": 51.53038835195166, "lng": -0.07357744459981226}], "distance": 277, "postalCode": "E2 8JL", "cc": "GB", "city": "Hoxton", "state": "Greater London", "country": "United Kingdom", "formattedAddress": ["151 Hackney Rd.", "Hoxton", "Greater London", "E2 8JL", "United Kingdom"]}, "categories": [{"id": "4bf58dd8d48988d16d941735", "name": "Caf\u00e9", "pluralName": "Caf\u00e9s", "shortName": "Caf\u00e9", "icon": {"prefix": "https://ss3.4sqi.net/img/categories_v2/food/cafe_", "suffix": ".png"}, "primary": true}], "photos": {"count": 0, "groups": []}}, "referralId": "e-0-4e07092918a8382643b1bca3-33"}, {"reasons": {"count": 0, "items": [{"summary": "This spot is popular", "type": "general", "reasonName": "globalInteractionReason"}]}, "venue": {"id": "5c052fc0588e36002cceaf57", "name": "Pret A Manger", "location": {"address": "128 Shoreditch High Street", "lat": 51.526773343667266, "lng": -0.07831551901436695, "labeledLatLngs": [{"label": "display", "lat": 51.526773343667266, "lng": -0.07831551901436695}], "distance": 249, "postalCode": "E1 6JE", "cc": "GB", "city": "London", "state": "Greater London", "country": "United Kingdom", "formattedAddress": ["128 Shoreditch High Street", "London", "Greater London", "E1 6JE", "United Kingdom"]}, "categories": [{"id": "4bf58dd8d48988d1c5941735", "name": "Sandwich Place", "pluralName": "Sandwich Places", "shortName": "Sandwiches", "icon": {"prefix": "https://ss3.4sqi.net/img/categories_v2/food/deli_", "suffix": ".png"}, "primary": true}], "photos": {"count": 0, "groups": []}}, "referralId": "e-0-5c052fc0588e36002cceaf57-34"}, {"reasons": {"count": 0, "items": [{"summary": "This spot is popular", "type": "general", "reasonName": "globalInteractionReason"}]}, "venue": {"id": "5012e23ce4b0abd8750bd865", "name": "Crispy Cod Fish & Chips", "location": {"address": "167 Hoxton St", "lat": 51.531496, "lng": -0.080142, "labeledLatLngs": [{"label": "display", "lat": 51.531496, "lng": -0.080142}], "distance": 394, "postalCode": "N1 6JP", "cc": "GB", "city": "London", "state": "Greater London", "country": "United Kingdom", "formattedAddress": ["167 Hoxton St", "London", "Greater London", "N1 6JP", "United Kingdom"]}, "categories": [{"id": "4edd64a0c7ddd24ca188df1a", "name": "Fish & Chips Shop", "pluralName": "Fish & Chips Shops", "shortName": "Fish & Chips", "icon": {"prefix": "https://ss3.4sqi.net/img/categories_v2/food/fishandchips_", "suffix": ".png"}, "primary": true}], "photos": {"count": 0, "groups": []}, "venuePage": {"id": "60003797"}}, "referralId": "e-0-5012e23ce4b0abd8750bd865-35"}, {"reasons": {"count": 0, "items": [{"summary": "This spot is popular", "type": "general", "reasonName": "globalInteractionReason"}]}, "venue": {"id": "4b79c586f964a520fc102fe3", "name": "Loong Kee Cafe", "location": {"address": "134g Kingsland Rd", "lat": 51.531100270838, "lng": -0.07710958533482162, "labeledLatLngs": [{"label": "display", "lat": 51.531100270838, "lng": -0.07710958533482162}], "distance": 266, "postalCode": "EC2 8DY", "cc": "GB", "city": "Hackney", "state": "Greater London", "country": "United Kingdom", "formattedAddress": ["134g Kingsland Rd", "Hackney", "Greater London", "EC2 8DY", "United Kingdom"]}, "categories": [{"id": "4bf58dd8d48988d14a941735", "name": "Vietnamese Restaurant", "pluralName": "Vietnamese Restaurants", "shortName": "Vietnamese", "icon": {"prefix": "https://ss3.4sqi.net/img/categories_v2/food/vietnamese_", "suffix": ".png"}, "primary": true}], "photos": {"count": 0, "groups": []}}, "referralId": "e-0-4b79c586f964a520fc102fe3-36"}]}]}}