{"meta": {"code": 200, "requestId": "5fedda5954a4277f8f3f717a"}, "response": {"suggestedFilters": {"header": "Tap to show:", "filters": [{"name": "Open now", "key": "openNow"}]}, "headerLocation": "Islington", "headerFullLocation": "Islington, London", "headerLocationGranularity": "neighborhood", "query": "food", "totalResults": 11, "suggestedBounds": {"ne": {"lat": 51.533530003600006, "lng": -0.09181400119767158}, "sw": {"lat": 51.526329996399994, "lng": -0.10336599880232841}}, "groups": [{"type": "Recommended Places", "name": "recommended", "items": [{"reasons": {"count": 0, "items": [{"summary": "This spot is popular", "type": "general", "reasonName": "globalInteractionReason"}]}, "venue": {"id": "59314b16002f4c0957c60938", "name": "Tanakatsu", "location": {"address": "10 Wakely Street", "lat": 51.530284639367146, "lng": -0.10199939405521996, "labeledLatLngs": [{"label": "display", "lat": 51.530284639367146, "lng": -0.10199939405521996}], "distance": 307, "postalCode": "EC1V 7LT", "cc": "GB", "city": "London", "state": "Greater London", "country": "United Kingdom", "formattedAddress": ["10 Wakely Street", "London", "Greater London", "EC1V 7LT", "United Kingdom"]}, "categories": [{"id": "4bf58dd8d48988d111941735", "name": "Japanese Restaurant", "pluralName": "Japanese Restaurants", "shortName": "Japanese", "icon": {"prefix": "https://ss3.4sqi.net/img/categories_v2/food/japanese_", "suffix": ".png"}, "primary": true}], "photos": {"count": 0, "groups": []}}, "referralId": "e-0-59314b16002f4c0957c60938-0"}, {"reasons": {"count": 0, "items": [{"summary": "This spot is popular", "type": "general", "reasonName": "globalInteractionReason"}]}, "venue": {"id": "4b728badf964a520ef7d2de3", "name": "King Square Bakery", "location": {"address": "143-145 Central Street", "lat": 51.527393497758126, "lng": -0.09730072032193196, "labeledLatLngs": [{"label": "display", "lat": 51.527393497758126, "lng": -0.09730072032193196}], "distance": 283, "cc": "GB", "city": "Islington", "state": "Greater London", "country": "United Kingdom", "formattedAddress": ["143-145 Central Street", "Islington", "Greater London", "United Kingdom"]}, "categories": [{"id": "4bf58dd8d48988d16a941735", "name": "Bakery", "pluralName": "Bakeries", "shortName": "Bakery", "icon": {"prefix": "https://ss3.4sqi.net/img/categories_v2/food/bakery_", "suffix": ".png"}, "primary": true}], "photos": {"count": 0, "groups": []}}, "referralId": "e-0-4b728badf964a520ef7d2de3-1"}, {"reasons": {"count": 0, "items": [{"summary": "This spot is popular", "type": "general", "reasonName": "globalInteractionReason"}]}, "venue": {"id": "4d88a6d2f607a093f54ada86", "name": "Bernie's Sandwich Bar", "location": {"address": "249 Goswell Rd", "lat": 51.52982307020747, "lng": -0.10244316690052242, "labeledLatLngs": [{"label": "display", "lat": 51.52982307020747, "lng": -0.10244316690052242}], "distance": 336, "postalCode": "EC1V 7JD", "cc": "GB", "city": "Islington", "state": "Greater London", "country": "United Kingdom", "formattedAddress": ["249 Goswell Rd", "Islington", "Greater London", "EC1V 7JD", "United Kingdom"]}, "categories": [{"id": "4bf58dd8d48988d1c5941735", "name": "Sandwich Place", "pluralName": "Sandwich Places", "shortName": "Sandwiches", "icon": {"prefix": "https://ss3.4sqi.net/img/categories_v2/food/deli_", "suffix": ".png"}, "primary": true}], "photos": {"count": 0, "groups": []}}, "referralId": "e-0-4d88a6d2f607a093f54ada86-2"}, {"reasons": {"count": 0, "items": [{"summary": "This spot is popular", "type": "general", "reasonName": "globalInteractionReason"}]}, "venue": {"id": "4b50e0fcf964a5209f3627e3", "name": "Fish Central", "location": {"address": "149-151 Central St", "lat": 51.527214, "lng": -0.097064, "labeledLatLngs": [{"label": "display", "lat": 51.527214, "lng": -0.097064}], "distance": 304, "postalCode": "EC1V 8BY", "cc": "GB", "neighborhood": "Islington", "city": "London", "state": "Greater London", "country": "United Kingdom", "formattedAddress": ["149-151 Central St", "St. Luke's", "Greater London", "EC1V 8BY", "United Kingdom"]}, "categories": [{"id": "4bf58dd8d48988d1ce941735", "name": "Seafood Restaurant", "pluralName": "Seafood Restaurants", "shortName": "Seafood", "icon": {"prefix": "https://ss3.4sqi.net/img/categories_v2/food/seafood_", "suffix": ".png"}, "primary": true}], "photos": {"count": 0, "groups": []}}, "referralId": "e-0-4b50e0fcf964a5209f3627e3-3"}, {"reasons": {"count": 0, "items": [{"summary": "This spot is popular", "type": "general", "reasonName": "globalInteractionReason"}]}, "venue": {"id": "516fa20ce4b0ea41cb6744b8", "name": "The Pump House Cafe", "location": {"address": "Regent's Canal towpath", "lat": 51.532705590168455, "lng": -0.09854324821147947, "labeledLatLngs": [{"label": "display", "lat": 51.532705590168455, "lng": -0.09854324821147947}], "distance": 315, "cc": "GB", "city": "Islington", "state": "Greater London", "country": "United Kingdom", "formattedAddress": ["Regent's Canal towpath", "Islington", "Greater London", "United Kingdom"]}, "categories": [{"id": "4bf58dd8d48988d16d941735", "name": "Caf\u00e9", "pluralName": "Caf\u00e9s", "shortName": "Caf\u00e9", "icon": {"prefix": "https://ss3.4sqi.net/img/categories_v2/food/cafe_", "suffix": ".png"}, "primary": true}], "photos": {"count": 0, "groups": []}}, "referralId": "e-0-516fa20ce4b0ea41cb6744b8-4"}, {"reasons": {"count": 0, "items": [{"summary": "This spot is popular", "type": "general", "reasonName": "globalInteractionReason"}]}, "venue": {"id": "58c272cefb9d896ae40a656d", "name": "Plaquemine Lock", "location": {"address": "139 Graham St", "lat": 51.53274444508645, "lng": -0.10052378247827107, "labeledLatLngs": [{"label": "display", "lat": 51.53274444508645, "lng": -0.10052378247827107}], "distance": 373, "postalCode": "N1 8LB", "cc": "GB", "neighborhood": "Islington", "city": "London", "country": "United Kingdom", "formattedAddress": ["139 Graham St", "London", "N1 8LB", "United Kingdom"]}, "categories": [{"id": "4bf58dd8d48988d17a941735", "name": "Cajun / Creole Restaurant", "pluralName": "Cajun / Creole Restaurants", "shortName": "Cajun / Creole", "icon": {"prefix": "https://ss3.4sqi.net/img/categories_v2/food/cajun_", "suffix": ".png"}, "primary": true}], "photos": {"count": 0, "groups": []}}, "referralId": "e-0-58c272cefb9d896ae40a656d-5"}, {"reasons": {"count": 0, "items": [{"summary": "This spot is popular", "type": "general", "reasonName": "globalInteractionReason"}]}, "venue": {"id": "4ac5dfc6f964a52084b220e3", "name": "McDonald's", "location": {"address": "241 CITY ROAD", "lat": 51.529572, "lng": -0.094651, "labeledLatLngs": [{"label": "display", "lat": 51.529572, "lng": -0.094651}], "distance": 207, "postalCode": "EC1V 1JQ", "cc": "GB", "city": "London", "state": "Greater London", "country": "United Kingdom", "formattedAddress": ["241 CITY ROAD", "London", "Greater London", "EC1V 1JQ", "United Kingdom"]}, "categories": [{"id": "4bf58dd8d48988d16e941735", "name": "Fast Food Restaurant", "pluralName": "Fast Food Restaurants", "shortName": "Fast Food", "icon": {"prefix": "https://ss3.4sqi.net/img/categories_v2/food/fastfood_", "suffix": ".png"}, "primary": true}], "photos": {"count": 0, "groups": []}, "venuePage": {"id": "556468720"}}, "referralId": "e-0-4ac5dfc6f964a52084b220e3-6"}, {"reasons": {"count": 0, "items": [{"summary": "This spot is popular", "type": "general", "reasonName": "globalInteractionReason"}]}, "venue": {"id": "4b4b89c1f964a5208a9f26e3", "name": "William IV Pub", "location": {"address": "7 Sheperdess Walk", "lat": 51.53034756865413, "lng": -0.09238349317083247, "labeledLatLngs": [{"label": "display", "lat": 51.53034756865413, "lng": -0.09238349317083247}], "distance": 363, "postalCode": "N1 7QE", "cc": "GB", "city": "London", "state": "Greater London", "country": "United Kingdom", "formattedAddress": ["7 Sheperdess Walk", "London", "Greater London", "N1 7QE", "United Kingdom"]}, "categories": [{"id": "4bf58dd8d48988d155941735", "name": "Gastropub", "pluralName": "Gastropubs", "shortName": "Gastropub", "icon": {"prefix": "https://ss3.4sqi.net/img/categories_v2/food/gastropub_", "suffix": ".png"}, "primary": true}], "photos": {"count": 0, "groups": []}}, "referralId": "e-0-4b4b89c1f964a5208a9f26e3-7"}, {"reasons": {"count": 0, "items": [{"summary": "This spot is popular", "type": "general", "reasonName": "globalInteractionReason"}]}, "venue": {"id": "587d1b806431e516ca5b8f2c", "name": "Palatino", "location": {"address": "71 Central Street", "lat": 51.52666023160683, "lng": -0.09672226058439458, "labeledLatLngs": [{"label": "display", "lat": 51.52666023160683, "lng": -0.09672226058439458}], "distance": 368, "postalCode": "EC1V 8AB", "cc": "GB", "city": "London", "state": "Greater London", "country": "United Kingdom", "formattedAddress": ["71 Central Street", "London", "Greater London", "EC1V 8AB", "United Kingdom"]}, "categories": [{"id": "4bf58dd8d48988d110941735", "name": "Italian Restaurant", "pluralName": "Italian Restaurants", "shortName": "Italian", "icon": {"prefix": "https://ss3.4sqi.net/img/categories_v2/food/italian_", "suffix": ".png"}, "primary": true}], "photos": {"count": 0, "groups": []}}, "referralId": "e-0-587d1b806431e516ca5b8f2c-8"}, {"reasons": {"count": 0, "items": [{"summary": "This spot is popular", "type": "general", "reasonName": "globalInteractionReason"}]}, "venue": {"id": "5a16a5a098fbfc0aa529ba70", "name": "Pedlar", "location": {"lat": 51.53208839695056, "lng": -0.09605929973079602, "labeledLatLngs": [{"label": "display", "lat": 51.53208839695056, "lng": -0.09605929973079602}], "distance": 262, "postalCode": "N1 7GS", "cc": "GB", "city": "London", "state": "Greater London", "country": "United Kingdom", "formattedAddress": ["London", "Greater London", "N1 7GS", "United Kingdom"]}, "categories": [{"id": "4bf58dd8d48988d16d941735", "name": "Caf\u00e9", "pluralName": "Caf\u00e9s", "shortName": "Caf\u00e9", "icon": {"prefix": "https://ss3.4sqi.net/img/categories_v2/food/cafe_", "suffix": ".png"}, "primary": true}], "photos": {"count": 0, "groups": []}}, "referralId": "e-0-5a16a5a098fbfc0aa529ba70-9"}, {"reasons": {"count": 0, "items": [{"summary": "This spot is popular", "type": "general", "reasonName": "globalInteractionReason"}]}, "venue": {"id": "4b484a24f964a5202d4b26e3", "name": "La Lampara Sandwich Shop", "location": {"address": "216 City Road", "lat": 51.52851807290212, "lng": -0.09248422260986003, "labeledLatLngs": [{"label": "display", "lat": 51.52851807290212, "lng": -0.09248422260986003}], "distance": 386, "postalCode": "EC1V 2PN", "cc": "GB", "city": "London", "state": "Greater London", "country": "United Kingdom", "formattedAddress": ["216 City Road", "London", "Greater London", "EC1V 2PN", "United Kingdom"]}, "categories": [{"id": "4bf58dd8d48988d1c5941735", "name": "Sandwich Place", "pluralName": "Sandwich Places", "shortName": "Sandwiches", "icon": {"prefix": "https://ss3.4sqi.net/img/categories_v2/food/deli_", "suffix": ".png"}, "primary": true}], "photos": {"count": 0, "groups": []}}, "referralId": "e-0-4b484a24f964a5202d4b26e3-10"}]}]}}