{"meta": {"code": 200, "requestId": "5fedda5c76a2df29a0897b8e"}, "response": {"suggestedFilters": {"header": "Tap to show:", "filters": [{"name": "Open now", "key": "openNow"}]}, "headerLocation": "Islington", "headerFullLocation": "Islington, London", "headerLocationGranularity": "neighborhood", "query": "arts entertainment", "totalResults": 6, "suggestedBounds": {"ne": {"lat": 51.533530003600006, "lng": -0.09181400119767158}, "sw": {"lat": 51.526329996399994, "lng": -0.10336599880232841}}, "groups": [{"type": "Recommended Places", "name": "recommended", "items": [{"reasons": {"count": 0, "items": [{"summary": "This spot is popular", "type": "general", "reasonName": "globalInteractionReason"}]}, "venue": {"id": "4ad9b593f964a5207d1a21e3", "name": "Victoria Miro Gallery", "location": {"address": "16 Wharf Rd", "lat": 51.5302066713547, "lng": -0.09508446835457518, "labeledLatLngs": [{"label": "display", "lat": 51.5302066713547, "lng": -0.09508446835457518}], "distance": 176, "postalCode": "N1 7RW", "cc": "GB", "city": "Islington", "state": "Greater London", "country": "United Kingdom", "formattedAddress": ["16 Wharf Rd", "Islington", "Greater London", "N1 7RW", "United Kingdom"]}, "categories": [{"id": "4bf58dd8d48988d1e2931735", "name": "Art Gallery", "pluralName": "Art Galleries", "shortName": "Art Gallery", "icon": {"prefix": "https://ss3.4sqi.net/img/categories_v2/arts_entertainment/artgallery_", "suffix": ".png"}, "primary": true}], "photos": {"count": 0, "groups": []}}, "referralId": "e-0-4ad9b593f964a5207d1a21e3-0"}, {"reasons": {"count": 0, "items": [{"summary": "This spot is popular", "type": "general", "reasonName": "globalInteractionReason"}]}, "venue": {"id": "4ad9abe1f964a520651a21e3", "name": "Parasol Unit Foundation for Contemporary Art", "location": {"address": "14 Wharf Rd", "crossStreet": "Micawber St", "lat": 51.5301290526763, "lng": -0.0949394702911377, "labeledLatLngs": [{"label": "display", "lat": 51.5301290526763, "lng": -0.0949394702911377}], "distance": 184, "postalCode": "N1 7RW", "cc": "GB", "city": "London", "state": "Greater London", "country": "United Kingdom", "formattedAddress": ["14 Wharf Rd (Micawber St)", "London", "Greater London", "N1 7RW", "United Kingdom"]}, "categories": [{"id": "4bf58dd8d48988d1e2931735", "name": "Art Gallery", "pluralName": "Art Galleries", "shortName": "Art Gallery", "icon": {"prefix": "https://ss3.4sqi.net/img/categories_v2/arts_entertainment/artgallery_", "suffix": ".png"}, "primary": true}], "photos": {"count": 0, "groups": []}}, "referralId": "e-0-4ad9abe1f964a520651a21e3-1"}, {"reasons": {"count": 0, "items": [{"summary": "This spot is popular", "type": "general", "reasonName": "globalInteractionReason"}]}, "venue": {"id": "53cbc9de498ee4f4fb532663", "name": "Urdang 2", "location": {"address": "259-263 Goswell Road", "lat": 51.52996088161502, "lng": -0.10263429804808112, "labeledLatLngs": [{"label": "display", "lat": 51.52996088161502, "lng": -0.10263429804808112}], "distance": 349, "postalCode": "EC1V 7AH", "cc": "GB", "city": "London", "state": "Greater London", "country": "United Kingdom", "formattedAddress": ["259-263 Goswell Road", "London", "Greater London", "EC1V 7AH", "United Kingdom"]}, "categories": [{"id": "4bf58dd8d48988d134941735", "name": "Dance Studio", "pluralName": "Dance Studios", "shortName": "Dance Studio", "icon": {"prefix": "https://ss3.4sqi.net/img/categories_v2/arts_entertainment/performingarts_dancestudio_", "suffix": ".png"}, "primary": true}], "photos": {"count": 0, "groups": []}}, "referralId": "e-0-53cbc9de498ee4f4fb532663-2"}, {"reasons": {"count": 0, "items": [{"summary": "This spot is popular", "type": "general", "reasonName": "globalInteractionReason"}]}, "venue": {"id": "4d2df9975d4ca1cdcb47141b", "name": "New Red Lion", "location": {"address": "271-273 City Rd", "lat": 51.52993032017064, "lng": -0.09824445615289477, "labeledLatLngs": [{"label": "display", "lat": 51.52993032017064, "lng": -0.09824445615289477}], "distance": 45, "postalCode": "EC1V 1LA", "cc": "GB", "neighborhood": "Islington, London, Greater London", "city": "London", "state": "Greater London", "country": "United Kingdom", "formattedAddress": ["271-273 City Rd", "London", "Greater London", "EC1V 1LA", "United Kingdom"]}, "categories": [{"id": "4bf58dd8d48988d135941735", "name": "Indie Theater", "pluralName": "Indie Theaters", "shortName": "Indie", "icon": {"prefix": "https://ss3.4sqi.net/img/categories_v2/arts_entertainment/performingarts_theater_", "suffix": ".png"}, "primary": true}], "photos": {"count": 0, "groups": []}}, "referralId": "e-0-4d2df9975d4ca1cdcb47141b-3"}, {"reasons": {"count": 0, "items": [{"summary": "This spot is popular", "type": "general", "reasonName": "globalInteractionReason"}]}, "venue": {"id": "582c523795ffcb0e68a46b31", "name": "The Divinity Group", "location": {"address": "20 - 22 Wenlock Road", "lat": 51.53047945949401, "lng": -0.09397387504577637, "labeledLatLngs": [{"label": "display", "lat": 51.53047945949401, "lng": -0.09397387504577637}], "distance": 257, "postalCode": "N1 7GU", "cc": "GB", "city": "London", "state": "Greater London", "country": "United Kingdom", "formattedAddress": ["20 - 22 Wenlock Road", "London", "Greater London", "N1 7GU", "United Kingdom"]}, "categories": [{"id": "56aa371be4b08b9a8d573520", "name": "Tour Provider", "pluralName": "Tour Providers", "shortName": "Tour Provider", "icon": {"prefix": "https://ss3.4sqi.net/img/categories_v2/arts_entertainment/default_", "suffix": ".png"}, "primary": true}], "photos": {"count": 0, "groups": []}, "venuePage": {"id": "373065733"}}, "referralId": "e-0-582c523795ffcb0e68a46b31-4"}, {"reasons": {"count": 0, "items": [{"summary": "This spot is popular", "type": "general", "reasonName": "globalInteractionReason"}]}, "venue": {"id": "5e2c4543931054000813a2cb", "name": "Artviayou", "location": {"address": "20-22 Wenlock Road", "lat": 51.5305766, "lng": -0.0935454000000391, "labeledLatLngs": [{"label": "display", "lat": 51.5305766, "lng": -0.0935454000000391}], "distance": 289, "postalCode": "N1 7GU", "cc": "GB", "city": "London", "state": "Greater London", "country": "United Kingdom", "formattedAddress": ["20-22 Wenlock Road", "London", "Greater London", "N1 7GU", "United Kingdom"]}, "categories": [{"id": "4bf58dd8d48988d1e2931735", "name": "Art Gallery", "pluralName": "Art Galleries", "shortName": "Art Gallery", "icon": {"prefix": "https://ss3.4sqi.net/img/categories_v2/arts_entertainment/artgallery_", "suffix": ".png"}, "primary": true}], "photos": {"count": 0, "groups": []}}, "referralId": "e-0-5e2c4543931054000813a2cb-5"}]}]}}