{"meta": {"code": 200, "requestId": "5fedda5d5c2c4d623f8e8b53"}, "response": {"suggestedFilters": {"header": "Tap to show:", "filters": [{"name": "Open now", "key": "openNow"}]}, "headerLocation": "Islington", "headerFullLocation": "Islington, London", "headerLocationGranularity": "neighborhood", "query": "college education", "totalResults": 38, "suggestedBounds": {"ne": {"lat": 51.533530003600006, "lng": -0.09181400119767158}, "sw": {"lat": 51.526329996399994, "lng": -0.10336599880232841}}, "groups": [{"type": "Recommended Places", "name": "recommended", "items": [{"reasons": {"count": 0, "items": [{"summary": "This spot is popular", "type": "general", "reasonName": "globalInteractionReason"}]}, "venue": {"id": "50f9afa6e4b09003a1418b71", "name": "Tesco Express", "location": {"address": "Unit 8-9 Central St", "lat": 51.52865666980531, "lng": -0.09715606221198318, "labeledLatLngs": [{"label": "display", "lat": 51.52865666980531, "lng": -0.09715606221198318}], "distance": 144, "postalCode": "EC1V 8DT", "cc": "GB", "city": "London", "state": "Greater London", "country": "United Kingdom", "formattedAddress": ["Unit 8-9 Central St", "London", "Greater London", "EC1V 8DT", "United Kingdom"]}, "categories": [{"id": "4bf58dd8d48988d118951735", "name": "Grocery Store", "pluralName": "Grocery Stores", "shortName": "Grocery Store", "icon": {"prefix": "https://ss3.4sqi.net/img/categories_v2/shops/food_grocery_", "suffix": ".png"}, "primary": true}], "photos": {"count": 0, "groups": []}}, "referralId": "e-0-50f9afa6e4b09003a1418b71-0"}, {"reasons": {"count": 0, "items": [{"summary": "This spot is popular", "type": "general", "reasonName": "globalInteractionReason"}]}, "venue": {"id": "5783eecd498e99a1c72f5160", "name": "Co-op Food", "location": {"address": "271-273 City Rd", "lat": 51.53007, "lng": -0.09833548, "labeledLatLngs": [{"label": "display", "lat": 51.53007, "lng": -0.09833548}], "distance": 53, "postalCode": "EC1V 1LA", "cc": "GB", "city": "London", "state": "Greater London", "country": "United Kingdom", "formattedAddress": ["271-273 City Rd", "London", "Greater London", "EC1V 1LA", "United Kingdom"]}, "categories": [{"id": "4bf58dd8d48988d118951735", "name": "Grocery Store", "pluralName": "Grocery Stores", "shortName": "Grocery Store", "icon": {"prefix": "https://ss3.4sqi.net/img/categories_v2/shops/food_grocery_", "suffix": ".png"}, "primary": true}], "photos": {"count": 0, "groups": []}}, "referralId": "e-0-5783eecd498e99a1c72f5160-1"}, {"reasons": {"count": 0, "items": [{"summary": "This spot is popular", "type": "general", "reasonName": "globalInteractionReason"}]}, "venue": {"id": "4b35bdb2f964a520c72e25e3", "name": "Co-op Food", "location": {"address": "257 City Rd", "lat": 51.529966983950445, "lng": -0.09788245067622146, "labeledLatLngs": [{"label": "display", "lat": 51.529966983950445, "lng": -0.09788245067622146}], "distance": 20, "postalCode": "EC1V 1JQ", "cc": "GB", "city": "Shoreditch", "state": "Greater London", "country": "United Kingdom", "formattedAddress": ["257 City Rd", "Shoreditch", "Greater London", "EC1V 1JQ", "United Kingdom"]}, "categories": [{"id": "4bf58dd8d48988d118951735", "name": "Grocery Store", "pluralName": "Grocery Stores", "shortName": "Grocery Store", "icon": {"prefix": "https://ss3.4sqi.net/img/categories_v2/shops/food_grocery_", "suffix": ".png"}, "primary": true}], "photos": {"count": 0, "groups": []}}, "referralId": "e-0-4b35bdb2f964a520c72e25e3-2"}, {"reasons": {"count": 0, "items": [{"summary": "This spot is popular", "type": "general", "reasonName": "globalInteractionReason"}]}, "venue": {"id": "5d5199009ce0d000089d03ea", "name": "Fitted Wardrobes Ideas", "location": {"address": "Kemp House", "lat": 51.5290552, "lng": -0.094774799999982, "labeledLatLngs": [{"label": "display", "lat": 51.5290552, "lng": -0.094774799999982}], "distance": 217, "postalCode": "EC1V 2NX", "cc": "GB", "city": "London", "state": "Greater London", "country": "United Kingdom", "formattedAddress": ["Kemp House", "London", "Greater London", "EC1V 2NX", "United Kingdom"]}, "categories": [{"id": "4bf58dd8d48988d1f8941735", "name": "Furniture / Home Store", "pluralName": "Furniture / Home Stores", "shortName": "Furniture / Home", "icon": {"prefix": "https://ss3.4sqi.net/img/categories_v2/shops/furniture_", "suffix": ".png"}, "primary": true}], "photos": {"count": 0, "groups": []}}, "referralId": "e-0-5d5199009ce0d000089d03ea-3"}, {"reasons": {"count": 0, "items": [{"summary": "This spot is popular", "type": "general", "reasonName": "globalInteractionReason"}]}, "venue": {"id": "569640e638fa9bd770a55c5a", "name": "Resin Bound Specialists Ltd", "location": {"address": "20-22, Wenlock Rd", "lat": 51.53038330646315, "lng": -0.09363164193928242, "labeledLatLngs": [{"label": "display", "lat": 51.53038330646315, "lng": -0.09363164193928242}], "distance": 278, "postalCode": "N1 7GU", "cc": "GB", "city": "City of London", "state": "Greater London", "country": "United Kingdom", "formattedAddress": ["20-22, Wenlock Rd", "City of London", "Greater London", "N1 7GU", "United Kingdom"]}, "categories": [{"id": "5454144b498ec1f095bff2f2", "name": "Construction & Landscaping", "pluralName": "Construction & Landscaping", "shortName": "Construction", "icon": {"prefix": "https://ss3.4sqi.net/img/categories_v2/shops/realestate_", "suffix": ".png"}, "primary": true}], "photos": {"count": 0, "groups": []}, "venuePage": {"id": "153544780"}}, "referralId": "e-0-569640e638fa9bd770a55c5a-4"}, {"reasons": {"count": 0, "items": [{"summary": "This spot is popular", "type": "general", "reasonName": "globalInteractionReason"}]}, "venue": {"id": "5767ce7c498ea13a7b667ef1", "name": "Corporate Photographer", "location": {"address": "22 Wenlock Road", "crossStreet": "Prestwood Street", "lat": 51.53094666438892, "lng": -0.09387731552124023, "labeledLatLngs": [{"label": "display", "lat": 51.53094666438892, "lng": -0.09387731552124023}], "distance": 280, "postalCode": "N1 7GU", "cc": "GB", "city": "London", "state": "Greater London", "country": "United Kingdom", "formattedAddress": ["22 Wenlock Road (Prestwood Street)", "London", "Greater London", "N1 7GU", "United Kingdom"]}, "categories": [{"id": "554a5e17498efabeda6cc559", "name": "Photography Studio", "pluralName": "Photography Studios", "shortName": "Photo Studio", "icon": {"prefix": "https://ss3.4sqi.net/img/categories_v2/shops/camerastore_", "suffix": ".png"}, "primary": true}], "photos": {"count": 0, "groups": []}, "venuePage": {"id": "204603224"}}, "referralId": "e-0-5767ce7c498ea13a7b667ef1-5"}, {"reasons": {"count": 0, "items": [{"summary": "This spot is popular", "type": "general", "reasonName": "globalInteractionReason"}]}, "venue": {"id": "5a041d2ca6031c7fcf5cddd1", "name": "The Life Mentor Ltd", "location": {"address": "20-22 Wenlock Rd", "lat": 51.5306412, "lng": -0.09363429999999999, "labeledLatLngs": [{"label": "display", "lat": 51.5306412, "lng": -0.09363429999999999}], "distance": 285, "postalCode": "N1 7GU", "cc": "GB", "city": "London", "state": "Greater London", "country": "United Kingdom", "formattedAddress": ["20-22 Wenlock Rd", "London", "Greater London", "N1 7GU", "United Kingdom"]}, "categories": [{"id": "5453de49498eade8af355881", "name": "Business Service", "pluralName": "Business Services", "shortName": "Business Services", "icon": {"prefix": "https://ss3.4sqi.net/img/categories_v2/building/default_", "suffix": ".png"}, "primary": true}], "photos": {"count": 0, "groups": []}, "venuePage": {"id": "459336272"}}, "referralId": "e-0-5a041d2ca6031c7fcf5cddd1-6"}, {"reasons": {"count": 0, "items": [{"summary": "This spot is popular", "type": "general", "reasonName": "globalInteractionReason"}]}, "venue": {"id": "5714d38e498eaa8b7aecba97", "name": "Tinrow Ltd", "location": {"address": "20-22 Wenlock Road", "lat": 51.53123032216442, "lng": -0.09402215480804443, "labeledLatLngs": [{"label": "display", "lat": 51.53123032216442, "lng": -0.09402215480804443}], "distance": 286, "postalCode": "N1 7GU", "cc": "GB", "city": "London", "state": "Greater London", "country": "United Kingdom", "formattedAddress": ["20-22 Wenlock Road", "London", "Greater London", "N1 7GU", "United Kingdom"]}, "categories": [{"id": "4bf58dd8d48988d103951735", "name": "Clothing Store", "pluralName": "Clothing Stores", "shortName": "Apparel", "icon": {"prefix": "https://ss3.4sqi.net/img/categories_v2/shops/apparel_", "suffix": ".png"}, "primary": true}], "photos": {"count": 0, "groups": []}}, "referralId": "e-0-5714d38e498eaa8b7aecba97-7"}, {"reasons": {"count": 0, "items": [{"summary": "This spot is popular", "type": "general", "reasonName": "globalInteractionReason"}]}, "venue": {"id": "57112f06498eabd0f4899752", "name": "Itablets", "location": {"address": "20-22 Wenlock Road", "lat": 51.5307062, "lng": -0.0936497, "labeledLatLngs": [{"label": "display", "lat": 51.5307062, "lng": -0.0936497}], "distance": 286, "postalCode": "N1 7GU", "cc": "GB", "city": "London", "state": "Greater London", "country": "United Kingdom", "formattedAddress": ["20-22 Wenlock Road", "London", "Greater London", "N1 7GU", "United Kingdom"]}, "categories": [{"id": "52f2ab2ebcbc57f1066b8b2f", "name": "Other Repair Shop", "pluralName": "Other Repair Shops", "shortName": "Other Repair", "icon": {"prefix": "https://ss3.4sqi.net/img/categories_v2/shops/default_", "suffix": ".png"}, "primary": true}], "photos": {"count": 0, "groups": []}, "venuePage": {"id": "182999621"}}, "referralId": "e-0-57112f06498eabd0f4899752-8"}, {"reasons": {"count": 0, "items": [{"summary": "This spot is popular", "type": "general", "reasonName": "globalInteractionReason"}]}, "venue": {"id": "581a6b4cd506b76766498d8f", "name": "BAY TRADING SOLUTIONS LTD", "location": {"address": "22 Wenlock Road", "lat": 51.5307062, "lng": -0.09364970000001449, "labeledLatLngs": [{"label": "display", "lat": 51.5307062, "lng": -0.09364970000001449}], "distance": 286, "postalCode": "N1 7GU", "cc": "GB", "city": "London", "state": "Greater London", "country": "United Kingdom", "formattedAddress": ["22 Wenlock Road", "London", "Greater London", "N1 7GU", "United Kingdom"]}, "categories": [{"id": "52f2ab2ebcbc57f1066b8b36", "name": "IT Services", "pluralName": "IT Services", "shortName": "IT Services", "icon": {"prefix": "https://ss3.4sqi.net/img/categories_v2/shops/technology_", "suffix": ".png"}, "primary": true}], "photos": {"count": 0, "groups": []}, "venuePage": {"id": "358055437"}}, "referralId": "e-0-581a6b4cd506b76766498d8f-9"}, {"reasons": {"count": 0, "items": [{"summary": "This spot is popular", "type": "general", "reasonName": "globalInteractionReason"}]}, "venue": {"id": "5f909e976fdafe4122882f35", "name": "Voiceover Profiles\u00ae", "location": {"address": "20-22 Wenlock Road", "lat": 51.5305766, "lng": -0.0935454, "labeledLatLngs": [{"label": "display", "lat": 51.5305766, "lng": -0.0935454}], "distance": 289, "postalCode": "N1 7GU", "cc": "GB", "city": "London", "state": "Greater London", "country": "United Kingdom", "formattedAddress": ["20-22 Wenlock Road", "London", "Greater London", "N1 7GU", "United Kingdom"]}, "categories": [{"id": "56aa371be4b08b9a8d573554", "name": "Entertainment Service", "pluralName": "Entertainment Services", "shortName": "Entertainment Service", "icon": {"prefix": "https://ss3.4sqi.net/img/categories_v2/arts_entertainment/default_", "suffix": ".png"}, "primary": true}], "photos": {"count": 0, "groups": []}, "venuePage": {"id": "591097816"}}, "referralId": "e-0-5f909e976fdafe4122882f35-10"}, {"reasons": {"count": 0, "items": [{"summary": "This spot is popular", "type": "general", "reasonName": "globalInteractionReason"}]}, "venue": {"id": "56feebb5498ee3bd31487133", "name": "Antonio Cuellar - Hotel & Resort Photographer", "location": {"address": "22 Wenlock Street", "lat": 51.53097279, "lng": -0.09377455, "labeledLatLngs": [{"label": "display", "lat": 51.53097279, "lng": -0.09377455}], "distance": 288, "postalCode": "N1 7GU", "cc": "GB", "city": "London", "state": "Greater London", "country": "United Kingdom", "formattedAddress": ["22 Wenlock Street", "London", "Greater London", "N1 7GU", "United Kingdom"]}, "categories": [{"id": "554a5e17498efabeda6cc559", "name": "Photography Studio", "pluralName": "Photography Studios", "shortName": "Photo Studio", "icon": {"prefix": "https://ss3.4sqi.net/img/categories_v2/shops/camerastore_", "suffix": ".png"}, "primary": true}], "photos": {"count": 0, "groups": []}, "venuePage": {"id": "565265299"}}, "referralId": "e-0-56feebb5498ee3bd31487133-11"}, {"reasons": {"count": 0, "items": [{"summary": "This spot is popular", "type": "general", "reasonName": "globalInteractionReason"}]}, "venue": {"id": "5fb6b918a834ca0a18a68a0f", "name": "Robotics Europe", "location": {"address": "20-22 Wenlock Road", "lat": 51.5305766, "lng": -0.0935454, "labeledLatLngs": [{"label": "display", "lat": 51.5305766, "lng": -0.0935454}], "distance": 289, "postalCode": "N1 7GU", "cc": "GB", "city": "London", "state": "Greater London", "country": "United Kingdom", "formattedAddress": ["20-22 Wenlock Road", "London", "Greater London", "N1 7GU", "United Kingdom"]}, "categories": [{"id": "52f2ab2ebcbc57f1066b8b36", "name": "IT Services", "pluralName": "IT Services", "shortName": "IT Services", "icon": {"prefix": "https://ss3.4sqi.net/img/categories_v2/shops/technology_", "suffix": ".png"}, "primary": true}], "photos": {"count": 0, "groups": []}}, "referralId": "e-0-5fb6b918a834ca0a18a68a0f-12"}, {"reasons": {"count": 0, "items": [{"summary": "This spot is popular", "type": "general", "reasonName": "globalInteractionReason"}]}, "venue": {"id": "5d2d429f53331f0023520b9c", "name": "Equine Surfacing Ltd", "location": {"address": "20-22 Wenlock Rd", "lat": 51.5305766, "lng": -0.09354540000000001, "labeledLatLngs": [{"label": "display", "lat": 51.5305766, "lng": -0.09354540000000001}], "distance": 289, "postalCode": "N1 7GU", "cc": "GB", "city": "London", "state": "Greater London", "country": "United Kingdom", "formattedAddress": ["20-22 Wenlock Rd", "London", "Greater London", "N1 7GU", "United Kingdom"]}, "categories": [{"id": "5454144b498ec1f095bff2f2", "name": "Construction & Landscaping", "pluralName": "Construction & Landscaping", "shortName": "Construction", "icon": {"prefix": "https://ss3.4sqi.net/img/categories_v2/shops/realestate_", "suffix": ".png"}, "primary": true}], "photos": {"count": 0, "groups": []}, "venuePage": {"id": "552076640"}}, "referralId": "e-0-5d2d429f53331f0023520b9c-13"}, {"reasons": {"count": 0, "items": [{"summary": "This spot is popular", "type": "general", "reasonName": "globalInteractionReason"}]}, "venue": {"id": "5b191ce2fc9e94002c4b31d2", "name": "Boiler Medics", "location": {"address": "74 North Rd", "lat": 51.5305672, "lng": -0.09353469999996378, "labeledLatLngs": [{"label": "display", "lat": 51.5305672, "lng": -0.09353469999996378}], "distance": 289, "postalCode": "DA1 3NB", "cc": "GB", "city": "Kent", "state": "Kent", "country": "United Kingdom", "formattedAddress": ["74 North Rd", "Kent", "DA1 3NB", "United Kingdom"]}, "categories": [{"id": "545419b1498ea6ccd0202f58", "name": "Home Service", "pluralName": "Home Services & Repairs", "shortName": "Home Services", "icon": {"prefix": "https://ss3.4sqi.net/img/categories_v2/shops/hardware_", "suffix": ".png"}, "primary": true}], "photos": {"count": 0, "groups": []}, "venuePage": {"id": "496936945"}}, "referralId": "e-0-5b191ce2fc9e94002c4b31d2-14"}, {"reasons": {"count": 0, "items": [{"summary": "This spot is popular", "type": "general", "reasonName": "globalInteractionReason"}]}, "venue": {"id": "4c766d9cc11e199c73765048", "name": "Dogs Trust", "location": {"address": "17 Wakley Street", "lat": 51.53039852250767, "lng": -0.10206067355659325, "labeledLatLngs": [{"label": "display", "lat": 51.53039852250767, "lng": -0.10206067355659325}], "distance": 313, "postalCode": "7RQ", "cc": "GB", "city": "London", "country": "United Kingdom", "formattedAddress": ["17 Wakley Street", "London", " 7RQ", "United Kingdom"]}, "categories": [{"id": "4bf58dd8d48988d100951735", "name": "Pet Store", "pluralName": "Pet Stores", "shortName": "Pet Store", "icon": {"prefix": "https://ss3.4sqi.net/img/categories_v2/shops/pet_store_", "suffix": ".png"}, "primary": true}], "photos": {"count": 0, "groups": []}}, "referralId": "e-0-4c766d9cc11e199c73765048-15"}, {"reasons": {"count": 0, "items": [{"summary": "This spot is popular", "type": "general", "reasonName": "globalInteractionReason"}]}, "venue": {"id": "57add596cd10f22b863c36d7", "name": "ByNina", "location": {"address": "Apartment 1, 10 Baldwin Terrace", "lat": 51.53281543602144, "lng": -0.0963127613067627, "labeledLatLngs": [{"label": "display", "lat": 51.53281543602144, "lng": -0.0963127613067627}], "distance": 333, "postalCode": "N1 7RU", "cc": "GB", "city": "London", "state": "Greater London", "country": "United Kingdom", "formattedAddress": ["Apartment 1, 10 Baldwin Terrace", "London", "Greater London", "N1 7RU", "United Kingdom"]}, "categories": [{"id": "5453de49498eade8af355881", "name": "Business Service", "pluralName": "Business Services", "shortName": "Business Services", "icon": {"prefix": "https://ss3.4sqi.net/img/categories_v2/building/default_", "suffix": ".png"}, "primary": true}], "photos": {"count": 0, "groups": []}, "venuePage": {"id": "337971441"}}, "referralId": "e-0-57add596cd10f22b863c36d7-16"}, {"reasons": {"count": 0, "items": [{"summary": "This spot is popular", "type": "general", "reasonName": "globalInteractionReason"}]}, "venue": {"id": "57e15285498e3d676a10aa57", "name": "Alchemy Wings", "location": {"address": "Wenlock Road", "lat": 51.531507303933786, "lng": -0.0928044319152832, "labeledLatLngs": [{"label": "display", "lat": 51.531507303933786, "lng": -0.0928044319152832}], "distance": 375, "postalCode": "N1 7GU", "cc": "GB", "city": "London", "state": "Greater London", "country": "United Kingdom", "formattedAddress": ["Wenlock Road", "London", "Greater London", "N1 7GU", "United Kingdom"]}, "categories": [{"id": "4bf58dd8d48988d1f9941735", "name": "Food & Drink Shop", "pluralName": "Food & Drink Shops", "shortName": "Food & Drink", "icon": {"prefix": "https://ss3.4sqi.net/img/categories_v2/shops/foodanddrink_", "suffix": ".png"}, "primary": true}], "photos": {"count": 0, "groups": []}, "venuePage": {"id": "372396194"}}, "referralId": "e-0-57e15285498e3d676a10aa57-17"}, {"reasons": {"count": 0, "items": [{"summary": "This spot is popular", "type": "general", "reasonName": "globalInteractionReason"}]}, "venue": {"id": "57b851fe498e486943cc8f06", "name": "Dals Interiors", "location": {"address": "3 Wenlock Road", "lat": 51.53080869999999, "lng": -0.09405849999996008, "labeledLatLngs": [{"label": "display", "lat": 51.53080869999999, "lng": -0.09405849999996008}], "distance": 263, "postalCode": "N1 7FA", "cc": "GB", "city": "London", "state": "Greater London", "country": "United Kingdom", "formattedAddress": ["3 Wenlock Road", "London", "Greater London", "N1 7FA", "United Kingdom"]}, "categories": [{"id": "4bf58dd8d48988d1f8941735", "name": "Furniture / Home Store", "pluralName": "Furniture / Home Stores", "shortName": "Furniture / Home", "icon": {"prefix": "https://ss3.4sqi.net/img/categories_v2/shops/furniture_", "suffix": ".png"}, "primary": true}], "photos": {"count": 0, "groups": []}, "venuePage": {"id": "327554586"}}, "referralId": "e-0-57b851fe498e486943cc8f06-18"}, {"reasons": {"count": 0, "items": [{"summary": "This spot is popular", "type": "general", "reasonName": "globalInteractionReason"}]}, "venue": {"id": "5b177f2ef62f2b002ce3fe95", "name": "Crate Hire UK", "location": {"address": "20-22 Wenlock Road", "lat": 51.53061962146594, "lng": -0.09382367134094238, "labeledLatLngs": [{"label": "display", "lat": 51.53061962146594, "lng": -0.09382367134094238}], "distance": 271, "postalCode": "N1 7GU", "cc": "GB", "city": "London", "state": "Greater London", "country": "United Kingdom", "formattedAddress": ["20-22 Wenlock Road", "London", "Greater London", "N1 7GU", "United Kingdom"]}, "categories": [{"id": "56aa371be4b08b9a8d573552", "name": "Rental Service", "pluralName": "Rental Services", "shortName": "Rental Service", "icon": {"prefix": "https://ss3.4sqi.net/img/categories_v2/shops/default_", "suffix": ".png"}, "primary": true}], "photos": {"count": 0, "groups": []}, "venuePage": {"id": "499679472"}}, "referralId": "e-0-5b177f2ef62f2b002ce3fe95-19"}, {"reasons": {"count": 0, "items": [{"summary": "This spot is popular", "type": "general", "reasonName": "globalInteractionReason"}]}, "venue": {"id": "57ddc537498ee2e75014efa2", "name": "Londonkey24 Ltd", "location": {"address": "20-22 Wenlock Road", "lat": 51.53070700000001, "lng": -0.09365230000003066, "labeledLatLngs": [{"label": "display", "lat": 51.53070700000001, "lng": -0.09365230000003066}], "distance": 286, "postalCode": "N1 7GU", "cc": "GB", "city": "London", "state": "Greater London", "country": "United Kingdom", "formattedAddress": ["20-22 Wenlock Road", "London", "Greater London", "N1 7GU", "United Kingdom"]}, "categories": [{"id": "52f2ab2ebcbc57f1066b8b1e", "name": "Locksmith", "pluralName": "Locksmiths", "shortName": "Locksmith", "icon": {"prefix": "https://ss3.4sqi.net/img/categories_v2/shops/default_", "suffix": ".png"}, "primary": true}], "photos": {"count": 0, "groups": []}, "venuePage": {"id": "346945777"}}, "referralId": "e-0-57ddc537498ee2e75014efa2-20"}, {"reasons": {"count": 0, "items": [{"summary": "This spot is popular", "type": "general", "reasonName": "globalInteractionReason"}]}, "venue": {"id": "58d13595cf445119f8cbf0c8", "name": "Javo Consultancy Ltd", "location": {"address": "20-22 Wenlock Rd, 20-22, Wenlock Rd", "lat": 51.530709, "lng": -0.093632, "labeledLatLngs": [{"label": "display", "lat": 51.530709, "lng": -0.093632}], "distance": 287, "postalCode": "N1 7GU", "cc": "GB", "city": "London", "state": "Greater London", "country": "United Kingdom", "formattedAddress": ["20-22 Wenlock Rd, 20-22, Wenlock Rd", "London", "Greater London", "N1 7GU", "United Kingdom"]}, "categories": [{"id": "5453de49498eade8af355881", "name": "Business Service", "pluralName": "Business Services", "shortName": "Business Services", "icon": {"prefix": "https://ss3.4sqi.net/img/categories_v2/building/default_", "suffix": ".png"}, "primary": true}], "photos": {"count": 0, "groups": []}, "venuePage": {"id": "455185317"}}, "referralId": "e-0-58d13595cf445119f8cbf0c8-21"}, {"reasons": {"count": 0, "items": [{"summary": "This spot is popular", "type": "general", "reasonName": "globalInteractionReason"}]}, "venue": {"id": "5f86c82110a3544f9519f753", "name": "HomeGrown CBD", "location": {"address": "20-22 Wenlock Road", "lat": 51.5305766, "lng": -0.0935454, "labeledLatLngs": [{"label": "display", "lat": 51.5305766, "lng": -0.0935454}], "distance": 289, "postalCode": "N1 7GU", "cc": "GB", "city": "London", "state": "Greater London", "country": "United Kingdom", "formattedAddress": ["20-22 Wenlock Road", "London", "Greater London", "N1 7GU", "United Kingdom"]}, "categories": [{"id": "54541900498ea6ccd0202697", "name": "Health & Beauty Service", "pluralName": "Health & Beauty Services", "shortName": "Health & Beauty", "icon": {"prefix": "https://ss3.4sqi.net/img/categories_v2/shops/salon_barber_", "suffix": ".png"}, "primary": true}], "photos": {"count": 0, "groups": []}, "venuePage": {"id": "594587666"}}, "referralId": "e-0-5f86c82110a3544f9519f753-22"}, {"reasons": {"count": 0, "items": [{"summary": "This spot is popular", "type": "general", "reasonName": "globalInteractionReason"}]}, "venue": {"id": "5a53761e61e53b445b64a7a9", "name": "MoCh\u00edc Events", "location": {"address": "Kemp House", "lat": 51.5306325, "lng": -0.09356960000002346, "labeledLatLngs": [{"label": "display", "lat": 51.5306325, "lng": -0.09356960000002346}], "distance": 289, "postalCode": "EC1V 2NX", "cc": "GB", "city": "London", "state": "Greater London", "country": "United Kingdom", "formattedAddress": ["Kemp House", "London", "Greater London", "EC1V 2NX", "United Kingdom"]}, "categories": [{"id": "5453de49498eade8af355881", "name": "Business Service", "pluralName": "Business Services", "shortName": "Business Services", "icon": {"prefix": "https://ss3.4sqi.net/img/categories_v2/building/default_", "suffix": ".png"}, "primary": true}], "photos": {"count": 0, "groups": []}, "venuePage": {"id": "477655340"}}, "referralId": "e-0-5a53761e61e53b445b64a7a9-23"}, {"reasons": {"count": 0, "items": [{"summary": "This spot is popular", "type": "general", "reasonName": "globalInteractionReason"}]}, "venue": {"id": "5ed841bcdf4d490008975ceb", "name": "Rebox HR", "location": {"address": "20-22 Wenlock Road,", "lat": 51.5305766, "lng": -0.09354540000000001, "labeledLatLngs": [{"label": "display", "lat": 51.5305766, "lng": -0.09354540000000001}], "distance": 289, "postalCode": "N17", "cc": "GB", "city": "London", "state": "Greater London", "country": "United Kingdom", "formattedAddress": ["20-22 Wenlock Road,", "London", "Greater London", "N17", "United Kingdom"]}, "categories": [{"id": "5453de49498eade8af355881", "name": "Business Service", "pluralName": "Business Services", "shortName": "Business Services", "icon": {"prefix": "https://ss3.4sqi.net/img/categories_v2/building/default_", "suffix": ".png"}, "primary": true}], "photos": {"count": 0, "groups": []}, "venuePage": {"id": "587531129"}}, "referralId": "e-0-5ed841bcdf4d490008975ceb-24"}, {"reasons": {"count": 0, "items": [{"summary": "This spot is popular", "type": "general", "reasonName": "globalInteractionReason"}]}, "venue": {"id": "5a33ae6a58002c339cd3deb8", "name": "Builders4UK Ltd", "location": {"address": "20-22 Wenlock Rd", "lat": 51.5306325, "lng": -0.09356959999999999, "labeledLatLngs": [{"label": "display", "lat": 51.5306325, "lng": -0.09356959999999999}], "distance": 289, "postalCode": "N1 7GU", "cc": "GB", "city": "London", "state": "Greater London", "country": "United Kingdom", "formattedAddress": ["20-22 Wenlock Rd", "London", "Greater London", "N1 7GU", "United Kingdom"]}, "categories": [{"id": "4bf58dd8d48988d1f8941735", "name": "Furniture / Home Store", "pluralName": "Furniture / Home Stores", "shortName": "Furniture / Home", "icon": {"prefix": "https://ss3.4sqi.net/img/categories_v2/shops/furniture_", "suffix": ".png"}, "primary": true}], "photos": {"count": 0, "groups": []}, "venuePage": {"id": "470021279"}}, "referralId": "e-0-5a33ae6a58002c339cd3deb8-25"}, {"reasons": {"count": 0, "items": [{"summary": "This spot is popular", "type": "general", "reasonName": "globalInteractionReason"}]}, "venue": {"id": "5e71e449d5dbc10007f10d2e", "name": "Cousins Contract Cleaners Ltd", "location": {"address": "20-22 Wenlock Rd", "lat": 51.5305766, "lng": -0.09354540000000001, "labeledLatLngs": [{"label": "display", "lat": 51.5305766, "lng": -0.09354540000000001}], "distance": 289, "postalCode": "N1 7GU", "cc": "GB", "city": "London", "state": "Greater London", "country": "United Kingdom", "formattedAddress": ["20-22 Wenlock Rd", "London", "Greater London", "N1 7GU", "United Kingdom"]}, "categories": [{"id": "545419b1498ea6ccd0202f58", "name": "Home Service", "pluralName": "Home Services & Repairs", "shortName": "Home Services", "icon": {"prefix": "https://ss3.4sqi.net/img/categories_v2/shops/hardware_", "suffix": ".png"}, "primary": true}], "photos": {"count": 0, "groups": []}}, "referralId": "e-0-5e71e449d5dbc10007f10d2e-26"}, {"reasons": {"count": 0, "items": [{"summary": "This spot is popular", "type": "general", "reasonName": "globalInteractionReason"}]}, "venue": {"id": "5614aa34498ebeb41b386ef8", "name": "MKW Surfaces", "location": {"address": "20-22 Wenlock Rd", "lat": 51.5305766, "lng": -0.09354540000000001, "labeledLatLngs": [{"label": "display", "lat": 51.5305766, "lng": -0.09354540000000001}], "distance": 289, "postalCode": "N1 7GU", "cc": "GB", "city": "London", "state": "Greater London", "country": "United Kingdom", "formattedAddress": ["20-22 Wenlock Rd", "London", "Greater London", "N1 7GU", "United Kingdom"]}, "categories": [{"id": "5454144b498ec1f095bff2f2", "name": "Construction & Landscaping", "pluralName": "Construction & Landscaping", "shortName": "Construction", "icon": {"prefix": "https://ss3.4sqi.net/img/categories_v2/shops/realestate_", "suffix": ".png"}, "primary": true}], "photos": {"count": 0, "groups": []}, "venuePage": {"id": "142195368"}}, "referralId": "e-0-5614aa34498ebeb41b386ef8-27"}, {"reasons": {"count": 0, "items": [{"summary": "This spot is popular", "type": "general", "reasonName": "globalInteractionReason"}]}, "venue": {"id": "5a27f64adb1d8132155099c4", "name": "RAW Copenhagen", "location": {"address": "22 Wenlock Rd", "lat": 51.5306325, "lng": -0.09356960000002346, "labeledLatLngs": [{"label": "display", "lat": 51.5306325, "lng": -0.09356960000002346}], "distance": 289, "postalCode": "N1 7TA", "cc": "GB", "city": "London", "state": "Greater London", "country": "United Kingdom", "formattedAddress": ["22 Wenlock Rd", "London", "Greater London", "N1 7TA", "United Kingdom"]}, "categories": [{"id": "4bf58dd8d48988d111951735", "name": "Jewelry Store", "pluralName": "Jewelry Stores", "shortName": "Jewelry", "icon": {"prefix": "https://ss3.4sqi.net/img/categories_v2/shops/jewelry_", "suffix": ".png"}, "primary": true}], "photos": {"count": 0, "groups": []}, "venuePage": {"id": "466471626"}}, "referralId": "e-0-5a27f64adb1d8132155099c4-28"}, {"reasons": {"count": 0, "items": [{"summary": "This spot is popular", "type": "general", "reasonName": "globalInteractionReason"}]}, "venue": {"id": "573d86af498eb4561525f618", "name": "Growth Performance Ltd.", "location": {"address": "22 Wenlock Rd", "lat": 51.53143739999999, "lng": -0.0941122000000405, "labeledLatLngs": [{"label": "display", "lat": 51.53143739999999, "lng": -0.0941122000000405}], "distance": 293, "postalCode": "N1 7TA", "cc": "GB", "city": "London", "state": "Greater London", "country": "United Kingdom", "formattedAddress": ["22 Wenlock Rd", "London", "Greater London", "N1 7TA", "United Kingdom"]}, "categories": [{"id": "5453de49498eade8af355881", "name": "Business Service", "pluralName": "Business Services", "shortName": "Business Services", "icon": {"prefix": "https://ss3.4sqi.net/img/categories_v2/building/default_", "suffix": ".png"}, "primary": true}], "photos": {"count": 0, "groups": []}, "venuePage": {"id": "190755184"}}, "referralId": "e-0-573d86af498eb4561525f618-29"}, {"reasons": {"count": 0, "items": [{"summary": "This spot is popular", "type": "general", "reasonName": "globalInteractionReason"}]}, "venue": {"id": "55943b5d498e911af5f5cac7", "name": "SELFFASHION", "location": {"address": "22 Wenlock Rd", "lat": 51.53143739999999, "lng": -0.0941122000000405, "labeledLatLngs": [{"label": "display", "lat": 51.53143739999999, "lng": -0.0941122000000405}], "distance": 293, "postalCode": "N1 7GU", "cc": "GB", "city": "London", "state": "Greater London", "country": "United Kingdom", "formattedAddress": ["22 Wenlock Rd", "London", "Greater London", "N1 7GU", "United Kingdom"]}, "categories": [{"id": "4bf58dd8d48988d103951735", "name": "Clothing Store", "pluralName": "Clothing Stores", "shortName": "Apparel", "icon": {"prefix": "https://ss3.4sqi.net/img/categories_v2/shops/apparel_", "suffix": ".png"}, "primary": true}], "photos": {"count": 0, "groups": []}, "venuePage": {"id": "150520309"}}, "referralId": "e-0-55943b5d498e911af5f5cac7-30"}, {"reasons": {"count": 0, "items": [{"summary": "This spot is popular", "type": "general", "reasonName": "globalInteractionReason"}]}, "venue": {"id": "587cbd407b88a705ebf2beb1", "name": "The Shred Centre", "location": {"address": "20-22 Wenlock Road", "lat": 51.531437, "lng": -0.094112, "labeledLatLngs": [{"label": "display", "lat": 51.531437, "lng": -0.094112}], "distance": 293, "postalCode": "N1 7GU", "cc": "GB", "city": "London", "state": "Greater London", "country": "United Kingdom", "formattedAddress": ["20-22 Wenlock Road", "London", "Greater London", "N1 7GU", "United Kingdom"]}, "categories": [{"id": "4bf58dd8d48988d121951735", "name": "Paper / Office Supplies Store", "pluralName": "Paper / Office Supplies Stores", "shortName": "Office Supplies", "icon": {"prefix": "https://ss3.4sqi.net/img/categories_v2/shops/papergoods_", "suffix": ".png"}, "primary": true}], "photos": {"count": 0, "groups": []}, "venuePage": {"id": "395445983"}}, "referralId": "e-0-587cbd407b88a705ebf2beb1-31"}, {"reasons": {"count": 0, "items": [{"summary": "This spot is popular", "type": "general", "reasonName": "globalInteractionReason"}]}, "venue": {"id": "5733c1ca498e6afe65ff472d", "name": "Siren Organics Ltd", "location": {"address": "Wenlock Road", "lat": 51.531453909988855, "lng": -0.09411334991455078, "labeledLatLngs": [{"label": "display", "lat": 51.531453909988855, "lng": -0.09411334991455078}], "distance": 294, "postalCode": "N1 7GU", "cc": "GB", "city": "London", "state": "Greater London", "country": "United Kingdom", "formattedAddress": ["Wenlock Road", "London", "Greater London", "N1 7GU", "United Kingdom"]}, "categories": [{"id": "54541900498ea6ccd0202697", "name": "Health & Beauty Service", "pluralName": "Health & Beauty Services", "shortName": "Health & Beauty", "icon": {"prefix": "https://ss3.4sqi.net/img/categories_v2/shops/salon_barber_", "suffix": ".png"}, "primary": true}], "photos": {"count": 0, "groups": []}, "venuePage": {"id": "188833277"}}, "referralId": "e-0-5733c1ca498e6afe65ff472d-32"}, {"reasons": {"count": 0, "items": [{"summary": "This spot is popular", "type": "general", "reasonName": "globalInteractionReason"}]}, "venue": {"id": "5536aa5a498e827120416b74", "name": "E-Liquid UK Store", "location": {"address": "20-22 Wenlock Road", "lat": 51.53168083382218, "lng": -0.09394168853759766, "labeledLatLngs": [{"label": "display", "lat": 51.53168083382218, "lng": -0.09394168853759766}], "distance": 319, "postalCode": "N1 7GU", "cc": "GB", "neighborhood": "Islington", "city": "London", "state": "Greater London", "country": "United Kingdom", "formattedAddress": ["20-22 Wenlock Road", "London", "Greater London", "N1 7GU", "United Kingdom"]}, "categories": [{"id": "4bf58dd8d48988d123951735", "name": "Smoke Shop", "pluralName": "Smoke Shops", "shortName": "Smoke Shop", "icon": {"prefix": "https://ss3.4sqi.net/img/categories_v2/shops/tobacco_", "suffix": ".png"}, "primary": true}], "photos": {"count": 0, "groups": []}, "venuePage": {"id": "126483628"}}, "referralId": "e-0-5536aa5a498e827120416b74-33"}, {"reasons": {"count": 0, "items": [{"summary": "This spot is popular", "type": "general", "reasonName": "globalInteractionReason"}]}, "venue": {"id": "5a2085b0ee628b05b304fb03", "name": "Truly-Natural.co.uk", "location": {"address": "20-22 Wenlock Road", "lat": 51.53070638818468, "lng": -0.09278297424316405, "labeledLatLngs": [{"label": "display", "lat": 51.53070638818468, "lng": -0.09278297424316405}], "distance": 343, "postalCode": "N1 7GU", "cc": "GB", "city": "London", "state": "Greater London", "country": "United Kingdom", "formattedAddress": ["20-22 Wenlock Road", "London", "Greater London", "N1 7GU", "United Kingdom"]}, "categories": [{"id": "50aa9e744b90af0d42d5de0e", "name": "Health Food Store", "pluralName": "Health Food Stores", "shortName": "Health Food Store", "icon": {"prefix": "https://ss3.4sqi.net/img/categories_v2/shops/food_grocery_", "suffix": ".png"}, "primary": true}], "photos": {"count": 0, "groups": []}, "venuePage": {"id": "464938418"}}, "referralId": "e-0-5a2085b0ee628b05b304fb03-34"}, {"reasons": {"count": 0, "items": [{"summary": "This spot is popular", "type": "general", "reasonName": "globalInteractionReason"}]}, "venue": {"id": "594045fa1108ba749b0b89cc", "name": "Siam Breeze Massage and Spa", "location": {"address": "332 Goswell Road", "lat": 51.530298, "lng": -0.103025, "labeledLatLngs": [{"label": "display", "lat": 51.530298, "lng": -0.103025}], "distance": 378, "postalCode": "EC1V 7LQ", "cc": "GB", "city": "London", "state": "Greater London", "country": "United Kingdom", "formattedAddress": ["332 Goswell Road", "London", "Greater London", "EC1V 7LQ", "United Kingdom"]}, "categories": [{"id": "52f2ab2ebcbc57f1066b8b3c", "name": "Massage Studio", "pluralName": "Massage Studios", "shortName": "Massage Studio", "icon": {"prefix": "https://ss3.4sqi.net/img/categories_v2/shops/spa_", "suffix": ".png"}, "primary": true}], "photos": {"count": 0, "groups": []}}, "referralId": "e-0-594045fa1108ba749b0b89cc-35"}, {"reasons": {"count": 0, "items": [{"summary": "This spot is popular", "type": "general", "reasonName": "globalInteractionReason"}]}, "venue": {"id": "541c452c498e9895756387f2", "name": "From the 3rd story productions", "location": {"address": "suite 18952 20-22 Wenlock Road", "crossStreet": "18 St. Cross Street", "lat": 51.5328688283694, "lng": -0.0948643684387207, "labeledLatLngs": [{"label": "display", "lat": 51.5328688283694, "lng": -0.0948643684387207}], "distance": 377, "postalCode": "EC1N 8UN", "cc": "GB", "city": "London", "state": "Greater London", "country": "United Kingdom", "formattedAddress": ["suite 18952 20-22 Wenlock Road (18 St. Cross Street)", "London", "Greater London", "EC1N 8UN", "United Kingdom"]}, "categories": [{"id": "56aa371be4b08b9a8d573523", "name": "Film Studio", "pluralName": "Film Studios", "shortName": "Film Studio", "icon": {"prefix": "https://ss3.4sqi.net/img/categories_v2/arts_entertainment/movietheater_", "suffix": ".png"}, "primary": true}], "photos": {"count": 0, "groups": []}, "venuePage": {"id": "143005490"}}, "referralId": "e-0-541c452c498e9895756387f2-36"}, {"reasons": {"count": 0, "items": [{"summary": "This spot is popular", "type": "general", "reasonName": "globalInteractionReason"}]}, "venue": {"id": "5de83e6bbd5e3b0008451b66", "name": "AUSTIN BODD", "location": {"address": "20-23 Wenlock Road", "lat": 51.531527326646945, "lng": -0.09242355823516846, "labeledLatLngs": [{"label": "display", "lat": 51.531527326646945, "lng": -0.09242355823516846}], "distance": 399, "postalCode": "N1 7GU", "cc": "GB", "city": "London", "state": "Greater London", "country": "United Kingdom", "formattedAddress": ["20-23 Wenlock Road", "London", "Greater London", "N1 7GU", "United Kingdom"]}, "categories": [{"id": "4bf58dd8d48988d103951735", "name": "Clothing Store", "pluralName": "Clothing Stores", "shortName": "Apparel", "icon": {"prefix": "https://ss3.4sqi.net/img/categories_v2/shops/apparel_", "suffix": ".png"}, "primary": true}], "photos": {"count": 0, "groups": []}, "venuePage": {"id": "570291932"}}, "referralId": "e-0-5de83e6bbd5e3b0008451b66-37"}]}]}}