{"meta": {"code": 200, "requestId": "5fedd9fc1539512b525b93d0"}, "response": {"suggestedFilters": {"header": "Tap to show:", "filters": [{"name": "Open now", "key": "openNow"}]}, "headerLocation": "London Fields", "headerFullLocation": "London Fields, London", "headerLocationGranularity": "neighborhood", "query": "food", "totalResults": 32, "suggestedBounds": {"ne": {"lat": 51.54303600360001, "lng": -0.05193279482325642}, "sw": {"lat": 51.535835996399996, "lng": -0.06348720517674358}}, "groups": [{"type": "Recommended Places", "name": "recommended", "items": [{"reasons": {"count": 0, "items": [{"summary": "This spot is popular", "type": "general", "reasonName": "globalInteractionReason"}]}, "venue": {"id": "4d875f6802eb5481092269f5", "name": "E5 Bakehouse", "location": {"address": "Arch 395, Mentmore Terrace", "lat": 51.54122413221724, "lng": -0.0574957616003129, "labeledLatLngs": [{"label": "display", "lat": 51.54122413221724, "lng": -0.0574957616003129}], "distance": 199, "postalCode": "E8 3PH", "cc": "GB", "city": "London", "state": "Greater London", "country": "United Kingdom", "formattedAddress": ["Arch 395, Mentmore Terrace", "London", "Greater London", "E8 3PH", "United Kingdom"]}, "categories": [{"id": "4bf58dd8d48988d16a941735", "name": "Bakery", "pluralName": "Bakeries", "shortName": "Bakery", "icon": {"prefix": "https://ss3.4sqi.net/img/categories_v2/food/bakery_", "suffix": ".png"}, "primary": true}], "photos": {"count": 0, "groups": []}}, "referralId": "e-0-4d875f6802eb5481092269f5-0"}, {"reasons": {"count": 0, "items": [{"summary": "This spot is popular", "type": "general", "reasonName": "globalInteractionReason"}]}, "venue": {"id": "5516b59c498edbf627f14745", "name": "Yeast Bakery", "location": {"address": "Arch 356, Westgate Street", "lat": 51.53770447473657, "lng": -0.058441203856128346, "labeledLatLngs": [{"label": "display", "lat": 51.53770447473657, "lng": -0.058441203856128346}], "distance": 199, "postalCode": "E8 3RL", "cc": "GB", "city": "London", "state": "Greater London", "country": "United Kingdom", "formattedAddress": ["Arch 356, Westgate Street", "London", "Greater London", "E8 3RL", "United Kingdom"]}, "categories": [{"id": "4bf58dd8d48988d16a941735", "name": "Bakery", "pluralName": "Bakeries", "shortName": "Bakery", "icon": {"prefix": "https://ss3.4sqi.net/img/categories_v2/food/bakery_", "suffix": ".png"}, "primary": true}], "photos": {"count": 0, "groups": []}}, "referralId": "e-0-5516b59c498edbf627f14745-1"}, {"reasons": {"count": 0, "items": [{"summary": "This spot is popular", "type": "general", "reasonName": "globalInteractionReason"}]}, "venue": {"id": "57542065498e0f8338788031", "name": "The Bread Station", "location": {"address": "Arch 373 Hemsley Place", "lat": 51.539524772402025, "lng": -0.058328805918855794, "labeledLatLngs": [{"label": "display", "lat": 51.539524772402025, "lng": -0.058328805918855794}], "distance": 43, "postalCode": "E8 3SB", "cc": "GB", "country": "United Kingdom", "formattedAddress": ["Arch 373 Hemsley Place", "E8 3SB", "United Kingdom"]}, "categories": [{"id": "4bf58dd8d48988d16a941735", "name": "Bakery", "pluralName": "Bakeries", "shortName": "Bakery", "icon": {"prefix": "https://ss3.4sqi.net/img/categories_v2/food/bakery_", "suffix": ".png"}, "primary": true}], "photos": {"count": 0, "groups": []}}, "referralId": "e-0-57542065498e0f8338788031-2"}, {"reasons": {"count": 0, "items": [{"summary": "This spot is popular", "type": "general", "reasonName": "globalInteractionReason"}]}, "venue": {"id": "4ad10e6ff964a52054dc20e3", "name": "Green Papaya", "location": {"address": "191 Mare St", "crossStreet": "London Lane & Lamb Lane", "lat": 51.54044180548767, "lng": -0.05551667588396879, "labeledLatLngs": [{"label": "display", "lat": 51.54044180548767, "lng": -0.05551667588396879}], "distance": 188, "postalCode": "E8 3QE", "cc": "GB", "city": "Hackney", "state": "Greater London", "country": "United Kingdom", "formattedAddress": ["191 Mare St (London Lane & Lamb Lane)", "Hackney", "Greater London", "E8 3QE", "United Kingdom"]}, "categories": [{"id": "4bf58dd8d48988d14a941735", "name": "Vietnamese Restaurant", "pluralName": "Vietnamese Restaurants", "shortName": "Vietnamese", "icon": {"prefix": "https://ss3.4sqi.net/img/categories_v2/food/vietnamese_", "suffix": ".png"}, "primary": true}], "photos": {"count": 0, "groups": []}}, "referralId": "e-0-4ad10e6ff964a52054dc20e3-3"}, {"reasons": {"count": 0, "items": [{"summary": "This spot is popular", "type": "general", "reasonName": "globalInteractionReason"}]}, "venue": {"id": "5abb43d623a2e65e707d45a2", "name": "Mare Street Market", "location": {"address": "115 Mare St", "lat": 51.5377575565394, "lng": -0.05724233441486401, "labeledLatLngs": [{"label": "display", "lat": 51.5377575565394, "lng": -0.05724233441486401}], "distance": 189, "postalCode": "E8 4RT", "cc": "GB", "neighborhood": "London Fields", "city": "London", "state": "Greater London", "country": "United Kingdom", "formattedAddress": ["115 Mare St", "London", "Greater London", "E8 4RT", "United Kingdom"]}, "categories": [{"id": "4bf58dd8d48988d120951735", "name": "Food Court", "pluralName": "Food Courts", "shortName": "Food Court", "icon": {"prefix": "https://ss3.4sqi.net/img/categories_v2/shops/food_foodcourt_", "suffix": ".png"}, "primary": true}], "photos": {"count": 0, "groups": []}}, "referralId": "e-0-5abb43d623a2e65e707d45a2-4"}, {"reasons": {"count": 0, "items": [{"summary": "This spot is popular", "type": "general", "reasonName": "globalInteractionReason"}]}, "venue": {"id": "5abba954491be74b78bfb975", "name": "Bright", "location": {"address": "1 Westgate St", "lat": 51.537800319385646, "lng": -0.05750681856026881, "labeledLatLngs": [{"label": "display", "lat": 51.537800319385646, "lng": -0.05750681856026881}], "distance": 182, "postalCode": "E8 3RL", "cc": "GB", "city": "London", "state": "Greater London", "country": "United Kingdom", "formattedAddress": ["1 Westgate St", "London", "Greater London", "E8 3RL", "United Kingdom"]}, "categories": [{"id": "4bf58dd8d48988d1c4941735", "name": "Restaurant", "pluralName": "Restaurants", "shortName": "Restaurant", "icon": {"prefix": "https://ss3.4sqi.net/img/categories_v2/food/default_", "suffix": ".png"}, "primary": true}], "photos": {"count": 0, "groups": []}}, "referralId": "e-0-5abba954491be74b78bfb975-5"}, {"reasons": {"count": 0, "items": [{"summary": "This spot is popular", "type": "general", "reasonName": "globalInteractionReason"}]}, "venue": {"id": "51eab4c8498efab8dc7b3b60", "name": "BAO Bar", "location": {"address": "Netil Market, 23 Westgate St", "lat": 51.53756460379343, "lng": -0.058823667038020035, "labeledLatLngs": [{"label": "display", "lat": 51.53756460379343, "lng": -0.058823667038020035}], "distance": 222, "cc": "GB", "city": "London", "state": "Greater London", "country": "United Kingdom", "formattedAddress": ["Netil Market, 23 Westgate St", "London", "Greater London", "United Kingdom"]}, "categories": [{"id": "52af3b813cf9994f4e043c04", "name": "Taiwanese Restaurant", "pluralName": "Taiwanese Restaurants", "shortName": "Taiwanese", "icon": {"prefix": "https://ss3.4sqi.net/img/categories_v2/food/asian_", "suffix": ".png"}, "primary": true}], "photos": {"count": 0, "groups": []}}, "referralId": "e-0-51eab4c8498efab8dc7b3b60-6"}, {"reasons": {"count": 0, "items": [{"summary": "This spot is popular", "type": "general", "reasonName": "globalInteractionReason"}]}, "venue": {"id": "5caf2af9345cbe002c07b884", "name": "Mao Chow", "location": {"address": "159A Mare St", "crossStreet": "Bayford St", "lat": 51.53962, "lng": -0.056198, "labeledLatLngs": [{"label": "display", "lat": 51.53962, "lng": -0.056198}], "distance": 106, "postalCode": "E8 3RH", "cc": "GB", "neighborhood": "London Fields", "city": "London", "state": "Greater London", "country": "United Kingdom", "formattedAddress": ["159A Mare St (Bayford St)", "London", "Greater London", "E8 3RH", "United Kingdom"]}, "categories": [{"id": "4bf58dd8d48988d1d3941735", "name": "Vegetarian / Vegan Restaurant", "pluralName": "Vegetarian / Vegan Restaurants", "shortName": "Vegetarian / Vegan", "icon": {"prefix": "https://ss3.4sqi.net/img/categories_v2/food/vegetarian_", "suffix": ".png"}, "primary": true}], "photos": {"count": 0, "groups": []}}, "referralId": "e-0-5caf2af9345cbe002c07b884-7"}, {"reasons": {"count": 0, "items": [{"summary": "This spot is popular", "type": "general", "reasonName": "globalInteractionReason"}]}, "venue": {"id": "4bd7086c29eb9c74710396e1", "name": "Fin & Flounder", "location": {"address": "71 Broadway Market", "lat": 51.53751019784222, "lng": -0.061072084051232794, "labeledLatLngs": [{"label": "display", "lat": 51.53751019784222, "lng": -0.061072084051232794}], "distance": 316, "postalCode": "E8 4PH", "cc": "GB", "city": "London", "state": "Greater London", "country": "United Kingdom", "formattedAddress": ["71 Broadway Market", "London", "Greater London", "E8 4PH", "United Kingdom"]}, "categories": [{"id": "4bf58dd8d48988d1ce941735", "name": "Seafood Restaurant", "pluralName": "Seafood Restaurants", "shortName": "Seafood", "icon": {"prefix": "https://ss3.4sqi.net/img/categories_v2/food/seafood_", "suffix": ".png"}, "primary": true}], "photos": {"count": 0, "groups": []}}, "referralId": "e-0-4bd7086c29eb9c74710396e1-8"}, {"reasons": {"count": 0, "items": [{"summary": "This spot is popular", "type": "general", "reasonName": "globalInteractionReason"}]}, "venue": {"id": "5597d982498ef5a26cf8a1b4", "name": "Lemlem kitchen", "location": {"address": "Netil Market", "crossStreet": "Westgate St", "lat": 51.53749839389801, "lng": -0.05886248642290681, "labeledLatLngs": [{"label": "display", "lat": 51.53749839389801, "lng": -0.05886248642290681}], "distance": 229, "cc": "GB", "city": "London", "state": "Greater London", "country": "United Kingdom", "formattedAddress": ["Netil Market (Westgate St)", "London", "Greater London", "United Kingdom"]}, "categories": [{"id": "4bf58dd8d48988d10a941735", "name": "Ethiopian Restaurant", "pluralName": "Ethiopian Restaurants", "shortName": "Ethiopian", "icon": {"prefix": "https://ss3.4sqi.net/img/categories_v2/food/ethiopian_", "suffix": ".png"}, "primary": true}], "photos": {"count": 0, "groups": []}}, "referralId": "e-0-5597d982498ef5a26cf8a1b4-9"}, {"reasons": {"count": 0, "items": [{"summary": "This spot is popular", "type": "general", "reasonName": "globalInteractionReason"}]}, "venue": {"id": "5204fd32498edfae5bceefd1", "name": "Caribbean Kitchen", "location": {"address": "67 Mare Street", "lat": 51.53674456776779, "lng": -0.05680062499347837, "labeledLatLngs": [{"label": "display", "lat": 51.53674456776779, "lng": -0.05680062499347837}], "distance": 306, "postalCode": "E8 4RG", "cc": "GB", "neighborhood": "Hackney", "city": "London", "state": "Greater London", "country": "United Kingdom", "formattedAddress": ["67 Mare Street", "London", "Greater London", "E8 4RG", "United Kingdom"]}, "categories": [{"id": "4bf58dd8d48988d144941735", "name": "Caribbean Restaurant", "pluralName": "Caribbean Restaurants", "shortName": "Caribbean", "icon": {"prefix": "https://ss3.4sqi.net/img/categories_v2/food/caribbean_", "suffix": ".png"}, "primary": true}], "photos": {"count": 0, "groups": []}, "venuePage": {"id": "64000575"}}, "referralId": "e-0-5204fd32498edfae5bceefd1-10"}, {"reasons": {"count": 0, "items": [{"summary": "This spot is popular", "type": "general", "reasonName": "globalInteractionReason"}]}, "venue": {"id": "589328cf23188e0f02e77e93", "name": "Diddy's", "location": {"address": "69 Mare St", "lat": 51.536775, "lng": -0.057176, "labeledLatLngs": [{"label": "display", "lat": 51.536775, "lng": -0.057176}], "distance": 298, "postalCode": "E8 4RG", "cc": "GB", "country": "United Kingdom", "formattedAddress": ["69 Mare St", "E8 4RG", "United Kingdom"]}, "categories": [{"id": "4bf58dd8d48988d16d941735", "name": "Caf\u00e9", "pluralName": "Caf\u00e9s", "shortName": "Caf\u00e9", "icon": {"prefix": "https://ss3.4sqi.net/img/categories_v2/food/cafe_", "suffix": ".png"}, "primary": true}], "photos": {"count": 0, "groups": []}}, "referralId": "e-0-589328cf23188e0f02e77e93-11"}, {"reasons": {"count": 0, "items": [{"summary": "This spot is popular", "type": "general", "reasonName": "globalInteractionReason"}]}, "venue": {"id": "537c637f498e3e9c9b808ca5", "name": "El Ganso", "location": {"address": "59 Broadway Market", "lat": 51.53718791108441, "lng": -0.061413514404999855, "labeledLatLngs": [{"label": "display", "lat": 51.53718791108441, "lng": -0.061413514404999855}], "distance": 358, "postalCode": "E8 4PH", "cc": "GB", "city": "Hackney", "state": "Greater London", "country": "United Kingdom", "formattedAddress": ["59 Broadway Market", "Hackney", "Greater London", "E8 4PH", "United Kingdom"]}, "categories": [{"id": "4bf58dd8d48988d150941735", "name": "Spanish Restaurant", "pluralName": "Spanish Restaurants", "shortName": "Spanish", "icon": {"prefix": "https://ss3.4sqi.net/img/categories_v2/food/spanish_", "suffix": ".png"}, "primary": true}], "photos": {"count": 0, "groups": []}, "venuePage": {"id": "89309241"}}, "referralId": "e-0-537c637f498e3e9c9b808ca5-12"}, {"reasons": {"count": 0, "items": [{"summary": "This spot is popular", "type": "general", "reasonName": "globalInteractionReason"}]}, "venue": {"id": "52fdef82498e23acb444da8f", "name": "Franco Manca", "location": {"address": "52 Broadway Market", "lat": 51.5369995972927, "lng": -0.0615081225503687, "labeledLatLngs": [{"label": "display", "lat": 51.5369995972927, "lng": -0.0615081225503687}], "distance": 377, "postalCode": "E8 4QJ", "cc": "GB", "city": "London Fields", "state": "Greater London", "country": "United Kingdom", "formattedAddress": ["52 Broadway Market", "London Fields", "Greater London", "E8 4QJ", "United Kingdom"]}, "categories": [{"id": "4bf58dd8d48988d1ca941735", "name": "Pizza Place", "pluralName": "Pizza Places", "shortName": "Pizza", "icon": {"prefix": "https://ss3.4sqi.net/img/categories_v2/food/pizza_", "suffix": ".png"}, "primary": true}], "photos": {"count": 0, "groups": []}}, "referralId": "e-0-52fdef82498e23acb444da8f-13"}, {"reasons": {"count": 0, "items": [{"summary": "This spot is popular", "type": "general", "reasonName": "globalInteractionReason"}]}, "venue": {"id": "58432d5e0b565625e83969fa", "name": "Martello Hall", "location": {"address": "137 Mare St", "lat": 51.538702380209095, "lng": -0.05714574951362738, "labeledLatLngs": [{"label": "display", "lat": 51.538702380209095, "lng": -0.05714574951362738}], "distance": 90, "postalCode": "E8 3RH", "cc": "GB", "city": "London", "state": "Greater London", "country": "United Kingdom", "formattedAddress": ["137 Mare St", "London", "Greater London", "E8 3RH", "United Kingdom"]}, "categories": [{"id": "4bf58dd8d48988d1ca941735", "name": "Pizza Place", "pluralName": "Pizza Places", "shortName": "Pizza", "icon": {"prefix": "https://ss3.4sqi.net/img/categories_v2/food/pizza_", "suffix": ".png"}, "primary": true}], "photos": {"count": 0, "groups": []}, "venuePage": {"id": "412999779"}}, "referralId": "e-0-58432d5e0b565625e83969fa-14"}, {"reasons": {"count": 0, "items": [{"summary": "This spot is popular", "type": "general", "reasonName": "globalInteractionReason"}]}, "venue": {"id": "5c70517025ecca002c3cfde4", "name": "Plant Hub", "location": {"address": "217 Mare St", "lat": 51.541559, "lng": -0.055374, "labeledLatLngs": [{"label": "display", "lat": 51.541559, "lng": -0.055374}], "distance": 286, "postalCode": "E8 3QE", "cc": "GB", "neighborhood": "London Fields", "city": "London", "state": "Greater London", "country": "United Kingdom", "formattedAddress": ["217 Mare St", "London", "Greater London", "E8 3QE", "United Kingdom"]}, "categories": [{"id": "4bf58dd8d48988d1d3941735", "name": "Vegetarian / Vegan Restaurant", "pluralName": "Vegetarian / Vegan Restaurants", "shortName": "Vegetarian / Vegan", "icon": {"prefix": "https://ss3.4sqi.net/img/categories_v2/food/vegetarian_", "suffix": ".png"}, "primary": true}], "photos": {"count": 0, "groups": []}}, "referralId": "e-0-5c70517025ecca002c3cfde4-15"}, {"reasons": {"count": 0, "items": [{"summary": "This spot is popular", "type": "general", "reasonName": "globalInteractionReason"}]}, "venue": {"id": "4acf23f9f964a52082d220e3", "name": "Buen Ayre", "location": {"address": "50 Broadway Market", "crossStreet": "at Duncan Rd", "lat": 51.53697532542181, "lng": -0.061537842286493935, "labeledLatLngs": [{"label": "display", "lat": 51.53697532542181, "lng": -0.061537842286493935}], "distance": 381, "postalCode": "E8 4QJ", "cc": "GB", "city": "London", "state": "Greater London", "country": "United Kingdom", "formattedAddress": ["50 Broadway Market (at Duncan Rd)", "Dalston", "Greater London", "E8 4QJ", "United Kingdom"]}, "categories": [{"id": "4bf58dd8d48988d107941735", "name": "Argentinian Restaurant", "pluralName": "Argentinian Restaurants", "shortName": "Argentinian", "icon": {"prefix": "https://ss3.4sqi.net/img/categories_v2/food/argentinian_", "suffix": ".png"}, "primary": true}], "photos": {"count": 0, "groups": []}}, "referralId": "e-0-4acf23f9f964a52082d220e3-16"}, {"reasons": {"count": 0, "items": [{"summary": "This spot is popular", "type": "general", "reasonName": "globalInteractionReason"}]}, "venue": {"id": "520651ee11d23a9575e08494", "name": "Finch Cafe", "location": {"address": "12 Sidworth St", "lat": 51.53976480000001, "lng": -0.05755279999999999, "labeledLatLngs": [{"label": "display", "lat": 51.53976480000001, "lng": -0.05755279999999999}], "distance": 38, "postalCode": "E8 3SD", "cc": "GB", "city": "London", "state": "Greater London", "country": "United Kingdom", "formattedAddress": ["12 Sidworth St", "London", "Greater London", "E8 3SD", "United Kingdom"]}, "categories": [{"id": "4bf58dd8d48988d115941735", "name": "Middle Eastern Restaurant", "pluralName": "Middle Eastern Restaurants", "shortName": "Middle Eastern", "icon": {"prefix": "https://ss3.4sqi.net/img/categories_v2/food/middleeastern_", "suffix": ".png"}, "primary": true}], "photos": {"count": 0, "groups": []}}, "referralId": "e-0-520651ee11d23a9575e08494-17"}, {"reasons": {"count": 0, "items": [{"summary": "This spot is popular", "type": "general", "reasonName": "globalInteractionReason"}]}, "venue": {"id": "4cf7adf664e3721edde127c8", "name": "Bungalows Cafe", "location": {"address": "80 Mare Street", "crossStreet": "King Edwards Road", "lat": 51.53810193540435, "lng": -0.057050733273916965, "labeledLatLngs": [{"label": "display", "lat": 51.53810193540435, "lng": -0.057050733273916965}], "distance": 155, "postalCode": "E8 3SG", "cc": "GB", "city": "London", "state": "Greater London", "country": "United Kingdom", "formattedAddress": ["80 Mare Street (King Edwards Road)", "London", "Greater London", "E8 3SG", "United Kingdom"]}, "categories": [{"id": "4bf58dd8d48988d143941735", "name": "Breakfast Spot", "pluralName": "Breakfast Spots", "shortName": "Breakfast", "icon": {"prefix": "https://ss3.4sqi.net/img/categories_v2/food/breakfast_", "suffix": ".png"}, "primary": true}], "photos": {"count": 0, "groups": []}}, "referralId": "e-0-4cf7adf664e3721edde127c8-18"}, {"reasons": {"count": 0, "items": [{"summary": "This spot is popular", "type": "general", "reasonName": "globalInteractionReason"}]}, "venue": {"id": "5401c8d0498e97602ccf98b6", "name": "Crosstown Doughnuts", "location": {"address": "Westgate Street", "lat": 51.537746, "lng": -0.060814, "labeledLatLngs": [{"label": "display", "lat": 51.537746, "lng": -0.060814}], "distance": 285, "postalCode": "E8 3RL", "cc": "GB", "city": "London", "state": "Greater London", "country": "United Kingdom", "formattedAddress": ["Westgate Street", "London", "Greater London", "E8 3RL", "United Kingdom"]}, "categories": [{"id": "4bf58dd8d48988d148941735", "name": "Donut Shop", "pluralName": "Donut Shops", "shortName": "Donuts", "icon": {"prefix": "https://ss3.4sqi.net/img/categories_v2/food/donuts_", "suffix": ".png"}, "primary": true}], "photos": {"count": 0, "groups": []}}, "referralId": "e-0-5401c8d0498e97602ccf98b6-19"}, {"reasons": {"count": 0, "items": [{"summary": "This spot is popular", "type": "general", "reasonName": "globalInteractionReason"}]}, "venue": {"id": "562baa57498efb84a3256b45", "name": "Wringer + Mangle", "location": {"address": "The Laundry Building", "lat": 51.53901716242398, "lng": -0.05789465238247195, "labeledLatLngs": [{"label": "display", "lat": 51.53901716242398, "lng": -0.05789465238247195}], "distance": 48, "postalCode": "E8 3FN", "cc": "GB", "city": "London", "state": "Greater London", "country": "United Kingdom", "formattedAddress": ["The Laundry Building", "London", "Greater London", "E8 3FN", "United Kingdom"]}, "categories": [{"id": "4bf58dd8d48988d1c4941735", "name": "Restaurant", "pluralName": "Restaurants", "shortName": "Restaurant", "icon": {"prefix": "https://ss3.4sqi.net/img/categories_v2/food/default_", "suffix": ".png"}, "primary": true}], "photos": {"count": 0, "groups": []}}, "referralId": "e-0-562baa57498efb84a3256b45-20"}, {"reasons": {"count": 0, "items": [{"summary": "This spot is popular", "type": "general", "reasonName": "globalInteractionReason"}]}, "venue": {"id": "4ae21b49f964a520c88a21e3", "name": "Tre Viet", "location": {"address": "251 Mare St", "lat": 51.54244622613484, "lng": -0.05525562929034324, "labeledLatLngs": [{"label": "display", "lat": 51.54244622613484, "lng": -0.05525562929034324}], "distance": 375, "postalCode": "E8 3NS", "cc": "GB", "city": "Hackney", "state": "Greater London", "country": "United Kingdom", "formattedAddress": ["251 Mare St", "Hackney", "Greater London", "E8 3NS", "United Kingdom"]}, "categories": [{"id": "4bf58dd8d48988d14a941735", "name": "Vietnamese Restaurant", "pluralName": "Vietnamese Restaurants", "shortName": "Vietnamese", "icon": {"prefix": "https://ss3.4sqi.net/img/categories_v2/food/vietnamese_", "suffix": ".png"}, "primary": true}], "photos": {"count": 0, "groups": []}}, "referralId": "e-0-4ae21b49f964a520c88a21e3-21"}, {"reasons": {"count": 0, "items": [{"summary": "This spot is popular", "type": "general", "reasonName": "globalInteractionReason"}]}, "venue": {"id": "58e4bef783622d5ed52852d9", "name": "Rosa's Thai Cafe", "location": {"address": "381 Railway Arches", "crossStreet": "Mentmore Terrace", "lat": 51.54024158502381, "lng": -0.05759239196777343, "labeledLatLngs": [{"label": "display", "lat": 51.54024158502381, "lng": -0.05759239196777343}], "distance": 90, "postalCode": "E8 3PH", "cc": "GB", "city": "London", "state": "Greater London", "country": "United Kingdom", "formattedAddress": ["381 Railway Arches (Mentmore Terrace)", "London", "Greater London", "E8 3PH", "United Kingdom"]}, "categories": [{"id": "4bf58dd8d48988d149941735", "name": "Thai Restaurant", "pluralName": "Thai Restaurants", "shortName": "Thai", "icon": {"prefix": "https://ss3.4sqi.net/img/categories_v2/food/thai_", "suffix": ".png"}, "primary": true}], "photos": {"count": 0, "groups": []}}, "referralId": "e-0-58e4bef783622d5ed52852d9-22"}, {"reasons": {"count": 0, "items": [{"summary": "This spot is popular", "type": "general", "reasonName": "globalInteractionReason"}]}, "venue": {"id": "535f690d498e93b9df52ae5b", "name": "Mare & Beck", "location": {"address": "69 Mare Street", "crossStreet": "Beck Road", "lat": 51.53675983088002, "lng": -0.057024364831777224, "labeledLatLngs": [{"label": "display", "lat": 51.53675983088002, "lng": -0.057024364831777224}], "distance": 301, "postalCode": "E8 1EB", "cc": "GB", "city": "London", "state": "Greater London", "country": "United Kingdom", "formattedAddress": ["69 Mare Street (Beck Road)", "London", "Greater London", "E8 1EB", "United Kingdom"]}, "categories": [{"id": "4bf58dd8d48988d16d941735", "name": "Caf\u00e9", "pluralName": "Caf\u00e9s", "shortName": "Caf\u00e9", "icon": {"prefix": "https://ss3.4sqi.net/img/categories_v2/food/cafe_", "suffix": ".png"}, "primary": true}], "photos": {"count": 0, "groups": []}}, "referralId": "e-0-535f690d498e93b9df52ae5b-23"}, {"reasons": {"count": 0, "items": [{"summary": "This spot is popular", "type": "general", "reasonName": "globalInteractionReason"}]}, "venue": {"id": "4dc50599b0fb5556cce5e098", "name": "Number 1 Cafe", "location": {"lat": 51.54006816419418, "lng": -0.05420172801594502, "labeledLatLngs": [{"label": "display", "lat": 51.54006816419418, "lng": -0.05420172801594502}], "distance": 252, "cc": "GB", "city": "Hackney", "state": "Greater London", "country": "United Kingdom", "formattedAddress": ["Hackney", "Greater London", "United Kingdom"]}, "categories": [{"id": "4bf58dd8d48988d16d941735", "name": "Caf\u00e9", "pluralName": "Caf\u00e9s", "shortName": "Caf\u00e9", "icon": {"prefix": "https://ss3.4sqi.net/img/categories_v2/food/cafe_", "suffix": ".png"}, "primary": true}], "photos": {"count": 0, "groups": []}}, "referralId": "e-0-4dc50599b0fb5556cce5e098-24"}, {"reasons": {"count": 0, "items": [{"summary": "This spot is popular", "type": "general", "reasonName": "globalInteractionReason"}]}, "venue": {"id": "50393826e4b0d21c2087148e", "name": "H\u00e0 N\u00f3i Ph\u00f3 Vietnamese", "location": {"address": "179 Mare St", "lat": 51.540229214799304, "lng": -0.05558669645846034, "labeledLatLngs": [{"label": "display", "lat": 51.540229214799304, "lng": -0.05558669645846034}], "distance": 171, "postalCode": "E8 3QE", "cc": "GB", "city": "Hackney", "state": "Greater London", "country": "United Kingdom", "formattedAddress": ["179 Mare St", "Hackney", "Greater London", "E8 3QE", "United Kingdom"]}, "categories": [{"id": "4bf58dd8d48988d14a941735", "name": "Vietnamese Restaurant", "pluralName": "Vietnamese Restaurants", "shortName": "Vietnamese", "icon": {"prefix": "https://ss3.4sqi.net/img/categories_v2/food/vietnamese_", "suffix": ".png"}, "primary": true}], "photos": {"count": 0, "groups": []}}, "referralId": "e-0-50393826e4b0d21c2087148e-25"}, {"reasons": {"count": 0, "items": [{"summary": "This spot is popular", "type": "general", "reasonName": "globalInteractionReason"}]}, "venue": {"id": "4e5e152fd22d7239c19ce78c", "name": "Saray Broadway Cafe", "location": {"address": "58 Broadway Market", "lat": 51.53714451819365, "lng": -0.06142993530627771, "labeledLatLngs": [{"label": "display", "lat": 51.53714451819365, "lng": -0.06142993530627771}], "distance": 362, "postalCode": "E8 4QJ", "cc": "GB", "city": "Hackney", "state": "Greater London", "country": "United Kingdom", "formattedAddress": ["58 Broadway Market", "Hackney", "Greater London", "E8 4QJ", "United Kingdom"]}, "categories": [{"id": "4bf58dd8d48988d16d941735", "name": "Caf\u00e9", "pluralName": "Caf\u00e9s", "shortName": "Caf\u00e9", "icon": {"prefix": "https://ss3.4sqi.net/img/categories_v2/food/cafe_", "suffix": ".png"}, "primary": true}], "photos": {"count": 0, "groups": []}}, "referralId": "e-0-4e5e152fd22d7239c19ce78c-26"}, {"reasons": {"count": 0, "items": [{"summary": "This spot is popular", "type": "general", "reasonName": "globalInteractionReason"}]}, "venue": {"id": "54ea0148498e6e265f2a9c24", "name": "Okko", "location": {"address": "Broadway Market", "lat": 51.53698163289479, "lng": -0.061573229198190464, "labeledLatLngs": [{"label": "display", "lat": 51.53698163289479, "lng": -0.061573229198190464}], "distance": 382, "postalCode": "E8 4PH", "cc": "GB", "city": "London", "state": "Greater London", "country": "United Kingdom", "formattedAddress": ["Broadway Market", "London", "Greater London", "E8 4PH", "United Kingdom"]}, "categories": [{"id": "4bf58dd8d48988d111941735", "name": "Japanese Restaurant", "pluralName": "Japanese Restaurants", "shortName": "Japanese", "icon": {"prefix": "https://ss3.4sqi.net/img/categories_v2/food/japanese_", "suffix": ".png"}, "primary": true}], "photos": {"count": 0, "groups": []}}, "referralId": "e-0-54ea0148498e6e265f2a9c24-27"}, {"reasons": {"count": 0, "items": [{"summary": "This spot is popular", "type": "general", "reasonName": "globalInteractionReason"}]}, "venue": {"id": "4b741454f964a520cdc62de3", "name": "Bella Vita", "location": {"address": "53-55 Broadway Market", "crossStreet": "Duncan Road", "lat": 51.53708949818841, "lng": -0.061481110147657565, "labeledLatLngs": [{"label": "display", "lat": 51.53708949818841, "lng": -0.061481110147657565}], "distance": 369, "postalCode": "E8 4PH", "cc": "GB", "city": "London", "state": "Greater London", "country": "United Kingdom", "formattedAddress": ["53-55 Broadway Market (Duncan Road)", "London", "Greater London", "E8 4PH", "United Kingdom"]}, "categories": [{"id": "4bf58dd8d48988d110941735", "name": "Italian Restaurant", "pluralName": "Italian Restaurants", "shortName": "Italian", "icon": {"prefix": "https://ss3.4sqi.net/img/categories_v2/food/italian_", "suffix": ".png"}, "primary": true}], "photos": {"count": 0, "groups": []}, "venuePage": {"id": "350940441"}}, "referralId": "e-0-4b741454f964a520cdc62de3-28"}, {"reasons": {"count": 0, "items": [{"summary": "This spot is popular", "type": "general", "reasonName": "globalInteractionReason"}]}, "venue": {"id": "52b6f46811d29bc24fbab9c0", "name": "Sawasdee", "location": {"lat": 51.54237505684136, "lng": -0.055247623004058215, "labeledLatLngs": [{"label": "display", "lat": 51.54237505684136, "lng": -0.055247623004058215}], "distance": 368, "cc": "GB", "country": "United Kingdom", "formattedAddress": ["United Kingdom"]}, "categories": [{"id": "4bf58dd8d48988d149941735", "name": "Thai Restaurant", "pluralName": "Thai Restaurants", "shortName": "Thai", "icon": {"prefix": "https://ss3.4sqi.net/img/categories_v2/food/thai_", "suffix": ".png"}, "primary": true}], "photos": {"count": 0, "groups": []}}, "referralId": "e-0-52b6f46811d29bc24fbab9c0-29"}, {"reasons": {"count": 0, "items": [{"summary": "This spot is popular", "type": "general", "reasonName": "globalInteractionReason"}]}, "venue": {"id": "5b7045d5fe63bd002c4ba763", "name": "Baba Souks", "location": {"address": "62 Broadway Market", "lat": 51.537263, "lng": -0.061239, "labeledLatLngs": [{"label": "display", "lat": 51.537263, "lng": -0.061239}], "distance": 343, "postalCode": "E8 4QJ", "cc": "GB", "city": "London", "state": "Greater London", "country": "United Kingdom", "formattedAddress": ["62 Broadway Market", "London", "Greater London", "E8 4QJ", "United Kingdom"]}, "categories": [{"id": "4bf58dd8d48988d115941735", "name": "Middle Eastern Restaurant", "pluralName": "Middle Eastern Restaurants", "shortName": "Middle Eastern", "icon": {"prefix": "https://ss3.4sqi.net/img/categories_v2/food/middleeastern_", "suffix": ".png"}, "primary": true}], "photos": {"count": 0, "groups": []}}, "referralId": "e-0-5b7045d5fe63bd002c4ba763-30"}, {"reasons": {"count": 0, "items": [{"summary": "This spot is popular", "type": "general", "reasonName": "globalInteractionReason"}]}, "venue": {"id": "4caf2b49cbab236a0cc69573", "name": "Brewode's Cornucopia", "location": {"address": "Broadway Market", "lat": 51.537214, "lng": -0.061526, "labeledLatLngs": [{"label": "display", "lat": 51.537214, "lng": -0.061526}], "distance": 361, "cc": "GB", "city": "Hackney", "state": "Greater London", "country": "United Kingdom", "formattedAddress": ["Broadway Market", "Hackney", "Greater London", "United Kingdom"]}, "categories": [{"id": "4bf58dd8d48988d16d941735", "name": "Caf\u00e9", "pluralName": "Caf\u00e9s", "shortName": "Caf\u00e9", "icon": {"prefix": "https://ss3.4sqi.net/img/categories_v2/food/cafe_", "suffix": ".png"}, "primary": true}], "photos": {"count": 0, "groups": []}}, "referralId": "e-0-4caf2b49cbab236a0cc69573-31"}]}]}}