{"meta": {"code": 200, "requestId": "5fedd9b0c932c558be99c8d7"}, "response": {"suggestedFilters": {"header": "Tap to show:", "filters": [{"name": "Open now", "key": "openNow"}]}, "headerLocation": "Barnsbury", "headerFullLocation": "Barnsbury, London", "headerLocationGranularity": "neighborhood", "query": "travel", "totalResults": 15, "suggestedBounds": {"ne": {"lat": 51.535334003600006, "lng": -0.10748377230907165}, "sw": {"lat": 51.528133996399994, "lng": -0.11903622769092835}}, "groups": [{"type": "Recommended Places", "name": "recommended", "items": [{"reasons": {"count": 0, "items": [{"summary": "This spot is popular", "type": "general", "reasonName": "globalInteractionReason"}]}, "venue": {"id": "53fcf25a498ea0a7aaef3928", "name": "DoubleTree by Hilton", "location": {"address": "60 Pentonville Rd", "lat": 51.53201395171824, "lng": -0.10944163712729484, "labeledLatLngs": [{"label": "display", "lat": 51.53201395171824, "lng": -0.10944163712729484}], "distance": 266, "postalCode": "N1 9LA", "cc": "GB", "city": "London", "state": "Greater London", "country": "United Kingdom", "formattedAddress": ["60 Pentonville Rd", "London", "Greater London", "N1 9LA", "United Kingdom"]}, "categories": [{"id": "4bf58dd8d48988d1fa931735", "name": "Hotel", "pluralName": "Hotels", "shortName": "Hotel", "icon": {"prefix": "https://ss3.4sqi.net/img/categories_v2/travel/hotel_", "suffix": ".png"}, "primary": true}], "photos": {"count": 0, "groups": []}}, "referralId": "e-0-53fcf25a498ea0a7aaef3928-0"}, {"reasons": {"count": 0, "items": [{"summary": "This spot is popular", "type": "general", "reasonName": "globalInteractionReason"}]}, "venue": {"id": "4afe299bf964a5206b2e22e3", "name": "Clink78", "location": {"address": "78 King's Cross Rd", "lat": 51.5288004992481, "lng": -0.11548199334879962, "labeledLatLngs": [{"label": "display", "lat": 51.5288004992481, "lng": -0.11548199334879962}], "distance": 360, "postalCode": "WC1X 9QG", "cc": "GB", "city": "London", "state": "Greater London", "country": "United Kingdom", "formattedAddress": ["78 King's Cross Rd", "London", "Greater London", "WC1X 9QG", "United Kingdom"]}, "categories": [{"id": "4bf58dd8d48988d1ee931735", "name": "Hostel", "pluralName": "Hostels", "shortName": "Hostel", "icon": {"prefix": "https://ss3.4sqi.net/img/categories_v2/travel/hostel_", "suffix": ".png"}, "primary": true}], "photos": {"count": 0, "groups": []}}, "referralId": "e-0-4afe299bf964a5206b2e22e3-1"}, {"reasons": {"count": 0, "items": [{"summary": "This spot is popular", "type": "general", "reasonName": "globalInteractionReason"}]}, "venue": {"id": "5610cc83498e7850845c5c2b", "name": "Bus Stop Penton Rise", "location": {"lat": 51.53092615558338, "lng": -0.1158471479797965, "labeledLatLngs": [{"label": "display", "lat": 51.53092615558338, "lng": -0.1158471479797965}], "distance": 200, "cc": "GB", "country": "United Kingdom", "formattedAddress": ["United Kingdom"]}, "categories": [{"id": "52f2ab2ebcbc57f1066b8b4f", "name": "Bus Stop", "pluralName": "Bus Stops", "shortName": "Bus Stop", "icon": {"prefix": "https://ss3.4sqi.net/img/categories_v2/travel/busstation_", "suffix": ".png"}, "primary": true}], "photos": {"count": 0, "groups": []}}, "referralId": "e-0-5610cc83498e7850845c5c2b-2"}, {"reasons": {"count": 0, "items": [{"summary": "This spot is popular", "type": "general", "reasonName": "globalInteractionReason"}]}, "venue": {"id": "4c32dd0566e40f47df25c78b", "name": "Europcar", "location": {"address": "136-150 Pentonville Rd", "lat": 51.53144273013016, "lng": -0.11366729616157208, "labeledLatLngs": [{"label": "display", "lat": 51.53144273013016, "lng": -0.11366729616157208}], "distance": 42, "postalCode": "N1 9JE", "cc": "GB", "city": "King's Cross", "state": "Greater London", "country": "United Kingdom", "formattedAddress": ["136-150 Pentonville Rd", "King's Cross", "Greater London", "N1 9JE", "United Kingdom"]}, "categories": [{"id": "4bf58dd8d48988d1ef941735", "name": "Rental Car Location", "pluralName": "Rental Car Locations", "shortName": "Rental Car", "icon": {"prefix": "https://ss3.4sqi.net/img/categories_v2/shops/airport_rentalcar_", "suffix": ".png"}, "primary": true}], "photos": {"count": 0, "groups": []}}, "referralId": "e-0-4c32dd0566e40f47df25c78b-3"}, {"reasons": {"count": 0, "items": [{"summary": "This spot is popular", "type": "general", "reasonName": "globalInteractionReason"}]}, "venue": {"id": "57188d58498ef5abc17e637e", "name": "Europcar London Kings Cross", "location": {"address": "136-150 Pentonville Road", "lat": 51.5315977, "lng": -0.1137552, "labeledLatLngs": [{"label": "display", "lat": 51.5315977, "lng": -0.1137552}], "distance": 37, "postalCode": "N1 9JE", "cc": "GB", "city": "City of London", "state": "Greater London", "country": "United Kingdom", "formattedAddress": ["136-150 Pentonville Road", "City of London", "Greater London", "N1 9JE", "United Kingdom"]}, "categories": [{"id": "4bf58dd8d48988d1ef941735", "name": "Rental Car Location", "pluralName": "Rental Car Locations", "shortName": "Rental Car", "icon": {"prefix": "https://ss3.4sqi.net/img/categories_v2/shops/airport_rentalcar_", "suffix": ".png"}, "primary": true}], "photos": {"count": 0, "groups": []}}, "referralId": "e-0-57188d58498ef5abc17e637e-4"}, {"reasons": {"count": 0, "items": [{"summary": "This spot is popular", "type": "general", "reasonName": "globalInteractionReason"}]}, "venue": {"id": "4bf2d5226a31d13a27f6932e", "name": "Bus Stop Penton Sreet", "location": {"lat": 51.531664168470996, "lng": -0.11043962548371267, "labeledLatLngs": [{"label": "display", "lat": 51.531664168470996, "lng": -0.11043962548371267}], "distance": 195, "cc": "GB", "neighborhood": "Clerkenwell", "country": "United Kingdom", "formattedAddress": ["United Kingdom"]}, "categories": [{"id": "52f2ab2ebcbc57f1066b8b4f", "name": "Bus Stop", "pluralName": "Bus Stops", "shortName": "Bus Stop", "icon": {"prefix": "https://ss3.4sqi.net/img/categories_v2/travel/busstation_", "suffix": ".png"}, "primary": true}], "photos": {"count": 0, "groups": []}}, "referralId": "e-0-4bf2d5226a31d13a27f6932e-5"}, {"reasons": {"count": 0, "items": [{"summary": "This spot is popular", "type": "general", "reasonName": "globalInteractionReason"}]}, "venue": {"id": "521f733f11d2938f5661587f", "name": "Bus Stop L @ King's Cross Road", "location": {"address": "Kings Cross Road", "crossStreet": "Field Street", "lat": 51.53069136643566, "lng": -0.1184158471384853, "labeledLatLngs": [{"label": "display", "lat": 51.53069136643566, "lng": -0.1184158471384853}], "distance": 375, "cc": "GB", "city": "London", "state": "Greater London", "country": "United Kingdom", "formattedAddress": ["Kings Cross Road (Field Street)", "London", "Greater London", "United Kingdom"]}, "categories": [{"id": "52f2ab2ebcbc57f1066b8b4f", "name": "Bus Stop", "pluralName": "Bus Stops", "shortName": "Bus Stop", "icon": {"prefix": "https://ss3.4sqi.net/img/categories_v2/travel/busstation_", "suffix": ".png"}, "primary": true}], "photos": {"count": 0, "groups": []}}, "referralId": "e-0-521f733f11d2938f5661587f-6"}, {"reasons": {"count": 0, "items": [{"summary": "This spot is popular", "type": "general", "reasonName": "globalInteractionReason"}]}, "venue": {"id": "4ece87c24690a03b5b36139a", "name": "Bus Stop R", "location": {"lat": 51.53193, "lng": -0.107671, "labeledLatLngs": [{"label": "display", "lat": 51.53193, "lng": -0.107671}], "distance": 387, "cc": "GB", "city": "Islington", "state": "Greater London", "country": "United Kingdom", "formattedAddress": ["Islington", "Greater London", "United Kingdom"]}, "categories": [{"id": "52f2ab2ebcbc57f1066b8b4f", "name": "Bus Stop", "pluralName": "Bus Stops", "shortName": "Bus Stop", "icon": {"prefix": "https://ss3.4sqi.net/img/categories_v2/travel/busstation_", "suffix": ".png"}, "primary": true}], "photos": {"count": 0, "groups": []}}, "referralId": "e-0-4ece87c24690a03b5b36139a-7"}, {"reasons": {"count": 0, "items": [{"summary": "This spot is popular", "type": "general", "reasonName": "globalInteractionReason"}]}, "venue": {"id": "4eab0434b8f7a50de91026b0", "name": "Caledonian Road - Killick Street - Bus Stop Z", "location": {"lat": 51.53398870974452, "lng": -0.11757891619852794, "labeledLatLngs": [{"label": "display", "lat": 51.53398870974452, "lng": -0.11757891619852794}], "distance": 390, "cc": "GB", "country": "United Kingdom", "formattedAddress": ["United Kingdom"]}, "categories": [{"id": "52f2ab2ebcbc57f1066b8b4f", "name": "Bus Stop", "pluralName": "Bus Stops", "shortName": "Bus Stop", "icon": {"prefix": "https://ss3.4sqi.net/img/categories_v2/travel/busstation_", "suffix": ".png"}, "primary": true}], "photos": {"count": 0, "groups": []}}, "referralId": "e-0-4eab0434b8f7a50de91026b0-8"}, {"reasons": {"count": 0, "items": [{"summary": "This spot is popular", "type": "general", "reasonName": "globalInteractionReason"}]}, "venue": {"id": "4e8735fd6c25327ea4055f0b", "name": "Bus Stop K", "location": {"address": "King's Cross Road", "lat": 51.53102330125702, "lng": -0.11877075011620504, "labeledLatLngs": [{"label": "display", "lat": 51.53102330125702, "lng": -0.11877075011620504}], "distance": 389, "cc": "GB", "city": "London", "state": "Greater London", "country": "United Kingdom", "formattedAddress": ["King's Cross Road", "London", "Greater London", "United Kingdom"]}, "categories": [{"id": "52f2ab2ebcbc57f1066b8b4f", "name": "Bus Stop", "pluralName": "Bus Stops", "shortName": "Bus Stop", "icon": {"prefix": "https://ss3.4sqi.net/img/categories_v2/travel/busstation_", "suffix": ".png"}, "primary": true}], "photos": {"count": 0, "groups": []}}, "referralId": "e-0-4e8735fd6c25327ea4055f0b-9"}, {"reasons": {"count": 0, "items": [{"summary": "This spot is popular", "type": "general", "reasonName": "globalInteractionReason"}]}, "venue": {"id": "4fae01f7e4b08594932e5cac", "name": "Bus Stop L", "location": {"lat": 51.530665245941506, "lng": -0.11874185079915969, "labeledLatLngs": [{"label": "display", "lat": 51.530665245941506, "lng": -0.11874185079915969}], "distance": 397, "cc": "GB", "country": "United Kingdom", "formattedAddress": ["United Kingdom"]}, "categories": [{"id": "52f2ab2ebcbc57f1066b8b4f", "name": "Bus Stop", "pluralName": "Bus Stops", "shortName": "Bus Stop", "icon": {"prefix": "https://ss3.4sqi.net/img/categories_v2/travel/busstation_", "suffix": ".png"}, "primary": true}], "photos": {"count": 0, "groups": []}}, "referralId": "e-0-4fae01f7e4b08594932e5cac-10"}, {"reasons": {"count": 0, "items": [{"summary": "This spot is popular", "type": "general", "reasonName": "globalInteractionReason"}]}, "venue": {"id": "5463bb79498ef61c7e6786bf", "name": "SO King's Cross Hotel", "location": {"lat": 51.53073961982648, "lng": -0.11812641140999397, "labeledLatLngs": [{"label": "display", "lat": 51.53073961982648, "lng": -0.11812641140999397}], "distance": 354, "cc": "GB", "country": "United Kingdom", "formattedAddress": ["United Kingdom"]}, "categories": [{"id": "4bf58dd8d48988d1fa931735", "name": "Hotel", "pluralName": "Hotels", "shortName": "Hotel", "icon": {"prefix": "https://ss3.4sqi.net/img/categories_v2/travel/hotel_", "suffix": ".png"}, "primary": true}], "photos": {"count": 0, "groups": []}}, "referralId": "e-0-5463bb79498ef61c7e6786bf-11"}, {"reasons": {"count": 0, "items": [{"summary": "This spot is popular", "type": "general", "reasonName": "globalInteractionReason"}]}, "venue": {"id": "4b742f2bf964a520b6cb2de3", "name": "Travelodge London Kings Cross Royal Scot", "location": {"address": "100 Kings Cross Rd", "crossStreet": "Opposite Swinton St", "lat": 51.52931957083157, "lng": -0.11569171344488653, "labeledLatLngs": [{"label": "display", "lat": 51.52931957083157, "lng": -0.11569171344488653}], "distance": 317, "postalCode": "WC1X 9DT", "cc": "GB", "city": "London", "state": "Greater London", "country": "United Kingdom", "formattedAddress": ["100 Kings Cross Rd (Opposite Swinton St)", "London", "Greater London", "WC1X 9DT", "United Kingdom"]}, "categories": [{"id": "4bf58dd8d48988d1fa931735", "name": "Hotel", "pluralName": "Hotels", "shortName": "Hotel", "icon": {"prefix": "https://ss3.4sqi.net/img/categories_v2/travel/hotel_", "suffix": ".png"}, "primary": true}], "photos": {"count": 0, "groups": []}}, "referralId": "e-0-4b742f2bf964a520b6cb2de3-12"}, {"reasons": {"count": 0, "items": [{"summary": "This spot is popular", "type": "general", "reasonName": "globalInteractionReason"}]}, "venue": {"id": "4be062164c55b6518f6aeab7", "name": "Budget Guest House London", "location": {"address": "23 Swinton Street", "lat": 51.52914192715661, "lng": -0.11687511832452412, "labeledLatLngs": [{"label": "display", "lat": 51.52914192715661, "lng": -0.11687511832452412}], "distance": 382, "cc": "GB", "city": "London", "state": "Greater London", "country": "United Kingdom", "formattedAddress": ["23 Swinton Street", "London", "Greater London", "United Kingdom"]}, "categories": [{"id": "4bf58dd8d48988d1f8931735", "name": "Bed & Breakfast", "pluralName": "Bed & Breakfasts", "shortName": "B & B", "icon": {"prefix": "https://ss3.4sqi.net/img/categories_v2/travel/bedandbreakfast_", "suffix": ".png"}, "primary": true}], "photos": {"count": 0, "groups": []}}, "referralId": "e-0-4be062164c55b6518f6aeab7-13"}, {"reasons": {"count": 0, "items": [{"summary": "This spot is popular", "type": "general", "reasonName": "globalInteractionReason"}]}, "venue": {"id": "4b7e8904f964a52077f12fe3", "name": "Swinton Hotel", "location": {"address": "18-24 Swinton St", "lat": 51.529261262897606, "lng": -0.11674649738176335, "labeledLatLngs": [{"label": "display", "lat": 51.529261262897606, "lng": -0.11674649738176335}], "distance": 366, "cc": "GB", "country": "United Kingdom", "formattedAddress": ["18-24 Swinton St", "United Kingdom"]}, "categories": [{"id": "4bf58dd8d48988d1fa931735", "name": "Hotel", "pluralName": "Hotels", "shortName": "Hotel", "icon": {"prefix": "https://ss3.4sqi.net/img/categories_v2/travel/hotel_", "suffix": ".png"}, "primary": true}], "photos": {"count": 0, "groups": []}}, "referralId": "e-0-4b7e8904f964a52077f12fe3-14"}]}]}}