{"meta": {"code": 200, "requestId": "5fedd9a7bec16445af275e27"}, "response": {"suggestedFilters": {"header": "Tap to show:", "filters": [{"name": "Open now", "key": "openNow"}]}, "headerLocation": "Hackney", "headerFullLocation": "Hackney, London", "headerLocationGranularity": "neighborhood", "query": "food", "totalResults": 100, "suggestedBounds": {"ne": {"lat": 51.52780000360001, "lng": -0.07790172805252965}, "sw": {"lat": 51.520599996399994, "lng": -0.08945227194747035}}, "groups": [{"type": "Recommended Places", "name": "recommended", "items": [{"reasons": {"count": 0, "items": [{"summary": "This spot is popular", "type": "general", "reasonName": "globalInteractionReason"}]}, "venue": {"id": "5e4547254f10a40008fb2240", "name": "Padella", "location": {"address": "1 Phipp St", "lat": 51.523371670204625, "lng": -0.0816759467124939, "labeledLatLngs": [{"label": "display", "lat": 51.523371670204625, "lng": -0.0816759467124939}], "distance": 166, "postalCode": "EC2A 4PS", "cc": "GB", "city": "Shoreditch", "state": "Greater London", "country": "United Kingdom", "formattedAddress": ["1 Phipp St", "Shoreditch", "Greater London", "EC2A 4PS", "United Kingdom"]}, "categories": [{"id": "4bf58dd8d48988d110941735", "name": "Italian Restaurant", "pluralName": "Italian Restaurants", "shortName": "Italian", "icon": {"prefix": "https://ss3.4sqi.net/img/categories_v2/food/italian_", "suffix": ".png"}, "primary": true}], "photos": {"count": 0, "groups": []}}, "referralId": "e-0-5e4547254f10a40008fb2240-0"}, {"reasons": {"count": 0, "items": [{"summary": "This spot is popular", "type": "general", "reasonName": "globalInteractionReason"}]}, "venue": {"id": "56fd109f498ec17225af173a", "name": "Ruby", "location": {"address": "35 Charlotte Rd", "lat": 51.525221, "lng": -0.081003, "labeledLatLngs": [{"label": "display", "lat": 51.525221, "lng": -0.081003}], "distance": 217, "postalCode": "EC2A 3PB", "cc": "GB", "city": "London", "country": "United Kingdom", "formattedAddress": ["35 Charlotte Rd", "London", "EC2A 3PB", "United Kingdom"]}, "categories": [{"id": "4bf58dd8d48988d1c5941735", "name": "Sandwich Place", "pluralName": "Sandwich Places", "shortName": "Sandwiches", "icon": {"prefix": "https://ss3.4sqi.net/img/categories_v2/food/deli_", "suffix": ".png"}, "primary": true}], "photos": {"count": 0, "groups": []}}, "referralId": "e-0-56fd109f498ec17225af173a-1"}, {"reasons": {"count": 0, "items": [{"summary": "This spot is popular", "type": "general", "reasonName": "globalInteractionReason"}]}, "venue": {"id": "4ad0adf5f964a5200bd920e3", "name": "The Princess of Shoreditch", "location": {"address": "76 Paul St", "lat": 51.5253930243815, "lng": -0.08389457472327243, "labeledLatLngs": [{"label": "display", "lat": 51.5253930243815, "lng": -0.08389457472327243}], "distance": 133, "postalCode": "EC2A 4NE", "cc": "GB", "city": "London", "state": "Greater London", "country": "United Kingdom", "formattedAddress": ["76 Paul St", "London", "Greater London", "EC2A 4NE", "United Kingdom"]}, "categories": [{"id": "4bf58dd8d48988d155941735", "name": "Gastropub", "pluralName": "Gastropubs", "shortName": "Gastropub", "icon": {"prefix": "https://ss3.4sqi.net/img/categories_v2/food/gastropub_", "suffix": ".png"}, "primary": true}], "photos": {"count": 0, "groups": []}}, "referralId": "e-0-4ad0adf5f964a5200bd920e3-2"}, {"reasons": {"count": 0, "items": [{"summary": "This spot is popular", "type": "general", "reasonName": "globalInteractionReason"}]}, "venue": {"id": "57643e72498ede5f048ca51c", "name": "Flat Iron", "location": {"address": "77 Curtain Rd", "lat": 51.5248253266375, "lng": -0.08033740868454578, "labeledLatLngs": [{"label": "display", "lat": 51.5248253266375, "lng": -0.08033740868454578}], "distance": 241, "postalCode": "EC2A 3BS", "cc": "GB", "city": "London", "state": "Greater London", "country": "United Kingdom", "formattedAddress": ["77 Curtain Rd", "London", "Greater London", "EC2A 3BS", "United Kingdom"]}, "categories": [{"id": "4bf58dd8d48988d1cc941735", "name": "Steakhouse", "pluralName": "Steakhouses", "shortName": "Steakhouse", "icon": {"prefix": "https://ss3.4sqi.net/img/categories_v2/food/steakhouse_", "suffix": ".png"}, "primary": true}], "photos": {"count": 0, "groups": []}}, "referralId": "e-0-57643e72498ede5f048ca51c-3"}, {"reasons": {"count": 0, "items": [{"summary": "This spot is popular", "type": "general", "reasonName": "globalInteractionReason"}]}, "venue": {"id": "5ba4cd352db4a9002c12560c", "name": "Blacklock", "location": {"address": "28-30 Rivington St", "lat": 51.52587901855644, "lng": -0.08181229596363633, "labeledLatLngs": [{"label": "display", "lat": 51.52587901855644, "lng": -0.08181229596363633}], "distance": 227, "postalCode": "EC2A 3DZ", "cc": "GB", "city": "Shoreditch", "state": "Greater London", "country": "United Kingdom", "formattedAddress": ["28-30 Rivington St", "Shoreditch", "Greater London", "EC2A 3DZ", "United Kingdom"]}, "categories": [{"id": "4bf58dd8d48988d1cc941735", "name": "Steakhouse", "pluralName": "Steakhouses", "shortName": "Steakhouse", "icon": {"prefix": "https://ss3.4sqi.net/img/categories_v2/food/steakhouse_", "suffix": ".png"}, "primary": true}], "photos": {"count": 0, "groups": []}}, "referralId": "e-0-5ba4cd352db4a9002c12560c-4"}, {"reasons": {"count": 0, "items": [{"summary": "This spot is popular", "type": "general", "reasonName": "globalInteractionReason"}]}, "venue": {"id": "57fea7f8498ec9f10a167084", "name": "Popolo", "location": {"address": "26 Rivington St", "lat": 51.52610380010933, "lng": -0.08209819489823418, "labeledLatLngs": [{"label": "display", "lat": 51.52610380010933, "lng": -0.08209819489823418}], "distance": 238, "postalCode": "EC2A 3DU", "cc": "GB", "neighborhood": "Shoreditch", "city": "London", "state": "Greater London", "country": "United Kingdom", "formattedAddress": ["26 Rivington St", "London", "Greater London", "EC2A 3DU", "United Kingdom"]}, "categories": [{"id": "4bf58dd8d48988d110941735", "name": "Italian Restaurant", "pluralName": "Italian Restaurants", "shortName": "Italian", "icon": {"prefix": "https://ss3.4sqi.net/img/categories_v2/food/italian_", "suffix": ".png"}, "primary": true}], "photos": {"count": 0, "groups": []}}, "referralId": "e-0-57fea7f8498ec9f10a167084-5"}, {"reasons": {"count": 0, "items": [{"summary": "This spot is popular", "type": "general", "reasonName": "globalInteractionReason"}]}, "venue": {"id": "5647a906498ea0ff8a76180f", "name": "Oklava", "location": {"address": "74 Luke St", "lat": 51.524132380271276, "lng": -0.08149213291266207, "labeledLatLngs": [{"label": "display", "lat": 51.524132380271276, "lng": -0.08149213291266207}], "distance": 151, "postalCode": "EC2A 4PY", "cc": "GB", "city": "Shoreditch", "state": "Greater London", "country": "United Kingdom", "formattedAddress": ["74 Luke St", "Shoreditch", "Greater London", "EC2A 4PY", "United Kingdom"]}, "categories": [{"id": "4f04af1f2fb6e1c99f3db0bb", "name": "Turkish Restaurant", "pluralName": "Turkish Restaurants", "shortName": "Turkish", "icon": {"prefix": "https://ss3.4sqi.net/img/categories_v2/food/turkish_", "suffix": ".png"}, "primary": true}], "photos": {"count": 0, "groups": []}}, "referralId": "e-0-5647a906498ea0ff8a76180f-6"}, {"reasons": {"count": 0, "items": [{"summary": "This spot is popular", "type": "general", "reasonName": "globalInteractionReason"}]}, "venue": {"id": "5ab43df0f5e9d758514a0f06", "name": "Leroy", "location": {"address": "18 Phipp St", "lat": 51.52404359679944, "lng": -0.08164577815337824, "labeledLatLngs": [{"label": "display", "lat": 51.52404359679944, "lng": -0.08164577815337824}], "distance": 141, "postalCode": "EC2A 4NU", "cc": "GB", "city": "Shoreditch", "state": "Greater London", "country": "United Kingdom", "formattedAddress": ["18 Phipp St", "Shoreditch", "Greater London", "EC2A 4NU", "United Kingdom"]}, "categories": [{"id": "4bf58dd8d48988d1c4941735", "name": "Restaurant", "pluralName": "Restaurants", "shortName": "Restaurant", "icon": {"prefix": "https://ss3.4sqi.net/img/categories_v2/food/default_", "suffix": ".png"}, "primary": true}], "photos": {"count": 0, "groups": []}}, "referralId": "e-0-5ab43df0f5e9d758514a0f06-7"}, {"reasons": {"count": 0, "items": [{"summary": "This spot is popular", "type": "general", "reasonName": "globalInteractionReason"}]}, "venue": {"id": "5bdcc0d36e69af00318838f1", "name": "Pachamama East", "location": {"address": "73 Great Eastern St", "lat": 51.52531737011926, "lng": -0.0822287263819268, "labeledLatLngs": [{"label": "display", "lat": 51.52531737011926, "lng": -0.0822287263819268}], "distance": 159, "postalCode": "EC2A 3HR", "cc": "GB", "city": "London", "state": "Greater London", "country": "United Kingdom", "formattedAddress": ["73 Great Eastern St", "London", "Greater London", "EC2A 3HR", "United Kingdom"]}, "categories": [{"id": "4eb1bfa43b7b52c0e1adc2e8", "name": "Peruvian Restaurant", "pluralName": "Peruvian Restaurants", "shortName": "Peruvian", "icon": {"prefix": "https://ss3.4sqi.net/img/categories_v2/food/peruvian_", "suffix": ".png"}, "primary": true}], "photos": {"count": 0, "groups": []}}, "referralId": "e-0-5bdcc0d36e69af00318838f1-8"}, {"reasons": {"count": 0, "items": [{"summary": "This spot is popular", "type": "general", "reasonName": "globalInteractionReason"}]}, "venue": {"id": "5c692ec8829b0c002c56986d", "name": "Gloria by Big Mamma", "location": {"address": "54-56 Great Eastern St", "lat": 51.52496383354684, "lng": -0.08130471249095239, "labeledLatLngs": [{"label": "display", "lat": 51.52496383354684, "lng": -0.08130471249095239}], "distance": 185, "postalCode": "EC2A 3QR", "cc": "GB", "city": "Shoreditch", "state": "Greater London", "country": "United Kingdom", "formattedAddress": ["54-56 Great Eastern St", "Shoreditch", "Greater London", "EC2A 3QR", "United Kingdom"]}, "categories": [{"id": "4bf58dd8d48988d110941735", "name": "Italian Restaurant", "pluralName": "Italian Restaurants", "shortName": "Italian", "icon": {"prefix": "https://ss3.4sqi.net/img/categories_v2/food/italian_", "suffix": ".png"}, "primary": true}], "photos": {"count": 0, "groups": []}}, "referralId": "e-0-5c692ec8829b0c002c56986d-9"}, {"reasons": {"count": 0, "items": [{"summary": "This spot is popular", "type": "general", "reasonName": "globalInteractionReason"}]}, "venue": {"id": "59e1ffe1dd70c5577e27507f", "name": "Dumpling Shack", "location": {"address": "Old Spitalfields Market", "crossStreet": "The Kitchen", "lat": 51.5223695110415, "lng": -0.08104009042166695, "labeledLatLngs": [{"label": "display", "lat": 51.5223695110415, "lng": -0.08104009042166695}], "distance": 273, "postalCode": "E1 6EW", "cc": "GB", "city": "London", "state": "Greater London", "country": "United Kingdom", "formattedAddress": ["Old Spitalfields Market (The Kitchen)", "London", "Greater London", "E1 6EW", "United Kingdom"]}, "categories": [{"id": "4bf58dd8d48988d1cb941735", "name": "Food Truck", "pluralName": "Food Trucks", "shortName": "Food Truck", "icon": {"prefix": "https://ss3.4sqi.net/img/categories_v2/food/streetfood_", "suffix": ".png"}, "primary": true}], "photos": {"count": 0, "groups": []}}, "referralId": "e-0-59e1ffe1dd70c5577e27507f-10"}, {"reasons": {"count": 0, "items": [{"summary": "This spot is popular", "type": "general", "reasonName": "globalInteractionReason"}]}, "venue": {"id": "59e749e36adbf520ce460c47", "name": "Doughnut Time", "location": {"address": "233a Old St", "lat": 51.52619475747188, "lng": -0.08549651724890489, "labeledLatLngs": [{"label": "display", "lat": 51.52619475747188, "lng": -0.08549651724890489}], "distance": 255, "postalCode": "EC1V 9HE", "cc": "GB", "city": "London", "state": "Greater London", "country": "United Kingdom", "formattedAddress": ["233a Old St", "London", "Greater London", "EC1V 9HE", "United Kingdom"]}, "categories": [{"id": "4bf58dd8d48988d148941735", "name": "Donut Shop", "pluralName": "Donut Shops", "shortName": "Donuts", "icon": {"prefix": "https://ss3.4sqi.net/img/categories_v2/food/donuts_", "suffix": ".png"}, "primary": true}], "photos": {"count": 0, "groups": []}}, "referralId": "e-0-59e749e36adbf520ce460c47-11"}, {"reasons": {"count": 0, "items": [{"summary": "This spot is popular", "type": "general", "reasonName": "globalInteractionReason"}]}, "venue": {"id": "5729f951498e677fbce4d17b", "name": "Karims Stoop Zeyoona", "location": {"address": "77 Paul St", "crossStreet": "Leonard St", "lat": 51.52472577186193, "lng": -0.08414089679718018, "labeledLatLngs": [{"label": "display", "lat": 51.52472577186193, "lng": -0.08414089679718018}], "distance": 66, "postalCode": "EC2A 4PN", "cc": "GB", "neighborhood": "Hackney", "city": "London", "state": "Greater London", "country": "United Kingdom", "formattedAddress": ["77 Paul St (Leonard St)", "London", "Greater London", "EC2A 4PN", "United Kingdom"]}, "categories": [{"id": "56aa371be4b08b9a8d57350b", "name": "Food Stand", "pluralName": "Food Stands", "shortName": "Food Stand", "icon": {"prefix": "https://ss3.4sqi.net/img/categories_v2/travel/movingtarget_", "suffix": ".png"}, "primary": true}], "photos": {"count": 0, "groups": []}}, "referralId": "e-0-5729f951498e677fbce4d17b-12"}, {"reasons": {"count": 0, "items": [{"summary": "This spot is popular", "type": "general", "reasonName": "globalInteractionReason"}]}, "venue": {"id": "53bbdefe498e97b80789e930", "name": "Banh-Mi & Son", "location": {"address": "40 Clifton St", "lat": 51.521577215556746, "lng": -0.08345952650700401, "labeledLatLngs": [{"label": "display", "lat": 51.521577215556746, "lng": -0.08345952650700401}], "distance": 292, "cc": "GB", "country": "United Kingdom", "formattedAddress": ["40 Clifton St", "United Kingdom"]}, "categories": [{"id": "4bf58dd8d48988d1cb941735", "name": "Food Truck", "pluralName": "Food Trucks", "shortName": "Food Truck", "icon": {"prefix": "https://ss3.4sqi.net/img/categories_v2/food/streetfood_", "suffix": ".png"}, "primary": true}], "photos": {"count": 0, "groups": []}}, "referralId": "e-0-53bbdefe498e97b80789e930-13"}, {"reasons": {"count": 0, "items": [{"summary": "This spot is popular", "type": "general", "reasonName": "globalInteractionReason"}]}, "venue": {"id": "4f7ddc0fe4b062316b24a77b", "name": "Lantana Cafe", "location": {"address": "2, Oliver\u2019s Yard, 55 City Rd", "lat": 51.52432692929157, "lng": -0.08739218218527553, "labeledLatLngs": [{"label": "display", "lat": 51.52432692929157, "lng": -0.08739218218527553}], "distance": 257, "postalCode": "EC1Y 1HQ", "cc": "GB", "neighborhood": "Shoreditch, London, Greater London", "city": "London", "state": "Greater London", "country": "United Kingdom", "formattedAddress": ["2, Oliver\u2019s Yard, 55 City Rd", "London", "Greater London", "EC1Y 1HQ", "United Kingdom"]}, "categories": [{"id": "4bf58dd8d48988d16d941735", "name": "Caf\u00e9", "pluralName": "Caf\u00e9s", "shortName": "Caf\u00e9", "icon": {"prefix": "https://ss3.4sqi.net/img/categories_v2/food/cafe_", "suffix": ".png"}, "primary": true}], "photos": {"count": 0, "groups": []}}, "referralId": "e-0-4f7ddc0fe4b062316b24a77b-14"}, {"reasons": {"count": 0, "items": [{"summary": "This spot is popular", "type": "general", "reasonName": "globalInteractionReason"}]}, "venue": {"id": "5452425a498e175ca17ab0e3", "name": "Persian Kebab", "location": {"lat": 51.524714935729435, "lng": -0.08215458228130076, "labeledLatLngs": [{"label": "display", "lat": 51.524714935729435, "lng": -0.08215458228130076}], "distance": 120, "cc": "GB", "city": "London", "state": "Greater London", "country": "United Kingdom", "formattedAddress": ["London", "Greater London", "United Kingdom"]}, "categories": [{"id": "4bf58dd8d48988d1cb941735", "name": "Food Truck", "pluralName": "Food Trucks", "shortName": "Food Truck", "icon": {"prefix": "https://ss3.4sqi.net/img/categories_v2/food/streetfood_", "suffix": ".png"}, "primary": true}], "photos": {"count": 0, "groups": []}}, "referralId": "e-0-5452425a498e175ca17ab0e3-15"}, {"reasons": {"count": 0, "items": [{"summary": "This spot is popular", "type": "general", "reasonName": "globalInteractionReason"}]}, "venue": {"id": "4bbb37f87421a593408ac440", "name": "Riccardo's", "location": {"address": "9 Paul St", "crossStreet": "Bonhill Street", "lat": 51.52255890972233, "lng": -0.08450359380734898, "labeledLatLngs": [{"label": "display", "lat": 51.52255890972233, "lng": -0.08450359380734898}], "distance": 191, "postalCode": "EC2A 4JJ", "cc": "GB", "city": "London", "state": "Greater London", "country": "United Kingdom", "formattedAddress": ["9 Paul St (Bonhill Street)", "London", "Greater London", "EC2A 4JJ", "United Kingdom"]}, "categories": [{"id": "4bf58dd8d48988d16d941735", "name": "Caf\u00e9", "pluralName": "Caf\u00e9s", "shortName": "Caf\u00e9", "icon": {"prefix": "https://ss3.4sqi.net/img/categories_v2/food/cafe_", "suffix": ".png"}, "primary": true}], "photos": {"count": 0, "groups": []}}, "referralId": "e-0-4bbb37f87421a593408ac440-16"}, {"reasons": {"count": 0, "items": [{"summary": "This spot is popular", "type": "general", "reasonName": "globalInteractionReason"}]}, "venue": {"id": "594d318ba4b51b7d05bb26ed", "name": "Nobu Restaurant & Bar", "location": {"address": "10-50 Willow St", "lat": 51.52519963868433, "lng": -0.08265084703283386, "labeledLatLngs": [{"label": "display", "lat": 51.52519963868433, "lng": -0.08265084703283386}], "distance": 132, "postalCode": "EC2A 4BH", "cc": "GB", "neighborhood": "Hackney", "city": "Shoreditch", "state": "Greater London", "country": "United Kingdom", "formattedAddress": ["10-50 Willow St", "Shoreditch", "Greater London", "EC2A 4BH", "United Kingdom"]}, "categories": [{"id": "4bf58dd8d48988d111941735", "name": "Japanese Restaurant", "pluralName": "Japanese Restaurants", "shortName": "Japanese", "icon": {"prefix": "https://ss3.4sqi.net/img/categories_v2/food/japanese_", "suffix": ".png"}, "primary": true}], "photos": {"count": 0, "groups": []}}, "referralId": "e-0-594d318ba4b51b7d05bb26ed-17"}, {"reasons": {"count": 0, "items": [{"summary": "This spot is popular", "type": "general", "reasonName": "globalInteractionReason"}]}, "venue": {"id": "5e07a318e7ebaa00087fd988", "name": "Casa Do Frango", "location": {"address": "2 king john Court", "lat": 51.524406, "lng": -0.078905, "labeledLatLngs": [{"label": "display", "lat": 51.524406, "lng": -0.078905}], "distance": 331, "postalCode": "EC2A 3EZ", "cc": "GB", "city": "London", "state": "Greater London", "country": "United Kingdom", "formattedAddress": ["2 king john Court", "London", "Greater London", "EC2A 3EZ", "United Kingdom"]}, "categories": [{"id": "4def73e84765ae376e57713a", "name": "Portuguese Restaurant", "pluralName": "Portuguese Restaurants", "shortName": "Portuguese", "icon": {"prefix": "https://ss3.4sqi.net/img/categories_v2/food/portuguese_", "suffix": ".png"}, "primary": true}], "photos": {"count": 0, "groups": []}}, "referralId": "e-0-5e07a318e7ebaa00087fd988-18"}, {"reasons": {"count": 0, "items": [{"summary": "This spot is popular", "type": "general", "reasonName": "globalInteractionReason"}]}, "venue": {"id": "4acdd66cf964a52031cd20e3", "name": "C\u00e2y Tre", "location": {"address": "301 Old St", "lat": 51.526752791458804, "lng": -0.08172616262779167, "labeledLatLngs": [{"label": "display", "lat": 51.526752791458804, "lng": -0.08172616262779167}], "distance": 314, "postalCode": "EC1V 9LA", "cc": "GB", "city": "Shoreditch", "state": "Greater London", "country": "United Kingdom", "formattedAddress": ["301 Old St", "Shoreditch", "Greater London", "EC1V 9LA", "United Kingdom"]}, "categories": [{"id": "4bf58dd8d48988d14a941735", "name": "Vietnamese Restaurant", "pluralName": "Vietnamese Restaurants", "shortName": "Vietnamese", "icon": {"prefix": "https://ss3.4sqi.net/img/categories_v2/food/vietnamese_", "suffix": ".png"}, "primary": true}], "photos": {"count": 0, "groups": []}, "venuePage": {"id": "47725116"}}, "referralId": "e-0-4acdd66cf964a52031cd20e3-19"}, {"reasons": {"count": 0, "items": [{"summary": "This spot is popular", "type": "general", "reasonName": "globalInteractionReason"}]}, "venue": {"id": "53ac0026498ee596ef17218b", "name": "The Backstreet Diner", "location": {"address": "Clifton St", "crossStreet": "Dysart St", "lat": 51.52161318437401, "lng": -0.08341372317798512, "labeledLatLngs": [{"label": "display", "lat": 51.52161318437401, "lng": -0.08341372317798512}], "distance": 288, "postalCode": "EC2A 4EX", "cc": "GB", "country": "United Kingdom", "formattedAddress": ["Clifton St (Dysart St)", "EC2A 4EX", "United Kingdom"]}, "categories": [{"id": "4bf58dd8d48988d1cb941735", "name": "Food Truck", "pluralName": "Food Trucks", "shortName": "Food Truck", "icon": {"prefix": "https://ss3.4sqi.net/img/categories_v2/food/streetfood_", "suffix": ".png"}, "primary": true}], "photos": {"count": 0, "groups": []}}, "referralId": "e-0-53ac0026498ee596ef17218b-20"}, {"reasons": {"count": 0, "items": [{"summary": "This spot is popular", "type": "general", "reasonName": "globalInteractionReason"}]}, "venue": {"id": "52a5c42111d2a37725caa24c", "name": "On The Bab", "location": {"address": "305 Old St", "lat": 51.52676028609, "lng": -0.08157360207218889, "labeledLatLngs": [{"label": "display", "lat": 51.52676028609, "lng": -0.08157360207218889}], "distance": 320, "postalCode": "EC1V 9LA", "cc": "GB", "neighborhood": "Hackney", "city": "London", "state": "Greater London", "country": "United Kingdom", "formattedAddress": ["305 Old St", "London", "Greater London", "EC1V 9LA", "United Kingdom"]}, "categories": [{"id": "4bf58dd8d48988d113941735", "name": "Korean Restaurant", "pluralName": "Korean Restaurants", "shortName": "Korean", "icon": {"prefix": "https://ss3.4sqi.net/img/categories_v2/food/korean_", "suffix": ".png"}, "primary": true}], "photos": {"count": 0, "groups": []}}, "referralId": "e-0-52a5c42111d2a37725caa24c-21"}, {"reasons": {"count": 0, "items": [{"summary": "This spot is popular", "type": "general", "reasonName": "globalInteractionReason"}]}, "venue": {"id": "4d88a6a8bc848cfad211b12b", "name": "K\u00eau Banh Mi Deli", "location": {"address": "332 Old St", "lat": 51.526761740800225, "lng": -0.08153179846827684, "labeledLatLngs": [{"label": "display", "lat": 51.526761740800225, "lng": -0.08153179846827684}], "distance": 321, "postalCode": "EC1V 9DR", "cc": "GB", "city": "Shoreditch", "state": "Greater London", "country": "United Kingdom", "formattedAddress": ["332 Old St", "Shoreditch", "Greater London", "EC1V 9DR", "United Kingdom"]}, "categories": [{"id": "4bf58dd8d48988d14a941735", "name": "Vietnamese Restaurant", "pluralName": "Vietnamese Restaurants", "shortName": "Vietnamese", "icon": {"prefix": "https://ss3.4sqi.net/img/categories_v2/food/vietnamese_", "suffix": ".png"}, "primary": true}], "photos": {"count": 0, "groups": []}, "venuePage": {"id": "47704791"}}, "referralId": "e-0-4d88a6a8bc848cfad211b12b-22"}, {"reasons": {"count": 0, "items": [{"summary": "This spot is popular", "type": "general", "reasonName": "globalInteractionReason"}]}, "venue": {"id": "4adef58cf964a520ed7621e3", "name": "Bottega Prelibato", "location": {"address": "45 Rivington St", "lat": 51.52609900743677, "lng": -0.08139097409118304, "labeledLatLngs": [{"label": "display", "lat": 51.52609900743677, "lng": -0.08139097409118304}], "distance": 264, "postalCode": "EC2A 3QB", "cc": "GB", "city": "London", "state": "Greater London", "country": "United Kingdom", "formattedAddress": ["45 Rivington St", "London", "Greater London", "EC2A 3QB", "United Kingdom"]}, "categories": [{"id": "4bf58dd8d48988d110941735", "name": "Italian Restaurant", "pluralName": "Italian Restaurants", "shortName": "Italian", "icon": {"prefix": "https://ss3.4sqi.net/img/categories_v2/food/italian_", "suffix": ".png"}, "primary": true}], "photos": {"count": 0, "groups": []}}, "referralId": "e-0-4adef58cf964a520ed7621e3-23"}, {"reasons": {"count": 0, "items": [{"summary": "This spot is popular", "type": "general", "reasonName": "globalInteractionReason"}]}, "venue": {"id": "5a15c7571fa763610b678260", "name": "Butchies", "location": {"address": "22 Rivington St", "lat": 51.52610939824911, "lng": -0.08222891440403904, "labeledLatLngs": [{"label": "display", "lat": 51.52610939824911, "lng": -0.08222891440403904}], "distance": 235, "postalCode": "EC2A 3DY", "cc": "GB", "city": "Shoreditch", "state": "Greater London", "country": "United Kingdom", "formattedAddress": ["22 Rivington St", "Shoreditch", "Greater London", "EC2A 3DY", "United Kingdom"]}, "categories": [{"id": "4d4ae6fc7a7b7dea34424761", "name": "Fried Chicken Joint", "pluralName": "Fried Chicken Joints", "shortName": "Fried Chicken", "icon": {"prefix": "https://ss3.4sqi.net/img/categories_v2/food/friedchicken_", "suffix": ".png"}, "primary": true}], "photos": {"count": 0, "groups": []}}, "referralId": "e-0-5a15c7571fa763610b678260-24"}, {"reasons": {"count": 0, "items": [{"summary": "This spot is popular", "type": "general", "reasonName": "globalInteractionReason"}]}, "venue": {"id": "53683683498e2748cac74a56", "name": "The Blues Kitchen", "location": {"address": "134-146 Curtain Rd", "crossStreet": "Old St", "lat": 51.5264647, "lng": -0.0801611, "labeledLatLngs": [{"label": "display", "lat": 51.5264647, "lng": -0.0801611}], "distance": 350, "postalCode": "EC2A 3AR", "cc": "GB", "neighborhood": "Shoreditch, London, Greater London", "city": "London", "state": "Greater London", "country": "United Kingdom", "formattedAddress": ["134-146 Curtain Rd (Old St)", "London", "Greater London", "EC2A 3AR", "United Kingdom"]}, "categories": [{"id": "4bf58dd8d48988d1df931735", "name": "BBQ Joint", "pluralName": "BBQ Joints", "shortName": "BBQ", "icon": {"prefix": "https://ss3.4sqi.net/img/categories_v2/food/bbqalt_", "suffix": ".png"}, "primary": true}], "photos": {"count": 0, "groups": []}, "venuePage": {"id": "138383092"}}, "referralId": "e-0-53683683498e2748cac74a56-25"}, {"reasons": {"count": 0, "items": [{"summary": "This spot is popular", "type": "general", "reasonName": "globalInteractionReason"}]}, "venue": {"id": "58b82530000bef48795ef005", "name": "Nanashi", "location": {"address": "14 Rivington St", "lat": 51.526121620714854, "lng": -0.08247447033513156, "labeledLatLngs": [{"label": "display", "lat": 51.526121620714854, "lng": -0.08247447033513156}], "distance": 229, "postalCode": "EC2A 3DU", "cc": "GB", "city": "London", "state": "Greater London", "country": "United Kingdom", "formattedAddress": ["14 Rivington St", "London", "Greater London", "EC2A 3DU", "United Kingdom"]}, "categories": [{"id": "4bf58dd8d48988d111941735", "name": "Japanese Restaurant", "pluralName": "Japanese Restaurants", "shortName": "Japanese", "icon": {"prefix": "https://ss3.4sqi.net/img/categories_v2/food/japanese_", "suffix": ".png"}, "primary": true}], "photos": {"count": 0, "groups": []}}, "referralId": "e-0-58b82530000bef48795ef005-26"}, {"reasons": {"count": 0, "items": [{"summary": "This spot is popular", "type": "general", "reasonName": "globalInteractionReason"}]}, "venue": {"id": "4bf2444670779521e1ae3e7c", "name": "Franco's", "location": {"address": "67 Rivington St", "crossStreet": "btw Curtain Rd & Shoreditch High St", "lat": 51.5262233775817, "lng": -0.07977965250468101, "labeledLatLngs": [{"label": "display", "lat": 51.5262233775817, "lng": -0.07977965250468101}], "distance": 351, "postalCode": "EC2A 3AY", "cc": "GB", "neighborhood": "Shoreditch", "city": "London", "state": "Greater London", "country": "United Kingdom", "formattedAddress": ["67 Rivington St (btw Curtain Rd & Shoreditch High St)", "London", "Greater London", "EC2A 3AY", "United Kingdom"]}, "categories": [{"id": "4bf58dd8d48988d1c5941735", "name": "Sandwich Place", "pluralName": "Sandwich Places", "shortName": "Sandwiches", "icon": {"prefix": "https://ss3.4sqi.net/img/categories_v2/food/deli_", "suffix": ".png"}, "primary": true}], "photos": {"count": 0, "groups": []}}, "referralId": "e-0-4bf2444670779521e1ae3e7c-27"}, {"reasons": {"count": 0, "items": [{"summary": "This spot is popular", "type": "general", "reasonName": "globalInteractionReason"}]}, "venue": {"id": "50c35e21e4b08c3b59223478", "name": "MEAT Mission", "location": {"address": "14-15 Hoxton Market", "lat": 51.52725369399527, "lng": -0.08258264589329778, "labeledLatLngs": [{"label": "display", "lat": 51.52725369399527, "lng": -0.08258264589329778}], "distance": 348, "postalCode": "N1 6HG", "cc": "GB", "city": "Hoxton", "state": "Greater London", "country": "United Kingdom", "formattedAddress": ["14-15 Hoxton Market", "Hoxton", "Greater London", "N1 6HG", "United Kingdom"]}, "categories": [{"id": "4bf58dd8d48988d16c941735", "name": "Burger Joint", "pluralName": "Burger Joints", "shortName": "Burgers", "icon": {"prefix": "https://ss3.4sqi.net/img/categories_v2/food/burger_", "suffix": ".png"}, "primary": true}], "photos": {"count": 0, "groups": []}}, "referralId": "e-0-50c35e21e4b08c3b59223478-28"}, {"reasons": {"count": 0, "items": [{"summary": "This spot is popular", "type": "general", "reasonName": "globalInteractionReason"}]}, "venue": {"id": "5840778e18384c5356681695", "name": "Aviary", "location": {"address": "22-25 Finsbury Sq", "crossStreet": "The Montcalm Royal", "lat": 51.52179539298163, "lng": -0.08559013006519264, "labeledLatLngs": [{"label": "display", "lat": 51.52179539298163, "lng": -0.08559013006519264}], "distance": 298, "postalCode": "EC2A 1DX", "cc": "GB", "city": "London", "state": "Greater London", "country": "United Kingdom", "formattedAddress": ["22-25 Finsbury Sq (The Montcalm Royal)", "London", "Greater London", "EC2A 1DX", "United Kingdom"]}, "categories": [{"id": "52e81612bcbc57f1066b7a05", "name": "English Restaurant", "pluralName": "English Restaurants", "shortName": "English", "icon": {"prefix": "https://ss3.4sqi.net/img/categories_v2/food/default_", "suffix": ".png"}, "primary": true}], "photos": {"count": 0, "groups": []}}, "referralId": "e-0-5840778e18384c5356681695-29"}, {"reasons": {"count": 0, "items": [{"summary": "This spot is popular", "type": "general", "reasonName": "globalInteractionReason"}]}, "venue": {"id": "4b069278f964a5204aed22e3", "name": "Hoxton Grill", "location": {"address": "81 Great Eastern St", "lat": 51.52557355201939, "lng": -0.08288347773486747, "labeledLatLngs": [{"label": "display", "lat": 51.52557355201939, "lng": -0.08288347773486747}], "distance": 162, "postalCode": "EC2A 3HU", "cc": "GB", "city": "London", "state": "Greater London", "country": "United Kingdom", "formattedAddress": ["81 Great Eastern St", "London", "Greater London", "EC2A 3HU", "United Kingdom"]}, "categories": [{"id": "4bf58dd8d48988d157941735", "name": "New American Restaurant", "pluralName": "New American Restaurants", "shortName": "New American", "icon": {"prefix": "https://ss3.4sqi.net/img/categories_v2/food/newamerican_", "suffix": ".png"}, "primary": true}], "photos": {"count": 0, "groups": []}, "venuePage": {"id": "33715582"}}, "referralId": "e-0-4b069278f964a5204aed22e3-30"}, {"reasons": {"count": 0, "items": [{"summary": "This spot is popular", "type": "general", "reasonName": "globalInteractionReason"}]}, "venue": {"id": "56ac6e1d498eba00959dffee", "name": "Redemption", "location": {"address": "320 Old St", "lat": 51.52663032671274, "lng": -0.08191852302625487, "labeledLatLngs": [{"label": "display", "lat": 51.52663032671274, "lng": -0.08191852302625487}], "distance": 296, "postalCode": "EC1V 9DR", "cc": "GB", "city": "London", "state": "Greater London", "country": "United Kingdom", "formattedAddress": ["320 Old St", "London", "Greater London", "EC1V 9DR", "United Kingdom"]}, "categories": [{"id": "4bf58dd8d48988d1c4941735", "name": "Restaurant", "pluralName": "Restaurants", "shortName": "Restaurant", "icon": {"prefix": "https://ss3.4sqi.net/img/categories_v2/food/default_", "suffix": ".png"}, "primary": true}], "photos": {"count": 0, "groups": []}, "venuePage": {"id": "510521323"}}, "referralId": "e-0-56ac6e1d498eba00959dffee-31"}, {"reasons": {"count": 0, "items": [{"summary": "This spot is popular", "type": "general", "reasonName": "globalInteractionReason"}]}, "venue": {"id": "4ac5bda6f964a5206cb220e3", "name": "The Breakfast Club", "location": {"address": "2-4 Rufus St", "crossStreet": "Hoxton Sq", "lat": 51.52705990980856, "lng": -0.08122720866375154, "labeledLatLngs": [{"label": "display", "lat": 51.52705990980856, "lng": -0.08122720866375154}], "distance": 360, "postalCode": "N1 6PE", "cc": "GB", "city": "Hoxton", "state": "Greater London", "country": "United Kingdom", "formattedAddress": ["2-4 Rufus St (Hoxton Sq)", "Hoxton", "Greater London", "N1 6PE", "United Kingdom"]}, "categories": [{"id": "4bf58dd8d48988d143941735", "name": "Breakfast Spot", "pluralName": "Breakfast Spots", "shortName": "Breakfast", "icon": {"prefix": "https://ss3.4sqi.net/img/categories_v2/food/breakfast_", "suffix": ".png"}, "primary": true}], "photos": {"count": 0, "groups": []}}, "referralId": "e-0-4ac5bda6f964a5206cb220e3-32"}, {"reasons": {"count": 0, "items": [{"summary": "This spot is popular", "type": "general", "reasonName": "globalInteractionReason"}]}, "venue": {"id": "52838415498e582c827db328", "name": "The Jones Family Project", "location": {"address": "78 Great Eastern St", "lat": 51.52579287697456, "lng": -0.08287447735693604, "labeledLatLngs": [{"label": "display", "lat": 51.52579287697456, "lng": -0.08287447735693604}], "distance": 185, "postalCode": "EC2A 3JL", "cc": "GB", "neighborhood": "Shoredi", "city": "London", "state": "Greater London", "country": "United Kingdom", "formattedAddress": ["78 Great Eastern St", "London", "Greater London", "EC2A 3JL", "United Kingdom"]}, "categories": [{"id": "4bf58dd8d48988d1c4941735", "name": "Restaurant", "pluralName": "Restaurants", "shortName": "Restaurant", "icon": {"prefix": "https://ss3.4sqi.net/img/categories_v2/food/default_", "suffix": ".png"}, "primary": true}], "photos": {"count": 0, "groups": []}}, "referralId": "e-0-52838415498e582c827db328-33"}, {"reasons": {"count": 0, "items": [{"summary": "This spot is popular", "type": "general", "reasonName": "globalInteractionReason"}]}, "venue": {"id": "5a0cb08767e5f2046ad3e8c0", "name": "Passo", "location": {"address": "80 City Rd", "lat": 51.52493191921503, "lng": -0.08771525803669257, "labeledLatLngs": [{"label": "display", "lat": 51.52493191921503, "lng": -0.08771525803669257}], "distance": 291, "postalCode": "EC1Y 2AS", "cc": "GB", "city": "London", "state": "Greater London", "country": "United Kingdom", "formattedAddress": ["80 City Rd", "London", "Greater London", "EC1Y 2AS", "United Kingdom"]}, "categories": [{"id": "4bf58dd8d48988d110941735", "name": "Italian Restaurant", "pluralName": "Italian Restaurants", "shortName": "Italian", "icon": {"prefix": "https://ss3.4sqi.net/img/categories_v2/food/italian_", "suffix": ".png"}, "primary": true}], "photos": {"count": 0, "groups": []}}, "referralId": "e-0-5a0cb08767e5f2046ad3e8c0-34"}, {"reasons": {"count": 0, "items": [{"summary": "This spot is popular", "type": "general", "reasonName": "globalInteractionReason"}]}, "venue": {"id": "4ade2f71f964a520b47321e3", "name": "Best Turkish Kebab", "location": {"address": "Old Street", "lat": 51.525963990069236, "lng": -0.0860399268908779, "labeledLatLngs": [{"label": "display", "lat": 51.525963990069236, "lng": -0.0860399268908779}], "distance": 255, "cc": "GB", "city": "London", "state": "Greater London", "country": "United Kingdom", "formattedAddress": ["Old Street", "London", "Greater London", "United Kingdom"]}, "categories": [{"id": "4bf58dd8d48988d115941735", "name": "Middle Eastern Restaurant", "pluralName": "Middle Eastern Restaurants", "shortName": "Middle Eastern", "icon": {"prefix": "https://ss3.4sqi.net/img/categories_v2/food/middleeastern_", "suffix": ".png"}, "primary": true}], "photos": {"count": 0, "groups": []}}, "referralId": "e-0-4ade2f71f964a520b47321e3-35"}, {"reasons": {"count": 0, "items": [{"summary": "This spot is popular", "type": "general", "reasonName": "globalInteractionReason"}]}, "venue": {"id": "4c6ed297d5c3a1cd0c7bc92b", "name": "Busaba Eathai", "location": {"address": "319 Old St", "crossStreet": "at Charlotte Rd", "lat": 51.526889485691726, "lng": -0.0811351817928289, "labeledLatLngs": [{"label": "display", "lat": 51.526889485691726, "lng": -0.0811351817928289}], "distance": 347, "postalCode": "EC1V 9LE", "cc": "GB", "city": "London", "state": "Greater London", "country": "United Kingdom", "formattedAddress": ["319 Old St (at Charlotte Rd)", "London", "Greater London", "EC1V 9LE", "United Kingdom"]}, "categories": [{"id": "4bf58dd8d48988d149941735", "name": "Thai Restaurant", "pluralName": "Thai Restaurants", "shortName": "Thai", "icon": {"prefix": "https://ss3.4sqi.net/img/categories_v2/food/thai_", "suffix": ".png"}, "primary": true}], "photos": {"count": 0, "groups": []}}, "referralId": "e-0-4c6ed297d5c3a1cd0c7bc92b-36"}, {"reasons": {"count": 0, "items": [{"summary": "This spot is popular", "type": "general", "reasonName": "globalInteractionReason"}]}, "venue": {"id": "5698f64c498e6a3be418ab85", "name": "The Sichuan", "location": {"address": "14 City Rd", "lat": 51.522159812186, "lng": -0.08702817994493915, "labeledLatLngs": [{"label": "display", "lat": 51.522159812186, "lng": -0.08702817994493915}], "distance": 324, "postalCode": "EC1Y 2AA", "cc": "GB", "neighborhood": "Islington", "city": "London", "state": "Greater London", "country": "United Kingdom", "formattedAddress": ["14 City Rd", "London", "Greater London", "EC1Y 2AA", "United Kingdom"]}, "categories": [{"id": "52af3b773cf9994f4e043c03", "name": "Szechuan Restaurant", "pluralName": "Szechuan Restaurants", "shortName": "Szechuan", "icon": {"prefix": "https://ss3.4sqi.net/img/categories_v2/food/asian_", "suffix": ".png"}, "primary": true}], "photos": {"count": 0, "groups": []}}, "referralId": "e-0-5698f64c498e6a3be418ab85-37"}, {"reasons": {"count": 0, "items": [{"summary": "This spot is popular", "type": "general", "reasonName": "globalInteractionReason"}]}, "venue": {"id": "53b54866498e3c01b544433f", "name": "Lalezar", "location": {"address": "Paul St", "crossStreet": "Leonard St", "lat": 51.524696580642946, "lng": -0.0840789285030779, "labeledLatLngs": [{"label": "display", "lat": 51.524696580642946, "lng": -0.0840789285030779}], "distance": 61, "cc": "GB", "country": "United Kingdom", "formattedAddress": ["Paul St (Leonard St)", "United Kingdom"]}, "categories": [{"id": "4f04af1f2fb6e1c99f3db0bb", "name": "Turkish Restaurant", "pluralName": "Turkish Restaurants", "shortName": "Turkish", "icon": {"prefix": "https://ss3.4sqi.net/img/categories_v2/food/turkish_", "suffix": ".png"}, "primary": true}], "photos": {"count": 0, "groups": []}}, "referralId": "e-0-53b54866498e3c01b544433f-38"}, {"reasons": {"count": 0, "items": [{"summary": "This spot is popular", "type": "general", "reasonName": "globalInteractionReason"}]}, "venue": {"id": "594532b6061b51682c154c31", "name": "Lido", "location": {"address": "45 Curtain Rd", "lat": 51.52363637800325, "lng": -0.08077797760101021, "labeledLatLngs": [{"label": "display", "lat": 51.52363637800325, "lng": -0.08077797760101021}], "distance": 210, "postalCode": "E C2A", "cc": "GB", "city": "Shoreditch", "state": "Greater London", "country": "United Kingdom", "formattedAddress": ["45 Curtain Rd", "Shoreditch", "Greater London", "E C2A", "United Kingdom"]}, "categories": [{"id": "4bf58dd8d48988d1c0941735", "name": "Mediterranean Restaurant", "pluralName": "Mediterranean Restaurants", "shortName": "Mediterranean", "icon": {"prefix": "https://ss3.4sqi.net/img/categories_v2/food/mediterranean_", "suffix": ".png"}, "primary": true}], "photos": {"count": 0, "groups": []}}, "referralId": "e-0-594532b6061b51682c154c31-39"}, {"reasons": {"count": 0, "items": [{"summary": "This spot is popular", "type": "general", "reasonName": "globalInteractionReason"}]}, "venue": {"id": "4ad8f139f964a5203b1621e3", "name": "Hach\u00e9", "location": {"address": "147 Curtain Rd", "lat": 51.526613481661435, "lng": -0.08041603133146778, "labeledLatLngs": [{"label": "display", "lat": 51.526613481661435, "lng": -0.08041603133146778}], "distance": 350, "postalCode": "EC2A 3QE", "cc": "GB", "city": "London", "state": "Greater London", "country": "United Kingdom", "formattedAddress": ["147 Curtain Rd", "London", "Greater London", "EC2A 3QE", "United Kingdom"]}, "categories": [{"id": "4bf58dd8d48988d16c941735", "name": "Burger Joint", "pluralName": "Burger Joints", "shortName": "Burgers", "icon": {"prefix": "https://ss3.4sqi.net/img/categories_v2/food/burger_", "suffix": ".png"}, "primary": true}], "photos": {"count": 0, "groups": []}, "venuePage": {"id": "49109855"}}, "referralId": "e-0-4ad8f139f964a5203b1621e3-40"}, {"reasons": {"count": 0, "items": [{"summary": "This spot is popular", "type": "general", "reasonName": "globalInteractionReason"}]}, "venue": {"id": "5045e765e4b0e2ca0b3526f3", "name": "Tapas Brindisa", "location": {"address": "152-154 Curtain Rd", "lat": 51.526903744371715, "lng": -0.08025327087529185, "labeledLatLngs": [{"label": "display", "lat": 51.526903744371715, "lng": -0.08025327087529185}], "distance": 383, "postalCode": "EC2A 3AT", "cc": "GB", "city": "London", "state": "Greater London", "country": "United Kingdom", "formattedAddress": ["152-154 Curtain Rd", "London", "Greater London", "EC2A 3AT", "United Kingdom"]}, "categories": [{"id": "4bf58dd8d48988d1db931735", "name": "Tapas Restaurant", "pluralName": "Tapas Restaurants", "shortName": "Tapas", "icon": {"prefix": "https://ss3.4sqi.net/img/categories_v2/food/tapas_", "suffix": ".png"}, "primary": true}], "photos": {"count": 0, "groups": []}}, "referralId": "e-0-5045e765e4b0e2ca0b3526f3-41"}, {"reasons": {"count": 0, "items": [{"summary": "This spot is popular", "type": "general", "reasonName": "globalInteractionReason"}]}, "venue": {"id": "4ede25e34901c8be21eeae23", "name": "Pitfield London", "location": {"address": "31-35 Pitfield St", "lat": 51.52731302992747, "lng": -0.08363382410737683, "labeledLatLngs": [{"label": "display", "lat": 51.52731302992747, "lng": -0.08363382410737683}], "distance": 346, "postalCode": "N1 6HB", "cc": "GB", "city": "London", "state": "Greater London", "country": "United Kingdom", "formattedAddress": ["31-35 Pitfield St", "London", "Greater London", "N1 6HB", "United Kingdom"]}, "categories": [{"id": "4bf58dd8d48988d16d941735", "name": "Caf\u00e9", "pluralName": "Caf\u00e9s", "shortName": "Caf\u00e9", "icon": {"prefix": "https://ss3.4sqi.net/img/categories_v2/food/cafe_", "suffix": ".png"}, "primary": true}], "photos": {"count": 0, "groups": []}, "venuePage": {"id": "64264034"}}, "referralId": "e-0-4ede25e34901c8be21eeae23-42"}, {"reasons": {"count": 0, "items": [{"summary": "This spot is popular", "type": "general", "reasonName": "globalInteractionReason"}]}, "venue": {"id": "5d715f84a5cdf100089597a8", "name": "wagamama", "location": {"address": "west retail unit, the bower, 207 old street", "crossStreet": "The Bower", "lat": 51.52595587213087, "lng": -0.08868977253644061, "labeledLatLngs": [{"label": "display", "lat": 51.52595587213087, "lng": -0.08868977253644061}], "distance": 398, "postalCode": "EC1V 9NR", "cc": "GB", "city": "London", "state": "Greater London", "country": "United Kingdom", "formattedAddress": ["west retail unit, the bower, 207 old street (The Bower)", "London", "Greater London", "EC1V 9NR", "United Kingdom"]}, "categories": [{"id": "4bf58dd8d48988d142941735", "name": "Asian Restaurant", "pluralName": "Asian Restaurants", "shortName": "Asian", "icon": {"prefix": "https://ss3.4sqi.net/img/categories_v2/food/asian_", "suffix": ".png"}, "primary": true}], "photos": {"count": 0, "groups": []}}, "referralId": "e-0-5d715f84a5cdf100089597a8-43"}, {"reasons": {"count": 0, "items": [{"summary": "This spot is popular", "type": "general", "reasonName": "globalInteractionReason"}]}, "venue": {"id": "4b97a213f964a520bb0c35e3", "name": "Toto's Sandwich Bar", "location": {"address": "39 Scrutton St.", "crossStreet": "New N. Pl.", "lat": 51.523213282856915, "lng": -0.08206696569460648, "labeledLatLngs": [{"label": "display", "lat": 51.523213282856915, "lng": -0.08206696569460648}], "distance": 156, "postalCode": "EC2A 4HU", "cc": "GB", "city": "Shoreditch", "state": "Greater London", "country": "United Kingdom", "formattedAddress": ["39 Scrutton St. (New N. Pl.)", "Shoreditch", "Greater London", "EC2A 4HU", "United Kingdom"]}, "categories": [{"id": "4bf58dd8d48988d1c5941735", "name": "Sandwich Place", "pluralName": "Sandwich Places", "shortName": "Sandwiches", "icon": {"prefix": "https://ss3.4sqi.net/img/categories_v2/food/deli_", "suffix": ".png"}, "primary": true}], "photos": {"count": 0, "groups": []}}, "referralId": "e-0-4b97a213f964a520bb0c35e3-44"}, {"reasons": {"count": 0, "items": [{"summary": "This spot is popular", "type": "general", "reasonName": "globalInteractionReason"}]}, "venue": {"id": "5728e93f498e67e916db365b", "name": "Enoteca da Luca", "location": {"address": "The Bower", "crossStreet": "207 Old St", "lat": 51.52594225793048, "lng": -0.0884190112150382, "labeledLatLngs": [{"label": "display", "lat": 51.52594225793048, "lng": -0.0884190112150382}], "distance": 381, "postalCode": "EC1V 9NR", "cc": "GB", "city": "London", "state": "Greater London", "country": "United Kingdom", "formattedAddress": ["The Bower (207 Old St)", "London", "Greater London", "EC1V 9NR", "United Kingdom"]}, "categories": [{"id": "4bf58dd8d48988d110941735", "name": "Italian Restaurant", "pluralName": "Italian Restaurants", "shortName": "Italian", "icon": {"prefix": "https://ss3.4sqi.net/img/categories_v2/food/italian_", "suffix": ".png"}, "primary": true}], "photos": {"count": 0, "groups": []}}, "referralId": "e-0-5728e93f498e67e916db365b-45"}, {"reasons": {"count": 0, "items": [{"summary": "This spot is popular", "type": "general", "reasonName": "globalInteractionReason"}]}, "venue": {"id": "4adc4c0df964a520ac2b21e3", "name": "City Best Kebab", "location": {"address": "10 Pitfield St", "lat": 51.52684959013771, "lng": -0.08370778026527421, "labeledLatLngs": [{"label": "display", "lat": 51.52684959013771, "lng": -0.08370778026527421}], "distance": 294, "postalCode": "N1 6HA", "cc": "GB", "city": "London", "state": "Greater London", "country": "United Kingdom", "formattedAddress": ["10 Pitfield St", "London", "Greater London", "N1 6HA", "United Kingdom"]}, "categories": [{"id": "5283c7b4e4b094cb91ec88d7", "name": "Kebab Restaurant", "pluralName": "Kebab Restaurants", "shortName": "Kebab", "icon": {"prefix": "https://ss3.4sqi.net/img/categories_v2/food/middleeastern_", "suffix": ".png"}, "primary": true}], "photos": {"count": 0, "groups": []}}, "referralId": "e-0-4adc4c0df964a520ac2b21e3-46"}, {"reasons": {"count": 0, "items": [{"summary": "This spot is popular", "type": "general", "reasonName": "globalInteractionReason"}]}, "venue": {"id": "57a48b6c498ee3704be296e4", "name": "Savure", "location": {"address": "20 Paul St", "crossStreet": "Scrutton St", "lat": 51.52301682921036, "lng": -0.08434597943649051, "labeledLatLngs": [{"label": "display", "lat": 51.52301682921036, "lng": -0.08434597943649051}], "distance": 139, "postalCode": "EC2A 4HJ", "cc": "GB", "neighborhood": "Hackney", "city": "London", "state": "Greater London", "country": "United Kingdom", "formattedAddress": ["20 Paul St (Scrutton St)", "London", "Greater London", "EC2A 4HJ", "United Kingdom"]}, "categories": [{"id": "4bf58dd8d48988d110941735", "name": "Italian Restaurant", "pluralName": "Italian Restaurants", "shortName": "Italian", "icon": {"prefix": "https://ss3.4sqi.net/img/categories_v2/food/italian_", "suffix": ".png"}, "primary": true}], "photos": {"count": 0, "groups": []}}, "referralId": "e-0-57a48b6c498ee3704be296e4-47"}, {"reasons": {"count": 0, "items": [{"summary": "This spot is popular", "type": "general", "reasonName": "globalInteractionReason"}]}, "venue": {"id": "57ab3348498e2da27946af85", "name": "Sagardi Basque Country Chefs", "location": {"address": "Cordy House, 95 Curtain Rd", "crossStreet": "Bateman's Row", "lat": 51.52527846914773, "lng": -0.08050888014291503, "labeledLatLngs": [{"label": "display", "lat": 51.52527846914773, "lng": -0.08050888014291503}], "distance": 250, "postalCode": "EC2A 3BS", "cc": "GB", "neighborhood": "Shoreditch", "city": "London", "state": "Greater London", "country": "United Kingdom", "formattedAddress": ["Cordy House, 95 Curtain Rd (Bateman's Row)", "London", "Greater London", "EC2A 3BS", "United Kingdom"]}, "categories": [{"id": "4bf58dd8d48988d150941735", "name": "Spanish Restaurant", "pluralName": "Spanish Restaurants", "shortName": "Spanish", "icon": {"prefix": "https://ss3.4sqi.net/img/categories_v2/food/spanish_", "suffix": ".png"}, "primary": true}], "photos": {"count": 0, "groups": []}}, "referralId": "e-0-57ab3348498e2da27946af85-48"}, {"reasons": {"count": 0, "items": [{"summary": "This spot is popular", "type": "general", "reasonName": "globalInteractionReason"}]}, "venue": {"id": "4dcd25afae603b786d0e6a43", "name": "GrabThai", "location": {"address": "5 Leonard St", "crossStreet": "City Rd", "lat": 51.52461631369361, "lng": -0.08695110316640338, "labeledLatLngs": [{"label": "display", "lat": 51.52461631369361, "lng": -0.08695110316640338}], "distance": 231, "postalCode": "EC2A 4AQ", "cc": "GB", "neighborhood": "Islington", "city": "London", "state": "Greater London", "country": "United Kingdom", "formattedAddress": ["5 Leonard St (City Rd)", "London", "Greater London", "EC2A 4AQ", "United Kingdom"]}, "categories": [{"id": "4bf58dd8d48988d149941735", "name": "Thai Restaurant", "pluralName": "Thai Restaurants", "shortName": "Thai", "icon": {"prefix": "https://ss3.4sqi.net/img/categories_v2/food/thai_", "suffix": ".png"}, "primary": true}], "photos": {"count": 0, "groups": []}}, "referralId": "e-0-4dcd25afae603b786d0e6a43-49"}, {"reasons": {"count": 0, "items": [{"summary": "This spot is popular", "type": "general", "reasonName": "globalInteractionReason"}]}, "venue": {"id": "5a0c32456e46504e23b60b3f", "name": "Pol\u00fa Pok\u00e9", "location": {"address": "115 Worship St", "lat": 51.52169489320002, "lng": -0.08011787886299354, "labeledLatLngs": [{"label": "display", "lat": 51.52169489320002, "lng": -0.08011787886299354}], "distance": 372, "postalCode": "E C2A", "cc": "GB", "city": "London", "state": "Greater London", "country": "United Kingdom", "formattedAddress": ["115 Worship St", "London", "Greater London", "E C2A", "United Kingdom"]}, "categories": [{"id": "5bae9231bedf3950379f89d4", "name": "Poke Place", "pluralName": "Poke Places", "shortName": "Poke Place", "icon": {"prefix": "https://ss3.4sqi.net/img/categories_v2/food/default_", "suffix": ".png"}, "primary": true}], "photos": {"count": 0, "groups": []}}, "referralId": "e-0-5a0c32456e46504e23b60b3f-50"}, {"reasons": {"count": 0, "items": [{"summary": "This spot is popular", "type": "general", "reasonName": "globalInteractionReason"}]}, "venue": {"id": "599b160266f3cd6c7313748a", "name": "Shoryu Ramen", "location": {"address": "45 Great Eastern St", "crossStreet": "Curtain Rd", "lat": 51.52441231563904, "lng": -0.08039150632941364, "labeledLatLngs": [{"label": "display", "lat": 51.52441231563904, "lng": -0.08039150632941364}], "distance": 228, "postalCode": "EC2A 4NR", "cc": "GB", "city": "London", "state": "Greater London", "country": "United Kingdom", "formattedAddress": ["45 Great Eastern St (Curtain Rd)", "London", "Greater London", "EC2A 4NR", "United Kingdom"]}, "categories": [{"id": "55a59bace4b013909087cb24", "name": "Ramen Restaurant", "pluralName": "Ramen Restaurants", "shortName": "Ramen", "icon": {"prefix": "https://ss3.4sqi.net/img/categories_v2/food/ramen_", "suffix": ".png"}, "primary": true}], "photos": {"count": 0, "groups": []}}, "referralId": "e-0-599b160266f3cd6c7313748a-51"}, {"reasons": {"count": 0, "items": [{"summary": "This spot is popular", "type": "general", "reasonName": "globalInteractionReason"}]}, "venue": {"id": "4b7bf6abf964a52004762fe3", "name": "Veggie Pret", "location": {"address": "57, Great Eastern Street", "lat": 51.52461108592588, "lng": -0.08112871532688803, "labeledLatLngs": [{"label": "display", "lat": 51.52461108592588, "lng": -0.08112871532688803}], "distance": 182, "postalCode": "EC2A 3QD", "cc": "GB", "city": "London", "state": "Greater London", "country": "United Kingdom", "formattedAddress": ["57, Great Eastern Street", "London", "Greater London", "EC2A 3QD", "United Kingdom"]}, "categories": [{"id": "4bf58dd8d48988d1c5941735", "name": "Sandwich Place", "pluralName": "Sandwich Places", "shortName": "Sandwiches", "icon": {"prefix": "https://ss3.4sqi.net/img/categories_v2/food/deli_", "suffix": ".png"}, "primary": true}], "photos": {"count": 0, "groups": []}}, "referralId": "e-0-4b7bf6abf964a52004762fe3-52"}, {"reasons": {"count": 0, "items": [{"summary": "This spot is popular", "type": "general", "reasonName": "globalInteractionReason"}]}, "venue": {"id": "5859295fd8b0ed132ad7679f", "name": "Sanjugo", "location": {"address": "35 Scrutton St", "lat": 51.52325681704436, "lng": -0.08220098807623671, "labeledLatLngs": [{"label": "display", "lat": 51.52325681704436, "lng": -0.08220098807623671}], "distance": 146, "postalCode": "EC2A 4HU", "cc": "GB", "city": "London", "state": "Greater London", "country": "United Kingdom", "formattedAddress": ["35 Scrutton St", "London", "Greater London", "EC2A 4HU", "United Kingdom"]}, "categories": [{"id": "4bf58dd8d48988d1d2941735", "name": "Sushi Restaurant", "pluralName": "Sushi Restaurants", "shortName": "Sushi", "icon": {"prefix": "https://ss3.4sqi.net/img/categories_v2/food/sushi_", "suffix": ".png"}, "primary": true}], "photos": {"count": 0, "groups": []}, "venuePage": {"id": "401587868"}}, "referralId": "e-0-5859295fd8b0ed132ad7679f-53"}, {"reasons": {"count": 0, "items": [{"summary": "This spot is popular", "type": "general", "reasonName": "globalInteractionReason"}]}, "venue": {"id": "4c2a03cc360cef3b6561bedc", "name": "Atlantic Sandwich Bar", "location": {"address": "91-93 Great Eastern St", "lat": 51.52592611091407, "lng": -0.0832732365403882, "labeledLatLngs": [{"label": "display", "lat": 51.52592611091407, "lng": -0.0832732365403882}], "distance": 194, "postalCode": "EC2A 3HZ", "cc": "GB", "city": "London", "state": "Greater London", "country": "United Kingdom", "formattedAddress": ["91-93 Great Eastern St", "London", "Greater London", "EC2A 3HZ", "United Kingdom"]}, "categories": [{"id": "4bf58dd8d48988d1c5941735", "name": "Sandwich Place", "pluralName": "Sandwich Places", "shortName": "Sandwiches", "icon": {"prefix": "https://ss3.4sqi.net/img/categories_v2/food/deli_", "suffix": ".png"}, "primary": true}], "photos": {"count": 0, "groups": []}}, "referralId": "e-0-4c2a03cc360cef3b6561bedc-54"}, {"reasons": {"count": 0, "items": [{"summary": "This spot is popular", "type": "general", "reasonName": "globalInteractionReason"}]}, "venue": {"id": "57fb9316498e105e7009db16", "name": "Burdock", "location": {"address": "22-25 Finsbury Square", "lat": 51.52138171873117, "lng": -0.08578100073066659, "labeledLatLngs": [{"label": "display", "lat": 51.52138171873117, "lng": -0.08578100073066659}], "distance": 345, "postalCode": "EC2A 1DX", "cc": "GB", "city": "London", "state": "Greater London", "country": "United Kingdom", "formattedAddress": ["22-25 Finsbury Square", "London", "Greater London", "EC2A 1DX", "United Kingdom"]}, "categories": [{"id": "4bf58dd8d48988d1c4941735", "name": "Restaurant", "pluralName": "Restaurants", "shortName": "Restaurant", "icon": {"prefix": "https://ss3.4sqi.net/img/categories_v2/food/default_", "suffix": ".png"}, "primary": true}], "photos": {"count": 0, "groups": []}}, "referralId": "e-0-57fb9316498e105e7009db16-55"}, {"reasons": {"count": 0, "items": [{"summary": "This spot is popular", "type": "general", "reasonName": "globalInteractionReason"}]}, "venue": {"id": "4fd5bdd9e4b0d6a97dfae6ed", "name": "Rossopomodoro", "location": {"address": "1 Rufus St", "lat": 51.52693603583076, "lng": -0.081291665066788, "labeledLatLngs": [{"label": "display", "lat": 51.52693603583076, "lng": -0.081291665066788}], "distance": 346, "postalCode": "N1 6PE", "cc": "GB", "city": "London", "state": "Greater London", "country": "United Kingdom", "formattedAddress": ["1 Rufus St", "London", "Greater London", "N1 6PE", "United Kingdom"]}, "categories": [{"id": "4bf58dd8d48988d110941735", "name": "Italian Restaurant", "pluralName": "Italian Restaurants", "shortName": "Italian", "icon": {"prefix": "https://ss3.4sqi.net/img/categories_v2/food/italian_", "suffix": ".png"}, "primary": true}], "photos": {"count": 0, "groups": []}}, "referralId": "e-0-4fd5bdd9e4b0d6a97dfae6ed-56"}, {"reasons": {"count": 0, "items": [{"summary": "This spot is popular", "type": "general", "reasonName": "globalInteractionReason"}]}, "venue": {"id": "56c5b90fcd107873a1529b73", "name": "Shoreditch Stop", "location": {"address": "53 Great Eastern Rd", "lat": 51.52465935269137, "lng": -0.08086882499238611, "labeledLatLngs": [{"label": "display", "lat": 51.52465935269137, "lng": -0.08086882499238611}], "distance": 201, "postalCode": "EC2A 3HP", "cc": "GB", "neighborhood": "Hackney", "city": "London", "state": "Greater London", "country": "United Kingdom", "formattedAddress": ["53 Great Eastern Rd", "London", "Greater London", "EC2A 3HP", "United Kingdom"]}, "categories": [{"id": "4bf58dd8d48988d10f941735", "name": "Indian Restaurant", "pluralName": "Indian Restaurants", "shortName": "Indian", "icon": {"prefix": "https://ss3.4sqi.net/img/categories_v2/food/indian_", "suffix": ".png"}, "primary": true}], "photos": {"count": 0, "groups": []}}, "referralId": "e-0-56c5b90fcd107873a1529b73-57"}, {"reasons": {"count": 0, "items": [{"summary": "This spot is popular", "type": "general", "reasonName": "globalInteractionReason"}]}, "venue": {"id": "4ad5c39ff964a520650321e3", "name": "The Diner", "location": {"address": "128-130 Curtain Rd", "crossStreet": "Rivington St", "lat": 51.52619653738177, "lng": -0.08030534470123409, "labeledLatLngs": [{"label": "display", "lat": 51.52619653738177, "lng": -0.08030534470123409}], "distance": 322, "postalCode": "EC2A 3AQ", "cc": "GB", "city": "Shoreditch", "state": "Greater London", "country": "United Kingdom", "formattedAddress": ["128-130 Curtain Rd (Rivington St)", "Shoreditch", "Greater London", "EC2A 3AQ", "United Kingdom"]}, "categories": [{"id": "4bf58dd8d48988d147941735", "name": "Diner", "pluralName": "Diners", "shortName": "Diner", "icon": {"prefix": "https://ss3.4sqi.net/img/categories_v2/food/diner_", "suffix": ".png"}, "primary": true}], "photos": {"count": 0, "groups": []}}, "referralId": "e-0-4ad5c39ff964a520650321e3-58"}, {"reasons": {"count": 0, "items": [{"summary": "This spot is popular", "type": "general", "reasonName": "globalInteractionReason"}]}, "venue": {"id": "546f442c498e622527287e21", "name": "Hoxton Pastry Union", "location": {"address": "84-86 Great Eastern St", "lat": 51.526275971552714, "lng": -0.08363868393680984, "labeledLatLngs": [{"label": "display", "lat": 51.526275971552714, "lng": -0.08363868393680984}], "distance": 231, "postalCode": "EC2A 3JL", "cc": "GB", "city": "Shoreditch", "state": "Greater London", "country": "United Kingdom", "formattedAddress": ["84-86 Great Eastern St", "Shoreditch", "Greater London", "EC2A 3JL", "United Kingdom"]}, "categories": [{"id": "4bf58dd8d48988d16d941735", "name": "Caf\u00e9", "pluralName": "Caf\u00e9s", "shortName": "Caf\u00e9", "icon": {"prefix": "https://ss3.4sqi.net/img/categories_v2/food/cafe_", "suffix": ".png"}, "primary": true}], "photos": {"count": 0, "groups": []}}, "referralId": "e-0-546f442c498e622527287e21-59"}, {"reasons": {"count": 0, "items": [{"summary": "This spot is popular", "type": "general", "reasonName": "globalInteractionReason"}]}, "venue": {"id": "4b5479faf964a520babc27e3", "name": "Silvios", "location": {"address": "60 Paul St", "lat": 51.52428219312367, "lng": -0.08429042022120499, "labeledLatLngs": [{"label": "display", "lat": 51.52428219312367, "lng": -0.08429042022120499}], "distance": 43, "postalCode": "EC2A 4LN", "cc": "GB", "city": "London", "state": "Greater London", "country": "United Kingdom", "formattedAddress": ["60 Paul St", "London", "Greater London", "EC2A 4LN", "United Kingdom"]}, "categories": [{"id": "4bf58dd8d48988d1c5941735", "name": "Sandwich Place", "pluralName": "Sandwich Places", "shortName": "Sandwiches", "icon": {"prefix": "https://ss3.4sqi.net/img/categories_v2/food/deli_", "suffix": ".png"}, "primary": true}], "photos": {"count": 0, "groups": []}}, "referralId": "e-0-4b5479faf964a520babc27e3-60"}, {"reasons": {"count": 0, "items": [{"summary": "This spot is popular", "type": "general", "reasonName": "globalInteractionReason"}]}, "venue": {"id": "4b1cea85f964a5206f0a24e3", "name": "Curry Leaf East", "location": {"address": "20 City Rd", "lat": 51.52235, "lng": -0.08738, "labeledLatLngs": [{"label": "display", "lat": 51.52235, "lng": -0.08738}], "distance": 328, "postalCode": "EC1Y 2AJ", "cc": "GB", "city": "London", "state": "Greater London", "country": "United Kingdom", "formattedAddress": ["20 City Rd", "London", "Greater London", "EC1Y 2AJ", "United Kingdom"]}, "categories": [{"id": "4bf58dd8d48988d10f941735", "name": "Indian Restaurant", "pluralName": "Indian Restaurants", "shortName": "Indian", "icon": {"prefix": "https://ss3.4sqi.net/img/categories_v2/food/indian_", "suffix": ".png"}, "primary": true}], "photos": {"count": 0, "groups": []}}, "referralId": "e-0-4b1cea85f964a5206f0a24e3-61"}, {"reasons": {"count": 0, "items": [{"summary": "This spot is popular", "type": "general", "reasonName": "globalInteractionReason"}]}, "venue": {"id": "5a1ffdf4cad1b61281e69515", "name": "Wahaca", "location": {"address": "140 Tabernacle St,, Shoreditch", "lat": 51.52570246877259, "lng": -0.0839963504462915, "labeledLatLngs": [{"label": "display", "lat": 51.52570246877259, "lng": -0.0839963504462915}], "distance": 168, "postalCode": "EC2A 4SD", "cc": "GB", "city": "London", "state": "Greater London", "country": "United Kingdom", "formattedAddress": ["140 Tabernacle St,, Shoreditch", "London", "Greater London", "EC2A 4SD", "United Kingdom"]}, "categories": [{"id": "4bf58dd8d48988d1c1941735", "name": "Mexican Restaurant", "pluralName": "Mexican Restaurants", "shortName": "Mexican", "icon": {"prefix": "https://ss3.4sqi.net/img/categories_v2/food/mexican_", "suffix": ".png"}, "primary": true}], "photos": {"count": 0, "groups": []}}, "referralId": "e-0-5a1ffdf4cad1b61281e69515-62"}, {"reasons": {"count": 0, "items": [{"summary": "This spot is popular", "type": "general", "reasonName": "globalInteractionReason"}]}, "venue": {"id": "4b28e379f964a520ef9524e3", "name": "Pret A Manger", "location": {"address": "Unit 1, Oliver's Yard, City Road", "lat": 51.52441500122353, "lng": -0.08730112184574867, "labeledLatLngs": [{"label": "display", "lat": 51.52441500122353, "lng": -0.08730112184574867}], "distance": 252, "postalCode": "EC1Y 1HQ", "cc": "GB", "city": "London", "state": "Greater London", "country": "United Kingdom", "formattedAddress": ["Unit 1, Oliver's Yard, City Road", "London", "Greater London", "EC1Y 1HQ", "United Kingdom"]}, "categories": [{"id": "4bf58dd8d48988d1c5941735", "name": "Sandwich Place", "pluralName": "Sandwich Places", "shortName": "Sandwiches", "icon": {"prefix": "https://ss3.4sqi.net/img/categories_v2/food/deli_", "suffix": ".png"}, "primary": true}], "photos": {"count": 0, "groups": []}}, "referralId": "e-0-4b28e379f964a520ef9524e3-63"}, {"reasons": {"count": 0, "items": [{"summary": "This spot is popular", "type": "general", "reasonName": "globalInteractionReason"}]}, "venue": {"id": "4acf1c1cf964a5206fd220e3", "name": "Nincomsoup", "location": {"address": "5-7 St Agnes Well", "crossStreet": "Old Street Railway Station", "lat": 51.52562864860116, "lng": -0.08745311652292098, "labeledLatLngs": [{"label": "display", "lat": 51.52562864860116, "lng": -0.08745311652292098}], "distance": 306, "postalCode": "EC1Y 1BE", "cc": "GB", "city": "London", "state": "Greater London", "country": "United Kingdom", "formattedAddress": ["5-7 St Agnes Well (Old Street Railway Station)", "London", "Greater London", "EC1Y 1BE", "United Kingdom"]}, "categories": [{"id": "4bf58dd8d48988d1dd931735", "name": "Soup Place", "pluralName": "Soup Places", "shortName": "Soup", "icon": {"prefix": "https://ss3.4sqi.net/img/categories_v2/food/soup_", "suffix": ".png"}, "primary": true}], "photos": {"count": 0, "groups": []}, "venuePage": {"id": "34694183"}}, "referralId": "e-0-4acf1c1cf964a5206fd220e3-64"}, {"reasons": {"count": 0, "items": [{"summary": "This spot is popular", "type": "general", "reasonName": "globalInteractionReason"}]}, "venue": {"id": "4e3827f5d22d4cf95ee81151", "name": "Best Mangal Kebab & Caf\u00e9", "location": {"address": "107-110 Great Eastern St", "crossStreet": "at Old St.", "lat": 51.52624911945379, "lng": -0.08468590576481048, "labeledLatLngs": [{"label": "display", "lat": 51.52624911945379, "lng": -0.08468590576481048}], "distance": 238, "postalCode": "EC2A 3JD", "cc": "GB", "city": "London", "state": "Greater London", "country": "United Kingdom", "formattedAddress": ["107-110 Great Eastern St (at Old St.)", "London", "Greater London", "EC2A 3JD", "United Kingdom"]}, "categories": [{"id": "4f04af1f2fb6e1c99f3db0bb", "name": "Turkish Restaurant", "pluralName": "Turkish Restaurants", "shortName": "Turkish", "icon": {"prefix": "https://ss3.4sqi.net/img/categories_v2/food/turkish_", "suffix": ".png"}, "primary": true}], "photos": {"count": 0, "groups": []}}, "referralId": "e-0-4e3827f5d22d4cf95ee81151-65"}, {"reasons": {"count": 0, "items": [{"summary": "This spot is popular", "type": "general", "reasonName": "globalInteractionReason"}]}, "venue": {"id": "4fcf5571003957fed8803a9c", "name": "Pasta e Basta", "location": {"address": "Red Market", "crossStreet": "Rivington Street", "lat": 51.52631622918796, "lng": -0.08296284208084256, "labeledLatLngs": [{"label": "display", "lat": 51.52631622918796, "lng": -0.08296284208084256}], "distance": 240, "postalCode": "EC2A 3DT", "cc": "GB", "city": "London", "state": "Greater London", "country": "United Kingdom", "formattedAddress": ["Red Market (Rivington Street)", "London", "Greater London", "EC2A 3DT", "United Kingdom"]}, "categories": [{"id": "4bf58dd8d48988d1cb941735", "name": "Food Truck", "pluralName": "Food Trucks", "shortName": "Food Truck", "icon": {"prefix": "https://ss3.4sqi.net/img/categories_v2/food/streetfood_", "suffix": ".png"}, "primary": true}], "photos": {"count": 0, "groups": []}}, "referralId": "e-0-4fcf5571003957fed8803a9c-66"}, {"reasons": {"count": 0, "items": [{"summary": "This spot is popular", "type": "general", "reasonName": "globalInteractionReason"}]}, "venue": {"id": "55b4ce3a498edddae5f95cec", "name": "Pizza Buzz", "location": {"address": "2 Worship St", "lat": 51.521956293172806, "lng": -0.08613787666490343, "labeledLatLngs": [{"label": "display", "lat": 51.521956293172806, "lng": -0.08613787666490343}], "distance": 302, "postalCode": "EC2A 2AH", "cc": "GB", "city": "London", "state": "Greater London", "country": "United Kingdom", "formattedAddress": ["2 Worship St", "London", "Greater London", "EC2A 2AH", "United Kingdom"]}, "categories": [{"id": "4bf58dd8d48988d1ca941735", "name": "Pizza Place", "pluralName": "Pizza Places", "shortName": "Pizza", "icon": {"prefix": "https://ss3.4sqi.net/img/categories_v2/food/pizza_", "suffix": ".png"}, "primary": true}], "photos": {"count": 0, "groups": []}}, "referralId": "e-0-55b4ce3a498edddae5f95cec-67"}, {"reasons": {"count": 0, "items": [{"summary": "This spot is popular", "type": "general", "reasonName": "globalInteractionReason"}]}, "venue": {"id": "4e438a271f6e0a1ba5d260d1", "name": "Paninis Sandwich Bar", "location": {"lat": 51.521992834347785, "lng": -0.08176814028407142, "labeledLatLngs": [{"label": "display", "lat": 51.521992834347785, "lng": -0.08176814028407142}], "distance": 279, "cc": "GB", "city": "Hackney", "state": "Greater London", "country": "United Kingdom", "formattedAddress": ["Hackney", "Greater London", "United Kingdom"]}, "categories": [{"id": "4bf58dd8d48988d1c5941735", "name": "Sandwich Place", "pluralName": "Sandwich Places", "shortName": "Sandwiches", "icon": {"prefix": "https://ss3.4sqi.net/img/categories_v2/food/deli_", "suffix": ".png"}, "primary": true}], "photos": {"count": 0, "groups": []}}, "referralId": "e-0-4e438a271f6e0a1ba5d260d1-68"}, {"reasons": {"count": 0, "items": [{"summary": "This spot is popular", "type": "general", "reasonName": "globalInteractionReason"}]}, "venue": {"id": "4bc6f3220050b71330c5b73b", "name": "Giovanni's", "location": {"address": "12 City Rd", "lat": 51.52210520948324, "lng": -0.08704323089313239, "labeledLatLngs": [{"label": "display", "lat": 51.52210520948324, "lng": -0.08704323089313239}], "distance": 329, "postalCode": "EC1Y 2AA", "cc": "GB", "city": "Islington", "state": "Greater London", "country": "United Kingdom", "formattedAddress": ["12 City Rd", "Islington", "Greater London", "EC1Y 2AA", "United Kingdom"]}, "categories": [{"id": "4bf58dd8d48988d110941735", "name": "Italian Restaurant", "pluralName": "Italian Restaurants", "shortName": "Italian", "icon": {"prefix": "https://ss3.4sqi.net/img/categories_v2/food/italian_", "suffix": ".png"}, "primary": true}], "photos": {"count": 0, "groups": []}}, "referralId": "e-0-4bc6f3220050b71330c5b73b-69"}, {"reasons": {"count": 0, "items": [{"summary": "This spot is popular", "type": "general", "reasonName": "globalInteractionReason"}]}, "venue": {"id": "4bd6b014cfa7b71387e827da", "name": "Lennies Sandwich Bar", "location": {"address": "Old Street Underground Station", "crossStreet": "St. Agnes Well", "lat": 51.52567177896552, "lng": -0.08743603286012809, "labeledLatLngs": [{"label": "display", "lat": 51.52567177896552, "lng": -0.08743603286012809}], "distance": 307, "postalCode": "EC1Y 1BE", "cc": "GB", "city": "London", "state": "Greater London", "country": "United Kingdom", "formattedAddress": ["Old Street Underground Station (St. Agnes Well)", "London", "Greater London", "EC1Y 1BE", "United Kingdom"]}, "categories": [{"id": "4bf58dd8d48988d1c5941735", "name": "Sandwich Place", "pluralName": "Sandwich Places", "shortName": "Sandwiches", "icon": {"prefix": "https://ss3.4sqi.net/img/categories_v2/food/deli_", "suffix": ".png"}, "primary": true}], "photos": {"count": 0, "groups": []}}, "referralId": "e-0-4bd6b014cfa7b71387e827da-70"}, {"reasons": {"count": 0, "items": [{"summary": "This spot is popular", "type": "general", "reasonName": "globalInteractionReason"}]}, "venue": {"id": "59524417491be724fc57e686", "name": "Cottons Rum Shack & Restaurant", "location": {"address": "130-132 Curtain Rd", "lat": 51.526333, "lng": -0.080162, "labeledLatLngs": [{"label": "display", "lat": 51.526333, "lng": -0.080162}], "distance": 340, "postalCode": "EC2A 3AR", "cc": "GB", "city": "London", "state": "Greater London", "country": "United Kingdom", "formattedAddress": ["130-132 Curtain Rd", "London", "Greater London", "EC2A 3AR", "United Kingdom"]}, "categories": [{"id": "4bf58dd8d48988d144941735", "name": "Caribbean Restaurant", "pluralName": "Caribbean Restaurants", "shortName": "Caribbean", "icon": {"prefix": "https://ss3.4sqi.net/img/categories_v2/food/caribbean_", "suffix": ".png"}, "primary": true}], "photos": {"count": 0, "groups": []}}, "referralId": "e-0-59524417491be724fc57e686-71"}, {"reasons": {"count": 0, "items": [{"summary": "This spot is popular", "type": "general", "reasonName": "globalInteractionReason"}]}, "venue": {"id": "59fa1af358002c5b77ed069b", "name": "Rascals", "location": {"address": "97 Curtain Rd", "crossStreet": "Great Eastern St", "lat": 51.525482, "lng": -0.08054506, "labeledLatLngs": [{"label": "display", "lat": 51.525482, "lng": -0.08054506}], "distance": 259, "postalCode": "EC2A 3BS", "cc": "GB", "neighborhood": "Shoreditch", "city": "London", "state": "Greater London", "country": "United Kingdom", "formattedAddress": ["97 Curtain Rd (Great Eastern St)", "London", "Greater London", "EC2A 3BS", "United Kingdom"]}, "categories": [{"id": "52e81612bcbc57f1066b79f9", "name": "Modern European Restaurant", "pluralName": "Modern European Restaurants", "shortName": "Modern European", "icon": {"prefix": "https://ss3.4sqi.net/img/categories_v2/food/default_", "suffix": ".png"}, "primary": true}], "photos": {"count": 0, "groups": []}}, "referralId": "e-0-59fa1af358002c5b77ed069b-72"}, {"reasons": {"count": 0, "items": [{"summary": "This spot is popular", "type": "general", "reasonName": "globalInteractionReason"}]}, "venue": {"id": "4f8e7977e4b068786b2b4502", "name": "pod", "location": {"address": "55 Great Eastern St.", "lat": 51.524679766769495, "lng": -0.08088221170182253, "labeledLatLngs": [{"label": "display", "lat": 51.524679766769495, "lng": -0.08088221170182253}], "distance": 200, "postalCode": "EC2A 3HP", "cc": "GB", "city": "Shoreditch", "state": "Greater London", "country": "United Kingdom", "formattedAddress": ["55 Great Eastern St.", "Shoreditch", "Greater London", "EC2A 3HP", "United Kingdom"]}, "categories": [{"id": "4bf58dd8d48988d1bd941735", "name": "Salad Place", "pluralName": "Salad Places", "shortName": "Salad", "icon": {"prefix": "https://ss3.4sqi.net/img/categories_v2/food/salad_", "suffix": ".png"}, "primary": true}], "photos": {"count": 0, "groups": []}}, "referralId": "e-0-4f8e7977e4b068786b2b4502-73"}, {"reasons": {"count": 0, "items": [{"summary": "This spot is popular", "type": "general", "reasonName": "globalInteractionReason"}]}, "venue": {"id": "5a730d8a4acb1910e67a4a90", "name": "Little Farm", "location": {"address": "115 Worship Street", "lat": 51.52171686209015, "lng": -0.08032735492064617, "labeledLatLngs": [{"label": "display", "lat": 51.52171686209015, "lng": -0.08032735492064617}], "distance": 360, "postalCode": "E C2A 2BA", "cc": "GB", "city": "London", "state": "Greater London", "country": "United Kingdom", "formattedAddress": ["115 Worship Street", "London", "Greater London", "E C2A 2BA", "United Kingdom"]}, "categories": [{"id": "56aa371be4b08b9a8d573538", "name": "Theme Restaurant", "pluralName": "Theme Restaurants", "shortName": "Theme Restaurant", "icon": {"prefix": "https://ss3.4sqi.net/img/categories_v2/food/default_", "suffix": ".png"}, "primary": true}], "photos": {"count": 0, "groups": []}}, "referralId": "e-0-5a730d8a4acb1910e67a4a90-74"}, {"reasons": {"count": 0, "items": [{"summary": "This spot is popular", "type": "general", "reasonName": "globalInteractionReason"}]}, "venue": {"id": "5b16f071835c9a002c20e96c", "name": "St Leonards", "location": {"address": "70 Leonard St", "lat": 51.524592, "lng": -0.083305, "labeledLatLngs": [{"label": "display", "lat": 51.524592, "lng": -0.083305}], "distance": 50, "postalCode": "EC2A 4QX", "cc": "GB", "city": "London", "state": "Greater London", "country": "United Kingdom", "formattedAddress": ["70 Leonard St", "London", "Greater London", "EC2A 4QX", "United Kingdom"]}, "categories": [{"id": "4bf58dd8d48988d1c4941735", "name": "Restaurant", "pluralName": "Restaurants", "shortName": "Restaurant", "icon": {"prefix": "https://ss3.4sqi.net/img/categories_v2/food/default_", "suffix": ".png"}, "primary": true}], "photos": {"count": 0, "groups": []}}, "referralId": "e-0-5b16f071835c9a002c20e96c-75"}, {"reasons": {"count": 0, "items": [{"summary": "This spot is popular", "type": "general", "reasonName": "globalInteractionReason"}]}, "venue": {"id": "5be9da3be07550002cd97f60", "name": "Island Pok\u00e9", "location": {"address": "42 Great Eastern St", "lat": 51.524765, "lng": -0.0808, "labeledLatLngs": [{"label": "display", "lat": 51.524765, "lng": -0.0808}], "distance": 208, "postalCode": "EC2A 3EP", "cc": "GB", "city": "London", "state": "Greater London", "country": "United Kingdom", "formattedAddress": ["42 Great Eastern St", "London", "Greater London", "EC2A 3EP", "United Kingdom"]}, "categories": [{"id": "5bae9231bedf3950379f89d4", "name": "Poke Place", "pluralName": "Poke Places", "shortName": "Poke Place", "icon": {"prefix": "https://ss3.4sqi.net/img/categories_v2/food/default_", "suffix": ".png"}, "primary": true}], "photos": {"count": 0, "groups": []}}, "referralId": "e-0-5be9da3be07550002cd97f60-76"}, {"reasons": {"count": 0, "items": [{"summary": "This spot is popular", "type": "general", "reasonName": "globalInteractionReason"}]}, "venue": {"id": "4af0914bf964a52046dd21e3", "name": "Best American Pizza", "location": {"address": "16A Pitfield St", "lat": 51.527031003976546, "lng": -0.08365085323844824, "labeledLatLngs": [{"label": "display", "lat": 51.527031003976546, "lng": -0.08365085323844824}], "distance": 315, "postalCode": "N1 6EY", "cc": "GB", "city": "London", "state": "Greater London", "country": "United Kingdom", "formattedAddress": ["16A Pitfield St", "London", "Greater London", "N1 6EY", "United Kingdom"]}, "categories": [{"id": "4bf58dd8d48988d1ca941735", "name": "Pizza Place", "pluralName": "Pizza Places", "shortName": "Pizza", "icon": {"prefix": "https://ss3.4sqi.net/img/categories_v2/food/pizza_", "suffix": ".png"}, "primary": true}], "photos": {"count": 0, "groups": []}}, "referralId": "e-0-4af0914bf964a52046dd21e3-77"}, {"reasons": {"count": 0, "items": [{"summary": "This spot is popular", "type": "general", "reasonName": "globalInteractionReason"}]}, "venue": {"id": "4f1582a1e4b0960d02ccc617", "name": "itsu", "location": {"address": "49-51 Great Eastern Street", "lat": 51.5245209447574, "lng": -0.08054199915080863, "labeledLatLngs": [{"label": "display", "lat": 51.5245209447574, "lng": -0.08054199915080863}], "distance": 220, "postalCode": "EC2A 3HP", "cc": "GB", "city": "London", "state": "Greater London", "country": "United Kingdom", "formattedAddress": ["49-51 Great Eastern Street", "London", "Greater London", "EC2A 3HP", "United Kingdom"]}, "categories": [{"id": "4bf58dd8d48988d1d2941735", "name": "Sushi Restaurant", "pluralName": "Sushi Restaurants", "shortName": "Sushi", "icon": {"prefix": "https://ss3.4sqi.net/img/categories_v2/food/sushi_", "suffix": ".png"}, "primary": true}], "photos": {"count": 0, "groups": []}}, "referralId": "e-0-4f1582a1e4b0960d02ccc617-78"}, {"reasons": {"count": 0, "items": [{"summary": "This spot is popular", "type": "general", "reasonName": "globalInteractionReason"}]}, "venue": {"id": "54bf74e2498e11378297895d", "name": "Harry's Place", "location": {"address": "6 St Agnes Well", "crossStreet": "Old Street Underground", "lat": 51.52556294616799, "lng": -0.08745766178468185, "labeledLatLngs": [{"label": "display", "lat": 51.52556294616799, "lng": -0.08745766178468185}], "distance": 302, "postalCode": "EC1Y 1BE", "cc": "GB", "city": "Shoreditch", "state": "Greater London", "country": "United Kingdom", "formattedAddress": ["6 St Agnes Well (Old Street Underground)", "Shoreditch", "Greater London", "EC1Y 1BE", "United Kingdom"]}, "categories": [{"id": "4bf58dd8d48988d143941735", "name": "Breakfast Spot", "pluralName": "Breakfast Spots", "shortName": "Breakfast", "icon": {"prefix": "https://ss3.4sqi.net/img/categories_v2/food/breakfast_", "suffix": ".png"}, "primary": true}], "photos": {"count": 0, "groups": []}}, "referralId": "e-0-54bf74e2498e11378297895d-79"}, {"reasons": {"count": 0, "items": [{"summary": "This spot is popular", "type": "general", "reasonName": "globalInteractionReason"}]}, "venue": {"id": "4bc11f6eabf49521429cc093", "name": "Chicken Cottage", "location": {"address": "125 City Road", "lat": 51.52632666268444, "lng": -0.08777316971858423, "labeledLatLngs": [{"label": "display", "lat": 51.52632666268444, "lng": -0.08777316971858423}], "distance": 369, "postalCode": "EC1V 1JB", "cc": "GB", "city": "London", "state": "Greater London", "country": "United Kingdom", "formattedAddress": ["125 City Road", "London", "Greater London", "EC1V 1JB", "United Kingdom"]}, "categories": [{"id": "4bf58dd8d48988d16e941735", "name": "Fast Food Restaurant", "pluralName": "Fast Food Restaurants", "shortName": "Fast Food", "icon": {"prefix": "https://ss3.4sqi.net/img/categories_v2/food/fastfood_", "suffix": ".png"}, "primary": true}], "photos": {"count": 0, "groups": []}}, "referralId": "e-0-4bc11f6eabf49521429cc093-80"}, {"reasons": {"count": 0, "items": [{"summary": "This spot is popular", "type": "general", "reasonName": "globalInteractionReason"}]}, "venue": {"id": "58965f45cf11d448aac31156", "name": "Floripa", "location": {"address": "91-93 Great Eastern St", "lat": 51.52600050695707, "lng": -0.08357141981364681, "labeledLatLngs": [{"label": "display", "lat": 51.52600050695707, "lng": -0.08357141981364681}], "distance": 200, "postalCode": "EC2A 3HZ", "cc": "GB", "city": "London", "state": "Greater London", "country": "United Kingdom", "formattedAddress": ["91-93 Great Eastern St", "London", "Greater London", "EC2A 3HZ", "United Kingdom"]}, "categories": [{"id": "4bf58dd8d48988d16b941735", "name": "Brazilian Restaurant", "pluralName": "Brazilian Restaurants", "shortName": "Brazilian", "icon": {"prefix": "https://ss3.4sqi.net/img/categories_v2/food/argentinian_", "suffix": ".png"}, "primary": true}], "photos": {"count": 0, "groups": []}}, "referralId": "e-0-58965f45cf11d448aac31156-81"}, {"reasons": {"count": 0, "items": [{"summary": "This spot is popular", "type": "general", "reasonName": "globalInteractionReason"}]}, "venue": {"id": "4b917729f964a52094be33e3", "name": "Whatchamacallit's", "location": {"address": "360 Old St", "crossStreet": "Curtain Rd", "lat": 51.52706761971587, "lng": -0.08031735784292761, "labeledLatLngs": [{"label": "display", "lat": 51.52706761971587, "lng": -0.08031735784292761}], "distance": 395, "postalCode": "EC1V 9LT", "cc": "GB", "city": "Hackney", "state": "Greater London", "country": "United Kingdom", "formattedAddress": ["360 Old St (Curtain Rd)", "Hackney", "Greater London", "EC1V 9LT", "United Kingdom"]}, "categories": [{"id": "4bf58dd8d48988d16e941735", "name": "Fast Food Restaurant", "pluralName": "Fast Food Restaurants", "shortName": "Fast Food", "icon": {"prefix": "https://ss3.4sqi.net/img/categories_v2/food/fastfood_", "suffix": ".png"}, "primary": true}], "photos": {"count": 0, "groups": []}}, "referralId": "e-0-4b917729f964a52094be33e3-82"}, {"reasons": {"count": 0, "items": [{"summary": "This spot is popular", "type": "general", "reasonName": "globalInteractionReason"}]}, "venue": {"id": "4acdd443f964a52029cd20e3", "name": "Abokado", "location": {"address": "40-56 City Rd", "lat": 51.52395878353, "lng": -0.08743192908814157, "labeledLatLngs": [{"label": "display", "lat": 51.52395878353, "lng": -0.08743192908814157}], "distance": 261, "postalCode": "EC1Y 2AN", "cc": "GB", "city": "Shoreditch", "state": "Greater London", "country": "United Kingdom", "formattedAddress": ["40-56 City Rd", "Shoreditch", "Greater London", "EC1Y 2AN", "United Kingdom"]}, "categories": [{"id": "4bf58dd8d48988d1d2941735", "name": "Sushi Restaurant", "pluralName": "Sushi Restaurants", "shortName": "Sushi", "icon": {"prefix": "https://ss3.4sqi.net/img/categories_v2/food/sushi_", "suffix": ".png"}, "primary": true}], "photos": {"count": 0, "groups": []}}, "referralId": "e-0-4acdd443f964a52029cd20e3-83"}, {"reasons": {"count": 0, "items": [{"summary": "This spot is popular", "type": "general", "reasonName": "globalInteractionReason"}]}, "venue": {"id": "5dceb2b4aacab100075a4a2f", "name": "Photobook Cafe", "location": {"lat": 51.524525, "lng": -0.08383244, "labeledLatLngs": [{"label": "display", "lat": 51.524525, "lng": -0.08383244}], "distance": 37, "postalCode": "EC2A 4NG", "cc": "GB", "neighborhood": "Hackney", "country": "United Kingdom", "formattedAddress": ["EC2A 4NG", "United Kingdom"]}, "categories": [{"id": "4bf58dd8d48988d16d941735", "name": "Caf\u00e9", "pluralName": "Caf\u00e9s", "shortName": "Caf\u00e9", "icon": {"prefix": "https://ss3.4sqi.net/img/categories_v2/food/cafe_", "suffix": ".png"}, "primary": true}], "photos": {"count": 0, "groups": []}}, "referralId": "e-0-5dceb2b4aacab100075a4a2f-84"}, {"reasons": {"count": 0, "items": [{"summary": "This spot is popular", "type": "general", "reasonName": "globalInteractionReason"}]}, "venue": {"id": "5721f689498e78e3bfa76e4f", "name": "Falafel Stand", "location": {"lat": 51.524685, "lng": -0.08409094, "labeledLatLngs": [{"label": "display", "lat": 51.524685, "lng": -0.08409094}], "distance": 61, "cc": "GB", "country": "United Kingdom", "formattedAddress": ["United Kingdom"]}, "categories": [{"id": "4bf58dd8d48988d115941735", "name": "Middle Eastern Restaurant", "pluralName": "Middle Eastern Restaurants", "shortName": "Middle Eastern", "icon": {"prefix": "https://ss3.4sqi.net/img/categories_v2/food/middleeastern_", "suffix": ".png"}, "primary": true}], "photos": {"count": 0, "groups": []}}, "referralId": "e-0-5721f689498e78e3bfa76e4f-85"}, {"reasons": {"count": 0, "items": [{"summary": "This spot is popular", "type": "general", "reasonName": "globalInteractionReason"}]}, "venue": {"id": "5bc5ddfdccad6b002cebde85", "name": "Chaadao. Tea & Matcha bar", "location": {"lat": 51.524374, "lng": -0.084074, "labeledLatLngs": [{"label": "display", "lat": 51.524374, "lng": -0.084074}], "distance": 33, "postalCode": "EC2A 4NA", "cc": "GB", "neighborhood": "Hackney", "city": "London", "state": "Greater London", "country": "United Kingdom", "formattedAddress": ["London", "Greater London", "EC2A 4NA", "United Kingdom"]}, "categories": [{"id": "4bf58dd8d48988d142941735", "name": "Asian Restaurant", "pluralName": "Asian Restaurants", "shortName": "Asian", "icon": {"prefix": "https://ss3.4sqi.net/img/categories_v2/food/asian_", "suffix": ".png"}, "primary": true}], "photos": {"count": 0, "groups": []}}, "referralId": "e-0-5bc5ddfdccad6b002cebde85-86"}, {"reasons": {"count": 0, "items": [{"summary": "This spot is popular", "type": "general", "reasonName": "globalInteractionReason"}]}, "venue": {"id": "5821ab8403fcb433a67e0bac", "name": "Little Shoreditch Cafe", "location": {"lat": 51.523293, "lng": -0.08222245, "labeledLatLngs": [{"label": "display", "lat": 51.523293, "lng": -0.08222245}], "distance": 142, "postalCode": "EC2A 4HU", "cc": "GB", "city": "London", "state": "Greater London", "country": "United Kingdom", "formattedAddress": ["London", "Greater London", "EC2A 4HU", "United Kingdom"]}, "categories": [{"id": "4bf58dd8d48988d16d941735", "name": "Caf\u00e9", "pluralName": "Caf\u00e9s", "shortName": "Caf\u00e9", "icon": {"prefix": "https://ss3.4sqi.net/img/categories_v2/food/cafe_", "suffix": ".png"}, "primary": true}], "photos": {"count": 0, "groups": []}}, "referralId": "e-0-5821ab8403fcb433a67e0bac-87"}, {"reasons": {"count": 0, "items": [{"summary": "This spot is popular", "type": "general", "reasonName": "globalInteractionReason"}]}, "venue": {"id": "4fb4eaf7e4b0337375037589", "name": "Veg As You Go", "location": {"lat": 51.52481621603596, "lng": -0.0841350024932893, "labeledLatLngs": [{"label": "display", "lat": 51.52481621603596, "lng": -0.0841350024932893}], "distance": 75, "cc": "GB", "country": "United Kingdom", "formattedAddress": ["United Kingdom"]}, "categories": [{"id": "4bf58dd8d48988d1cb941735", "name": "Food Truck", "pluralName": "Food Trucks", "shortName": "Food Truck", "icon": {"prefix": "https://ss3.4sqi.net/img/categories_v2/food/streetfood_", "suffix": ".png"}, "primary": true}], "photos": {"count": 0, "groups": []}}, "referralId": "e-0-4fb4eaf7e4b0337375037589-88"}, {"reasons": {"count": 0, "items": [{"summary": "This spot is popular", "type": "general", "reasonName": "globalInteractionReason"}]}, "venue": {"id": "56ec820f498e167301f23a9f", "name": "Slice and More", "location": {"address": "223 Old St", "lat": 51.526079, "lng": -0.086336, "labeledLatLngs": [{"label": "display", "lat": 51.526079, "lng": -0.086336}], "distance": 278, "postalCode": "EC1V 9HE", "cc": "GB", "city": "London", "state": "Greater London", "country": "United Kingdom", "formattedAddress": ["223 Old St", "London", "Greater London", "EC1V 9HE", "United Kingdom"]}, "categories": [{"id": "4bf58dd8d48988d1ca941735", "name": "Pizza Place", "pluralName": "Pizza Places", "shortName": "Pizza", "icon": {"prefix": "https://ss3.4sqi.net/img/categories_v2/food/pizza_", "suffix": ".png"}, "primary": true}], "photos": {"count": 0, "groups": []}}, "referralId": "e-0-56ec820f498e167301f23a9f-89"}, {"reasons": {"count": 0, "items": [{"summary": "This spot is popular", "type": "general", "reasonName": "globalInteractionReason"}]}, "venue": {"id": "59d7476f419a9e1ec11e4a19", "name": "Camino", "location": {"address": "2 Curtain Rd", "lat": 51.52206593001304, "lng": -0.0808080167106202, "labeledLatLngs": [{"label": "display", "lat": 51.52206593001304, "lng": -0.0808080167106202}], "distance": 309, "postalCode": "EC2A 3BL", "cc": "GB", "neighborhood": "Hackney", "city": "London", "state": "Greater London", "country": "United Kingdom", "formattedAddress": ["2 Curtain Rd", "London", "Greater London", "EC2A 3BL", "United Kingdom"]}, "categories": [{"id": "4bf58dd8d48988d150941735", "name": "Spanish Restaurant", "pluralName": "Spanish Restaurants", "shortName": "Spanish", "icon": {"prefix": "https://ss3.4sqi.net/img/categories_v2/food/spanish_", "suffix": ".png"}, "primary": true}], "photos": {"count": 0, "groups": []}}, "referralId": "e-0-59d7476f419a9e1ec11e4a19-90"}, {"reasons": {"count": 0, "items": [{"summary": "This spot is popular", "type": "general", "reasonName": "globalInteractionReason"}]}, "venue": {"id": "5dfbd58148045b0007bbcd5b", "name": "KFC (KFC London)", "location": {"address": "129-131 City Road", "lat": 51.52649619, "lng": -0.08770427, "labeledLatLngs": [{"label": "display", "lat": 51.52649619, "lng": -0.08770427}], "distance": 378, "postalCode": "EC1V 1JB", "cc": "GB", "city": "London", "state": "Greater London", "country": "United Kingdom", "formattedAddress": ["129-131 City Road", "London", "Greater London", "EC1V 1JB", "United Kingdom"]}, "categories": [{"id": "4bf58dd8d48988d16e941735", "name": "Fast Food Restaurant", "pluralName": "Fast Food Restaurants", "shortName": "Fast Food", "icon": {"prefix": "https://ss3.4sqi.net/img/categories_v2/food/fastfood_", "suffix": ".png"}, "primary": true}], "photos": {"count": 0, "groups": []}, "venuePage": {"id": "585233744"}}, "referralId": "e-0-5dfbd58148045b0007bbcd5b-91"}, {"reasons": {"count": 0, "items": [{"summary": "This spot is popular", "type": "general", "reasonName": "globalInteractionReason"}]}, "venue": {"id": "4c290e05e19720a14ee8f858", "name": "Piya Piya", "location": {"address": "1 Oliver's yard, London EC1Y 1HQ", "lat": 51.524305438396965, "lng": -0.08746851582125363, "labeledLatLngs": [{"label": "display", "lat": 51.524305438396965, "lng": -0.08746851582125363}], "distance": 262, "postalCode": "EC1 Y 1", "cc": "GB", "city": "Islington", "state": "Greater London", "country": "United Kingdom", "formattedAddress": ["1 Oliver's yard, London EC1Y 1HQ", "Islington", "Greater London", "EC1 Y 1", "United Kingdom"]}, "categories": [{"id": "4bf58dd8d48988d149941735", "name": "Thai Restaurant", "pluralName": "Thai Restaurants", "shortName": "Thai", "icon": {"prefix": "https://ss3.4sqi.net/img/categories_v2/food/thai_", "suffix": ".png"}, "primary": true}], "photos": {"count": 0, "groups": []}}, "referralId": "e-0-4c290e05e19720a14ee8f858-92"}, {"reasons": {"count": 0, "items": [{"summary": "This spot is popular", "type": "general", "reasonName": "globalInteractionReason"}]}, "venue": {"id": "552fa0dc498ebecc18a02b79", "name": "Abokado", "location": {"address": "Unit 3, Imperial Hall, 104-122 City Rd", "lat": 51.526480144000416, "lng": -0.08784007803060433, "labeledLatLngs": [{"label": "display", "lat": 51.526480144000416, "lng": -0.08784007803060433}], "distance": 384, "postalCode": "EC1V 2NR", "cc": "GB", "city": "Old Street", "state": "Greater London", "country": "United Kingdom", "formattedAddress": ["Unit 3, Imperial Hall, 104-122 City Rd", "Old Street", "Greater London", "EC1V 2NR", "United Kingdom"]}, "categories": [{"id": "4bf58dd8d48988d1d2941735", "name": "Sushi Restaurant", "pluralName": "Sushi Restaurants", "shortName": "Sushi", "icon": {"prefix": "https://ss3.4sqi.net/img/categories_v2/food/sushi_", "suffix": ".png"}, "primary": true}], "photos": {"count": 0, "groups": []}}, "referralId": "e-0-552fa0dc498ebecc18a02b79-93"}, {"reasons": {"count": 0, "items": [{"summary": "This spot is popular", "type": "general", "reasonName": "globalInteractionReason"}]}, "venue": {"id": "52abd37611d2d1e1f082da30", "name": "The Best Kebab & Fish Bar", "location": {"address": "233 Old Street", "lat": 51.52607071608211, "lng": -0.08607997951770903, "labeledLatLngs": [{"label": "display", "lat": 51.52607071608211, "lng": -0.08607997951770903}], "distance": 266, "postalCode": "EC1V 9HE", "cc": "GB", "city": "London", "state": "Greater London", "country": "United Kingdom", "formattedAddress": ["233 Old Street", "London", "Greater London", "EC1V 9HE", "United Kingdom"]}, "categories": [{"id": "4bf58dd8d48988d16e941735", "name": "Fast Food Restaurant", "pluralName": "Fast Food Restaurants", "shortName": "Fast Food", "icon": {"prefix": "https://ss3.4sqi.net/img/categories_v2/food/fastfood_", "suffix": ".png"}, "primary": true}], "photos": {"count": 0, "groups": []}}, "referralId": "e-0-52abd37611d2d1e1f082da30-94"}, {"reasons": {"count": 0, "items": [{"summary": "This spot is popular", "type": "general", "reasonName": "globalInteractionReason"}]}, "venue": {"id": "5d417b790436a800086cf8b3", "name": "Mu Mu", "location": {"lat": 51.522717, "lng": -0.08709837, "labeledLatLngs": [{"label": "display", "lat": 51.522717, "lng": -0.08709837}], "distance": 288, "postalCode": "EC1Y 1AG", "cc": "GB", "neighborhood": "Islington", "country": "United Kingdom", "formattedAddress": ["EC1Y 1AG", "United Kingdom"]}, "categories": [{"id": "4bf58dd8d48988d145941735", "name": "Chinese Restaurant", "pluralName": "Chinese Restaurants", "shortName": "Chinese", "icon": {"prefix": "https://ss3.4sqi.net/img/categories_v2/food/asian_", "suffix": ".png"}, "primary": true}], "photos": {"count": 0, "groups": []}}, "referralId": "e-0-5d417b790436a800086cf8b3-95"}, {"reasons": {"count": 0, "items": [{"summary": "This spot is popular", "type": "general", "reasonName": "globalInteractionReason"}]}, "venue": {"id": "547cbd9a498eab8890035b5e", "name": "Ned's Noodle Bar", "location": {"address": "21 Pitfield St", "lat": 51.52697540212827, "lng": -0.08367515180023775, "labeledLatLngs": [{"label": "display", "lat": 51.52697540212827, "lng": -0.08367515180023775}], "distance": 308, "postalCode": "N1 6HB", "cc": "GB", "city": "London", "state": "Greater London", "country": "United Kingdom", "formattedAddress": ["21 Pitfield St", "London", "Greater London", "N1 6HB", "United Kingdom"]}, "categories": [{"id": "4bf58dd8d48988d1d1941735", "name": "Noodle House", "pluralName": "Noodle Houses", "shortName": "Noodles", "icon": {"prefix": "https://ss3.4sqi.net/img/categories_v2/food/ramen_", "suffix": ".png"}, "primary": true}], "photos": {"count": 0, "groups": []}}, "referralId": "e-0-547cbd9a498eab8890035b5e-96"}, {"reasons": {"count": 0, "items": [{"summary": "This spot is popular", "type": "general", "reasonName": "globalInteractionReason"}]}, "venue": {"id": "546ca75d498ede57d153587e", "name": "Suchef", "location": {"address": "19 City Rd", "lat": 51.52271413479205, "lng": -0.08729679156910676, "labeledLatLngs": [{"label": "display", "lat": 51.52271413479205, "lng": -0.08729679156910676}], "distance": 300, "postalCode": "EC1Y 1AG", "cc": "GB", "city": "London", "state": "Greater London", "country": "United Kingdom", "formattedAddress": ["19 City Rd", "London", "Greater London", "EC1Y 1AG", "United Kingdom"]}, "categories": [{"id": "4bf58dd8d48988d16d941735", "name": "Caf\u00e9", "pluralName": "Caf\u00e9s", "shortName": "Caf\u00e9", "icon": {"prefix": "https://ss3.4sqi.net/img/categories_v2/food/cafe_", "suffix": ".png"}, "primary": true}], "photos": {"count": 0, "groups": []}}, "referralId": "e-0-546ca75d498ede57d153587e-97"}, {"reasons": {"count": 0, "items": [{"summary": "This spot is popular", "type": "general", "reasonName": "globalInteractionReason"}]}, "venue": {"id": "4bed1c4391380f47846e9f18", "name": "Cafe Arena", "location": {"address": "127 City Rd", "lat": 51.526433771935494, "lng": -0.08780808330894407, "labeledLatLngs": [{"label": "display", "lat": 51.526433771935494, "lng": -0.08780808330894407}], "distance": 379, "postalCode": "EC1V 1JB", "cc": "GB", "city": "London", "state": "Greater London", "country": "United Kingdom", "formattedAddress": ["127 City Rd", "London", "Greater London", "EC1V 1JB", "United Kingdom"]}, "categories": [{"id": "4bf58dd8d48988d16d941735", "name": "Caf\u00e9", "pluralName": "Caf\u00e9s", "shortName": "Caf\u00e9", "icon": {"prefix": "https://ss3.4sqi.net/img/categories_v2/food/cafe_", "suffix": ".png"}, "primary": true}], "photos": {"count": 0, "groups": []}}, "referralId": "e-0-4bed1c4391380f47846e9f18-98"}, {"reasons": {"count": 0, "items": [{"summary": "This spot is popular", "type": "general", "reasonName": "globalInteractionReason"}]}, "venue": {"id": "4ae05062f964a5209c7e21e3", "name": "Hoxtons", "location": {"address": "331A Old St", "lat": 51.52681825639434, "lng": -0.08131316338868792, "labeledLatLngs": [{"label": "display", "lat": 51.52681825639434, "lng": -0.08131316338868792}], "distance": 334, "postalCode": "EC1V 9LA", "cc": "GB", "neighborhood": "Hackney", "city": "London", "state": "Greater London", "country": "United Kingdom", "formattedAddress": ["331A Old St", "London", "Greater London", "EC1V 9LA", "United Kingdom"]}, "categories": [{"id": "4bf58dd8d48988d1c5941735", "name": "Sandwich Place", "pluralName": "Sandwich Places", "shortName": "Sandwiches", "icon": {"prefix": "https://ss3.4sqi.net/img/categories_v2/food/deli_", "suffix": ".png"}, "primary": true}], "photos": {"count": 0, "groups": []}}, "referralId": "e-0-4ae05062f964a5209c7e21e3-99"}]}]}}