{"meta": {"code": 200, "requestId": "5fedd9b82742ec1772302612"}, "response": {"warning": {"text": "There aren't a lot of results near you. Try something more general, reset your filters, or expand the search area."}, "headerLocation": "Highbury East", "headerFullLocation": "Highbury East, London", "headerLocationGranularity": "neighborhood", "query": "travel", "totalResults": 3, "suggestedBounds": {"ne": {"lat": 51.562937003600005, "lng": -0.09278026710655321}, "sw": {"lat": 51.55573699639999, "lng": -0.10433973289344678}}, "groups": [{"type": "Recommended Places", "name": "recommended", "items": [{"reasons": {"count": 0, "items": [{"summary": "This spot is popular", "type": "general", "reasonName": "globalInteractionReason"}]}, "venue": {"id": "4e78a4aad22dc865f1096f60", "name": "Bus Stop EC - Riversdale Road", "location": {"address": "Blackstock Road", "lat": 51.558431, "lng": -0.098415, "labeledLatLngs": [{"label": "display", "lat": 51.558431, "lng": -0.098415}], "distance": 101, "cc": "GB", "country": "United Kingdom", "formattedAddress": ["Blackstock Road", "United Kingdom"]}, "categories": [{"id": "52f2ab2ebcbc57f1066b8b4f", "name": "Bus Stop", "pluralName": "Bus Stops", "shortName": "Bus Stop", "icon": {"prefix": "https://ss3.4sqi.net/img/categories_v2/travel/busstation_", "suffix": ".png"}, "primary": true}], "photos": {"count": 0, "groups": []}}, "referralId": "e-0-4e78a4aad22dc865f1096f60-0"}, {"reasons": {"count": 0, "items": [{"summary": "This spot is popular", "type": "general", "reasonName": "globalInteractionReason"}]}, "venue": {"id": "4fc60aa2e4b0bbe53f9e2538", "name": "Bus Stop EB - Gillespie Road", "location": {"address": "Blackstock Road", "lat": 51.560508867756646, "lng": -0.09859841383821175, "labeledLatLngs": [{"label": "display", "lat": 51.560508867756646, "lng": -0.09859841383821175}], "distance": 130, "cc": "GB", "country": "United Kingdom", "formattedAddress": ["Blackstock Road", "United Kingdom"]}, "categories": [{"id": "52f2ab2ebcbc57f1066b8b4f", "name": "Bus Stop", "pluralName": "Bus Stops", "shortName": "Bus Stop", "icon": {"prefix": "https://ss3.4sqi.net/img/categories_v2/travel/busstation_", "suffix": ".png"}, "primary": true}], "photos": {"count": 0, "groups": []}}, "referralId": "e-0-4fc60aa2e4b0bbe53f9e2538-1"}, {"reasons": {"count": 0, "items": [{"summary": "This spot is popular", "type": "general", "reasonName": "globalInteractionReason"}]}, "venue": {"id": "4e932242722e0a4c12455a64", "name": "Bus Stop EK - Riversdale Road", "location": {"address": "Blackstock Road", "lat": 51.558122838757114, "lng": -0.09856902586451241, "labeledLatLngs": [{"label": "display", "lat": 51.558122838757114, "lng": -0.09856902586451241}], "distance": 135, "cc": "GB", "country": "United Kingdom", "formattedAddress": ["Blackstock Road", "United Kingdom"]}, "categories": [{"id": "52f2ab2ebcbc57f1066b8b4f", "name": "Bus Stop", "pluralName": "Bus Stops", "shortName": "Bus Stop", "icon": {"prefix": "https://ss3.4sqi.net/img/categories_v2/travel/busstation_", "suffix": ".png"}, "primary": true}], "photos": {"count": 0, "groups": []}}, "referralId": "e-0-4e932242722e0a4c12455a64-2"}]}]}}