{"meta": {"code": 200, "requestId": "5fedda6254a4277f8f3f9475"}, "response": {"headerLocation": "Brentford", "headerFullLocation": "Brentford, London", "headerLocationGranularity": "neighborhood", "query": "travel", "totalResults": 4, "suggestedBounds": {"ne": {"lat": 51.49463000360001, "lng": -0.28041893096667836}, "sw": {"lat": 51.487429996399996, "lng": -0.29196106903332164}}, "groups": [{"type": "Recommended Places", "name": "recommended", "items": [{"reasons": {"count": 0, "items": [{"summary": "This spot is popular", "type": "general", "reasonName": "globalInteractionReason"}]}, "venue": {"id": "50f8656de4b024030c5d46f0", "name": "Platform 1", "location": {"address": "Kew Bridge Railway Station", "lat": 51.48965443751208, "lng": -0.28782010868966523, "labeledLatLngs": [{"label": "display", "lat": 51.48965443751208, "lng": -0.28782010868966523}], "distance": 190, "cc": "GB", "city": "Gunnersbury", "state": "Greater London", "country": "United Kingdom", "formattedAddress": ["Kew Bridge Railway Station", "Gunnersbury", "Greater London", "United Kingdom"]}, "categories": [{"id": "4f4531504b9074f6e4fb0102", "name": "Platform", "pluralName": "Platforms", "shortName": "Platform", "icon": {"prefix": "https://ss3.4sqi.net/img/categories_v2/travel/trainstation_", "suffix": ".png"}, "primary": true}], "photos": {"count": 0, "groups": []}}, "referralId": "e-0-50f8656de4b024030c5d46f0-0"}, {"reasons": {"count": 0, "items": [{"summary": "This spot is popular", "type": "general", "reasonName": "globalInteractionReason"}]}, "venue": {"id": "5163af4fe4b0a0556a5ec07c", "name": "Chiswick Roundabout/Gunnersbury Bus Stop R", "location": {"address": "Great West Rd", "lat": 51.49252753145365, "lng": -0.2841371796274065, "labeledLatLngs": [{"label": "display", "lat": 51.49252753145365, "lng": -0.2841371796274065}], "distance": 219, "cc": "GB", "city": "Gunnersbury", "state": "Greater London", "country": "United Kingdom", "formattedAddress": ["Great West Rd", "Gunnersbury", "Greater London", "United Kingdom"]}, "categories": [{"id": "52f2ab2ebcbc57f1066b8b4f", "name": "Bus Stop", "pluralName": "Bus Stops", "shortName": "Bus Stop", "icon": {"prefix": "https://ss3.4sqi.net/img/categories_v2/travel/busstation_", "suffix": ".png"}, "primary": true}], "photos": {"count": 0, "groups": []}}, "referralId": "e-0-5163af4fe4b0a0556a5ec07c-1"}, {"reasons": {"count": 0, "items": [{"summary": "This spot is popular", "type": "general", "reasonName": "globalInteractionReason"}]}, "venue": {"id": "54d779aa498e017e3b5e7c2a", "name": "Kew Bridge Station Bus Stop T", "location": {"address": "Kew Bridge Rd", "lat": 51.48859843743772, "lng": -0.28844475746154785, "labeledLatLngs": [{"label": "display", "lat": 51.48859843743772, "lng": -0.28844475746154785}], "distance": 312, "cc": "GB", "neighborhood": "Brentford", "city": "Brentford", "state": "Greater London", "country": "United Kingdom", "formattedAddress": ["Kew Bridge Rd", "Brentford", "Greater London", "United Kingdom"]}, "categories": [{"id": "52f2ab2ebcbc57f1066b8b4f", "name": "Bus Stop", "pluralName": "Bus Stops", "shortName": "Bus Stop", "icon": {"prefix": "https://ss3.4sqi.net/img/categories_v2/travel/busstation_", "suffix": ".png"}, "primary": true}], "photos": {"count": 0, "groups": []}}, "referralId": "e-0-54d779aa498e017e3b5e7c2a-2"}, {"reasons": {"count": 0, "items": [{"summary": "This spot is popular", "type": "general", "reasonName": "globalInteractionReason"}]}, "venue": {"id": "4b8e37d8f964a520bb1b33e3", "name": "Kew Bridge Railway Station (KWB)", "location": {"address": "Kew Bridge Rd", "lat": 51.48980208449011, "lng": -0.28905098048851835, "labeledLatLngs": [{"label": "display", "lat": 51.48980208449011, "lng": -0.28905098048851835}], "distance": 240, "postalCode": "TW8 9QS", "cc": "GB", "city": "Brentford", "state": "Greater London", "country": "United Kingdom", "formattedAddress": ["Kew Bridge Rd", "Brentford", "Greater London", "TW8 9QS", "United Kingdom"]}, "categories": [{"id": "4bf58dd8d48988d129951735", "name": "Train Station", "pluralName": "Train Stations", "shortName": "Train Station", "icon": {"prefix": "https://ss3.4sqi.net/img/categories_v2/travel/trainstation_", "suffix": ".png"}, "primary": true}], "photos": {"count": 0, "groups": []}}, "referralId": "e-0-4b8e37d8f964a520bb1b33e3-3"}]}]}}