{"meta": {"code": 200, "requestId": "5fedda4920e8e9667583daf6"}, "response": {"headerLocation": "Upton Park", "headerFullLocation": "Upton Park, London", "headerLocationGranularity": "neighborhood", "query": "college education", "totalResults": 7, "suggestedBounds": {"ne": {"lat": 51.535720003600005, "lng": 0.04553627666908332}, "sw": {"lat": 51.52851999639999, "lng": 0.033983723330916676}}, "groups": [{"type": "Recommended Places", "name": "recommended", "items": [{"reasons": {"count": 0, "items": [{"summary": "This spot is popular", "type": "general", "reasonName": "globalInteractionReason"}]}, "venue": {"id": "4d65093580185481c6ff5068", "name": "The Who Shop & Museum", "location": {"address": "39-41 Barking Rd.", "lat": 51.53057695616843, "lng": 0.03977780646912918, "labeledLatLngs": [{"label": "display", "lat": 51.53057695616843, "lng": 0.03977780646912918}], "distance": 171, "postalCode": "E6 1PY", "cc": "GB", "city": "Upton Park", "state": "Greater London", "country": "United Kingdom", "formattedAddress": ["39-41 Barking Rd.", "Upton Park", "Greater London", "E6 1PY", "United Kingdom"]}, "categories": [{"id": "4bf58dd8d48988d1f3941735", "name": "Toy / Game Store", "pluralName": "Toy / Game Stores", "shortName": "Toys & Games", "icon": {"prefix": "https://ss3.4sqi.net/img/categories_v2/shops/toys_", "suffix": ".png"}, "primary": true}], "photos": {"count": 0, "groups": []}}, "referralId": "e-0-4d65093580185481c6ff5068-0"}, {"reasons": {"count": 0, "items": [{"summary": "This spot is popular", "type": "general", "reasonName": "globalInteractionReason"}]}, "venue": {"id": "4e85ae589adf071fee2d4528", "name": "Tesco Express", "location": {"address": "36-40 Barking Rd, Upton Park", "crossStreet": "WEST HAM", "lat": 51.53038935514133, "lng": 0.039830803871154785, "labeledLatLngs": [{"label": "display", "lat": 51.53038935514133, "lng": 0.039830803871154785}], "distance": 192, "postalCode": "E6 1PU", "cc": "GB", "city": "Upton Park", "state": "Greater London", "country": "United Kingdom", "formattedAddress": ["36-40 Barking Rd, Upton Park (WEST HAM)", "Upton Park", "Greater London", "E6 1PU", "United Kingdom"]}, "categories": [{"id": "4bf58dd8d48988d118951735", "name": "Grocery Store", "pluralName": "Grocery Stores", "shortName": "Grocery Store", "icon": {"prefix": "https://ss3.4sqi.net/img/categories_v2/shops/food_grocery_", "suffix": ".png"}, "primary": true}], "photos": {"count": 0, "groups": []}}, "referralId": "e-0-4e85ae589adf071fee2d4528-1"}, {"reasons": {"count": 0, "items": [{"summary": "This spot is popular", "type": "general", "reasonName": "globalInteractionReason"}]}, "venue": {"id": "4c2336ad11de20a1d40286ce", "name": "Newham Bookshop", "location": {"address": "745-747 Barking Rd", "lat": 51.53043034282228, "lng": 0.03766401010251731, "labeledLatLngs": [{"label": "display", "lat": 51.53043034282228, "lng": 0.03766401010251731}], "distance": 237, "postalCode": "E13 9ER", "cc": "GB", "city": "London", "state": "Greater London", "country": "United Kingdom", "formattedAddress": ["745-747 Barking Rd", "London", "Greater London", "E13 9ER", "United Kingdom"]}, "categories": [{"id": "4bf58dd8d48988d114951735", "name": "Bookstore", "pluralName": "Bookstores", "shortName": "Bookstore", "icon": {"prefix": "https://ss3.4sqi.net/img/categories_v2/shops/bookstore_", "suffix": ".png"}, "primary": true}], "photos": {"count": 0, "groups": []}, "venuePage": {"id": "145058178"}}, "referralId": "e-0-4c2336ad11de20a1d40286ce-2"}, {"reasons": {"count": 0, "items": [{"summary": "This spot is popular", "type": "general", "reasonName": "globalInteractionReason"}]}, "venue": {"id": "4c9df5b6d3c2b60c570ac6bc", "name": "Ladbrokes", "location": {"address": "147 Barking Rd", "lat": 51.53139946475247, "lng": 0.043684522349492154, "labeledLatLngs": [{"label": "display", "lat": 51.53139946475247, "lng": 0.043684522349492154}], "distance": 283, "postalCode": "E6 1LD", "cc": "GB", "city": "East Ham", "state": "Greater London", "country": "United Kingdom", "formattedAddress": ["147 Barking Rd", "East Ham", "Greater London", "E6 1LD", "United Kingdom"]}, "categories": [{"id": "52f2ab2ebcbc57f1066b8b40", "name": "Betting Shop", "pluralName": "Betting Shops", "shortName": "Betting Shop", "icon": {"prefix": "https://ss3.4sqi.net/img/categories_v2/shops/financial_", "suffix": ".png"}, "primary": true}], "photos": {"count": 0, "groups": []}}, "referralId": "e-0-4c9df5b6d3c2b60c570ac6bc-3"}, {"reasons": {"count": 0, "items": [{"summary": "This spot is popular", "type": "general", "reasonName": "globalInteractionReason"}]}, "venue": {"id": "5b06819ec62b49002c6ee078", "name": "Ultratech Consulting Ltd", "location": {"address": "776-778 Barking Road", "lat": 51.5300265, "lng": 0.037358400000016445, "labeledLatLngs": [{"label": "display", "lat": 51.5300265, "lng": 0.037358400000016445}], "distance": 286, "postalCode": "E13 9PJ", "cc": "GB", "city": "London", "state": "Greater London", "country": "United Kingdom", "formattedAddress": ["776-778 Barking Road", "London", "Greater London", "E13 9PJ", "United Kingdom"]}, "categories": [{"id": "52f2ab2ebcbc57f1066b8b36", "name": "IT Services", "pluralName": "IT Services", "shortName": "IT Services", "icon": {"prefix": "https://ss3.4sqi.net/img/categories_v2/shops/technology_", "suffix": ".png"}, "primary": true}], "photos": {"count": 0, "groups": []}, "venuePage": {"id": "488617918"}}, "referralId": "e-0-5b06819ec62b49002c6ee078-4"}, {"reasons": {"count": 0, "items": [{"summary": "This spot is popular", "type": "general", "reasonName": "globalInteractionReason"}]}, "venue": {"id": "59ce3e7935811b5e351636f7", "name": "Top Banana Bouncy Castles", "location": {"address": "776-778 Barking Rd", "lat": 51.5299892967381, "lng": 0.03691076949417038, "labeledLatLngs": [{"label": "display", "lat": 51.5299892967381, "lng": 0.03691076949417038}], "distance": 308, "postalCode": "E13 9PJ", "cc": "GB", "city": "London", "state": "Greater London", "country": "United Kingdom", "formattedAddress": ["776-778 Barking Rd", "London", "Greater London", "E13 9PJ", "United Kingdom"]}, "categories": [{"id": "5454152e498ef71e2b9132c6", "name": "Event Service", "pluralName": "Event Services", "shortName": "Event Services", "icon": {"prefix": "https://ss3.4sqi.net/img/categories_v2/event/default_", "suffix": ".png"}, "primary": true}], "photos": {"count": 0, "groups": []}, "venuePage": {"id": "449798333"}}, "referralId": "e-0-59ce3e7935811b5e351636f7-5"}, {"reasons": {"count": 0, "items": [{"summary": "This spot is popular", "type": "general", "reasonName": "globalInteractionReason"}]}, "venue": {"id": "55883f2e498edb3d8681c52c", "name": "Direct Access UK Barristers", "location": {"address": "764 Barking Rd", "lat": 51.5299888, "lng": 0.03678330000002461, "labeledLatLngs": [{"label": "display", "lat": 51.5299888, "lng": 0.03678330000002461}], "distance": 314, "postalCode": "E13 9PJ", "cc": "GB", "city": "London", "state": "Greater London", "country": "United Kingdom", "formattedAddress": ["764 Barking Rd", "London", "Greater London", "E13 9PJ", "United Kingdom"]}, "categories": [{"id": "52f2ab2ebcbc57f1066b8b3f", "name": "Lawyer", "pluralName": "Lawyers", "shortName": "Lawyer", "icon": {"prefix": "https://ss3.4sqi.net/img/categories_v2/education/lawschool_", "suffix": ".png"}, "primary": true}], "photos": {"count": 0, "groups": []}, "venuePage": {"id": "132186274"}}, "referralId": "e-0-55883f2e498edb3d8681c52c-6"}]}]}}