{"meta": {"code": 200, "requestId": "5fedd9fed3e79e09bc3e29b9"}, "response": {"suggestedFilters": {"header": "Tap to show:", "filters": [{"name": "Open now", "key": "openNow"}]}, "headerLocation": "London Fields", "headerFullLocation": "London Fields, London", "headerLocationGranularity": "neighborhood", "query": "college education", "totalResults": 18, "suggestedBounds": {"ne": {"lat": 51.544574003600005, "lng": -0.05109359957855017}, "sw": {"lat": 51.53737399639999, "lng": -0.06264840042144983}}, "groups": [{"type": "Recommended Places", "name": "recommended", "items": [{"reasons": {"count": 0, "items": [{"summary": "This spot is popular", "type": "general", "reasonName": "globalInteractionReason"}]}, "venue": {"id": "4b6db778f964a52035892ce3", "name": "London Star Night", "location": {"address": "203-212 Mare street", "lat": 51.541344, "lng": -0.055312, "labeledLatLngs": [{"label": "display", "lat": 51.541344, "lng": -0.055312}], "distance": 115, "cc": "GB", "city": "Hackney", "state": "Greater London", "country": "United Kingdom", "formattedAddress": ["203-212 Mare street", "Hackney", "Greater London", "United Kingdom"]}, "categories": [{"id": "4bf58dd8d48988d118951735", "name": "Grocery Store", "pluralName": "Grocery Stores", "shortName": "Grocery Store", "icon": {"prefix": "https://ss3.4sqi.net/img/categories_v2/shops/food_grocery_", "suffix": ".png"}, "primary": true}], "photos": {"count": 0, "groups": []}}, "referralId": "e-0-4b6db778f964a52035892ce3-0"}, {"reasons": {"count": 0, "items": [{"summary": "This spot is popular", "type": "general", "reasonName": "globalInteractionReason"}]}, "venue": {"id": "4aeaae79f964a5200ebc21e3", "name": "Lidl", "location": {"address": "27 Well Street", "lat": 51.5401451474208, "lng": -0.0536319983599238, "labeledLatLngs": [{"label": "display", "lat": 51.5401451474208, "lng": -0.0536319983599238}], "distance": 242, "postalCode": "E9 7QX", "cc": "GB", "city": "London", "state": "Greater London", "country": "United Kingdom", "formattedAddress": ["27 Well Street", "London", "Greater London", "E9 7QX", "United Kingdom"]}, "categories": [{"id": "52f2ab2ebcbc57f1066b8b46", "name": "Supermarket", "pluralName": "Supermarkets", "shortName": "Supermarket", "icon": {"prefix": "https://ss3.4sqi.net/img/categories_v2/shops/food_grocery_", "suffix": ".png"}, "primary": true}], "photos": {"count": 0, "groups": []}, "venuePage": {"id": "543400539"}}, "referralId": "e-0-4aeaae79f964a5200ebc21e3-1"}, {"reasons": {"count": 0, "items": [{"summary": "This spot is popular", "type": "general", "reasonName": "globalInteractionReason"}]}, "venue": {"id": "4dea293e814d76ba540705f4", "name": "Netil Market", "location": {"address": "13-23 Westgate St", "lat": 51.53764123683916, "lng": -0.058590588199562754, "labeledLatLngs": [{"label": "display", "lat": 51.53764123683916, "lng": -0.058590588199562754}], "distance": 389, "postalCode": "E8 3RL", "cc": "GB", "city": "Hackney", "state": "Greater London", "country": "United Kingdom", "formattedAddress": ["13-23 Westgate St", "Hackney", "Greater London", "E8 3RL", "United Kingdom"]}, "categories": [{"id": "4bf58dd8d48988d1f7941735", "name": "Flea Market", "pluralName": "Flea Markets", "shortName": "Flea Market", "icon": {"prefix": "https://ss3.4sqi.net/img/categories_v2/shops/fleamarket_", "suffix": ".png"}, "primary": true}], "photos": {"count": 0, "groups": []}}, "referralId": "e-0-4dea293e814d76ba540705f4-2"}, {"reasons": {"count": 0, "items": [{"summary": "This spot is popular", "type": "general", "reasonName": "globalInteractionReason"}]}, "venue": {"id": "52aee08f11d200c417485d86", "name": "Sainsbury's Local", "location": {"address": "279 Mare St", "lat": 51.54429023818891, "lng": -0.05562227333382186, "labeledLatLngs": [{"label": "display", "lat": 51.54429023818891, "lng": -0.05562227333382186}], "distance": 379, "postalCode": "E8 1GR", "cc": "GB", "city": "London", "state": "Greater London", "country": "United Kingdom", "formattedAddress": ["279 Mare St", "London", "Greater London", "E8 1GR", "United Kingdom"]}, "categories": [{"id": "4bf58dd8d48988d118951735", "name": "Grocery Store", "pluralName": "Grocery Stores", "shortName": "Grocery Store", "icon": {"prefix": "https://ss3.4sqi.net/img/categories_v2/shops/food_grocery_", "suffix": ".png"}, "primary": true}], "photos": {"count": 0, "groups": []}}, "referralId": "e-0-52aee08f11d200c417485d86-3"}, {"reasons": {"count": 0, "items": [{"summary": "This spot is popular", "type": "general", "reasonName": "globalInteractionReason"}]}, "venue": {"id": "4c4b19d542b4d13a30d8337e", "name": "Iceland", "location": {"address": "150 Mare St", "crossStreet": "Tudor Rd", "lat": 51.539666310125895, "lng": -0.05593763617012561, "labeledLatLngs": [{"label": "display", "lat": 51.539666310125895, "lng": -0.05593763617012561}], "distance": 159, "postalCode": "E8 3SG", "cc": "GB", "city": "Hackney", "state": "Greater London", "country": "United Kingdom", "formattedAddress": ["150 Mare St (Tudor Rd)", "Hackney", "Greater London", "E8 3SG", "United Kingdom"]}, "categories": [{"id": "4bf58dd8d48988d118951735", "name": "Grocery Store", "pluralName": "Grocery Stores", "shortName": "Grocery Store", "icon": {"prefix": "https://ss3.4sqi.net/img/categories_v2/shops/food_grocery_", "suffix": ".png"}, "primary": true}], "photos": {"count": 0, "groups": []}}, "referralId": "e-0-4c4b19d542b4d13a30d8337e-4"}, {"reasons": {"count": 0, "items": [{"summary": "This spot is popular", "type": "general", "reasonName": "globalInteractionReason"}]}, "venue": {"id": "4db08959f7b1bd003acb0881", "name": "Best Off Licence", "location": {"address": "157 Mare Street", "lat": 51.539473, "lng": -0.056136, "labeledLatLngs": [{"label": "display", "lat": 51.539473, "lng": -0.056136}], "distance": 174, "postalCode": "E8 3RH", "cc": "GB", "country": "United Kingdom", "formattedAddress": ["157 Mare Street", "E8 3RH", "United Kingdom"]}, "categories": [{"id": "4d954b0ea243a5684a65b473", "name": "Convenience Store", "pluralName": "Convenience Stores", "shortName": "Convenience Store", "icon": {"prefix": "https://ss3.4sqi.net/img/categories_v2/shops/conveniencestore_", "suffix": ".png"}, "primary": true}], "photos": {"count": 0, "groups": []}}, "referralId": "e-0-4db08959f7b1bd003acb0881-5"}, {"reasons": {"count": 0, "items": [{"summary": "This spot is popular", "type": "general", "reasonName": "globalInteractionReason"}]}, "venue": {"id": "5acb5b7472475061c7456f35", "name": "Glassmint Studio", "location": {"address": "215 Mare St", "lat": 51.54145, "lng": -0.05557, "labeledLatLngs": [{"label": "display", "lat": 51.54145, "lng": -0.05557}], "distance": 104, "postalCode": "E8 3QE", "cc": "GB", "city": "London", "state": "Greater London", "country": "United Kingdom", "formattedAddress": ["215 Mare St", "London", "Greater London", "E8 3QE", "United Kingdom"]}, "categories": [{"id": "554a5e17498efabeda6cc559", "name": "Photography Studio", "pluralName": "Photography Studios", "shortName": "Photo Studio", "icon": {"prefix": "https://ss3.4sqi.net/img/categories_v2/shops/camerastore_", "suffix": ".png"}, "primary": true}], "photos": {"count": 0, "groups": []}, "venuePage": {"id": "488162448"}}, "referralId": "e-0-5acb5b7472475061c7456f35-6"}, {"reasons": {"count": 0, "items": [{"summary": "This spot is popular", "type": "general", "reasonName": "globalInteractionReason"}]}, "venue": {"id": "54b8115c498ee54816be46d6", "name": "Bolt Motorcycles", "location": {"address": "Arch 3, 274 Richmond Road", "lat": 51.5431256714504, "lng": -0.05762457847595215, "labeledLatLngs": [{"label": "display", "lat": 51.5431256714504, "lng": -0.05762457847595215}], "distance": 245, "postalCode": "E8 3QW", "cc": "GB", "city": "London", "state": "Greater London", "country": "United Kingdom", "formattedAddress": ["Arch 3, 274 Richmond Road", "London", "Greater London", "E8 3QW", "United Kingdom"]}, "categories": [{"id": "5032833091d4c4b30a586d60", "name": "Motorcycle Shop", "pluralName": "Motorcycle Shops", "shortName": "Motorcycle Shop", "icon": {"prefix": "https://ss3.4sqi.net/img/categories_v2/shops/motorcycle_", "suffix": ".png"}, "primary": true}], "photos": {"count": 0, "groups": []}}, "referralId": "e-0-54b8115c498ee54816be46d6-7"}, {"reasons": {"count": 0, "items": [{"summary": "This spot is popular", "type": "general", "reasonName": "globalInteractionReason"}]}, "venue": {"id": "57b996be498e486946295d4a", "name": "Tower Scaffold Alarms", "location": {"address": "Well Street", "lat": 51.5399517, "lng": -0.05373780000002171, "labeledLatLngs": [{"label": "display", "lat": 51.5399517, "lng": -0.05373780000002171}], "distance": 244, "postalCode": "E9 7PX", "cc": "GB", "city": "London", "state": "Greater London", "country": "United Kingdom", "formattedAddress": ["Well Street", "London", "Greater London", "E9 7PX", "United Kingdom"]}, "categories": [{"id": "5454144b498ec1f095bff2f2", "name": "Construction & Landscaping", "pluralName": "Construction & Landscaping", "shortName": "Construction", "icon": {"prefix": "https://ss3.4sqi.net/img/categories_v2/shops/realestate_", "suffix": ".png"}, "primary": true}], "photos": {"count": 0, "groups": []}, "venuePage": {"id": "328316046"}}, "referralId": "e-0-57b996be498e486946295d4a-8"}, {"reasons": {"count": 0, "items": [{"summary": "This spot is popular", "type": "general", "reasonName": "globalInteractionReason"}]}, "venue": {"id": "4ea02dde6c258f17cb5c49b8", "name": "Mega wine and food", "location": {"lat": 51.543285, "lng": -0.055515, "labeledLatLngs": [{"label": "display", "lat": 51.543285, "lng": -0.055515}], "distance": 273, "cc": "GB", "country": "United Kingdom", "formattedAddress": ["United Kingdom"]}, "categories": [{"id": "4d954b0ea243a5684a65b473", "name": "Convenience Store", "pluralName": "Convenience Stores", "shortName": "Convenience Store", "icon": {"prefix": "https://ss3.4sqi.net/img/categories_v2/shops/conveniencestore_", "suffix": ".png"}, "primary": true}], "photos": {"count": 0, "groups": []}}, "referralId": "e-0-4ea02dde6c258f17cb5c49b8-9"}, {"reasons": {"count": 0, "items": [{"summary": "This spot is popular", "type": "general", "reasonName": "globalInteractionReason"}]}, "venue": {"id": "4cdeb6f3ffcf3704d36f1482", "name": "Istanbul Supermarket", "location": {"address": "214 Mare St.", "lat": 51.54328748392045, "lng": -0.05538393717750259, "labeledLatLngs": [{"label": "display", "lat": 51.54328748392045, "lng": -0.05538393717750259}], "distance": 277, "cc": "GB", "city": "Hackney", "state": "Greater London", "country": "United Kingdom", "formattedAddress": ["214 Mare St.", "Hackney", "Greater London", "United Kingdom"]}, "categories": [{"id": "4d954b0ea243a5684a65b473", "name": "Convenience Store", "pluralName": "Convenience Stores", "shortName": "Convenience Store", "icon": {"prefix": "https://ss3.4sqi.net/img/categories_v2/shops/conveniencestore_", "suffix": ".png"}, "primary": true}], "photos": {"count": 0, "groups": []}}, "referralId": "e-0-4cdeb6f3ffcf3704d36f1482-10"}, {"reasons": {"count": 0, "items": [{"summary": "This spot is popular", "type": "general", "reasonName": "globalInteractionReason"}]}, "venue": {"id": "5def7fcbbb553000087ef06c", "name": "INSYNC", "location": {"address": "Second Home,\u00a0125\u2013127 Mare St,\u00a0London E8 3SJ", "lat": 51.5381984, "lng": -0.057499699999993936, "labeledLatLngs": [{"label": "display", "lat": 51.5381984, "lng": -0.057499699999993936}], "distance": 312, "postalCode": "E8 3SJ", "cc": "GB", "city": "London", "state": "Greater London", "country": "United Kingdom", "formattedAddress": ["Second Home,\u00a0125\u2013127 Mare St,\u00a0London E8 3SJ", "London", "Greater London", "E8 3SJ", "United Kingdom"]}, "categories": [{"id": "5454152e498ef71e2b9132c6", "name": "Event Service", "pluralName": "Event Services", "shortName": "Event Services", "icon": {"prefix": "https://ss3.4sqi.net/img/categories_v2/event/default_", "suffix": ".png"}, "primary": true}], "photos": {"count": 0, "groups": []}, "venuePage": {"id": "568815324"}}, "referralId": "e-0-5def7fcbbb553000087ef06c-11"}, {"reasons": {"count": 0, "items": [{"summary": "This spot is popular", "type": "general", "reasonName": "globalInteractionReason"}]}, "venue": {"id": "5ad37abd8496ca117548140b", "name": "Stranger Than Paradise Records", "location": {"lat": 51.537831, "lng": -0.057229, "labeledLatLngs": [{"label": "display", "lat": 51.537831, "lng": -0.057229}], "distance": 350, "postalCode": "E8", "cc": "GB", "city": "London", "state": "Greater London", "country": "United Kingdom", "formattedAddress": ["London", "Greater London", "E8", "United Kingdom"]}, "categories": [{"id": "4bf58dd8d48988d10d951735", "name": "Record Shop", "pluralName": "Record Shops", "shortName": "Record Shop", "icon": {"prefix": "https://ss3.4sqi.net/img/categories_v2/shops/record_shop_", "suffix": ".png"}, "primary": true}], "photos": {"count": 0, "groups": []}}, "referralId": "e-0-5ad37abd8496ca117548140b-12"}, {"reasons": {"count": 0, "items": [{"summary": "This spot is popular", "type": "general", "reasonName": "globalInteractionReason"}]}, "venue": {"id": "5670660e498ee66e9001059f", "name": "Heart Aflutter Bridal", "location": {"address": "Kreativ House", "crossStreet": "280 Mare street", "lat": 51.537792, "lng": -0.05767554, "labeledLatLngs": [{"label": "display", "lat": 51.537792, "lng": -0.05767554}], "distance": 358, "postalCode": "E8 1HE", "cc": "GB", "city": "London", "state": "Greater London", "country": "United Kingdom", "formattedAddress": ["Kreativ House (280 Mare street)", "London", "Greater London", "E8 1HE", "United Kingdom"]}, "categories": [{"id": "4bf58dd8d48988d11a951735", "name": "Bridal Shop", "pluralName": "Bridal Shops", "shortName": "Bridal", "icon": {"prefix": "https://ss3.4sqi.net/img/categories_v2/shops/bridal_", "suffix": ".png"}, "primary": true}], "photos": {"count": 0, "groups": []}, "venuePage": {"id": "487555749"}}, "referralId": "e-0-5670660e498ee66e9001059f-13"}, {"reasons": {"count": 0, "items": [{"summary": "This spot is popular", "type": "general", "reasonName": "globalInteractionReason"}]}, "venue": {"id": "4b9267fbf964a52041f733e3", "name": "King Edwards Food Store", "location": {"address": "30B King Edward's Rd", "lat": 51.53797, "lng": -0.05479753017425537, "labeledLatLngs": [{"label": "display", "lat": 51.53797, "lng": -0.05479753017425537}], "distance": 363, "cc": "GB", "country": "United Kingdom", "formattedAddress": ["30B King Edward's Rd", "United Kingdom"]}, "categories": [{"id": "4bf58dd8d48988d1f9941735", "name": "Food & Drink Shop", "pluralName": "Food & Drink Shops", "shortName": "Food & Drink", "icon": {"prefix": "https://ss3.4sqi.net/img/categories_v2/shops/foodanddrink_", "suffix": ".png"}, "primary": true}], "photos": {"count": 0, "groups": []}}, "referralId": "e-0-4b9267fbf964a52041f733e3-14"}, {"reasons": {"count": 0, "items": [{"summary": "This spot is popular", "type": "general", "reasonName": "globalInteractionReason"}]}, "venue": {"id": "59639d0058aa7f4a588d066b", "name": "Hex Digital", "location": {"address": "14 Triangle Road", "lat": 51.5379948, "lng": -0.05926146, "labeledLatLngs": [{"label": "display", "lat": 51.5379948, "lng": -0.05926146}], "distance": 370, "postalCode": "E8 3RP", "cc": "GB", "city": "London", "state": "Greater London", "country": "United Kingdom", "formattedAddress": ["14 Triangle Road", "London", "Greater London", "E8 3RP", "United Kingdom"]}, "categories": [{"id": "5453de49498eade8af355881", "name": "Business Service", "pluralName": "Business Services", "shortName": "Business Services", "icon": {"prefix": "https://ss3.4sqi.net/img/categories_v2/building/default_", "suffix": ".png"}, "primary": true}], "photos": {"count": 0, "groups": []}, "venuePage": {"id": "435180964"}}, "referralId": "e-0-59639d0058aa7f4a588d066b-15"}, {"reasons": {"count": 0, "items": [{"summary": "This spot is popular", "type": "general", "reasonName": "globalInteractionReason"}]}, "venue": {"id": "57599579498e16b16cfd6efe", "name": "Jamie McGregor Smith Ltd", "location": {"address": "Emerald Apartments Homerton Road", "lat": 51.5375635, "lng": -0.05830979999996089, "labeledLatLngs": [{"label": "display", "lat": 51.5375635, "lng": -0.05830979999996089}], "distance": 392, "postalCode": "E9 5FF", "cc": "GB", "city": "London", "state": "Greater London", "country": "United Kingdom", "formattedAddress": ["Emerald Apartments Homerton Road", "London", "Greater London", "E9 5FF", "United Kingdom"]}, "categories": [{"id": "554a5e17498efabeda6cc559", "name": "Photography Studio", "pluralName": "Photography Studios", "shortName": "Photo Studio", "icon": {"prefix": "https://ss3.4sqi.net/img/categories_v2/shops/camerastore_", "suffix": ".png"}, "primary": true}], "photos": {"count": 0, "groups": []}, "venuePage": {"id": "200202613"}}, "referralId": "e-0-57599579498e16b16cfd6efe-16"}, {"reasons": {"count": 0, "items": [{"summary": "This spot is popular", "type": "general", "reasonName": "globalInteractionReason"}]}, "venue": {"id": "5a576824237dee453a0c13d1", "name": "Ashanti Treatment Room", "location": {"address": "Inside The 'fit This' Gym", "lat": 51.5444781, "lng": -0.0560973999999987, "labeledLatLngs": [{"label": "display", "lat": 51.5444781, "lng": -0.0560973999999987}], "distance": 393, "postalCode": "E8 1GQ", "cc": "GB", "city": "Hackney", "state": "Greater London", "country": "United Kingdom", "formattedAddress": ["Inside The 'fit This' Gym", "Hackney", "Greater London", "E8 1GQ", "United Kingdom"]}, "categories": [{"id": "54541900498ea6ccd0202697", "name": "Health & Beauty Service", "pluralName": "Health & Beauty Services", "shortName": "Health & Beauty", "icon": {"prefix": "https://ss3.4sqi.net/img/categories_v2/shops/salon_barber_", "suffix": ".png"}, "primary": true}], "photos": {"count": 0, "groups": []}}, "referralId": "e-0-5a576824237dee453a0c13d1-17"}]}]}}