{"meta": {"code": 200, "requestId": "5fedd9f202573325d42dd155"}, "response": {"suggestedFilters": {"header": "Tap to show:", "filters": [{"name": "Open now", "key": "openNow"}]}, "headerLocation": "Hammersmith Broadway", "headerFullLocation": "Hammersmith Broadway, London", "headerLocationGranularity": "neighborhood", "query": "travel", "totalResults": 21, "suggestedBounds": {"ne": {"lat": 51.49781000360001, "lng": -0.2225285283832542}, "sw": {"lat": 51.490609996399996, "lng": -0.2340714716167458}}, "groups": [{"type": "Recommended Places", "name": "recommended", "items": [{"reasons": {"count": 0, "items": [{"summary": "This spot is popular", "type": "general", "reasonName": "globalInteractionReason"}]}, "venue": {"id": "4fb815d5e4b06c2eaf1e0069", "name": "Aviva Holiday Studios", "location": {"address": "42 Glenthorne Road", "lat": 51.494530277559, "lng": -0.2284419586249542, "labeledLatLngs": [{"label": "display", "lat": 51.494530277559, "lng": -0.2284419586249542}], "distance": 36, "postalCode": "W6 0LS", "cc": "GB", "city": "London", "state": "Greater London", "country": "United Kingdom", "formattedAddress": ["42 Glenthorne Road", "London", "Greater London", "W6 0LS", "United Kingdom"]}, "categories": [{"id": "4f4530a74b9074f6e4fb0100", "name": "Boarding House", "pluralName": "Boarding Houses", "shortName": "Boarding", "icon": {"prefix": "https://ss3.4sqi.net/img/categories_v2/travel/hotel_", "suffix": ".png"}, "primary": true}], "photos": {"count": 0, "groups": []}}, "referralId": "e-0-4fb815d5e4b06c2eaf1e0069-0"}, {"reasons": {"count": 0, "items": [{"summary": "This spot is popular", "type": "general", "reasonName": "globalInteractionReason"}]}, "venue": {"id": "58da6910e72ef650cd4dbc61", "name": "LUMA Concept Hotel Hammersmith London", "location": {"address": "28 Glenthorne Rd", "lat": 51.494438024919425, "lng": -0.2276917090002842, "labeledLatLngs": [{"label": "display", "lat": 51.494438024919425, "lng": -0.2276917090002842}], "distance": 49, "postalCode": "W6 0LS", "cc": "GB", "city": "London", "state": "Greater London", "country": "United Kingdom", "formattedAddress": ["28 Glenthorne Rd", "London", "Greater London", "W6 0LS", "United Kingdom"]}, "categories": [{"id": "4bf58dd8d48988d1fa931735", "name": "Hotel", "pluralName": "Hotels", "shortName": "Hotel", "icon": {"prefix": "https://ss3.4sqi.net/img/categories_v2/travel/hotel_", "suffix": ".png"}, "primary": true}], "photos": {"count": 0, "groups": []}, "venuePage": {"id": "452390565"}}, "referralId": "e-0-58da6910e72ef650cd4dbc61-1"}, {"reasons": {"count": 0, "items": [{"summary": "This spot is popular", "type": "general", "reasonName": "globalInteractionReason"}]}, "venue": {"id": "4bc78a9b93bdeee1447f37ae", "name": "Adria Hotel", "location": {"address": "44-46 Glenthorne Rd", "lat": 51.49449722298764, "lng": -0.22867519551912377, "labeledLatLngs": [{"label": "display", "lat": 51.49449722298764, "lng": -0.22867519551912377}], "distance": 41, "postalCode": "W6 0LS", "cc": "GB", "city": "London", "state": "Greater London", "country": "United Kingdom", "formattedAddress": ["44-46 Glenthorne Rd", "London", "Greater London", "W6 0LS", "United Kingdom"]}, "categories": [{"id": "4bf58dd8d48988d1fa931735", "name": "Hotel", "pluralName": "Hotels", "shortName": "Hotel", "icon": {"prefix": "https://ss3.4sqi.net/img/categories_v2/travel/hotel_", "suffix": ".png"}, "primary": true}], "photos": {"count": 0, "groups": []}}, "referralId": "e-0-4bc78a9b93bdeee1447f37ae-2"}, {"reasons": {"count": 0, "items": [{"summary": "This spot is popular", "type": "general", "reasonName": "globalInteractionReason"}]}, "venue": {"id": "4bfa62df5317a5938d87027f", "name": "SO Sienna", "location": {"address": "38-40 Glenthorne Road", "lat": 51.49446111246319, "lng": -0.22821448631633562, "labeledLatLngs": [{"label": "display", "lat": 51.49446111246319, "lng": -0.22821448631633562}], "distance": 28, "postalCode": "W6 0LS", "cc": "GB", "city": "Hammersmith", "state": "Greater London", "country": "United Kingdom", "formattedAddress": ["38-40 Glenthorne Road", "Hammersmith", "Greater London", "W6 0LS", "United Kingdom"]}, "categories": [{"id": "4bf58dd8d48988d1fa931735", "name": "Hotel", "pluralName": "Hotels", "shortName": "Hotel", "icon": {"prefix": "https://ss3.4sqi.net/img/categories_v2/travel/hotel_", "suffix": ".png"}, "primary": true}], "photos": {"count": 0, "groups": []}}, "referralId": "e-0-4bfa62df5317a5938d87027f-3"}, {"reasons": {"count": 0, "items": [{"summary": "This spot is popular", "type": "general", "reasonName": "globalInteractionReason"}]}, "venue": {"id": "58c849da5da8f46d9c7d5fec", "name": "Best Western Plus Seraphine Hammersmith Hotel", "location": {"address": "84 Kings Street, Hammersmith", "lat": 51.492662021639475, "lng": -0.22964563967434515, "labeledLatLngs": [{"label": "display", "lat": 51.492662021639475, "lng": -0.22964563967434515}], "distance": 195, "postalCode": "W6 0QW", "cc": "GB", "city": "London", "state": "Greater London", "country": "United Kingdom", "formattedAddress": ["84 Kings Street, Hammersmith", "London", "Greater London", "W6 0QW", "United Kingdom"]}, "categories": [{"id": "4bf58dd8d48988d1fa931735", "name": "Hotel", "pluralName": "Hotels", "shortName": "Hotel", "icon": {"prefix": "https://ss3.4sqi.net/img/categories_v2/travel/hotel_", "suffix": ".png"}, "primary": true}], "photos": {"count": 0, "groups": []}}, "referralId": "e-0-58c849da5da8f46d9c7d5fec-4"}, {"reasons": {"count": 0, "items": [{"summary": "This spot is popular", "type": "general", "reasonName": "globalInteractionReason"}]}, "venue": {"id": "50ace3ede4b0d5e82862f970", "name": "Platform 1", "location": {"address": "Hammersmith London Underground Station (Circle and H&C lines)", "lat": 51.49377781858888, "lng": -0.22500727642931112, "labeledLatLngs": [{"label": "display", "lat": 51.49377781858888, "lng": -0.22500727642931112}], "distance": 233, "postalCode": "W6", "cc": "GB", "city": "London", "state": "Greater London", "country": "United Kingdom", "formattedAddress": ["Hammersmith London Underground Station (Circle and H&C lines)", "London", "Greater London", "W6", "United Kingdom"]}, "categories": [{"id": "4f4531504b9074f6e4fb0102", "name": "Platform", "pluralName": "Platforms", "shortName": "Platform", "icon": {"prefix": "https://ss3.4sqi.net/img/categories_v2/travel/trainstation_", "suffix": ".png"}, "primary": true}], "photos": {"count": 0, "groups": []}}, "referralId": "e-0-50ace3ede4b0d5e82862f970-5"}, {"reasons": {"count": 0, "items": [{"summary": "This spot is popular", "type": "general", "reasonName": "globalInteractionReason"}]}, "venue": {"id": "4f3d5db9e4b022e41dc81132", "name": "Platform 2", "location": {"address": "Hammersmith London Underground Station (Circle and H&C Lines)", "lat": 51.49380207543632, "lng": -0.22499111658322846, "labeledLatLngs": [{"label": "display", "lat": 51.49380207543632, "lng": -0.22499111658322846}], "distance": 233, "cc": "GB", "city": "London", "state": "Greater London", "country": "United Kingdom", "formattedAddress": ["Hammersmith London Underground Station (Circle and H&C Lines)", "London", "Greater London", "United Kingdom"]}, "categories": [{"id": "4f4531504b9074f6e4fb0102", "name": "Platform", "pluralName": "Platforms", "shortName": "Platform", "icon": {"prefix": "https://ss3.4sqi.net/img/categories_v2/travel/trainstation_", "suffix": ".png"}, "primary": true}], "photos": {"count": 0, "groups": []}}, "referralId": "e-0-4f3d5db9e4b022e41dc81132-6"}, {"reasons": {"count": 0, "items": [{"summary": "This spot is popular", "type": "general", "reasonName": "globalInteractionReason"}]}, "venue": {"id": "53b01600498e8cd08332dcf9", "name": "Hammersmith Station/Hammersmith & City Line Bus Stop W", "location": {"address": "Beadon Rd", "lat": 51.493748130353445, "lng": -0.2249879479932315, "labeledLatLngs": [{"label": "display", "lat": 51.493748130353445, "lng": -0.2249879479932315}], "distance": 235, "postalCode": "W6", "cc": "GB", "city": "London", "state": "Greater London", "country": "United Kingdom", "formattedAddress": ["Beadon Rd", "London", "Greater London", "W6", "United Kingdom"]}, "categories": [{"id": "52f2ab2ebcbc57f1066b8b4f", "name": "Bus Stop", "pluralName": "Bus Stops", "shortName": "Bus Stop", "icon": {"prefix": "https://ss3.4sqi.net/img/categories_v2/travel/busstation_", "suffix": ".png"}, "primary": true}], "photos": {"count": 0, "groups": []}}, "referralId": "e-0-53b01600498e8cd08332dcf9-7"}, {"reasons": {"count": 0, "items": [{"summary": "This spot is popular", "type": "general", "reasonName": "globalInteractionReason"}]}, "venue": {"id": "4d8860487d4c548117203e71", "name": "Hammersmith London Underground Station (Circle and H&C lines)", "location": {"address": "Beadon Rd", "lat": 51.49382404573316, "lng": -0.2249722059342438, "labeledLatLngs": [{"label": "display", "lat": 51.49382404573316, "lng": -0.2249722059342438}], "distance": 234, "postalCode": "W6 7AA", "cc": "GB", "city": "London", "state": "Greater London", "country": "United Kingdom", "formattedAddress": ["Beadon Rd", "London", "Greater London", "W6 7AA", "United Kingdom"]}, "categories": [{"id": "4bf58dd8d48988d1fd931735", "name": "Metro Station", "pluralName": "Metro Stations", "shortName": "Metro", "icon": {"prefix": "https://ss3.4sqi.net/img/categories_v2/travel/subway_", "suffix": ".png"}, "primary": true}], "photos": {"count": 0, "groups": []}}, "referralId": "e-0-4d8860487d4c548117203e71-8"}, {"reasons": {"count": 0, "items": [{"summary": "This spot is popular", "type": "general", "reasonName": "globalInteractionReason"}]}, "venue": {"id": "4f143093e4b07e9ecd224cfc", "name": "Platform 3", "location": {"address": "Hammersmith London Underground Station (Circle & H&C Lines)", "lat": 51.49387229867946, "lng": -0.22489748393957157, "labeledLatLngs": [{"label": "display", "lat": 51.49387229867946, "lng": -0.22489748393957157}], "distance": 238, "cc": "GB", "city": "London", "state": "Greater London", "country": "United Kingdom", "formattedAddress": ["Hammersmith London Underground Station (Circle & H&C Lines)", "London", "Greater London", "United Kingdom"]}, "categories": [{"id": "4f4531504b9074f6e4fb0102", "name": "Platform", "pluralName": "Platforms", "shortName": "Platform", "icon": {"prefix": "https://ss3.4sqi.net/img/categories_v2/travel/trainstation_", "suffix": ".png"}, "primary": true}], "photos": {"count": 0, "groups": []}}, "referralId": "e-0-4f143093e4b07e9ecd224cfc-9"}, {"reasons": {"count": 0, "items": [{"summary": "This spot is popular", "type": "general", "reasonName": "globalInteractionReason"}]}, "venue": {"id": "4dcae9d37d8b84bcd548ef02", "name": "Seraphine Hotel", "location": {"address": "94 King St.", "crossStreet": "at Cambridge Grv.", "lat": 51.49267767309166, "lng": -0.22971161460018627, "labeledLatLngs": [{"label": "display", "lat": 51.49267767309166, "lng": -0.22971161460018627}], "distance": 196, "postalCode": "W6 0QW", "cc": "GB", "city": "Hammersmith", "state": "Greater London", "country": "United Kingdom", "formattedAddress": ["94 King St. (at Cambridge Grv.)", "Hammersmith", "Greater London", "W6 0QW", "United Kingdom"]}, "categories": [{"id": "4bf58dd8d48988d1fa931735", "name": "Hotel", "pluralName": "Hotels", "shortName": "Hotel", "icon": {"prefix": "https://ss3.4sqi.net/img/categories_v2/travel/hotel_", "suffix": ".png"}, "primary": true}], "photos": {"count": 0, "groups": []}}, "referralId": "e-0-4dcae9d37d8b84bcd548ef02-10"}, {"reasons": {"count": 0, "items": [{"summary": "This spot is popular", "type": "general", "reasonName": "globalInteractionReason"}]}, "venue": {"id": "58aadadb53f5bb4b6b5a825d", "name": "Hammersmith Bridge Road Bus Stop T", "location": {"lat": 51.49201, "lng": -0.22646998, "labeledLatLngs": [{"label": "display", "lat": 51.49201, "lng": -0.22646998}], "distance": 275, "cc": "GB", "country": "United Kingdom", "formattedAddress": ["United Kingdom"]}, "categories": [{"id": "52f2ab2ebcbc57f1066b8b4f", "name": "Bus Stop", "pluralName": "Bus Stops", "shortName": "Bus Stop", "icon": {"prefix": "https://ss3.4sqi.net/img/categories_v2/travel/busstation_", "suffix": ".png"}, "primary": true}], "photos": {"count": 0, "groups": []}}, "referralId": "e-0-58aadadb53f5bb4b6b5a825d-11"}, {"reasons": {"count": 0, "items": [{"summary": "This spot is popular", "type": "general", "reasonName": "globalInteractionReason"}]}, "venue": {"id": "4c93fb97f7cfa1cdd090af15", "name": "Holiday Inn Express London - Hammersmith", "location": {"address": "120-124 King St", "lat": 51.49314459513389, "lng": -0.23151064703379684, "labeledLatLngs": [{"label": "display", "lat": 51.49314459513389, "lng": -0.23151064703379684}], "distance": 252, "postalCode": "W6 0QU", "cc": "GB", "city": "London", "state": "Greater London", "country": "United Kingdom", "formattedAddress": ["120-124 King St", "London", "Greater London", "W6 0QU", "United Kingdom"]}, "categories": [{"id": "4bf58dd8d48988d1fa931735", "name": "Hotel", "pluralName": "Hotels", "shortName": "Hotel", "icon": {"prefix": "https://ss3.4sqi.net/img/categories_v2/travel/hotel_", "suffix": ".png"}, "primary": true}], "photos": {"count": 0, "groups": []}}, "referralId": "e-0-4c93fb97f7cfa1cdd090af15-12"}, {"reasons": {"count": 0, "items": [{"summary": "This spot is popular", "type": "general", "reasonName": "globalInteractionReason"}]}, "venue": {"id": "513a7990e4b0ab90b10ed6d4", "name": "Hammersmith library bus stop q", "location": {"address": "Hammersmith Library", "crossStreet": "Hammersmith Broadway", "lat": 51.49354661146744, "lng": -0.22386268576794505, "labeledLatLngs": [{"label": "display", "lat": 51.49354661146744, "lng": -0.22386268576794505}], "distance": 316, "cc": "GB", "neighborhood": "Hammersmith Broadway", "country": "United Kingdom", "formattedAddress": ["Hammersmith Library (Hammersmith Broadway)", "United Kingdom"]}, "categories": [{"id": "52f2ab2ebcbc57f1066b8b4f", "name": "Bus Stop", "pluralName": "Bus Stops", "shortName": "Bus Stop", "icon": {"prefix": "https://ss3.4sqi.net/img/categories_v2/travel/busstation_", "suffix": ".png"}, "primary": true}], "photos": {"count": 0, "groups": []}}, "referralId": "e-0-513a7990e4b0ab90b10ed6d4-13"}, {"reasons": {"count": 0, "items": [{"summary": "This spot is popular", "type": "general", "reasonName": "globalInteractionReason"}]}, "venue": {"id": "4be1af1f8dd062b5e97b3e3c", "name": "London Grove Hotel", "location": {"address": "102 Hammersmith Grove", "lat": 51.49718894551833, "lng": -0.22694367324282227, "labeledLatLngs": [{"label": "display", "lat": 51.49718894551833, "lng": -0.22694367324282227}], "distance": 344, "cc": "GB", "city": "London", "state": "Greater London", "country": "United Kingdom", "formattedAddress": ["102 Hammersmith Grove", "London", "Greater London", "United Kingdom"]}, "categories": [{"id": "4bf58dd8d48988d1fa931735", "name": "Hotel", "pluralName": "Hotels", "shortName": "Hotel", "icon": {"prefix": "https://ss3.4sqi.net/img/categories_v2/travel/hotel_", "suffix": ".png"}, "primary": true}], "photos": {"count": 0, "groups": []}}, "referralId": "e-0-4be1af1f8dd062b5e97b3e3c-14"}, {"reasons": {"count": 0, "items": [{"summary": "This spot is popular", "type": "general", "reasonName": "globalInteractionReason"}]}, "venue": {"id": "5b6e311a92e7a9002c7a916a", "name": "Room 2 Hammersmith", "location": {"address": "102 Hammersmith Grove", "lat": 51.49722, "lng": -0.226959, "labeledLatLngs": [{"label": "display", "lat": 51.49722, "lng": -0.226959}], "distance": 347, "postalCode": "W6 7HB", "cc": "GB", "city": "London", "state": "Greater London", "country": "United Kingdom", "formattedAddress": ["102 Hammersmith Grove", "London", "Greater London", "W6 7HB", "United Kingdom"]}, "categories": [{"id": "4bf58dd8d48988d1fa931735", "name": "Hotel", "pluralName": "Hotels", "shortName": "Hotel", "icon": {"prefix": "https://ss3.4sqi.net/img/categories_v2/travel/hotel_", "suffix": ".png"}, "primary": true}], "photos": {"count": 0, "groups": []}}, "referralId": "e-0-5b6e311a92e7a9002c7a916a-15"}, {"reasons": {"count": 0, "items": [{"summary": "This spot is popular", "type": "general", "reasonName": "globalInteractionReason"}]}, "venue": {"id": "50717951e4b0f322435bf4af", "name": "Bus Stop F", "location": {"address": "Hammersmith Bus Station", "crossStreet": "Hammersmith Broadway", "lat": 51.492396159544725, "lng": -0.22408246994018555, "labeledLatLngs": [{"label": "display", "lat": 51.492396159544725, "lng": -0.22408246994018555}], "distance": 355, "postalCode": "W6", "cc": "GB", "neighborhood": "Hammersmith Broadway", "city": "Hammersmith", "state": "Greater London", "country": "United Kingdom", "formattedAddress": ["Hammersmith Bus Station (Hammersmith Broadway)", "Hammersmith", "Greater London", "W6", "United Kingdom"]}, "categories": [{"id": "52f2ab2ebcbc57f1066b8b4f", "name": "Bus Stop", "pluralName": "Bus Stops", "shortName": "Bus Stop", "icon": {"prefix": "https://ss3.4sqi.net/img/categories_v2/travel/busstation_", "suffix": ".png"}, "primary": true}], "photos": {"count": 0, "groups": []}}, "referralId": "e-0-50717951e4b0f322435bf4af-16"}, {"reasons": {"count": 0, "items": [{"summary": "This spot is popular", "type": "general", "reasonName": "globalInteractionReason"}]}, "venue": {"id": "4bed05629868a5937cdb5c46", "name": "Hammersmith Bus Station", "location": {"address": "Hammersmith Broadway", "lat": 51.49215340280522, "lng": -0.22372685126042513, "labeledLatLngs": [{"label": "display", "lat": 51.49215340280522, "lng": -0.22372685126042513}], "distance": 390, "postalCode": "W6 9YE", "cc": "GB", "neighborhood": "Hammersmith Broadway", "city": "London", "state": "Greater London", "country": "United Kingdom", "formattedAddress": ["Hammersmith Broadway", "London", "Greater London", "W6 9YE", "United Kingdom"]}, "categories": [{"id": "4bf58dd8d48988d1fe931735", "name": "Bus Station", "pluralName": "Bus Stations", "shortName": "Bus Station", "icon": {"prefix": "https://ss3.4sqi.net/img/categories_v2/travel/busstation_", "suffix": ".png"}, "primary": true}], "photos": {"count": 0, "groups": []}}, "referralId": "e-0-4bed05629868a5937cdb5c46-17"}, {"reasons": {"count": 0, "items": [{"summary": "This spot is popular", "type": "general", "reasonName": "globalInteractionReason"}]}, "venue": {"id": "51927607498ecf862407f2b5", "name": "Bus Stop B", "location": {"address": "Hammersmith Bus Station", "lat": 51.49193153622182, "lng": -0.2239896803533756, "labeledLatLngs": [{"label": "display", "lat": 51.49193153622182, "lng": -0.2239896803533756}], "distance": 391, "cc": "GB", "neighborhood": "Hammersmith Broadway", "country": "United Kingdom", "formattedAddress": ["Hammersmith Bus Station", "United Kingdom"]}, "categories": [{"id": "52f2ab2ebcbc57f1066b8b4f", "name": "Bus Stop", "pluralName": "Bus Stops", "shortName": "Bus Stop", "icon": {"prefix": "https://ss3.4sqi.net/img/categories_v2/travel/busstation_", "suffix": ".png"}, "primary": true}], "photos": {"count": 0, "groups": []}}, "referralId": "e-0-51927607498ecf862407f2b5-18"}, {"reasons": {"count": 0, "items": [{"summary": "This spot is popular", "type": "general", "reasonName": "globalInteractionReason"}]}, "venue": {"id": "4e63bf01fa76cd64cecba4d4", "name": "Bus Stop A", "location": {"address": "Hammersmith Bus Station", "lat": 51.49214937534929, "lng": -0.22366467760225925, "labeledLatLngs": [{"label": "display", "lat": 51.49214937534929, "lng": -0.22366467760225925}], "distance": 394, "postalCode": "W6", "cc": "GB", "city": "London", "state": "Greater London", "country": "United Kingdom", "formattedAddress": ["Hammersmith Bus Station", "London", "Greater London", "W6", "United Kingdom"]}, "categories": [{"id": "52f2ab2ebcbc57f1066b8b4f", "name": "Bus Stop", "pluralName": "Bus Stops", "shortName": "Bus Stop", "icon": {"prefix": "https://ss3.4sqi.net/img/categories_v2/travel/busstation_", "suffix": ".png"}, "primary": true}], "photos": {"count": 0, "groups": []}}, "referralId": "e-0-4e63bf01fa76cd64cecba4d4-19"}, {"reasons": {"count": 0, "items": [{"summary": "This spot is popular", "type": "general", "reasonName": "globalInteractionReason"}]}, "venue": {"id": "4bd891ccf645c9b6d84ea8e0", "name": "St Christopher's Inn Hammersmith", "location": {"address": "28 Broadway", "lat": 51.49319931335737, "lng": -0.22448929614104252, "labeledLatLngs": [{"label": "display", "lat": 51.49319931335737, "lng": -0.22448929614104252}], "distance": 287, "postalCode": "W6 7AB", "cc": "GB", "city": "Hammersmith", "state": "Greater London", "country": "United Kingdom", "formattedAddress": ["28 Broadway", "Hammersmith", "Greater London", "W6 7AB", "United Kingdom"]}, "categories": [{"id": "4bf58dd8d48988d1ee931735", "name": "Hostel", "pluralName": "Hostels", "shortName": "Hostel", "icon": {"prefix": "https://ss3.4sqi.net/img/categories_v2/travel/hostel_", "suffix": ".png"}, "primary": true}], "photos": {"count": 0, "groups": []}}, "referralId": "e-0-4bd891ccf645c9b6d84ea8e0-20"}]}]}}