{"meta": {"code": 200, "requestId": "5fedda4df849016e71b8079c"}, "response": {"suggestedFilters": {"header": "Tap to show:", "filters": [{"name": "Open now", "key": "openNow"}]}, "headerLocation": "Hackney", "headerFullLocation": "Hackney, London", "headerLocationGranularity": "neighborhood", "query": "arts entertainment", "totalResults": 16, "suggestedBounds": {"ne": {"lat": 51.53233000360001, "lng": -0.07079415343851193}, "sw": {"lat": 51.5251299964, "lng": -0.08234584656148806}}, "groups": [{"type": "Recommended Places", "name": "recommended", "items": [{"reasons": {"count": 0, "items": [{"summary": "This spot is popular", "type": "general", "reasonName": "globalInteractionReason"}]}, "venue": {"id": "4ad046f3f964a520cbd720e3", "name": "theprintspace", "location": {"address": "74 Kingsland Road", "lat": 51.52940473953908, "lng": -0.07754408999996312, "labeledLatLngs": [{"label": "display", "lat": 51.52940473953908, "lng": -0.07754408999996312}], "distance": 100, "postalCode": "E2 8DL", "cc": "GB", "city": "London", "state": "Greater London", "country": "United Kingdom", "formattedAddress": ["74 Kingsland Road", "London", "Greater London", "E2 8DL", "United Kingdom"]}, "categories": [{"id": "4bf58dd8d48988d1e2931735", "name": "Art Gallery", "pluralName": "Art Galleries", "shortName": "Art Gallery", "icon": {"prefix": "https://ss3.4sqi.net/img/categories_v2/arts_entertainment/artgallery_", "suffix": ".png"}, "primary": true}], "photos": {"count": 0, "groups": []}, "venuePage": {"id": "38734595"}}, "referralId": "e-0-4ad046f3f964a520cbd720e3-0"}, {"reasons": {"count": 0, "items": [{"summary": "This spot is popular", "type": "general", "reasonName": "globalInteractionReason"}]}, "venue": {"id": "4ad6e877f964a5205f0821e3", "name": "Shoreditch Town Hall", "location": {"address": "380 Old St", "lat": 51.52697526994846, "lng": -0.07917344570159912, "labeledLatLngs": [{"label": "display", "lat": 51.52697526994846, "lng": -0.07917344570159912}], "distance": 265, "postalCode": "EC1V 9LT", "cc": "GB", "city": "Shoreditch", "state": "Greater London", "country": "United Kingdom", "formattedAddress": ["380 Old St", "Shoreditch", "Greater London", "EC1V 9LT", "United Kingdom"]}, "categories": [{"id": "4bf58dd8d48988d1f2931735", "name": "Performing Arts Venue", "pluralName": "Performing Arts Venues", "shortName": "Performing Arts", "icon": {"prefix": "https://ss3.4sqi.net/img/categories_v2/arts_entertainment/performingarts_", "suffix": ".png"}, "primary": true}], "photos": {"count": 0, "groups": []}}, "referralId": "e-0-4ad6e877f964a5205f0821e3-1"}, {"reasons": {"count": 0, "items": [{"summary": "This spot is popular", "type": "general", "reasonName": "globalInteractionReason"}]}, "venue": {"id": "4e47da1e52b1bac0d988f249", "name": "Calvert 22 Gallery", "location": {"address": "22 Calvert Ave", "lat": 51.52618531469782, "lng": -0.07617081707131666, "labeledLatLngs": [{"label": "display", "lat": 51.52618531469782, "lng": -0.07617081707131666}], "distance": 284, "postalCode": "E2 7JP", "cc": "GB", "city": "London", "state": "Greater London", "country": "United Kingdom", "formattedAddress": ["22 Calvert Ave", "London", "Greater London", "E2 7JP", "United Kingdom"]}, "categories": [{"id": "4bf58dd8d48988d1e2931735", "name": "Art Gallery", "pluralName": "Art Galleries", "shortName": "Art Gallery", "icon": {"prefix": "https://ss3.4sqi.net/img/categories_v2/arts_entertainment/artgallery_", "suffix": ".png"}, "primary": true}], "photos": {"count": 0, "groups": []}}, "referralId": "e-0-4e47da1e52b1bac0d988f249-2"}, {"reasons": {"count": 0, "items": [{"summary": "This spot is popular", "type": "general", "reasonName": "globalInteractionReason"}]}, "venue": {"id": "4cc2ce39bde8f04d90a7a04b", "name": "Flowers", "location": {"address": "82 Kingsland Road", "lat": 51.52970533709714, "lng": -0.07731842627016952, "labeledLatLngs": [{"label": "display", "lat": 51.52970533709714, "lng": -0.07731842627016952}], "distance": 120, "postalCode": "E2 8DP", "cc": "GB", "city": "Hackney", "state": "Greater London", "country": "United Kingdom", "formattedAddress": ["82 Kingsland Road", "Hackney", "Greater London", "E2 8DP", "United Kingdom"]}, "categories": [{"id": "4bf58dd8d48988d1e2931735", "name": "Art Gallery", "pluralName": "Art Galleries", "shortName": "Art Gallery", "icon": {"prefix": "https://ss3.4sqi.net/img/categories_v2/arts_entertainment/artgallery_", "suffix": ".png"}, "primary": true}], "photos": {"count": 0, "groups": []}}, "referralId": "e-0-4cc2ce39bde8f04d90a7a04b-3"}, {"reasons": {"count": 0, "items": [{"summary": "This spot is popular", "type": "general", "reasonName": "globalInteractionReason"}]}, "venue": {"id": "4bb0a104f964a52085503ce3", "name": "Rivington Place", "location": {"address": "Rivington Place", "lat": 51.52637104293089, "lng": -0.07915929493090493, "labeledLatLngs": [{"label": "display", "lat": 51.52637104293089, "lng": -0.07915929493090493}], "distance": 317, "postalCode": "EC2A 3BA", "cc": "GB", "city": "London", "state": "Greater London", "country": "United Kingdom", "formattedAddress": ["Rivington Place", "London", "Greater London", "EC2A 3BA", "United Kingdom"]}, "categories": [{"id": "4bf58dd8d48988d1e2931735", "name": "Art Gallery", "pluralName": "Art Galleries", "shortName": "Art Gallery", "icon": {"prefix": "https://ss3.4sqi.net/img/categories_v2/arts_entertainment/artgallery_", "suffix": ".png"}, "primary": true}], "photos": {"count": 0, "groups": []}}, "referralId": "e-0-4bb0a104f964a52085503ce3-4"}, {"reasons": {"count": 0, "items": [{"summary": "This spot is popular", "type": "general", "reasonName": "globalInteractionReason"}]}, "venue": {"id": "4b1fb6cdf964a520512824e3", "name": "YCN", "location": {"address": "72 Rivington St", "lat": 51.52627029340944, "lng": -0.0792049639571928, "labeledLatLngs": [{"label": "display", "lat": 51.52627029340944, "lng": -0.0792049639571928}], "distance": 329, "postalCode": "EC2A 3AY", "cc": "GB", "city": "London", "state": "Greater London", "country": "United Kingdom", "formattedAddress": ["72 Rivington St", "London", "Greater London", "EC2A 3AY", "United Kingdom"]}, "categories": [{"id": "4bf58dd8d48988d1e2931735", "name": "Art Gallery", "pluralName": "Art Galleries", "shortName": "Art Gallery", "icon": {"prefix": "https://ss3.4sqi.net/img/categories_v2/arts_entertainment/artgallery_", "suffix": ".png"}, "primary": true}], "photos": {"count": 0, "groups": []}}, "referralId": "e-0-4b1fb6cdf964a520512824e3-5"}, {"reasons": {"count": 0, "items": [{"summary": "This spot is popular", "type": "general", "reasonName": "globalInteractionReason"}]}, "venue": {"id": "4ac518c6f964a52016a520e3", "name": "The Macbeth", "location": {"address": "70 Hoxton St", "lat": 51.53014148695542, "lng": -0.08015701681055523, "labeledLatLngs": [{"label": "display", "lat": 51.53014148695542, "lng": -0.08015701681055523}], "distance": 293, "postalCode": "N1 6LP", "cc": "GB", "neighborhood": "Hackney", "city": "London", "state": "Greater London", "country": "United Kingdom", "formattedAddress": ["70 Hoxton St", "London", "Greater London", "N1 6LP", "United Kingdom"]}, "categories": [{"id": "4bf58dd8d48988d1e9931735", "name": "Rock Club", "pluralName": "Rock Clubs", "shortName": "Rock Club", "icon": {"prefix": "https://ss3.4sqi.net/img/categories_v2/arts_entertainment/musicvenue_rockclub_", "suffix": ".png"}, "primary": true}], "photos": {"count": 0, "groups": []}}, "referralId": "e-0-4ac518c6f964a52016a520e3-6"}, {"reasons": {"count": 0, "items": [{"summary": "This spot is popular", "type": "general", "reasonName": "globalInteractionReason"}]}, "venue": {"id": "538e7e43498ecf4f981a9e33", "name": "Hoxton Arches", "location": {"lat": 51.53063801669472, "lng": -0.076012543472897, "labeledLatLngs": [{"label": "display", "lat": 51.53063801669472, "lng": -0.076012543472897}], "distance": 215, "cc": "GB", "city": "London", "state": "Greater London", "country": "United Kingdom", "formattedAddress": ["London", "Greater London", "United Kingdom"]}, "categories": [{"id": "4bf58dd8d48988d1e2931735", "name": "Art Gallery", "pluralName": "Art Galleries", "shortName": "Art Gallery", "icon": {"prefix": "https://ss3.4sqi.net/img/categories_v2/arts_entertainment/artgallery_", "suffix": ".png"}, "primary": true}], "photos": {"count": 0, "groups": []}}, "referralId": "e-0-538e7e43498ecf4f981a9e33-7"}, {"reasons": {"count": 0, "items": [{"summary": "This spot is popular", "type": "general", "reasonName": "globalInteractionReason"}]}, "venue": {"id": "4ead83686da1a0e3a4833851", "name": "Arch 402 Gallery", "location": {"address": "37 Cremer St.", "lat": 51.53067758972827, "lng": -0.07596972548821296, "labeledLatLngs": [{"label": "display", "lat": 51.53067758972827, "lng": -0.07596972548821296}], "distance": 220, "postalCode": "E2 8HD", "cc": "GB", "city": "Hackney", "state": "Greater London", "country": "United Kingdom", "formattedAddress": ["37 Cremer St.", "Hackney", "Greater London", "E2 8HD", "United Kingdom"]}, "categories": [{"id": "4bf58dd8d48988d1e2931735", "name": "Art Gallery", "pluralName": "Art Galleries", "shortName": "Art Gallery", "icon": {"prefix": "https://ss3.4sqi.net/img/categories_v2/arts_entertainment/artgallery_", "suffix": ".png"}, "primary": true}], "photos": {"count": 0, "groups": []}}, "referralId": "e-0-4ead83686da1a0e3a4833851-8"}, {"reasons": {"count": 0, "items": [{"summary": "This spot is popular", "type": "general", "reasonName": "globalInteractionReason"}]}, "venue": {"id": "5082c31ce4b0e99d0b8113c2", "name": "Banksy HMV Dog", "location": {"lat": 51.52646265171537, "lng": -0.0788253356518528, "labeledLatLngs": [{"label": "display", "lat": 51.52646265171537, "lng": -0.0788253356518528}], "distance": 296, "cc": "GB", "country": "United Kingdom", "formattedAddress": ["United Kingdom"]}, "categories": [{"id": "52e81612bcbc57f1066b79ee", "name": "Street Art", "pluralName": "Street Art Installations", "shortName": "Street Art", "icon": {"prefix": "https://ss3.4sqi.net/img/categories_v2/arts_entertainment/default_", "suffix": ".png"}, "primary": true}], "photos": {"count": 0, "groups": []}}, "referralId": "e-0-5082c31ce4b0e99d0b8113c2-9"}, {"reasons": {"count": 0, "items": [{"summary": "This spot is popular", "type": "general", "reasonName": "globalInteractionReason"}]}, "venue": {"id": "4bec4fad976ac92844d3600b", "name": "Hoxton Square Projects", "location": {"address": "20 Hoxton Sq", "lat": 51.52815871489833, "lng": -0.08114379670587368, "labeledLatLngs": [{"label": "display", "lat": 51.52815871489833, "lng": -0.08114379670587368}], "distance": 323, "postalCode": "N1 6PA", "cc": "GB", "city": "London", "state": "Greater London", "country": "United Kingdom", "formattedAddress": ["20 Hoxton Sq", "London", "Greater London", "N1 6PA", "United Kingdom"]}, "categories": [{"id": "4bf58dd8d48988d1e2931735", "name": "Art Gallery", "pluralName": "Art Galleries", "shortName": "Art Gallery", "icon": {"prefix": "https://ss3.4sqi.net/img/categories_v2/arts_entertainment/artgallery_", "suffix": ".png"}, "primary": true}], "photos": {"count": 0, "groups": []}}, "referralId": "e-0-4bec4fad976ac92844d3600b-10"}, {"reasons": {"count": 0, "items": [{"summary": "This spot is popular", "type": "general", "reasonName": "globalInteractionReason"}]}, "venue": {"id": "5ca728503fffb400254ca22c", "name": "Forr\u00f3 Foundations", "location": {"address": "62 Rivington Street, London", "lat": 51.5262395, "lng": -0.07955709999998817, "labeledLatLngs": [{"label": "display", "lat": 51.5262395, "lng": -0.07955709999998817}], "distance": 345, "postalCode": "EC2A 3AY", "cc": "GB", "city": "London", "state": "Greater London", "country": "United Kingdom", "formattedAddress": ["62 Rivington Street, London", "London", "Greater London", "EC2A 3AY", "United Kingdom"]}, "categories": [{"id": "4bf58dd8d48988d134941735", "name": "Dance Studio", "pluralName": "Dance Studios", "shortName": "Dance Studio", "icon": {"prefix": "https://ss3.4sqi.net/img/categories_v2/arts_entertainment/performingarts_dancestudio_", "suffix": ".png"}, "primary": true}], "photos": {"count": 0, "groups": []}, "venuePage": {"id": "540009544"}}, "referralId": "e-0-5ca728503fffb400254ca22c-11"}, {"reasons": {"count": 0, "items": [{"summary": "This spot is popular", "type": "general", "reasonName": "globalInteractionReason"}]}, "venue": {"id": "58beaf51260327740ca3db1c", "name": "Autograph ABP", "location": {"address": "Rivington Place", "lat": 51.526241, "lng": -0.079588, "labeledLatLngs": [{"label": "display", "lat": 51.526241, "lng": -0.079588}], "distance": 347, "postalCode": "EC2A 3BA", "cc": "GB", "neighborhood": "Shoreditch", "country": "United Kingdom", "formattedAddress": ["Rivington Place", "EC2A 3BA", "United Kingdom"]}, "categories": [{"id": "4bf58dd8d48988d1e2931735", "name": "Art Gallery", "pluralName": "Art Galleries", "shortName": "Art Gallery", "icon": {"prefix": "https://ss3.4sqi.net/img/categories_v2/arts_entertainment/artgallery_", "suffix": ".png"}, "primary": true}], "photos": {"count": 0, "groups": []}}, "referralId": "e-0-58beaf51260327740ca3db1c-12"}, {"reasons": {"count": 0, "items": [{"summary": "This spot is popular", "type": "general", "reasonName": "globalInteractionReason"}]}, "venue": {"id": "50b7a87cd63e0d3bc5d0b637", "name": "Make Rivington St Snow", "location": {"address": "Rivington St.", "crossStreet": "Shoreditch", "lat": 51.52615424940099, "lng": -0.07979035377502441, "labeledLatLngs": [{"label": "display", "lat": 51.52615424940099, "lng": -0.07979035377502441}], "distance": 363, "postalCode": "E C2A", "cc": "GB", "city": "London", "state": "Greater London", "country": "United Kingdom", "formattedAddress": ["Rivington St. (Shoreditch)", "London", "Greater London", "E C2A", "United Kingdom"]}, "categories": [{"id": "507c8c4091d498d9fc8c67a9", "name": "Public Art", "pluralName": "Public Art", "shortName": "Public Art", "icon": {"prefix": "https://ss3.4sqi.net/img/categories_v2/arts_entertainment/default_", "suffix": ".png"}, "primary": true}], "photos": {"count": 0, "groups": []}, "venuePage": {"id": "42382844"}}, "referralId": "e-0-50b7a87cd63e0d3bc5d0b637-13"}, {"reasons": {"count": 0, "items": [{"summary": "This spot is popular", "type": "general", "reasonName": "globalInteractionReason"}]}, "venue": {"id": "4f3c07c8e4b01e334690e999", "name": "ISTD2 dance studio old street", "location": {"lat": 51.52686170442652, "lng": -0.08111627224668488, "labeledLatLngs": [{"label": "display", "lat": 51.52686170442652, "lng": -0.08111627224668488}], "distance": 377, "cc": "GB", "country": "United Kingdom", "formattedAddress": ["United Kingdom"]}, "categories": [{"id": "4bf58dd8d48988d134941735", "name": "Dance Studio", "pluralName": "Dance Studios", "shortName": "Dance Studio", "icon": {"prefix": "https://ss3.4sqi.net/img/categories_v2/arts_entertainment/performingarts_dancestudio_", "suffix": ".png"}, "primary": true}], "photos": {"count": 0, "groups": []}}, "referralId": "e-0-4f3c07c8e4b01e334690e999-14"}, {"reasons": {"count": 0, "items": [{"summary": "This spot is popular", "type": "general", "reasonName": "globalInteractionReason"}]}, "venue": {"id": "4d83625b5e70224bdd25f608", "name": "ISTD2 Studios", "location": {"address": "346 Old St", "lat": 51.526728745817884, "lng": -0.08103755053764873, "labeledLatLngs": [{"label": "display", "lat": 51.526728745817884, "lng": -0.08103755053764873}], "distance": 381, "postalCode": "EC1V 9NQ", "cc": "GB", "city": "Shoreditch", "state": "Greater London", "country": "United Kingdom", "formattedAddress": ["346 Old St", "Shoreditch", "Greater London", "EC1V 9NQ", "United Kingdom"]}, "categories": [{"id": "4bf58dd8d48988d134941735", "name": "Dance Studio", "pluralName": "Dance Studios", "shortName": "Dance Studio", "icon": {"prefix": "https://ss3.4sqi.net/img/categories_v2/arts_entertainment/performingarts_dancestudio_", "suffix": ".png"}, "primary": true}], "photos": {"count": 0, "groups": []}}, "referralId": "e-0-4d83625b5e70224bdd25f608-15"}]}]}}