{"meta": {"code": 200, "requestId": "5fedda460062d40d7ed6561c"}, "response": {"suggestedFilters": {"header": "Tap to show:", "filters": [{"name": "Open now", "key": "openNow"}]}, "headerLocation": "Vauxhall", "headerFullLocation": "Vauxhall, London", "headerLocationGranularity": "neighborhood", "query": "college education", "totalResults": 13, "suggestedBounds": {"ne": {"lat": 51.4866000036, "lng": -0.1181299472240974}, "sw": {"lat": 51.47939999639999, "lng": -0.12967005277590257}}, "groups": [{"type": "Recommended Places", "name": "recommended", "items": [{"reasons": {"count": 0, "items": [{"summary": "This spot is popular", "type": "general", "reasonName": "globalInteractionReason"}]}, "venue": {"id": "4be93fd29a54a593becf0a11", "name": "LASSCO", "location": {"address": "Brunswick House, 30 Wandsworth Rd", "lat": 51.48464871676472, "lng": -0.1261971770064915, "labeledLatLngs": [{"label": "display", "lat": 51.48464871676472, "lng": -0.1261971770064915}], "distance": 242, "postalCode": "SW8 2LG", "cc": "GB", "city": "Vauxhall", "state": "Greater London", "country": "United Kingdom", "formattedAddress": ["Brunswick House, 30 Wandsworth Rd", "Vauxhall", "Greater London", "SW8 2LG", "United Kingdom"]}, "categories": [{"id": "4bf58dd8d48988d116951735", "name": "Antique Shop", "pluralName": "Antique Shops", "shortName": "Antiques", "icon": {"prefix": "https://ss3.4sqi.net/img/categories_v2/shops/antique_", "suffix": ".png"}, "primary": true}], "photos": {"count": 0, "groups": []}}, "referralId": "e-0-4be93fd29a54a593becf0a11-0"}, {"reasons": {"count": 0, "items": [{"summary": "This spot is popular", "type": "general", "reasonName": "globalInteractionReason"}]}, "venue": {"id": "4ac518cef964a52026a620e3", "name": "New Covent Garden Market", "location": {"address": "Nine Elms Ln", "lat": 51.48319700186664, "lng": -0.12934636939453092, "labeledLatLngs": [{"label": "display", "lat": 51.48319700186664, "lng": -0.12934636939453092}], "distance": 378, "postalCode": "SW8 5BH", "cc": "GB", "city": "London", "state": "Greater London", "country": "United Kingdom", "formattedAddress": ["Nine Elms Ln", "London", "Greater London", "SW8 5BH", "United Kingdom"]}, "categories": [{"id": "4bf58dd8d48988d11b951735", "name": "Flower Shop", "pluralName": "Flower Shops", "shortName": "Flower Shop", "icon": {"prefix": "https://ss3.4sqi.net/img/categories_v2/shops/flowershop_", "suffix": ".png"}, "primary": true}], "photos": {"count": 0, "groups": []}}, "referralId": "e-0-4ac518cef964a52026a620e3-1"}, {"reasons": {"count": 0, "items": [{"summary": "This spot is popular", "type": "general", "reasonName": "globalInteractionReason"}]}, "venue": {"id": "51604e1ae4b0137132cbec53", "name": "Little Waitrose & Partners", "location": {"address": "3 Bondway", "lat": 51.48531264606189, "lng": -0.12373475107801823, "labeledLatLngs": [{"label": "display", "lat": 51.48531264606189, "lng": -0.12373475107801823}], "distance": 257, "postalCode": "SW8 1SJ", "cc": "GB", "city": "London", "state": "Greater London", "country": "United Kingdom", "formattedAddress": ["3 Bondway", "London", "Greater London", "SW8 1SJ", "United Kingdom"]}, "categories": [{"id": "4bf58dd8d48988d118951735", "name": "Grocery Store", "pluralName": "Grocery Stores", "shortName": "Grocery Store", "icon": {"prefix": "https://ss3.4sqi.net/img/categories_v2/shops/food_grocery_", "suffix": ".png"}, "primary": true}], "photos": {"count": 0, "groups": []}}, "referralId": "e-0-51604e1ae4b0137132cbec53-2"}, {"reasons": {"count": 0, "items": [{"summary": "This spot is popular", "type": "general", "reasonName": "globalInteractionReason"}]}, "venue": {"id": "53d64ba5498e72b5e9031007", "name": "Vauxhall Street Food Garden", "location": {"address": "6A South Lambeth Pl", "lat": 51.48514486881931, "lng": -0.12364057004187506, "labeledLatLngs": [{"label": "display", "lat": 51.48514486881931, "lng": -0.12364057004187506}], "distance": 239, "postalCode": "SW8 1SP", "cc": "GB", "neighborhood": "Vauxhall, London, Greater London", "city": "London", "state": "Greater London", "country": "United Kingdom", "formattedAddress": ["6A South Lambeth Pl", "London", "Greater London", "SW8 1SP", "United Kingdom"]}, "categories": [{"id": "53e0feef498e5aac066fd8a9", "name": "Street Food Gathering", "pluralName": "Street Food Gatherings", "shortName": "Street Food Gathering", "icon": {"prefix": "https://ss3.4sqi.net/img/categories_v2/food/streetfood_", "suffix": ".png"}, "primary": true}], "photos": {"count": 0, "groups": []}}, "referralId": "e-0-53d64ba5498e72b5e9031007-3"}, {"reasons": {"count": 0, "items": [{"summary": "This spot is popular", "type": "general", "reasonName": "globalInteractionReason"}]}, "venue": {"id": "4b5deacaf964a520957329e3", "name": "Tesco Express", "location": {"address": "16, 22 Wandsworth Rd, Vauxhall", "lat": 51.48501097602818, "lng": -0.1260490790809854, "labeledLatLngs": [{"label": "display", "lat": 51.48501097602818, "lng": -0.1260490790809854}], "distance": 268, "postalCode": "SW8 2JW", "cc": "GB", "city": "London", "state": "Greater London", "country": "United Kingdom", "formattedAddress": ["16, 22 Wandsworth Rd, Vauxhall", "London", "Greater London", "SW8 2JW", "United Kingdom"]}, "categories": [{"id": "4bf58dd8d48988d118951735", "name": "Grocery Store", "pluralName": "Grocery Stores", "shortName": "Grocery Store", "icon": {"prefix": "https://ss3.4sqi.net/img/categories_v2/shops/food_grocery_", "suffix": ".png"}, "primary": true}], "photos": {"count": 0, "groups": []}}, "referralId": "e-0-4b5deacaf964a520957329e3-4"}, {"reasons": {"count": 0, "items": [{"summary": "This spot is popular", "type": "general", "reasonName": "globalInteractionReason"}]}, "venue": {"id": "564a1030498e1117a66a52ac", "name": "Dj Emron", "location": {"address": "26 pakington house,Stockwell Gardens Estate", "lat": 51.48257220279313, "lng": -0.1276087760925293, "labeledLatLngs": [{"label": "display", "lat": 51.48257220279313, "lng": -0.1276087760925293}], "distance": 261, "postalCode": "SW9 9BA", "cc": "GB", "city": "London", "state": "Greater London", "country": "United Kingdom", "formattedAddress": ["26 pakington house,Stockwell Gardens Estate", "London", "Greater London", "SW9 9BA", "United Kingdom"]}, "categories": [{"id": "56aa371be4b08b9a8d573554", "name": "Entertainment Service", "pluralName": "Entertainment Services", "shortName": "Entertainment Service", "icon": {"prefix": "https://ss3.4sqi.net/img/categories_v2/arts_entertainment/default_", "suffix": ".png"}, "primary": true}], "photos": {"count": 0, "groups": []}, "venuePage": {"id": "147661819"}}, "referralId": "e-0-564a1030498e1117a66a52ac-5"}, {"reasons": {"count": 0, "items": [{"summary": "This spot is popular", "type": "general", "reasonName": "globalInteractionReason"}]}, "venue": {"id": "55521f8a498e2f16101ab17c", "name": "Gro London", "location": {"address": "At George Wharf", "lat": 51.48519787734847, "lng": -0.1252941344719687, "labeledLatLngs": [{"label": "display", "lat": 51.48519787734847, "lng": -0.1252941344719687}], "distance": 263, "cc": "GB", "country": "United Kingdom", "formattedAddress": ["At George Wharf", "United Kingdom"]}, "categories": [{"id": "54541900498ea6ccd0202697", "name": "Health & Beauty Service", "pluralName": "Health & Beauty Services", "shortName": "Health & Beauty", "icon": {"prefix": "https://ss3.4sqi.net/img/categories_v2/shops/salon_barber_", "suffix": ".png"}, "primary": true}], "photos": {"count": 0, "groups": []}}, "referralId": "e-0-55521f8a498e2f16101ab17c-6"}, {"reasons": {"count": 0, "items": [{"summary": "This spot is popular", "type": "general", "reasonName": "globalInteractionReason"}]}, "venue": {"id": "58666757cf4451174cc14c55", "name": "Argos", "location": {"address": "62 Wandsworth Road", "crossStreet": "Nine Elms", "lat": 51.48156, "lng": -0.12798998, "labeledLatLngs": [{"label": "display", "lat": 51.48156, "lng": -0.12798998}], "distance": 325, "postalCode": "SW8 2LF", "cc": "GB", "city": "London", "state": "Greater London", "country": "United Kingdom", "formattedAddress": ["62 Wandsworth Road (Nine Elms)", "London", "Greater London", "SW8 2LF", "United Kingdom"]}, "categories": [{"id": "52e816a6bcbc57f1066b7a54", "name": "Warehouse Store", "pluralName": "Warehouse Stores", "shortName": "Warehouse Store", "icon": {"prefix": "https://ss3.4sqi.net/img/categories_v2/shops/default_", "suffix": ".png"}, "primary": true}], "photos": {"count": 0, "groups": []}}, "referralId": "e-0-58666757cf4451174cc14c55-7"}, {"reasons": {"count": 0, "items": [{"summary": "This spot is popular", "type": "general", "reasonName": "globalInteractionReason"}]}, "venue": {"id": "570921a7498e119ec2cc57ef", "name": "InAnyEvent London", "location": {"address": "40 Meadow Road", "lat": 51.48175939999999, "lng": -0.1195234, "labeledLatLngs": [{"label": "display", "lat": 51.48175939999999, "lng": -0.1195234}], "distance": 333, "postalCode": "SW8 1QB", "cc": "GB", "city": "London", "state": "Greater London", "country": "United Kingdom", "formattedAddress": ["40 Meadow Road", "London", "Greater London", "SW8 1QB", "United Kingdom"]}, "categories": [{"id": "5454152e498ef71e2b9132c6", "name": "Event Service", "pluralName": "Event Services", "shortName": "Event Services", "icon": {"prefix": "https://ss3.4sqi.net/img/categories_v2/event/default_", "suffix": ".png"}, "primary": true}], "photos": {"count": 0, "groups": []}}, "referralId": "e-0-570921a7498e119ec2cc57ef-8"}, {"reasons": {"count": 0, "items": [{"summary": "This spot is popular", "type": "general", "reasonName": "globalInteractionReason"}]}, "venue": {"id": "4dbea241ec8eb49ed3350336", "name": "The Garden Party Flower Service", "location": {"address": "276 - 277 The Flower Market", "crossStreet": "New Covent Garden Market,", "lat": 51.48504663779214, "lng": -0.12759357452166345, "labeledLatLngs": [{"label": "display", "lat": 51.48504663779214, "lng": -0.12759357452166345}], "distance": 342, "postalCode": "SW8 5NB", "cc": "GB", "city": "London", "state": "Greater London", "country": "United Kingdom", "formattedAddress": ["276 - 277 The Flower Market (New Covent Garden Market,)", "London", "Greater London", "SW8 5NB", "United Kingdom"]}, "categories": [{"id": "4bf58dd8d48988d11b951735", "name": "Flower Shop", "pluralName": "Flower Shops", "shortName": "Flower Shop", "icon": {"prefix": "https://ss3.4sqi.net/img/categories_v2/shops/flowershop_", "suffix": ".png"}, "primary": true}], "photos": {"count": 0, "groups": []}}, "referralId": "e-0-4dbea241ec8eb49ed3350336-9"}, {"reasons": {"count": 0, "items": [{"summary": "This spot is popular", "type": "general", "reasonName": "globalInteractionReason"}]}, "venue": {"id": "4d90eb479b3841bd8da3445f", "name": "Majestic Wine", "location": {"address": "Arch 83, Goding St", "lat": 51.48628649497353, "lng": -0.12230350776645225, "labeledLatLngs": [{"label": "display", "lat": 51.48628649497353, "lng": -0.12230350776645225}], "distance": 382, "postalCode": "SE11 5AW", "cc": "GB", "city": "London", "state": "Greater London", "country": "United Kingdom", "formattedAddress": ["Arch 83, Goding St", "London", "Greater London", "SE11 5AW", "United Kingdom"]}, "categories": [{"id": "4bf58dd8d48988d119951735", "name": "Wine Shop", "pluralName": "Wine Shops", "shortName": "Wine Shop", "icon": {"prefix": "https://ss3.4sqi.net/img/categories_v2/shops/food_wineshop_", "suffix": ".png"}, "primary": true}], "photos": {"count": 0, "groups": []}}, "referralId": "e-0-4d90eb479b3841bd8da3445f-10"}, {"reasons": {"count": 0, "items": [{"summary": "This spot is popular", "type": "general", "reasonName": "globalInteractionReason"}]}, "venue": {"id": "4f411d48e4b0f4e3fbc17dc3", "name": "South Lambeth Food & Wine", "location": {"address": "127 S Lambeth Rd", "lat": 51.47945861351203, "lng": -0.12331004269340629, "labeledLatLngs": [{"label": "display", "lat": 51.47945861351203, "lng": -0.12331004269340629}], "distance": 396, "postalCode": "SW8 1XB", "cc": "GB", "city": "London", "state": "Greater London", "country": "United Kingdom", "formattedAddress": ["127 S Lambeth Rd", "London", "Greater London", "SW8 1XB", "United Kingdom"]}, "categories": [{"id": "4d954b0ea243a5684a65b473", "name": "Convenience Store", "pluralName": "Convenience Stores", "shortName": "Convenience Store", "icon": {"prefix": "https://ss3.4sqi.net/img/categories_v2/shops/conveniencestore_", "suffix": ".png"}, "primary": true}], "photos": {"count": 0, "groups": []}}, "referralId": "e-0-4f411d48e4b0f4e3fbc17dc3-11"}, {"reasons": {"count": 0, "items": [{"summary": "This spot is popular", "type": "general", "reasonName": "globalInteractionReason"}]}, "venue": {"id": "5046155be4b0b88235d66b8c", "name": "Sainsbury's Local", "location": {"address": "6, Swadlincote Retail Park", "lat": 51.48595455520568, "lng": -0.12310971094821266, "labeledLatLngs": [{"label": "display", "lat": 51.48595455520568, "lng": -0.12310971094821266}], "distance": 333, "postalCode": "SW8 1SP", "cc": "GB", "neighborhood": "Vauxhall, London, Greater London", "city": "London", "state": "Greater London", "country": "United Kingdom", "formattedAddress": ["6, Swadlincote Retail Park", "London", "Greater London", "SW8 1SP", "United Kingdom"]}, "categories": [{"id": "4bf58dd8d48988d118951735", "name": "Grocery Store", "pluralName": "Grocery Stores", "shortName": "Grocery Store", "icon": {"prefix": "https://ss3.4sqi.net/img/categories_v2/shops/food_grocery_", "suffix": ".png"}, "primary": true}], "photos": {"count": 0, "groups": []}}, "referralId": "e-0-5046155be4b0b88235d66b8c-12"}]}]}}