{"meta": {"code": 200, "requestId": "5fedda231a514c11a750f135"}, "response": {"headerLocation": "Islington", "headerFullLocation": "Islington, London", "headerLocationGranularity": "neighborhood", "query": "travel", "totalResults": 6, "suggestedBounds": {"ne": {"lat": 51.5334300036, "lng": -0.09109401388481157}, "sw": {"lat": 51.52622999639999, "lng": -0.10264598611518842}}, "groups": [{"type": "Recommended Places", "name": "recommended", "items": [{"reasons": {"count": 0, "items": [{"summary": "This spot is popular", "type": "general", "reasonName": "globalInteractionReason"}]}, "venue": {"id": "4b8afaedf964a520688c32e3", "name": "St. Marks", "location": {"address": "300 City Road", "lat": 51.53003631385837, "lng": -0.09911326562409437, "labeledLatLngs": [{"label": "display", "lat": 51.53003631385837, "lng": -0.09911326562409437}], "distance": 157, "postalCode": "EC1V 2PW", "cc": "GB", "city": "Islington", "state": "Greater London", "country": "United Kingdom", "formattedAddress": ["300 City Road", "Islington", "Greater London", "EC1V 2PW", "United Kingdom"]}, "categories": [{"id": "4bf58dd8d48988d1fa931735", "name": "Hotel", "pluralName": "Hotels", "shortName": "Hotel", "icon": {"prefix": "https://ss3.4sqi.net/img/categories_v2/travel/hotel_", "suffix": ".png"}, "primary": true}], "photos": {"count": 0, "groups": []}}, "referralId": "e-0-4b8afaedf964a520688c32e3-0"}, {"reasons": {"count": 0, "items": [{"summary": "This spot is popular", "type": "general", "reasonName": "globalInteractionReason"}]}, "venue": {"id": "546b1c31498e9d2d5a01e474", "name": "Smart City Apartments City Road", "location": {"address": "238 City Road", "lat": 51.528746729604784, "lng": -0.09424591669261778, "labeledLatLngs": [{"label": "display", "lat": 51.528746729604784, "lng": -0.09424591669261778}], "distance": 218, "postalCode": "EC1V 2PQ", "cc": "GB", "city": "London", "state": "Greater London", "country": "United Kingdom", "formattedAddress": ["238 City Road", "London", "Greater London", "EC1V 2PQ", "United Kingdom"]}, "categories": [{"id": "4bf58dd8d48988d1fa931735", "name": "Hotel", "pluralName": "Hotels", "shortName": "Hotel", "icon": {"prefix": "https://ss3.4sqi.net/img/categories_v2/travel/hotel_", "suffix": ".png"}, "primary": true}], "photos": {"count": 0, "groups": []}}, "referralId": "e-0-546b1c31498e9d2d5a01e474-1"}, {"reasons": {"count": 0, "items": [{"summary": "This spot is popular", "type": "general", "reasonName": "globalInteractionReason"}]}, "venue": {"id": "516088f8e4b04060bc4754c1", "name": "Central Street Bus Stop UV", "location": {"lat": 51.530181, "lng": -0.09927, "labeledLatLngs": [{"label": "display", "lat": 51.530181, "lng": -0.09927}], "distance": 170, "cc": "GB", "country": "United Kingdom", "formattedAddress": ["United Kingdom"]}, "categories": [{"id": "52f2ab2ebcbc57f1066b8b4f", "name": "Bus Stop", "pluralName": "Bus Stops", "shortName": "Bus Stop", "icon": {"prefix": "https://ss3.4sqi.net/img/categories_v2/travel/busstation_", "suffix": ".png"}, "primary": true}], "photos": {"count": 0, "groups": []}}, "referralId": "e-0-516088f8e4b04060bc4754c1-2"}, {"reasons": {"count": 0, "items": [{"summary": "This spot is popular", "type": "general", "reasonName": "globalInteractionReason"}]}, "venue": {"id": "4c3c0cfe7d00d13a0d713850", "name": "Windsor Terrace Bus Stop S", "location": {"address": "City Rd., Islington", "lat": 51.528773881588215, "lng": -0.09346694922673333, "labeledLatLngs": [{"label": "display", "lat": 51.528773881588215, "lng": -0.09346694922673333}], "distance": 263, "postalCode": "E C1V", "cc": "GB", "neighborhood": "Hoxton", "city": "London", "state": "Greater London", "country": "United Kingdom", "formattedAddress": ["City Rd., Islington", "London", "Greater London", "E C1V", "United Kingdom"]}, "categories": [{"id": "52f2ab2ebcbc57f1066b8b4f", "name": "Bus Stop", "pluralName": "Bus Stops", "shortName": "Bus Stop", "icon": {"prefix": "https://ss3.4sqi.net/img/categories_v2/travel/busstation_", "suffix": ".png"}, "primary": true}], "photos": {"count": 0, "groups": []}}, "referralId": "e-0-4c3c0cfe7d00d13a0d713850-3"}, {"reasons": {"count": 0, "items": [{"summary": "This spot is popular", "type": "general", "reasonName": "globalInteractionReason"}]}, "venue": {"id": "50aed9df582f93ff516824a0", "name": "St Luke's, Windsor Terrace Bus Stop Q", "location": {"address": "City Rd., Islington", "lat": 51.5286039173024, "lng": -0.09312629699707031, "labeledLatLngs": [{"label": "display", "lat": 51.5286039173024, "lng": -0.09312629699707031}], "distance": 292, "postalCode": "E C1V", "cc": "GB", "city": "London", "state": "Greater London", "country": "United Kingdom", "formattedAddress": ["City Rd., Islington", "London", "Greater London", "E C1V", "United Kingdom"]}, "categories": [{"id": "52f2ab2ebcbc57f1066b8b4f", "name": "Bus Stop", "pluralName": "Bus Stops", "shortName": "Bus Stop", "icon": {"prefix": "https://ss3.4sqi.net/img/categories_v2/travel/busstation_", "suffix": ".png"}, "primary": true}], "photos": {"count": 0, "groups": []}}, "referralId": "e-0-50aed9df582f93ff516824a0-4"}, {"reasons": {"count": 0, "items": [{"summary": "This spot is popular", "type": "general", "reasonName": "globalInteractionReason"}]}, "venue": {"id": "4b855d17f964a520275931e3", "name": "Thistle City Barbican", "location": {"address": "Central Street", "lat": 51.527438320828956, "lng": -0.0962520954071604, "labeledLatLngs": [{"label": "display", "lat": 51.527438320828956, "lng": -0.0962520954071604}], "distance": 269, "postalCode": "EC1V 8DS", "cc": "GB", "city": "London", "state": "Greater London", "country": "United Kingdom", "formattedAddress": ["Central Street", "London", "Greater London", "EC1V 8DS", "United Kingdom"]}, "categories": [{"id": "4bf58dd8d48988d1fa931735", "name": "Hotel", "pluralName": "Hotels", "shortName": "Hotel", "icon": {"prefix": "https://ss3.4sqi.net/img/categories_v2/travel/hotel_", "suffix": ".png"}, "primary": true}], "photos": {"count": 0, "groups": []}}, "referralId": "e-0-4b855d17f964a520275931e3-5"}]}]}}