{"meta": {"code": 200, "requestId": "5fedda02d547f51ffb126b28"}, "response": {"headerLocation": "Lambeth", "headerFullLocation": "Lambeth, London", "headerLocationGranularity": "neighborhood", "query": "college education", "totalResults": 7, "suggestedBounds": {"ne": {"lat": 51.483824003600006, "lng": -0.12275929843835011}, "sw": {"lat": 51.476623996399994, "lng": -0.13429870156164989}}, "groups": [{"type": "Recommended Places", "name": "recommended", "items": [{"reasons": {"count": 0, "items": [{"summary": "This spot is popular", "type": "general", "reasonName": "globalInteractionReason"}]}, "venue": {"id": "4adb2727f964a520902421e3", "name": "Sainsbury's", "location": {"address": "62 Wandsworth Rd", "lat": 51.4805436, "lng": -0.1289779, "labeledLatLngs": [{"label": "display", "lat": 51.4805436, "lng": -0.1289779}], "distance": 47, "postalCode": "SW8 2LF", "cc": "GB", "city": "Battersea", "state": "Greater London", "country": "United Kingdom", "formattedAddress": ["62 Wandsworth Rd", "Battersea", "Greater London", "SW8 2LF", "United Kingdom"]}, "categories": [{"id": "52f2ab2ebcbc57f1066b8b46", "name": "Supermarket", "pluralName": "Supermarkets", "shortName": "Supermarket", "icon": {"prefix": "https://ss3.4sqi.net/img/categories_v2/shops/food_grocery_", "suffix": ".png"}, "primary": true}], "photos": {"count": 0, "groups": []}}, "referralId": "e-0-4adb2727f964a520902421e3-0"}, {"reasons": {"count": 0, "items": [{"summary": "This spot is popular", "type": "general", "reasonName": "globalInteractionReason"}]}, "venue": {"id": "4ac518cef964a52026a620e3", "name": "New Covent Garden Market", "location": {"address": "Nine Elms Ln", "lat": 51.48319700186664, "lng": -0.12934636939453092, "labeledLatLngs": [{"label": "display", "lat": 51.48319700186664, "lng": -0.12934636939453092}], "distance": 335, "postalCode": "SW8 5BH", "cc": "GB", "city": "London", "state": "Greater London", "country": "United Kingdom", "formattedAddress": ["Nine Elms Ln", "London", "Greater London", "SW8 5BH", "United Kingdom"]}, "categories": [{"id": "4bf58dd8d48988d11b951735", "name": "Flower Shop", "pluralName": "Flower Shops", "shortName": "Flower Shop", "icon": {"prefix": "https://ss3.4sqi.net/img/categories_v2/shops/flowershop_", "suffix": ".png"}, "primary": true}], "photos": {"count": 0, "groups": []}}, "referralId": "e-0-4ac518cef964a52026a620e3-1"}, {"reasons": {"count": 0, "items": [{"summary": "This spot is popular", "type": "general", "reasonName": "globalInteractionReason"}]}, "venue": {"id": "58666757cf4451174cc14c55", "name": "Argos", "location": {"address": "62 Wandsworth Road", "crossStreet": "Nine Elms", "lat": 51.48156, "lng": -0.12798998, "labeledLatLngs": [{"label": "display", "lat": 51.48156, "lng": -0.12798998}], "distance": 153, "postalCode": "SW8 2LF", "cc": "GB", "city": "London", "state": "Greater London", "country": "United Kingdom", "formattedAddress": ["62 Wandsworth Road (Nine Elms)", "London", "Greater London", "SW8 2LF", "United Kingdom"]}, "categories": [{"id": "52e816a6bcbc57f1066b7a54", "name": "Warehouse Store", "pluralName": "Warehouse Stores", "shortName": "Warehouse Store", "icon": {"prefix": "https://ss3.4sqi.net/img/categories_v2/shops/default_", "suffix": ".png"}, "primary": true}], "photos": {"count": 0, "groups": []}}, "referralId": "e-0-58666757cf4451174cc14c55-2"}, {"reasons": {"count": 0, "items": [{"summary": "This spot is popular", "type": "general", "reasonName": "globalInteractionReason"}]}, "venue": {"id": "586665fc0319b827e6716a96", "name": "LloydsPharmacy", "location": {"address": "62 Wandsworth Road, Vauxall", "crossStreet": "Nine Elms", "lat": 51.4811733, "lng": -0.129096, "labeledLatLngs": [{"label": "display", "lat": 51.4811733, "lng": -0.129096}], "distance": 112, "postalCode": "SW8 2LF", "cc": "GB", "city": "London", "state": "Greater London", "country": "United Kingdom", "formattedAddress": ["62 Wandsworth Road, Vauxall (Nine Elms)", "London", "Greater London", "SW8 2LF", "United Kingdom"]}, "categories": [{"id": "4bf58dd8d48988d10f951735", "name": "Pharmacy", "pluralName": "Pharmacies", "shortName": "Pharmacy", "icon": {"prefix": "https://ss3.4sqi.net/img/categories_v2/shops/pharmacy_", "suffix": ".png"}, "primary": true}], "photos": {"count": 0, "groups": []}}, "referralId": "e-0-586665fc0319b827e6716a96-3"}, {"reasons": {"count": 0, "items": [{"summary": "This spot is popular", "type": "general", "reasonName": "globalInteractionReason"}]}, "venue": {"id": "4f095a90e4b08f5249b40c99", "name": "New Covent Garden Car Boot Market", "location": {"address": "Nine Elms Lane", "lat": 51.479689908820546, "lng": -0.132264836592565, "labeledLatLngs": [{"label": "display", "lat": 51.479689908820546, "lng": -0.132264836592565}], "distance": 265, "cc": "GB", "country": "United Kingdom", "formattedAddress": ["Nine Elms Lane", "United Kingdom"]}, "categories": [{"id": "4bf58dd8d48988d1f7941735", "name": "Flea Market", "pluralName": "Flea Markets", "shortName": "Flea Market", "icon": {"prefix": "https://ss3.4sqi.net/img/categories_v2/shops/fleamarket_", "suffix": ".png"}, "primary": true}], "photos": {"count": 0, "groups": []}}, "referralId": "e-0-4f095a90e4b08f5249b40c99-4"}, {"reasons": {"count": 0, "items": [{"summary": "This spot is popular", "type": "general", "reasonName": "globalInteractionReason"}]}, "venue": {"id": "564a1030498e1117a66a52ac", "name": "Dj Emron", "location": {"address": "26 pakington house,Stockwell Gardens Estate", "lat": 51.48257220279313, "lng": -0.1276087760925293, "labeledLatLngs": [{"label": "display", "lat": 51.48257220279313, "lng": -0.1276087760925293}], "distance": 269, "postalCode": "SW9 9BA", "cc": "GB", "city": "London", "state": "Greater London", "country": "United Kingdom", "formattedAddress": ["26 pakington house,Stockwell Gardens Estate", "London", "Greater London", "SW9 9BA", "United Kingdom"]}, "categories": [{"id": "56aa371be4b08b9a8d573554", "name": "Entertainment Service", "pluralName": "Entertainment Services", "shortName": "Entertainment Service", "icon": {"prefix": "https://ss3.4sqi.net/img/categories_v2/arts_entertainment/default_", "suffix": ".png"}, "primary": true}], "photos": {"count": 0, "groups": []}, "venuePage": {"id": "147661819"}}, "referralId": "e-0-564a1030498e1117a66a52ac-5"}, {"reasons": {"count": 0, "items": [{"summary": "This spot is popular", "type": "general", "reasonName": "globalInteractionReason"}]}, "venue": {"id": "4f411d48e4b0f4e3fbc17dc3", "name": "South Lambeth Food & Wine", "location": {"address": "127 S Lambeth Rd", "lat": 51.47945861351203, "lng": -0.12331004269340629, "labeledLatLngs": [{"label": "display", "lat": 51.47945861351203, "lng": -0.12331004269340629}], "distance": 371, "postalCode": "SW8 1XB", "cc": "GB", "city": "London", "state": "Greater London", "country": "United Kingdom", "formattedAddress": ["127 S Lambeth Rd", "London", "Greater London", "SW8 1XB", "United Kingdom"]}, "categories": [{"id": "4d954b0ea243a5684a65b473", "name": "Convenience Store", "pluralName": "Convenience Stores", "shortName": "Convenience Store", "icon": {"prefix": "https://ss3.4sqi.net/img/categories_v2/shops/conveniencestore_", "suffix": ".png"}, "primary": true}], "photos": {"count": 0, "groups": []}}, "referralId": "e-0-4f411d48e4b0f4e3fbc17dc3-6"}]}]}}