{"meta": {"code": 200, "requestId": "5fedda35499ac81c6060efcc"}, "response": {"headerLocation": "London Fields", "headerFullLocation": "London Fields, London", "headerLocationGranularity": "neighborhood", "query": "arts entertainment", "totalResults": 8, "suggestedBounds": {"ne": {"lat": 51.53801000360001, "lng": -0.054193432738560185}, "sw": {"lat": 51.530809996399995, "lng": -0.06574656726143982}}, "groups": [{"type": "Recommended Places", "name": "recommended", "items": [{"reasons": {"count": 0, "items": [{"summary": "This spot is popular", "type": "general", "reasonName": "globalInteractionReason"}]}, "venue": {"id": "4edabeb9b8f7fcd040c18772", "name": "Oval Space", "location": {"address": "29-32 The Oval", "lat": 51.53323766605362, "lng": -0.05939846701448301, "labeledLatLngs": [{"label": "display", "lat": 51.53323766605362, "lng": -0.05939846701448301}], "distance": 136, "postalCode": "E2 9DT", "cc": "GB", "neighborhood": "Cambridge Heath, London, Greater London", "city": "London", "state": "Greater London", "country": "United Kingdom", "formattedAddress": ["29-32 The Oval", "London", "Greater London", "E2 9DT", "United Kingdom"]}, "categories": [{"id": "4bf58dd8d48988d1e5931735", "name": "Music Venue", "pluralName": "Music Venues", "shortName": "Music Venue", "icon": {"prefix": "https://ss3.4sqi.net/img/categories_v2/arts_entertainment/musicvenue_", "suffix": ".png"}, "primary": true}], "photos": {"count": 0, "groups": []}}, "referralId": "e-0-4edabeb9b8f7fcd040c18772-0"}, {"reasons": {"count": 0, "items": [{"summary": "This spot is popular", "type": "general", "reasonName": "globalInteractionReason"}]}, "venue": {"id": "4bc1fc8fb492d13ab4b7a660", "name": "The Last Tuesday Society", "location": {"address": "11 Mare St", "lat": 51.534703, "lng": -0.057328, "labeledLatLngs": [{"label": "display", "lat": 51.534703, "lng": -0.057328}], "distance": 185, "postalCode": "E8 4RP", "cc": "GB", "neighborhood": "London Fields", "city": "Hackney", "state": "Greater London", "country": "United Kingdom", "formattedAddress": ["11 Mare St", "Hackney", "Greater London", "E8 4RP", "United Kingdom"]}, "categories": [{"id": "4bf58dd8d48988d1e2931735", "name": "Art Gallery", "pluralName": "Art Galleries", "shortName": "Art Gallery", "icon": {"prefix": "https://ss3.4sqi.net/img/categories_v2/arts_entertainment/artgallery_", "suffix": ".png"}, "primary": true}], "photos": {"count": 0, "groups": []}}, "referralId": "e-0-4bc1fc8fb492d13ab4b7a660-1"}, {"reasons": {"count": 0, "items": [{"summary": "This spot is popular", "type": "general", "reasonName": "globalInteractionReason"}]}, "venue": {"id": "51e82ed1498e871b66667c24", "name": "The Pickle Factory", "location": {"address": "13-14 The Oval", "lat": 51.533064, "lng": -0.059063, "labeledLatLngs": [{"label": "display", "lat": 51.533064, "lng": -0.059063}], "distance": 162, "postalCode": "E2 9DT", "cc": "GB", "city": "London", "state": "Greater London", "country": "United Kingdom", "formattedAddress": ["13-14 The Oval", "London", "Greater London", "E2 9DT", "United Kingdom"]}, "categories": [{"id": "4bf58dd8d48988d1e5931735", "name": "Music Venue", "pluralName": "Music Venues", "shortName": "Music Venue", "icon": {"prefix": "https://ss3.4sqi.net/img/categories_v2/arts_entertainment/musicvenue_", "suffix": ".png"}, "primary": true}], "photos": {"count": 0, "groups": []}}, "referralId": "e-0-51e82ed1498e871b66667c24-2"}, {"reasons": {"count": 0, "items": [{"summary": "This spot is popular", "type": "general", "reasonName": "globalInteractionReason"}]}, "venue": {"id": "4e96e6289adf7f572e1b8e25", "name": "Lime Wharf", "location": {"lat": 51.5346038417087, "lng": -0.05579816377645214, "labeledLatLngs": [{"label": "display", "lat": 51.5346038417087, "lng": -0.05579816377645214}], "distance": 289, "cc": "GB", "country": "United Kingdom", "formattedAddress": ["United Kingdom"]}, "categories": [{"id": "4bf58dd8d48988d1e2931735", "name": "Art Gallery", "pluralName": "Art Galleries", "shortName": "Art Gallery", "icon": {"prefix": "https://ss3.4sqi.net/img/categories_v2/arts_entertainment/artgallery_", "suffix": ".png"}, "primary": true}], "photos": {"count": 0, "groups": []}}, "referralId": "e-0-4e96e6289adf7f572e1b8e25-3"}, {"reasons": {"count": 0, "items": [{"summary": "This spot is popular", "type": "general", "reasonName": "globalInteractionReason"}]}, "venue": {"id": "4ad9d417f964a520131b21e3", "name": "The Viktor Wynd Museum of Curiosities", "location": {"address": "11 Mare St", "lat": 51.53463318315829, "lng": -0.05740939100251284, "labeledLatLngs": [{"label": "display", "lat": 51.53463318315829, "lng": -0.05740939100251284}], "distance": 179, "postalCode": "E8 4RP", "cc": "GB", "city": "London", "state": "Greater London", "country": "United Kingdom", "formattedAddress": ["11 Mare St", "London", "Greater London", "E8 4RP", "United Kingdom"]}, "categories": [{"id": "4bf58dd8d48988d18f941735", "name": "Art Museum", "pluralName": "Art Museums", "shortName": "Art Museum", "icon": {"prefix": "https://ss3.4sqi.net/img/categories_v2/arts_entertainment/museum_art_", "suffix": ".png"}, "primary": true}], "photos": {"count": 0, "groups": []}}, "referralId": "e-0-4ad9d417f964a520131b21e3-4"}, {"reasons": {"count": 0, "items": [{"summary": "This spot is popular", "type": "general", "reasonName": "globalInteractionReason"}]}, "venue": {"id": "4c07f049ffb8c9b6ba746761", "name": "Vyner Street", "location": {"address": "Vyner St", "lat": 51.5343871870803, "lng": -0.05611427721878214, "labeledLatLngs": [{"label": "display", "lat": 51.5343871870803, "lng": -0.05611427721878214}], "distance": 267, "cc": "GB", "city": "Poplar", "state": "Greater London", "country": "United Kingdom", "formattedAddress": ["Vyner St", "Poplar", "Greater London", "United Kingdom"]}, "categories": [{"id": "4bf58dd8d48988d1e2931735", "name": "Art Gallery", "pluralName": "Art Galleries", "shortName": "Art Gallery", "icon": {"prefix": "https://ss3.4sqi.net/img/categories_v2/arts_entertainment/artgallery_", "suffix": ".png"}, "primary": true}], "photos": {"count": 0, "groups": []}}, "referralId": "e-0-4c07f049ffb8c9b6ba746761-5"}, {"reasons": {"count": 0, "items": [{"summary": "This spot is popular", "type": "general", "reasonName": "globalInteractionReason"}]}, "venue": {"id": "513a2ca4e4b05a27e713bbcf", "name": "Limewharf", "location": {"lat": 51.5348861480688, "lng": -0.05596477975986487, "labeledLatLngs": [{"label": "display", "lat": 51.5348861480688, "lng": -0.05596477975986487}], "distance": 282, "cc": "GB", "country": "United Kingdom", "formattedAddress": ["United Kingdom"]}, "categories": [{"id": "4bf58dd8d48988d1e2931735", "name": "Art Gallery", "pluralName": "Art Galleries", "shortName": "Art Gallery", "icon": {"prefix": "https://ss3.4sqi.net/img/categories_v2/arts_entertainment/artgallery_", "suffix": ".png"}, "primary": true}], "photos": {"count": 0, "groups": []}}, "referralId": "e-0-513a2ca4e4b05a27e713bbcf-6"}, {"reasons": {"count": 0, "items": [{"summary": "This spot is popular", "type": "general", "reasonName": "globalInteractionReason"}]}, "venue": {"id": "5648362f498eec47a552c27d", "name": "Coate Studios", "location": {"lat": 51.532091, "lng": -0.0634234, "labeledLatLngs": [{"label": "display", "lat": 51.532091, "lng": -0.0634234}], "distance": 351, "cc": "GB", "city": "London", "state": "Greater London", "country": "United Kingdom", "formattedAddress": ["London", "Greater London", "United Kingdom"]}, "categories": [{"id": "4bf58dd8d48988d1e5931735", "name": "Music Venue", "pluralName": "Music Venues", "shortName": "Music Venue", "icon": {"prefix": "https://ss3.4sqi.net/img/categories_v2/arts_entertainment/musicvenue_", "suffix": ".png"}, "primary": true}], "photos": {"count": 0, "groups": []}}, "referralId": "e-0-5648362f498eec47a552c27d-7"}]}]}}