{"meta": {"code": 200, "requestId": "5fedda4cafd2f83d5fc1ae6d"}, "response": {"suggestedFilters": {"header": "Tap to show:", "filters": [{"name": "Open now", "key": "openNow"}]}, "headerLocation": "Hackney", "headerFullLocation": "Hackney, London", "headerLocationGranularity": "neighborhood", "query": "travel", "totalResults": 17, "suggestedBounds": {"ne": {"lat": 51.53233000360001, "lng": -0.07079415343851193}, "sw": {"lat": 51.5251299964, "lng": -0.08234584656148806}}, "groups": [{"type": "Recommended Places", "name": "recommended", "items": [{"reasons": {"count": 0, "items": [{"summary": "This spot is popular", "type": "general", "reasonName": "globalInteractionReason"}]}, "venue": {"id": "5739dbf2498ede53d70af880", "name": "Courthouse Hotel Shoreditch", "location": {"address": "335 Old Street", "lat": 51.52727781056285, "lng": -0.07956132651666806, "labeledLatLngs": [{"label": "display", "lat": 51.52727781056285, "lng": -0.07956132651666806}], "distance": 262, "postalCode": "EC1V 9LL", "cc": "GB", "city": "London", "state": "Greater London", "country": "United Kingdom", "formattedAddress": ["335 Old Street", "London", "Greater London", "EC1V 9LL", "United Kingdom"]}, "categories": [{"id": "4bf58dd8d48988d1fa931735", "name": "Hotel", "pluralName": "Hotels", "shortName": "Hotel", "icon": {"prefix": "https://ss3.4sqi.net/img/categories_v2/travel/hotel_", "suffix": ".png"}, "primary": true}], "photos": {"count": 0, "groups": []}}, "referralId": "e-0-5739dbf2498ede53d70af880-0"}, {"reasons": {"count": 0, "items": [{"summary": "This spot is popular", "type": "general", "reasonName": "globalInteractionReason"}]}, "venue": {"id": "4feecf3ae4b0d96619b885e3", "name": "The Dictionary", "location": {"address": "10-20 Kingsland Road", "lat": 51.52762249479505, "lng": -0.07790594573257431, "labeledLatLngs": [{"label": "display", "lat": 51.52762249479505, "lng": -0.07790594573257431}], "distance": 154, "postalCode": "E2 8DA", "cc": "GB", "neighborhood": "Hackney", "city": "London", "state": "Greater London", "country": "United Kingdom", "formattedAddress": ["10-20 Kingsland Road", "London", "Greater London", "E2 8DA", "United Kingdom"]}, "categories": [{"id": "4bf58dd8d48988d1ee931735", "name": "Hostel", "pluralName": "Hostels", "shortName": "Hostel", "icon": {"prefix": "https://ss3.4sqi.net/img/categories_v2/travel/hostel_", "suffix": ".png"}, "primary": true}], "photos": {"count": 0, "groups": []}}, "referralId": "e-0-4feecf3ae4b0d96619b885e3-1"}, {"reasons": {"count": 0, "items": [{"summary": "This spot is popular", "type": "general", "reasonName": "globalInteractionReason"}]}, "venue": {"id": "4bcf4120046076b0f3f06d71", "name": "Hoxton London Overground Station", "location": {"address": "Geffrye St", "lat": 51.5313170772109, "lng": -0.07560241518607808, "labeledLatLngs": [{"label": "display", "lat": 51.5313170772109, "lng": -0.07560241518607808}], "distance": 295, "postalCode": "E2 8FF", "cc": "GB", "city": "Hoxton", "state": "Greater London", "country": "United Kingdom", "formattedAddress": ["Geffrye St", "Hoxton", "Greater London", "E2 8FF", "United Kingdom"]}, "categories": [{"id": "4bf58dd8d48988d129951735", "name": "Train Station", "pluralName": "Train Stations", "shortName": "Train Station", "icon": {"prefix": "https://ss3.4sqi.net/img/categories_v2/travel/trainstation_", "suffix": ".png"}, "primary": true}], "photos": {"count": 0, "groups": []}}, "referralId": "e-0-4bcf4120046076b0f3f06d71-2"}, {"reasons": {"count": 0, "items": [{"summary": "This spot is popular", "type": "general", "reasonName": "globalInteractionReason"}]}, "venue": {"id": "5228e3db498e44296d0007b4", "name": "Shoreditch Inn", "location": {"lat": 51.52746006549715, "lng": -0.07697331397565144, "labeledLatLngs": [{"label": "display", "lat": 51.52746006549715, "lng": -0.07697331397565144}], "distance": 144, "cc": "GB", "country": "United Kingdom", "formattedAddress": ["United Kingdom"]}, "categories": [{"id": "4bf58dd8d48988d1fa931735", "name": "Hotel", "pluralName": "Hotels", "shortName": "Hotel", "icon": {"prefix": "https://ss3.4sqi.net/img/categories_v2/travel/hotel_", "suffix": ".png"}, "primary": true}], "photos": {"count": 0, "groups": []}}, "referralId": "e-0-5228e3db498e44296d0007b4-3"}, {"reasons": {"count": 0, "items": [{"summary": "This spot is popular", "type": "general", "reasonName": "globalInteractionReason"}]}, "venue": {"id": "506735bae4b0600e1746fb64", "name": "Bus Stop HF @ Hoxton Station", "location": {"lat": 51.52912445140912, "lng": -0.07560116291405393, "labeledLatLngs": [{"label": "display", "lat": 51.52912445140912, "lng": -0.07560116291405393}], "distance": 80, "cc": "GB", "country": "United Kingdom", "formattedAddress": ["United Kingdom"]}, "categories": [{"id": "52f2ab2ebcbc57f1066b8b4f", "name": "Bus Stop", "pluralName": "Bus Stops", "shortName": "Bus Stop", "icon": {"prefix": "https://ss3.4sqi.net/img/categories_v2/travel/busstation_", "suffix": ".png"}, "primary": true}], "photos": {"count": 0, "groups": []}}, "referralId": "e-0-506735bae4b0600e1746fb64-4"}, {"reasons": {"count": 0, "items": [{"summary": "This spot is popular", "type": "general", "reasonName": "globalInteractionReason"}]}, "venue": {"id": "51a9cda1e4b0f65d57521117", "name": "Bus Stop V @ Waterson Street", "location": {"lat": 51.528804, "lng": -0.077891, "labeledLatLngs": [{"label": "display", "lat": 51.528804, "lng": -0.077891}], "distance": 91, "cc": "GB", "country": "United Kingdom", "formattedAddress": ["United Kingdom"]}, "categories": [{"id": "52f2ab2ebcbc57f1066b8b4f", "name": "Bus Stop", "pluralName": "Bus Stops", "shortName": "Bus Stop", "icon": {"prefix": "https://ss3.4sqi.net/img/categories_v2/travel/busstation_", "suffix": ".png"}, "primary": true}], "photos": {"count": 0, "groups": []}}, "referralId": "e-0-51a9cda1e4b0f65d57521117-5"}, {"reasons": {"count": 0, "items": [{"summary": "This spot is popular", "type": "general", "reasonName": "globalInteractionReason"}]}, "venue": {"id": "50ebf6f5e4b0348f55d1767c", "name": "Shoredich Church", "location": {"lat": 51.527625, "lng": -0.076707, "labeledLatLngs": [{"label": "display", "lat": 51.527625, "lng": -0.076707}], "distance": 123, "cc": "GB", "country": "United Kingdom", "formattedAddress": ["United Kingdom"]}, "categories": [{"id": "4bf58dd8d48988d1fe931735", "name": "Bus Station", "pluralName": "Bus Stations", "shortName": "Bus Station", "icon": {"prefix": "https://ss3.4sqi.net/img/categories_v2/travel/busstation_", "suffix": ".png"}, "primary": true}], "photos": {"count": 0, "groups": []}}, "referralId": "e-0-50ebf6f5e4b0348f55d1767c-6"}, {"reasons": {"count": 0, "items": [{"summary": "This spot is popular", "type": "general", "reasonName": "globalInteractionReason"}]}, "venue": {"id": "4c3c1664b36ac92899a90386", "name": "Shoreditch Church Bus Stop S", "location": {"address": "Shoreditch High Street", "lat": 51.527814, "lng": -0.078058, "labeledLatLngs": [{"label": "display", "lat": 51.527814, "lng": -0.078058}], "distance": 144, "postalCode": "E 2 8", "cc": "GB", "city": "London", "state": "Greater London", "country": "United Kingdom", "formattedAddress": ["Shoreditch High Street", "London", "Greater London", "E 2 8", "United Kingdom"]}, "categories": [{"id": "52f2ab2ebcbc57f1066b8b4f", "name": "Bus Stop", "pluralName": "Bus Stops", "shortName": "Bus Stop", "icon": {"prefix": "https://ss3.4sqi.net/img/categories_v2/travel/busstation_", "suffix": ".png"}, "primary": true}], "photos": {"count": 0, "groups": []}}, "referralId": "e-0-4c3c1664b36ac92899a90386-7"}, {"reasons": {"count": 0, "items": [{"summary": "This spot is popular", "type": "general", "reasonName": "globalInteractionReason"}]}, "venue": {"id": "54a69bc4498e6e2f1e38f653", "name": "Central Hoxton Shoreditch Studios", "location": {"address": "100 Kingsland Road", "lat": 51.529905874053384, "lng": -0.0772361207574319, "labeledLatLngs": [{"label": "display", "lat": 51.529905874053384, "lng": -0.0772361207574319}], "distance": 138, "postalCode": "E2 8DP", "cc": "GB", "city": "London", "state": "Greater London", "country": "United Kingdom", "formattedAddress": ["100 Kingsland Road", "London", "Greater London", "E2 8DP", "United Kingdom"]}, "categories": [{"id": "4bf58dd8d48988d1fa931735", "name": "Hotel", "pluralName": "Hotels", "shortName": "Hotel", "icon": {"prefix": "https://ss3.4sqi.net/img/categories_v2/travel/hotel_", "suffix": ".png"}, "primary": true}], "photos": {"count": 0, "groups": []}}, "referralId": "e-0-54a69bc4498e6e2f1e38f653-8"}, {"reasons": {"count": 0, "items": [{"summary": "This spot is popular", "type": "general", "reasonName": "globalInteractionReason"}]}, "venue": {"id": "50e86b89e4b074c1b70d6366", "name": "Shoreditch Town Hall Bus Stop", "location": {"lat": 51.52717077042724, "lng": -0.0793156313273715, "labeledLatLngs": [{"label": "display", "lat": 51.52717077042724, "lng": -0.0793156313273715}], "distance": 257, "cc": "GB", "country": "United Kingdom", "formattedAddress": ["United Kingdom"]}, "categories": [{"id": "52f2ab2ebcbc57f1066b8b4f", "name": "Bus Stop", "pluralName": "Bus Stops", "shortName": "Bus Stop", "icon": {"prefix": "https://ss3.4sqi.net/img/categories_v2/travel/busstation_", "suffix": ".png"}, "primary": true}], "photos": {"count": 0, "groups": []}}, "referralId": "e-0-50e86b89e4b074c1b70d6366-9"}, {"reasons": {"count": 0, "items": [{"summary": "This spot is popular", "type": "general", "reasonName": "globalInteractionReason"}]}, "venue": {"id": "4ba50bf6f964a5204bd538e3", "name": "Crowne Plaza", "location": {"address": "100 Shoreditch High St", "lat": 51.525597665686206, "lng": -0.07761709324637699, "labeledLatLngs": [{"label": "display", "lat": 51.525597665686206, "lng": -0.07761709324637699}], "distance": 356, "postalCode": "E1 6JQ", "cc": "GB", "city": "London", "state": "Greater London", "country": "United Kingdom", "formattedAddress": ["100 Shoreditch High St", "London", "Greater London", "E1 6JQ", "United Kingdom"]}, "categories": [{"id": "4bf58dd8d48988d1fa931735", "name": "Hotel", "pluralName": "Hotels", "shortName": "Hotel", "icon": {"prefix": "https://ss3.4sqi.net/img/categories_v2/travel/hotel_", "suffix": ".png"}, "primary": true}], "photos": {"count": 0, "groups": []}}, "referralId": "e-0-4ba50bf6f964a5204bd538e3-10"}, {"reasons": {"count": 0, "items": [{"summary": "This spot is popular", "type": "general", "reasonName": "globalInteractionReason"}]}, "venue": {"id": "574819a3498ed4b1ea8fb218", "name": "Platform 1", "location": {"address": "Hoxton Overground Station", "lat": 51.531226464763115, "lng": -0.07566425675735747, "labeledLatLngs": [{"label": "display", "lat": 51.531226464763115, "lng": -0.07566425675735747}], "distance": 284, "cc": "GB", "city": "Hoxton", "state": "Greater London", "country": "United Kingdom", "formattedAddress": ["Hoxton Overground Station", "Hoxton", "Greater London", "United Kingdom"]}, "categories": [{"id": "4f4531504b9074f6e4fb0102", "name": "Platform", "pluralName": "Platforms", "shortName": "Platform", "icon": {"prefix": "https://ss3.4sqi.net/img/categories_v2/travel/trainstation_", "suffix": ".png"}, "primary": true}], "photos": {"count": 0, "groups": []}}, "referralId": "e-0-574819a3498ed4b1ea8fb218-11"}, {"reasons": {"count": 0, "items": [{"summary": "This spot is popular", "type": "general", "reasonName": "globalInteractionReason"}]}, "venue": {"id": "5da6f590b73b4d0008e3f4f5", "name": "LuggageHero", "location": {"address": "372 Old St", "lat": 51.5270944, "lng": -0.0798592, "labeledLatLngs": [{"label": "display", "lat": 51.5270944, "lng": -0.0798592}], "distance": 291, "postalCode": "EC1V 9AU", "cc": "GB", "city": "London", "state": "Greater London", "country": "United Kingdom", "formattedAddress": ["372 Old St", "London", "Greater London", "EC1V 9AU", "United Kingdom"]}, "categories": [{"id": "5744ccdfe4b0c0459246b4e8", "name": "Baggage Locker", "pluralName": "Baggage Lockers", "shortName": "Baggage Locker", "icon": {"prefix": "https://ss3.4sqi.net/img/categories_v2/travel/default_", "suffix": ".png"}, "primary": true}], "photos": {"count": 0, "groups": []}}, "referralId": "e-0-5da6f590b73b4d0008e3f4f5-12"}, {"reasons": {"count": 0, "items": [{"summary": "This spot is popular", "type": "general", "reasonName": "globalInteractionReason"}]}, "venue": {"id": "4d41e54aaed776eb69666897", "name": "Waytostay", "location": {"address": "Fanshaw Street, Shoreditch", "lat": 51.5288, "lng": -0.08085, "labeledLatLngs": [{"label": "display", "lat": 51.5288, "lng": -0.08085}], "distance": 296, "postalCode": "N1 6LQ", "cc": "GB", "city": "London", "state": "Greater London", "country": "United Kingdom", "formattedAddress": ["Fanshaw Street, Shoreditch", "London", "Greater London", "N1 6LQ", "United Kingdom"]}, "categories": [{"id": "4bf58dd8d48988d1fa931735", "name": "Hotel", "pluralName": "Hotels", "shortName": "Hotel", "icon": {"prefix": "https://ss3.4sqi.net/img/categories_v2/travel/hotel_", "suffix": ".png"}, "primary": true}], "photos": {"count": 0, "groups": []}}, "referralId": "e-0-4d41e54aaed776eb69666897-13"}, {"reasons": {"count": 0, "items": [{"summary": "This spot is popular", "type": "general", "reasonName": "globalInteractionReason"}]}, "venue": {"id": "574549b6498eda2607b5025f", "name": "Platform 2", "location": {"address": "Hoxton London Overground Station", "lat": 51.53133047666, "lng": -0.07555650557381655, "labeledLatLngs": [{"label": "display", "lat": 51.53133047666, "lng": -0.07555650557381655}], "distance": 297, "cc": "GB", "city": "Hoxton", "state": "Greater London", "country": "United Kingdom", "formattedAddress": ["Hoxton London Overground Station", "Hoxton", "Greater London", "United Kingdom"]}, "categories": [{"id": "4f4531504b9074f6e4fb0102", "name": "Platform", "pluralName": "Platforms", "shortName": "Platform", "icon": {"prefix": "https://ss3.4sqi.net/img/categories_v2/travel/trainstation_", "suffix": ".png"}, "primary": true}], "photos": {"count": 0, "groups": []}}, "referralId": "e-0-574549b6498eda2607b5025f-14"}, {"reasons": {"count": 0, "items": [{"summary": "This spot is popular", "type": "general", "reasonName": "globalInteractionReason"}]}, "venue": {"id": "4d41e54aaed776eb28666897", "name": "Waytostay", "location": {"address": "Hackney Road, Shoreditch", "lat": 51.53151, "lng": -0.07568, "labeledLatLngs": [{"label": "display", "lat": 51.53151, "lng": -0.07568}], "distance": 315, "postalCode": "E2 7QL", "cc": "GB", "city": "London", "state": "Greater London", "country": "United Kingdom", "formattedAddress": ["Hackney Road, Shoreditch", "London", "Greater London", "E2 7QL", "United Kingdom"]}, "categories": [{"id": "4bf58dd8d48988d1fa931735", "name": "Hotel", "pluralName": "Hotels", "shortName": "Hotel", "icon": {"prefix": "https://ss3.4sqi.net/img/categories_v2/travel/hotel_", "suffix": ".png"}, "primary": true}], "photos": {"count": 0, "groups": []}}, "referralId": "e-0-4d41e54aaed776eb28666897-15"}, {"reasons": {"count": 0, "items": [{"summary": "This spot is popular", "type": "general", "reasonName": "globalInteractionReason"}]}, "venue": {"id": "5204cba8498ed71ec2b86085", "name": "The Framerys", "location": {"address": "3 Academy Buildings Fanshaw St", "lat": 51.529494, "lng": -0.081076, "labeledLatLngs": [{"label": "display", "lat": 51.529494, "lng": -0.081076}], "distance": 323, "postalCode": "N1 6LQ", "cc": "GB", "city": "London", "state": "Greater London", "country": "United Kingdom", "formattedAddress": ["3 Academy Buildings Fanshaw St", "London", "Greater London", "N1 6LQ", "United Kingdom"]}, "categories": [{"id": "4bf58dd8d48988d1fa931735", "name": "Hotel", "pluralName": "Hotels", "shortName": "Hotel", "icon": {"prefix": "https://ss3.4sqi.net/img/categories_v2/travel/hotel_", "suffix": ".png"}, "primary": true}], "photos": {"count": 0, "groups": []}}, "referralId": "e-0-5204cba8498ed71ec2b86085-16"}]}]}}