{"meta": {"code": 200, "requestId": "5fedda4697e49419a4313a7c"}, "response": {"suggestedFilters": {"header": "Tap to show:", "filters": [{"name": "Open now", "key": "openNow"}]}, "headerLocation": "Vauxhall", "headerFullLocation": "Vauxhall, London", "headerLocationGranularity": "neighborhood", "query": "food", "totalResults": 18, "suggestedBounds": {"ne": {"lat": 51.4866000036, "lng": -0.1181299472240974}, "sw": {"lat": 51.47939999639999, "lng": -0.12967005277590257}}, "groups": [{"type": "Recommended Places", "name": "recommended", "items": [{"reasons": {"count": 0, "items": [{"summary": "This spot is popular", "type": "general", "reasonName": "globalInteractionReason"}]}, "venue": {"id": "4ae348bbf964a520d89221e3", "name": "Bonnington Cafe", "location": {"address": "11 Vauxhall Grove", "lat": 51.484719964681524, "lng": -0.12026581333310093, "labeledLatLngs": [{"label": "display", "lat": 51.484719964681524, "lng": -0.12026581333310093}], "distance": 316, "postalCode": "SW8 1TD", "cc": "GB", "city": "London", "state": "Greater London", "country": "United Kingdom", "formattedAddress": ["11 Vauxhall Grove", "London", "Greater London", "SW8 1TD", "United Kingdom"]}, "categories": [{"id": "4bf58dd8d48988d16d941735", "name": "Caf\u00e9", "pluralName": "Caf\u00e9s", "shortName": "Caf\u00e9", "icon": {"prefix": "https://ss3.4sqi.net/img/categories_v2/food/cafe_", "suffix": ".png"}, "primary": true}], "photos": {"count": 0, "groups": []}}, "referralId": "e-0-4ae348bbf964a520d89221e3-0"}, {"reasons": {"count": 0, "items": [{"summary": "This spot is popular", "type": "general", "reasonName": "globalInteractionReason"}]}, "venue": {"id": "4c343b51a0ced13ac6db176e", "name": "Brunswick House Cafe", "location": {"address": "30 Wandsworth Rd.", "lat": 51.48486584038857, "lng": -0.12622374886072407, "labeledLatLngs": [{"label": "display", "lat": 51.48486584038857, "lng": -0.12622374886072407}], "distance": 262, "postalCode": "SW8 2LG", "cc": "GB", "city": "London", "state": "Greater London", "country": "United Kingdom", "formattedAddress": ["30 Wandsworth Rd.", "London", "Greater London", "SW8 2LG", "United Kingdom"]}, "categories": [{"id": "4bf58dd8d48988d16d941735", "name": "Caf\u00e9", "pluralName": "Caf\u00e9s", "shortName": "Caf\u00e9", "icon": {"prefix": "https://ss3.4sqi.net/img/categories_v2/food/cafe_", "suffix": ".png"}, "primary": true}], "photos": {"count": 0, "groups": []}}, "referralId": "e-0-4c343b51a0ced13ac6db176e-1"}, {"reasons": {"count": 0, "items": [{"summary": "This spot is popular", "type": "general", "reasonName": "globalInteractionReason"}]}, "venue": {"id": "4acdda38f964a52044cd20e3", "name": "Italo", "location": {"address": "13 Bonnington Sq", "crossStreet": "Vauxhall Grove", "lat": 51.4844753931458, "lng": -0.12019957224755062, "labeledLatLngs": [{"label": "display", "lat": 51.4844753931458, "lng": -0.12019957224755062}], "distance": 304, "postalCode": "SW8 1TE", "cc": "GB", "city": "London", "state": "Greater London", "country": "United Kingdom", "formattedAddress": ["13 Bonnington Sq (Vauxhall Grove)", "London", "Greater London", "SW8 1TE", "United Kingdom"]}, "categories": [{"id": "4bf58dd8d48988d110941735", "name": "Italian Restaurant", "pluralName": "Italian Restaurants", "shortName": "Italian", "icon": {"prefix": "https://ss3.4sqi.net/img/categories_v2/food/italian_", "suffix": ".png"}, "primary": true}], "photos": {"count": 0, "groups": []}}, "referralId": "e-0-4acdda38f964a52044cd20e3-2"}, {"reasons": {"count": 0, "items": [{"summary": "This spot is popular", "type": "general", "reasonName": "globalInteractionReason"}]}, "venue": {"id": "4ad31e36f964a5201ee320e3", "name": "Kennington Lane Cafe", "location": {"address": "383 Kennington Lane", "lat": 51.48611805798087, "lng": -0.12123679722217301, "labeledLatLngs": [{"label": "display", "lat": 51.48611805798087, "lng": -0.12123679722217301}], "distance": 393, "postalCode": "SE11 5QY", "cc": "GB", "city": "London", "state": "Greater London", "country": "United Kingdom", "formattedAddress": ["383 Kennington Lane", "London", "Greater London", "SE11 5QY", "United Kingdom"]}, "categories": [{"id": "4bf58dd8d48988d16d941735", "name": "Caf\u00e9", "pluralName": "Caf\u00e9s", "shortName": "Caf\u00e9", "icon": {"prefix": "https://ss3.4sqi.net/img/categories_v2/food/cafe_", "suffix": ".png"}, "primary": true}], "photos": {"count": 0, "groups": []}}, "referralId": "e-0-4ad31e36f964a5201ee320e3-3"}, {"reasons": {"count": 0, "items": [{"summary": "This spot is popular", "type": "general", "reasonName": "globalInteractionReason"}]}, "venue": {"id": "4c34f72d213c2d7fe363395d", "name": "Tia Maria", "location": {"address": "126 South Lambeth Road", "lat": 51.4810517608378, "lng": -0.12464037876230732, "labeledLatLngs": [{"label": "display", "lat": 51.4810517608378, "lng": -0.12464037876230732}], "distance": 222, "postalCode": "SW8 1RB", "cc": "GB", "city": "London", "state": "Greater London", "country": "United Kingdom", "formattedAddress": ["126 South Lambeth Road", "London", "Greater London", "SW8 1RB", "United Kingdom"]}, "categories": [{"id": "4bf58dd8d48988d155941735", "name": "Gastropub", "pluralName": "Gastropubs", "shortName": "Gastropub", "icon": {"prefix": "https://ss3.4sqi.net/img/categories_v2/food/gastropub_", "suffix": ".png"}, "primary": true}], "photos": {"count": 0, "groups": []}, "venuePage": {"id": "76820334"}}, "referralId": "e-0-4c34f72d213c2d7fe363395d-4"}, {"reasons": {"count": 0, "items": [{"summary": "This spot is popular", "type": "general", "reasonName": "globalInteractionReason"}]}, "venue": {"id": "50f70185e4b07eb7252527af", "name": "Mumbai Delight", "location": {"address": "51A S Lambeth Rd", "lat": 51.482250127034504, "lng": -0.12426536220110056, "labeledLatLngs": [{"label": "display", "lat": 51.482250127034504, "lng": -0.12426536220110056}], "distance": 87, "postalCode": "SW9 1RH", "cc": "GB", "city": "Vauxhall", "state": "Greater London", "country": "United Kingdom", "formattedAddress": ["51A S Lambeth Rd", "Vauxhall", "Greater London", "SW9 1RH", "United Kingdom"]}, "categories": [{"id": "4bf58dd8d48988d10f941735", "name": "Indian Restaurant", "pluralName": "Indian Restaurants", "shortName": "Indian", "icon": {"prefix": "https://ss3.4sqi.net/img/categories_v2/food/indian_", "suffix": ".png"}, "primary": true}], "photos": {"count": 0, "groups": []}}, "referralId": "e-0-50f70185e4b07eb7252527af-5"}, {"reasons": {"count": 0, "items": [{"summary": "This spot is popular", "type": "general", "reasonName": "globalInteractionReason"}]}, "venue": {"id": "4b4a1c1ef964a520ec7a26e3", "name": "Harare Restaurant", "location": {"address": "49 South Lambeth Road", "lat": 51.482338803635095, "lng": -0.12422541875728653, "labeledLatLngs": [{"label": "display", "lat": 51.482338803635095, "lng": -0.12422541875728653}], "distance": 76, "postalCode": "SW8 1RH", "cc": "GB", "city": "London", "state": "Greater London", "country": "United Kingdom", "formattedAddress": ["49 South Lambeth Road", "London", "Greater London", "SW8 1RH", "United Kingdom"]}, "categories": [{"id": "4bf58dd8d48988d10a941735", "name": "Ethiopian Restaurant", "pluralName": "Ethiopian Restaurants", "shortName": "Ethiopian", "icon": {"prefix": "https://ss3.4sqi.net/img/categories_v2/food/ethiopian_", "suffix": ".png"}, "primary": true}], "photos": {"count": 0, "groups": []}}, "referralId": "e-0-4b4a1c1ef964a520ec7a26e3-6"}, {"reasons": {"count": 0, "items": [{"summary": "This spot is popular", "type": "general", "reasonName": "globalInteractionReason"}]}, "venue": {"id": "4bf2b16eaf659c749205d847", "name": "Pret A Manger", "location": {"address": "Unit 21, St George's Wharf, Vauxhall", "lat": 51.486243543916615, "lng": -0.12483731327522785, "labeledLatLngs": [{"label": "display", "lat": 51.486243543916615, "lng": -0.12483731327522785}], "distance": 366, "postalCode": "SW8 2JW", "cc": "GB", "city": "London", "state": "Greater London", "country": "United Kingdom", "formattedAddress": ["Unit 21, St George's Wharf, Vauxhall", "London", "Greater London", "SW8 2JW", "United Kingdom"]}, "categories": [{"id": "4bf58dd8d48988d1c5941735", "name": "Sandwich Place", "pluralName": "Sandwich Places", "shortName": "Sandwiches", "icon": {"prefix": "https://ss3.4sqi.net/img/categories_v2/food/deli_", "suffix": ".png"}, "primary": true}], "photos": {"count": 0, "groups": []}}, "referralId": "e-0-4bf2b16eaf659c749205d847-7"}, {"reasons": {"count": 0, "items": [{"summary": "This spot is popular", "type": "general", "reasonName": "globalInteractionReason"}]}, "venue": {"id": "5441667e498e5d4a85110233", "name": "Pop Art Sushi!", "location": {"address": "Unit 7 St.George Wharf", "crossStreet": "Wandsworth Road", "lat": 51.48564960694368, "lng": -0.12502182351862398, "labeledLatLngs": [{"label": "display", "lat": 51.48564960694368, "lng": -0.12502182351862398}], "distance": 305, "postalCode": "SW8 2LE", "cc": "GB", "city": "London", "state": "Greater London", "country": "United Kingdom", "formattedAddress": ["Unit 7 St.George Wharf (Wandsworth Road)", "London", "Greater London", "SW8 2LE", "United Kingdom"]}, "categories": [{"id": "4bf58dd8d48988d111941735", "name": "Japanese Restaurant", "pluralName": "Japanese Restaurants", "shortName": "Japanese", "icon": {"prefix": "https://ss3.4sqi.net/img/categories_v2/food/japanese_", "suffix": ".png"}, "primary": true}], "photos": {"count": 0, "groups": []}, "venuePage": {"id": "127057582"}}, "referralId": "e-0-5441667e498e5d4a85110233-8"}, {"reasons": {"count": 0, "items": [{"summary": "This spot is popular", "type": "general", "reasonName": "globalInteractionReason"}]}, "venue": {"id": "52134ee811d29d953d8af7ca", "name": "Dirty Burger", "location": {"address": "Arch 54, 6 South Lambeth Rd", "lat": 51.485643, "lng": -0.122356, "labeledLatLngs": [{"label": "display", "lat": 51.485643, "lng": -0.122356}], "distance": 313, "postalCode": "SW8 1SS", "cc": "GB", "city": "Vauxhall", "state": "Greater London", "country": "United Kingdom", "formattedAddress": ["Arch 54, 6 South Lambeth Rd", "Vauxhall", "Greater London", "SW8 1SS", "United Kingdom"]}, "categories": [{"id": "4bf58dd8d48988d16c941735", "name": "Burger Joint", "pluralName": "Burger Joints", "shortName": "Burgers", "icon": {"prefix": "https://ss3.4sqi.net/img/categories_v2/food/burger_", "suffix": ".png"}, "primary": true}], "photos": {"count": 0, "groups": []}}, "referralId": "e-0-52134ee811d29d953d8af7ca-9"}, {"reasons": {"count": 0, "items": [{"summary": "This spot is popular", "type": "general", "reasonName": "globalInteractionReason"}]}, "venue": {"id": "5a85ff9431fd140cc518c6f4", "name": "Waterfront London Vauxhall Restaurant", "location": {"address": "St. George Wharf 3", "lat": 51.486108234290384, "lng": -0.1264545050749537, "labeledLatLngs": [{"label": "display", "lat": 51.486108234290384, "lng": -0.1264545050749537}], "distance": 388, "postalCode": "SW8 2LE", "cc": "GB", "city": "London", "state": "Greater London", "country": "United Kingdom", "formattedAddress": ["St. George Wharf 3", "London", "Greater London", "SW8 2LE", "United Kingdom"]}, "categories": [{"id": "4bf58dd8d48988d1c4941735", "name": "Restaurant", "pluralName": "Restaurants", "shortName": "Restaurant", "icon": {"prefix": "https://ss3.4sqi.net/img/categories_v2/food/default_", "suffix": ".png"}, "primary": true}], "photos": {"count": 0, "groups": []}}, "referralId": "e-0-5a85ff9431fd140cc518c6f4-10"}, {"reasons": {"count": 0, "items": [{"summary": "This spot is popular", "type": "general", "reasonName": "globalInteractionReason"}]}, "venue": {"id": "5518109e498eb6274eee2d01", "name": "Parco Caf\u00e9", "location": {"address": "190 Fentiman Rd", "lat": 51.482577345574676, "lng": -0.12320202031851536, "labeledLatLngs": [{"label": "display", "lat": 51.482577345574676, "lng": -0.12320202031851536}], "distance": 67, "postalCode": "SW8 1QY", "cc": "GB", "neighborhood": "Vauxhall, London, Greater London", "city": "London", "state": "Greater London", "country": "United Kingdom", "formattedAddress": ["190 Fentiman Rd", "London", "Greater London", "SW8 1QY", "United Kingdom"]}, "categories": [{"id": "4bf58dd8d48988d16d941735", "name": "Caf\u00e9", "pluralName": "Caf\u00e9s", "shortName": "Caf\u00e9", "icon": {"prefix": "https://ss3.4sqi.net/img/categories_v2/food/cafe_", "suffix": ".png"}, "primary": true}], "photos": {"count": 0, "groups": []}}, "referralId": "e-0-5518109e498eb6274eee2d01-11"}, {"reasons": {"count": 0, "items": [{"summary": "This spot is popular", "type": "general", "reasonName": "globalInteractionReason"}]}, "venue": {"id": "52a636c711d233298e9ab68f", "name": "STEAX AND THE CITY", "location": {"address": "Unit 3 Block D St. George's Wharf", "lat": 51.486119467017986, "lng": -0.12642020149049676, "labeledLatLngs": [{"label": "display", "lat": 51.486119467017986, "lng": -0.12642020149049676}], "distance": 388, "postalCode": "SW8 2LE", "cc": "GB", "city": "London", "state": "Greater London", "country": "United Kingdom", "formattedAddress": ["Unit 3 Block D St. George's Wharf", "London", "Greater London", "SW8 2LE", "United Kingdom"]}, "categories": [{"id": "4bf58dd8d48988d1cc941735", "name": "Steakhouse", "pluralName": "Steakhouses", "shortName": "Steakhouse", "icon": {"prefix": "https://ss3.4sqi.net/img/categories_v2/food/steakhouse_", "suffix": ".png"}, "primary": true}], "photos": {"count": 0, "groups": []}}, "referralId": "e-0-52a636c711d233298e9ab68f-12"}, {"reasons": {"count": 0, "items": [{"summary": "This spot is popular", "type": "general", "reasonName": "globalInteractionReason"}]}, "venue": {"id": "4bb996f2b35776b04d06ca01", "name": "Cafe Portugal", "location": {"address": "5a-6a Victoria House", "crossStreet": "S Lambeth Rd", "lat": 51.48019319638582, "lng": -0.12419633203815035, "labeledLatLngs": [{"label": "display", "lat": 51.48019319638582, "lng": -0.12419633203815035}], "distance": 313, "postalCode": "SW8 1QT", "cc": "GB", "neighborhood": "London", "city": "London", "state": "Greater London", "country": "United Kingdom", "formattedAddress": ["5a-6a Victoria House (S Lambeth Rd)", "London", "Greater London", "SW8 1QT", "United Kingdom"]}, "categories": [{"id": "4def73e84765ae376e57713a", "name": "Portuguese Restaurant", "pluralName": "Portuguese Restaurants", "shortName": "Portuguese", "icon": {"prefix": "https://ss3.4sqi.net/img/categories_v2/food/portuguese_", "suffix": ".png"}, "primary": true}], "photos": {"count": 0, "groups": []}}, "referralId": "e-0-4bb996f2b35776b04d06ca01-13"}, {"reasons": {"count": 0, "items": [{"summary": "This spot is popular", "type": "general", "reasonName": "globalInteractionReason"}]}, "venue": {"id": "4bab6c85f964a5205ba83ae3", "name": "Tony's Delicatessen", "location": {"address": "39 South Lambeth Road", "lat": 51.48264943696392, "lng": -0.12364252173244109, "labeledLatLngs": [{"label": "display", "lat": 51.48264943696392, "lng": -0.12364252173244109}], "distance": 42, "postalCode": "SW8 1RH", "cc": "GB", "city": "London", "state": "Greater London", "country": "United Kingdom", "formattedAddress": ["39 South Lambeth Road", "London", "Greater London", "SW8 1RH", "United Kingdom"]}, "categories": [{"id": "4bf58dd8d48988d110941735", "name": "Italian Restaurant", "pluralName": "Italian Restaurants", "shortName": "Italian", "icon": {"prefix": "https://ss3.4sqi.net/img/categories_v2/food/italian_", "suffix": ".png"}, "primary": true}], "photos": {"count": 0, "groups": []}}, "referralId": "e-0-4bab6c85f964a5205ba83ae3-14"}, {"reasons": {"count": 0, "items": [{"summary": "This spot is popular", "type": "general", "reasonName": "globalInteractionReason"}]}, "venue": {"id": "59181479a22db716fd64de7b", "name": "Knot Artisan Coffee & Pretzel", "location": {"lat": 51.486029, "lng": -0.122761, "labeledLatLngs": [{"label": "display", "lat": 51.486029, "lng": -0.122761}], "distance": 346, "postalCode": "SW8 1SR", "cc": "GB", "city": "London", "state": "Greater London", "country": "United Kingdom", "formattedAddress": ["London", "Greater London", "SW8 1SR", "United Kingdom"]}, "categories": [{"id": "4bf58dd8d48988d16a941735", "name": "Bakery", "pluralName": "Bakeries", "shortName": "Bakery", "icon": {"prefix": "https://ss3.4sqi.net/img/categories_v2/food/bakery_", "suffix": ".png"}, "primary": true}], "photos": {"count": 0, "groups": []}}, "referralId": "e-0-59181479a22db716fd64de7b-15"}, {"reasons": {"count": 0, "items": [{"summary": "This spot is popular", "type": "general", "reasonName": "globalInteractionReason"}]}, "venue": {"id": "5a0c4a7486f4cc18c3f2e87a", "name": "Cottons Rum Shack & Restaurant", "location": {"lat": 51.485975, "lng": -0.126533, "labeledLatLngs": [{"label": "display", "lat": 51.485975, "lng": -0.126533}], "distance": 378, "postalCode": "SW8 2LE", "cc": "GB", "city": "London", "state": "Greater London", "country": "United Kingdom", "formattedAddress": ["London", "Greater London", "SW8 2LE", "United Kingdom"]}, "categories": [{"id": "4bf58dd8d48988d144941735", "name": "Caribbean Restaurant", "pluralName": "Caribbean Restaurants", "shortName": "Caribbean", "icon": {"prefix": "https://ss3.4sqi.net/img/categories_v2/food/caribbean_", "suffix": ".png"}, "primary": true}], "photos": {"count": 0, "groups": []}}, "referralId": "e-0-5a0c4a7486f4cc18c3f2e87a-16"}, {"reasons": {"count": 0, "items": [{"summary": "This spot is popular", "type": "general", "reasonName": "globalInteractionReason"}]}, "venue": {"id": "5d72e52911240d000831876e", "name": "Nando's", "location": {"address": "Arch 56 South Lambeth Road", "crossStreet": "Lambeth Way", "lat": 51.4860745, "lng": -0.1223676, "labeledLatLngs": [{"label": "display", "lat": 51.4860745, "lng": -0.1223676}], "distance": 358, "postalCode": "SW8 1SS", "cc": "GB", "city": "London", "state": "Greater London", "country": "United Kingdom", "formattedAddress": ["Arch 56 South Lambeth Road (Lambeth Way)", "London", "Greater London", "SW8 1SS", "United Kingdom"]}, "categories": [{"id": "4def73e84765ae376e57713a", "name": "Portuguese Restaurant", "pluralName": "Portuguese Restaurants", "shortName": "Portuguese", "icon": {"prefix": "https://ss3.4sqi.net/img/categories_v2/food/portuguese_", "suffix": ".png"}, "primary": true}], "photos": {"count": 0, "groups": []}, "venuePage": {"id": "564019074"}}, "referralId": "e-0-5d72e52911240d000831876e-17"}]}]}}